/CS1 cs /CS1 CS 1 w 0.8 0.871 0.949 sc 1.56 837.45 m 593.88 837.45 l 593.88 65.61 l 1.56 65.61 l h f 
q 44.52 65.61 506.52 707.88 re W* n
1 1 1 sc 57 773.49 m 50.16 773.49 44.52 767.85 44.52 760.89 c 44.52 42.21 l 44.52 35.25 50.16 29.61 57 29.61 c 538.44 29.61 l 545.28 29.61 550.92 35.25 550.92 42.21 c 550.92 760.89 l 550.92 767.85 545.28 773.49 538.44 773.49 c 57 773.49 l h f Q 
1 w 1 0.992 0.914 sc 174.12 79.05 m 174.12 168.21 l 174.12 172.29 170.88 175.53 166.92 175.53 c 59.4 175.53 l 55.44 175.53 52.2 172.29 52.2 168.21 c 52.2 79.05 l h f 
q 52.32 157.89 121.8 17.52 re W* n
0.933 0.114 0.145 sc 52.32 175.41 m 174.12 175.41 l 174.12 157.89 l 52.32 157.89 l h f Q 
q 0.12 0 0 -0.12 0 841.89 cm 5 w 0 J 0 j 4 M 0.933 0.114 0.145 SC 1451 6357 m 1451 5614 l 1451 5580 1424 5553 1391 5553 c 495 5553 l 462 5553 435 5580 435 5614 c 435 6357 l S Q 
1 w 0.141 0.125 0.129 sc 58.44 149.25 m 58.32 149.13 58.2 148.77 58.2 148.53 c 58.2 148.17 58.2 147.93 58.2 147.57 c 58.2 147.33 58.2 147.09 58.32 146.97 c 58.44 146.85 58.56 146.73 58.68 146.61 c 58.92 146.49 59.04 146.49 59.28 146.37 c 59.4 146.37 59.64 146.25 59.76 146.25 c 59.88 146.13 60 146.01 60.12 145.89 c 60.24 145.89 60.36 145.65 60.36 145.41 c 60.36 145.41 60.36 145.41 60.36 145.41 c 60.48 145.41 60.48 145.41 60.48 145.41 c 60.48 145.53 60.6 145.65 60.6 145.77 c 60.6 145.77 60.6 145.89 60.6 146.01 c 60.6 146.13 60.6 146.25 60.6 146.37 c 60.6 146.61 60.6 146.85 60.48 146.97 c 60.36 147.09 60.36 147.21 60.12 147.33 c 60 147.33 59.88 147.45 59.64 147.45 c 59.52 147.57 59.4 147.57 59.16 147.69 c 59.04 147.69 58.92 147.81 58.8 147.93 c 58.68 147.93 58.56 148.05 58.56 148.17 c 58.56 148.41 58.68 148.53 58.92 148.65 c 59.16 148.77 59.28 148.89 59.52 148.89 c 59.76 148.89 60 148.77 60.24 148.65 c 60.36 148.53 60.48 148.41 60.6 148.17 c 60.6 148.17 60.6 148.05 60.72 148.05 c 60.72 148.05 60.72 148.17 60.72 148.17 c 61.08 149.25 l 60.96 149.49 60.84 149.73 60.6 149.85 c 60.36 149.97 60 150.09 59.76 150.09 c 59.52 150.09 59.28 149.97 59.04 149.85 c 58.8 149.73 58.56 149.49 58.44 149.25 c 58.44 149.25 l h 59.76 144.93 m 59.76 143.85 l 60.96 143.85 l 60.96 144.93 l 59.76 144.93 l h f 
71.28 147.21 m 71.16 147.33 71.16 147.33 71.16 147.33 c 71.04 147.33 71.04 147.33 71.04 147.21 c 70.56 146.01 l 70.68 145.89 70.68 145.89 70.68 145.77 c 70.8 145.65 70.8 145.65 70.8 145.53 c 70.92 145.41 70.92 145.29 70.92 145.17 c 66.12 145.17 l 65.76 145.17 65.4 145.29 65.28 145.53 c 65.04 145.65 64.92 145.89 64.92 146.25 c 64.92 146.49 65.04 146.73 65.16 146.97 c 65.16 146.97 65.16 147.09 65.16 147.09 c 65.16 147.09 65.16 147.09 65.04 147.09 c 65.04 147.09 64.92 147.09 64.92 147.09 c 64.68 146.73 64.56 146.49 64.44 146.13 c 64.32 145.77 64.2 145.41 64.2 145.17 c 64.2 144.93 64.32 144.81 64.32 144.57 c 64.32 144.45 64.44 144.33 64.56 144.21 c 64.68 144.09 64.92 143.97 65.04 143.85 c 65.28 143.85 65.52 143.85 65.88 143.85 c 70.92 143.85 l 71.04 143.85 71.16 143.85 71.28 143.97 c 71.64 145.17 l 71.64 145.29 71.76 145.53 71.76 145.77 c 71.76 146.01 71.64 146.25 71.64 146.49 c 71.52 146.85 71.4 147.09 71.28 147.21 c h 66.6 149.01 m 67.44 148.17 l 68.04 148.89 l 68.76 148.17 l 69.48 149.01 l 68.76 149.73 l 68.04 149.13 l 67.44 149.73 l 66.6 149.01 l h f 
74.04 145.17 m 73.56 150.33 l 73.56 150.33 73.56 150.45 73.44 150.45 c 73.44 150.45 73.44 150.33 73.32 150.33 c 72.72 149.25 l 73.2 143.85 l 74.76 143.85 l 74.76 145.17 l 74.04 145.17 l h f 
74.76 143.85 m 76.2 143.85 l 76.32 143.85 76.32 143.85 76.32 143.85 c 76.44 143.85 76.44 143.85 76.44 143.85 c 77.4 144.45 l 77.4 144.33 77.52 144.21 77.52 144.09 c 77.52 143.97 77.64 143.85 77.64 143.85 c 79.56 143.85 l 79.56 145.17 l 78.24 145.17 l 78.48 145.41 78.72 145.65 78.84 145.89 c 78.96 146.25 78.96 146.37 78.96 146.61 c 78.96 146.85 78.84 147.09 78.48 147.21 c 78.24 147.45 77.76 147.45 77.28 147.45 c 77.04 147.45 76.68 147.45 76.44 147.33 c 76.2 147.21 75.96 147.09 75.96 146.97 c 75.6 145.89 l 75.48 145.89 75.48 145.77 75.48 145.77 c 75.48 145.77 75.6 145.77 75.6 145.77 c 75.6 145.65 75.6 145.65 75.6 145.65 c 75.96 145.65 76.08 145.65 76.32 145.53 c 76.44 145.41 76.56 145.29 76.68 145.17 c 74.76 145.17 l 74.64 145.17 74.52 145.17 74.52 145.17 c 74.4 145.05 74.4 144.93 74.4 144.81 c 74.4 144.21 l 74.4 144.09 74.4 143.97 74.52 143.97 c 74.52 143.85 74.64 143.85 74.76 143.85 c 74.76 143.85 l h f 
81.6 145.17 m 81.24 150.33 l 81.24 150.33 81.12 150.45 81.12 150.45 c 81.12 150.45 81 150.33 81 150.33 c 80.4 149.25 l 80.76 145.17 l 79.56 145.17 l 79.44 145.17 79.32 145.17 79.32 145.05 c 79.2 145.05 79.2 144.93 79.2 144.81 c 79.2 144.21 l 79.2 144.09 79.2 143.97 79.32 143.97 c 79.32 143.85 79.44 143.85 79.56 143.85 c 80.04 143.85 l 80.76 144.69 l 80.88 143.85 l 82.32 143.85 l 82.32 145.17 l 81.6 145.17 l h f 
84.72 143.85 m 90.84 143.85 l 90.84 145.17 l 89.76 145.17 l 90 145.41 90.12 145.65 90.24 145.77 c 90.24 145.89 90.36 146.01 90.36 146.13 c 90.36 146.25 90.24 146.37 90.24 146.49 c 90.12 146.61 90 146.73 89.88 146.85 c 89.76 146.97 89.64 146.97 89.4 147.09 c 89.28 147.21 89.04 147.21 88.8 147.21 c 88.68 147.21 88.56 147.21 88.44 147.21 c 88.32 147.09 88.2 147.09 88.08 146.97 c 85.08 145.17 l 84.48 145.17 l 84.24 145.17 84.12 145.29 84.12 145.41 c 84.24 145.77 84.36 146.01 84.36 146.13 c 84.48 146.37 84.48 146.49 84.6 146.49 c 84.6 146.61 84.6 146.61 84.6 146.73 c 84.6 146.73 l 84.6 146.85 84.6 146.85 84.48 146.85 c 84.48 146.85 84.48 146.85 84.48 146.85 c 83.4 145.89 l 83.16 145.17 l 82.32 145.17 l 82.2 145.17 82.08 145.17 82.08 145.05 c 81.96 145.05 81.96 144.93 81.96 144.81 c 81.96 144.21 l 81.96 144.09 81.96 143.97 82.08 143.97 c 82.08 143.85 82.2 143.85 82.32 143.85 c 83.52 143.85 l 83.76 144.45 l 83.76 144.21 83.88 144.09 84.12 143.97 c 84.24 143.85 84.48 143.85 84.72 143.85 c h 86.16 145.17 m 87.48 145.89 l 87.72 145.89 87.84 146.01 88.08 146.01 c 88.2 146.01 88.32 146.01 88.44 145.89 c 88.56 145.89 88.68 145.89 88.68 145.77 c 88.8 145.77 88.92 145.65 89.04 145.65 c 89.04 145.53 89.16 145.41 89.16 145.41 c 89.04 145.41 88.92 145.29 88.8 145.29 c 88.68 145.29 88.44 145.17 88.32 145.17 c 86.16 145.17 l h 85.56 149.01 m 86.4 148.17 l 87.24 149.01 l 86.4 149.73 l 85.56 149.01 l h f 
92.4 148.29 m 92.52 148.53 92.64 148.77 92.76 149.01 c 92.76 149.13 92.88 149.25 92.88 149.37 c 92.88 149.49 92.88 149.49 92.88 149.61 c 93 149.61 l 93 149.73 92.88 149.73 92.88 149.73 c 92.64 149.85 92.4 149.97 92.28 149.97 c 92.16 150.09 92.04 150.21 92.04 150.33 c 91.92 150.45 91.92 150.45 91.92 150.57 c 91.8 150.57 91.8 150.57 91.8 150.57 c 91.8 150.57 91.68 150.57 91.68 150.57 c 91.68 150.45 91.68 150.45 91.56 150.21 c 91.56 150.09 91.44 149.97 91.44 149.85 c 91.32 149.73 91.32 149.61 91.2 149.49 c 91.2 149.37 91.2 149.25 91.2 149.25 c 91.2 149.25 91.2 149.13 91.2 149.13 c 91.32 149.01 91.32 148.89 91.56 148.77 c 91.92 145.29 l 91.8 145.29 91.8 145.29 91.8 145.29 c 91.68 145.17 91.68 145.17 91.56 145.17 c 90.84 145.17 l 90.72 145.17 90.6 145.17 90.6 145.05 c 90.48 145.05 90.48 144.93 90.48 144.81 c 90.48 144.21 l 90.48 144.09 90.48 143.97 90.6 143.97 c 90.6 143.85 90.72 143.85 90.84 143.85 c 91.08 143.85 l 91.2 143.85 91.32 143.85 91.56 143.85 c 91.68 143.97 91.8 144.09 91.92 144.09 c 92.04 144.09 92.16 144.09 92.28 143.97 c 92.4 143.97 92.52 143.85 92.64 143.85 c 92.76 143.73 92.88 143.73 93 143.61 c 93.12 143.49 93.24 143.49 93.24 143.37 c 93.36 143.37 93.36 143.37 93.36 143.37 c 93.48 143.37 93.48 143.37 93.48 143.37 c 93.96 144.69 l 93.96 144.69 93.96 144.69 93.96 144.81 c 93.96 144.81 93.96 144.81 93.84 144.81 c 93.84 144.93 93.72 145.05 93.6 145.05 c 93.36 145.17 93.24 145.29 93.12 145.41 c 93 145.41 92.88 145.53 92.76 145.65 c 92.64 145.77 92.64 145.89 92.52 146.13 c 92.28 148.29 l 92.4 148.29 92.4 148.29 92.4 148.29 c 92.4 148.29 l h f 
95.76 150.33 m 95.04 149.25 l 95.52 144.21 l 95.52 143.97 l 95.52 143.85 95.64 143.85 95.64 143.85 c 95.64 143.85 95.76 143.85 95.76 143.97 c 95.88 144.09 95.88 144.21 96 144.33 c 96 144.57 96.12 144.69 96.12 144.81 c 96.12 145.05 96.24 145.17 96.24 145.17 c 96.24 145.17 96.24 145.29 96.12 145.65 c 96.12 145.89 96.12 146.13 96.12 146.49 c 96.12 146.85 96.12 147.33 96 147.69 c 96 148.17 96 148.53 96 148.89 c 96 149.25 96 149.61 95.88 149.85 c 95.88 150.09 95.88 150.21 95.88 150.33 c 95.88 150.33 95.88 150.45 95.88 150.45 c 95.76 150.45 95.76 150.33 95.76 150.33 c 95.76 150.33 l h f 
101.16 147.21 m 101.16 147.09 l 100.92 146.97 100.68 146.85 100.44 146.85 c 100.32 146.73 100.08 146.73 99.84 146.61 c 99.72 146.61 99.48 146.49 99.36 146.49 c 99.24 146.37 99.12 146.25 99.12 146.13 c 98.64 144.93 l 98.64 144.93 98.64 144.93 98.64 144.93 c 98.64 144.81 98.76 144.81 98.76 144.69 c 101.04 144.33 l 101.4 145.29 l 101.52 144.33 l 101.64 144.09 101.64 143.97 101.64 143.85 c 101.76 143.85 101.88 143.85 102 143.85 c 102.96 143.85 l 102.96 145.17 l 102.24 145.17 l 101.76 148.41 l 101.76 148.53 101.76 148.53 101.76 148.53 c 101.64 148.53 101.64 148.53 101.64 148.41 c 101.16 147.21 l h 101.28 146.61 m 101.4 145.77 l 100.32 146.01 l 100.44 146.13 100.68 146.13 100.8 146.25 c 101.04 146.37 101.16 146.49 101.28 146.61 c h f 
105 145.65 m 105 145.77 105 145.89 105 146.13 c 105 146.25 104.88 146.49 104.88 146.61 c 104.88 146.85 104.76 146.97 104.76 147.09 c 104.64 147.21 104.64 147.33 104.52 147.45 c 104.52 147.45 104.52 147.57 104.52 147.57 c 104.4 147.57 104.4 147.45 104.4 147.45 c 103.92 146.13 l 104.04 145.89 l 104.16 145.77 104.16 145.65 104.16 145.53 c 104.28 145.41 104.28 145.29 104.28 145.17 c 102.96 145.17 l 102.84 145.17 102.72 145.17 102.72 145.05 c 102.6 145.05 102.6 144.93 102.6 144.81 c 102.6 144.21 l 102.6 144.09 102.6 143.97 102.72 143.97 c 102.72 143.85 102.84 143.85 102.96 143.85 c 104.28 143.85 l 104.4 143.85 104.52 143.85 104.52 143.97 c 104.52 144.09 104.64 144.21 104.64 144.45 c 104.76 144.57 104.76 144.69 104.88 144.81 c 104.88 145.05 105 145.17 105 145.29 c 105 145.41 105 145.53 105 145.65 c 105 145.65 l h 102.96 142.29 m 103.8 141.57 l 104.64 142.29 l 103.8 143.01 l 102.96 142.29 l h f 
107.28 145.17 m 106.8 150.33 l 106.8 150.33 106.8 150.45 106.68 150.45 c 106.68 150.45 106.68 150.33 106.68 150.33 c 105.96 149.25 l 106.44 143.85 l 108 143.85 l 108 145.17 l 107.28 145.17 l h f 
114.12 143.85 m 114.48 144.45 l 114.48 144.21 114.6 144.09 114.72 143.97 c 114.84 143.85 114.96 143.85 115.2 143.85 c 115.92 143.85 l 115.92 145.17 l 114.72 145.17 l 114.72 146.85 l 114.72 146.85 114.72 146.97 114.6 146.97 c 114.6 146.97 114.6 146.97 114.48 146.85 c 113.76 145.77 l 113.88 145.17 l 112.8 145.17 l 112.92 146.01 l 112.92 146.25 113.04 146.37 113.04 146.61 c 113.04 146.73 113.04 146.85 113.04 146.85 c 113.04 146.85 113.04 146.97 113.04 146.97 c 112.92 146.97 112.92 146.85 112.92 146.85 c 111.96 145.77 l 111.96 145.17 l 110.4 145.17 l 110.4 145.41 110.52 145.53 110.52 145.65 c 110.64 145.89 110.64 146.01 110.76 146.13 c 110.76 146.37 110.88 146.49 110.88 146.61 c 110.88 146.73 110.88 146.73 110.88 146.73 c 110.88 146.85 110.88 146.85 110.88 146.85 c 110.88 146.85 110.76 146.85 110.76 146.85 c 109.68 145.89 l 109.44 145.17 l 108 145.17 l 107.88 145.17 107.88 145.17 107.76 145.05 c 107.64 145.05 107.64 144.93 107.64 144.81 c 107.64 144.21 l 107.64 144.09 107.64 143.97 107.76 143.97 c 107.88 143.85 107.88 143.85 108 143.85 c 109.8 143.85 l 110.04 144.45 l 110.04 144.33 110.16 144.09 110.28 143.97 c 110.4 143.85 110.52 143.85 110.76 143.85 c 112.44 143.85 l 112.56 144.45 l 112.56 144.33 112.68 144.21 112.8 143.97 c 112.92 143.85 113.16 143.85 113.4 143.85 c 114.12 143.85 l h 111.12 148.17 m 111.84 147.45 l 112.44 148.05 l 113.04 147.45 l 113.76 148.17 l 113.04 148.89 l 112.44 148.29 l 111.84 148.89 l 111.12 148.17 l h 111.72 149.37 m 112.44 148.65 l 113.16 149.37 l 112.44 150.09 l 111.72 149.37 l h f 
119.04 145.17 m 117.96 145.17 l 117.96 147.09 l 117.96 147.21 117.96 147.21 117.96 147.21 c 117.84 147.21 117.84 147.21 117.84 147.21 c 117 146.01 l 117.12 145.17 l 115.92 145.17 l 115.8 145.17 115.68 145.17 115.56 145.05 c 115.44 145.05 115.44 144.93 115.44 144.81 c 115.44 144.21 l 115.44 144.09 115.44 143.97 115.56 143.97 c 115.68 143.85 115.8 143.85 115.92 143.85 c 117.36 143.85 l 117.72 144.45 l 117.72 144.21 117.84 144.09 117.84 143.97 c 117.96 143.85 118.2 143.85 118.32 143.85 c 119.04 143.85 l 119.04 145.17 l h 116.04 149.01 m 116.76 148.17 l 117.48 148.89 l 118.08 148.17 l 118.92 149.01 l 118.08 149.73 l 117.48 149.13 l 116.76 149.73 l 116.04 149.01 l h f 
119.76 148.77 m 120.12 145.17 l 119.04 145.17 l 118.92 145.17 118.8 145.17 118.8 145.05 c 118.68 145.05 118.68 144.93 118.68 144.81 c 118.68 144.21 l 118.68 144.09 118.68 143.97 118.8 143.97 c 118.8 143.85 118.92 143.85 119.04 143.85 c 120.24 143.85 l 120.36 143.85 120.36 143.85 120.48 143.97 c 120.48 143.97 120.48 144.09 120.48 144.21 c 120.6 144.33 120.6 144.45 120.72 144.69 c 120.72 144.81 120.84 144.93 120.84 145.05 c 120.84 145.17 120.96 145.29 120.96 145.29 c 120.96 145.29 120.96 145.41 120.84 145.53 c 120.84 145.65 120.84 145.77 120.84 145.89 c 120.84 146.13 120.84 146.25 120.84 146.37 c 120.84 146.61 120.84 146.73 120.72 146.97 c 120.72 147.33 120.72 147.81 120.6 148.29 c 120.72 148.29 l 120.84 148.53 120.96 148.77 120.96 148.89 c 121.08 149.13 121.08 149.25 121.2 149.37 c 121.2 149.49 121.2 149.61 121.2 149.61 c 121.2 149.61 121.2 149.61 121.08 149.73 c 120.96 149.73 120.72 149.85 120.6 149.97 c 120.48 150.09 120.36 150.21 120.36 150.33 c 120.24 150.33 120.12 150.45 120.12 150.45 c 120.12 150.57 120.12 150.57 120 150.57 c 120 150.57 120 150.57 120 150.45 c 119.88 150.45 119.88 150.33 119.88 150.21 c 119.76 150.09 119.76 149.97 119.64 149.85 c 119.64 149.61 119.52 149.49 119.52 149.37 c 119.4 149.25 119.4 149.25 119.4 149.13 c 119.4 149.13 119.4 149.13 119.52 149.01 c 119.52 148.89 119.64 148.89 119.76 148.77 c 119.76 148.77 l h f 
130.44 145.17 m 129.96 150.33 l 129.96 150.33 129.96 150.45 129.96 150.45 c 129.84 150.45 129.84 150.33 129.84 150.33 c 129.12 149.25 l 129.48 145.17 l 125.4 145.17 l 124.92 145.17 124.68 145.29 124.44 145.53 c 124.2 145.65 124.2 145.89 124.2 146.25 c 124.2 146.49 124.2 146.73 124.32 146.97 c 124.32 146.97 124.32 147.09 124.32 147.09 c 124.32 147.09 124.32 147.09 124.2 147.09 c 124.2 147.09 124.2 147.09 124.08 147.09 c 123.96 146.73 123.72 146.49 123.6 146.13 c 123.48 145.77 123.48 145.41 123.48 145.17 c 123.48 144.93 123.48 144.81 123.48 144.57 c 123.6 144.45 123.72 144.33 123.84 144.21 c 123.96 144.09 124.08 143.97 124.32 143.85 c 124.44 143.85 124.68 143.85 125.04 143.85 c 128.88 143.85 l 129.6 144.69 l 129.6 143.85 l 131.16 143.85 l 131.16 145.17 l 130.44 145.17 l h 126.12 147.57 m 126.12 147.45 126.12 147.33 126.12 147.21 c 126.12 147.21 126.24 147.09 126.24 147.09 c 126.36 147.09 126.36 146.97 126.48 146.97 c 126.6 146.97 126.84 146.97 127.08 146.97 c 126.84 146.85 126.6 146.73 126.36 146.61 c 126.12 146.61 126 146.61 125.76 146.61 c 125.88 146.49 126 146.37 126.12 146.25 c 126.24 146.25 126.48 146.25 126.6 146.25 c 126.72 146.25 126.96 146.25 127.08 146.25 c 127.32 146.37 127.44 146.37 127.56 146.49 c 127.68 146.61 127.8 146.73 127.92 146.85 c 127.92 146.97 128.04 147.09 128.04 147.33 c 128.04 147.57 127.92 147.69 127.8 147.69 c 127.8 147.81 127.68 147.93 127.44 147.93 c 127.32 147.93 127.2 147.93 126.96 147.93 c 126.84 147.93 126.72 148.05 126.6 148.05 c 126.72 148.05 126.72 148.17 126.84 148.17 c 126.84 148.29 126.96 148.29 127.08 148.29 c 127.2 148.29 127.32 148.29 127.44 148.29 c 127.44 148.29 127.56 148.29 127.56 148.41 c 127.56 148.41 127.68 148.53 127.68 148.65 c 127.68 148.65 127.68 148.77 127.8 148.89 c 127.8 149.01 127.8 149.01 127.8 149.13 c 127.8 149.25 127.8 149.37 127.68 149.37 c 127.68 149.49 127.56 149.49 127.44 149.49 c 127.2 149.49 127.08 149.49 126.84 149.37 c 126.72 149.25 126.6 149.01 126.48 148.89 c 126.36 148.65 126.24 148.41 126.24 148.17 c 126.12 147.93 126.12 147.81 126.12 147.57 c 126.12 147.57 l h f 
132 144.45 m 133.92 143.49 l 133.92 143.37 133.92 143.37 134.04 143.37 c 134.04 143.37 134.16 143.49 134.16 143.49 c 134.4 143.97 l 134.52 143.97 134.52 143.85 134.64 143.85 c 134.76 143.85 134.76 143.85 134.88 143.85 c 135.84 143.85 l 135.84 145.17 l 135.36 145.17 l 135.24 145.17 135 145.29 134.88 145.41 c 134.88 145.41 134.76 145.53 134.64 145.65 c 134.64 145.77 134.52 146.01 134.52 146.13 c 134.52 146.25 134.4 146.49 134.4 146.61 c 134.28 146.73 134.28 146.85 134.16 146.97 c 134.04 146.97 133.92 147.09 133.8 147.09 c 133.68 147.09 133.56 146.97 133.32 146.85 c 133.2 146.85 132.96 146.61 132.84 146.49 c 132.72 146.37 132.48 146.13 132.36 145.89 c 132.24 145.65 132.12 145.41 132 145.17 c 131.16 145.17 l 131.04 145.17 130.92 145.17 130.8 145.05 c 130.8 145.05 130.68 144.93 130.68 144.81 c 130.68 144.21 l 130.68 144.09 130.8 143.97 130.8 143.97 c 130.92 143.85 131.04 143.85 131.16 143.85 c 131.52 143.85 l 131.52 143.85 131.64 143.85 131.64 143.85 c 131.64 143.85 131.76 143.85 131.76 143.97 c 132 144.45 l h 133.8 145.89 m 133.8 145.77 133.8 145.65 133.8 145.53 c 133.8 145.41 133.92 145.29 133.92 145.17 c 132.84 145.77 l 133.08 145.89 133.2 145.89 133.44 145.89 c 133.56 145.89 133.68 145.89 133.8 145.89 c h f 
139.44 143.85 m 140.16 143.85 l 140.16 145.17 l 138.84 145.17 l 138.96 145.29 139.08 145.53 139.2 145.65 c 139.2 145.77 139.32 146.01 139.32 146.13 c 139.44 146.37 139.44 146.49 139.56 146.73 c 139.56 146.85 139.56 147.09 139.56 147.21 c 139.56 147.33 139.56 147.57 139.56 147.69 c 139.32 147.57 139.08 147.57 138.84 147.33 c 138.48 147.21 138.24 147.09 138 146.85 c 137.76 146.61 137.52 146.37 137.28 146.13 c 137.04 145.77 136.8 145.53 136.68 145.17 c 135.84 145.17 l 135.72 145.17 135.6 145.17 135.48 145.05 c 135.48 145.05 135.36 144.93 135.36 144.81 c 135.36 144.21 l 135.36 144.09 135.48 143.97 135.48 143.97 c 135.6 143.85 135.72 143.85 135.84 143.85 c 136.32 143.85 l 136.44 143.13 136.56 142.65 136.92 142.41 c 137.16 142.05 137.52 141.93 137.88 141.93 c 138.12 141.93 138.24 141.93 138.48 142.05 c 138.6 142.05 138.84 142.17 138.96 142.41 c 139.08 142.53 139.2 142.77 139.32 143.01 c 139.32 143.25 139.44 143.49 139.44 143.85 c 139.44 143.85 l h 137.04 143.85 m 137.16 143.85 l 137.64 143.85 138 143.73 138.24 143.61 c 138.48 143.49 138.72 143.37 138.84 143.25 c 138.72 143.25 138.6 143.25 138.6 143.25 c 138.48 143.25 138.36 143.13 138.24 143.13 c 138.12 143.13 137.88 143.25 137.64 143.37 c 137.4 143.37 137.28 143.61 137.04 143.85 c 137.04 143.85 l h 138.72 146.25 m 138.84 146.13 138.84 146.13 138.84 146.01 c 138.84 146.01 138.84 145.89 138.84 145.77 c 138.72 145.65 138.48 145.53 138.12 145.41 c 137.88 145.29 137.52 145.29 137.28 145.17 c 137.52 145.41 137.76 145.65 138 145.89 c 138.24 146.13 138.48 146.25 138.72 146.25 c 138.72 146.25 l h f 
143.04 145.17 m 140.16 145.17 l 140.04 145.17 139.92 145.17 139.92 145.05 c 139.8 145.05 139.68 144.93 139.68 144.81 c 139.68 144.21 l 139.68 144.09 139.8 143.97 139.92 143.97 c 139.92 143.85 140.04 143.85 140.16 143.85 c 142.8 143.85 l 142.92 143.85 143.04 143.85 143.04 143.97 c 143.28 144.33 143.4 144.57 143.4 144.93 c 143.52 145.29 143.64 145.65 143.64 146.13 c 143.64 146.49 143.52 146.85 143.4 147.09 c 143.28 147.45 143.16 147.69 143.04 147.93 c 142.92 148.17 142.68 148.41 142.56 148.53 c 142.32 148.65 142.08 148.77 141.96 148.77 c 141.84 148.77 141.72 148.65 141.48 148.53 c 141.36 148.41 141.24 148.29 141.24 148.05 c 141.12 147.93 141 147.69 141 147.45 c 140.88 147.21 140.88 146.97 140.88 146.73 c 140.88 146.49 141 146.25 141.12 146.01 c 141.24 145.77 141.48 145.65 141.84 145.65 c 142.08 145.65 142.2 145.65 142.44 145.77 c 142.56 145.89 142.68 146.13 142.8 146.37 c 142.92 146.13 142.92 145.89 142.92 145.77 c 143.04 145.53 143.04 145.41 143.04 145.17 c 143.04 145.17 l h 141.36 147.09 m 141.48 147.21 141.6 147.33 141.72 147.33 c 141.96 147.33 142.08 147.21 142.32 146.97 c 142.2 146.97 142.08 146.97 141.96 146.97 c 141.72 146.97 141.48 146.97 141.36 147.09 c 141.36 147.09 l h 141 149.97 m 141.84 149.25 l 142.56 149.97 l 141.84 150.69 l 141 149.97 l h f 
150.96 144.57 m 150.72 144.45 150.36 144.33 149.88 144.21 c 149.52 144.09 149.04 144.09 148.68 144.09 c 148.44 144.09 148.08 144.09 147.84 144.09 c 147.6 144.21 147.48 144.21 147.24 144.33 c 147.12 144.45 146.88 144.69 146.76 144.81 c 146.76 145.05 146.64 145.17 146.64 145.41 c 146.64 145.89 146.76 146.25 147 146.73 c 147 146.85 147 146.85 147 146.85 c 147 146.97 147 146.97 147 146.97 c 146.88 146.97 146.88 146.97 146.88 146.97 c 146.88 146.97 146.76 146.85 146.76 146.85 c 146.28 145.89 146.04 145.17 146.04 144.45 c 146.04 143.85 146.28 143.49 146.52 143.13 c 146.88 142.77 147.48 142.65 148.2 142.65 c 148.68 142.65 149.28 142.65 149.76 142.89 c 150.24 143.01 150.72 143.25 151.2 143.61 c 151.2 143.61 151.2 143.73 151.32 143.85 c 151.32 143.97 151.44 144.09 151.44 144.21 c 151.56 144.45 151.56 144.57 151.68 144.69 c 151.68 144.93 151.68 145.05 151.68 145.17 c 151.68 145.29 151.68 145.41 151.56 145.53 c 151.56 145.65 151.44 145.65 151.32 145.65 c 151.08 145.77 150.96 145.77 150.72 145.77 c 150.48 145.77 150.24 145.77 150 145.77 c 149.76 145.89 149.52 145.89 149.4 145.89 c 149.28 146.01 149.16 146.01 149.16 146.13 c 149.16 146.25 149.28 146.37 149.4 146.49 c 149.52 146.61 149.64 146.73 149.76 146.85 c 149.88 146.97 150 147.09 150.24 147.09 c 150.36 147.21 150.48 147.21 150.72 147.21 c 150.84 147.21 150.84 147.21 150.96 147.21 c 150.96 147.09 151.08 147.09 151.08 146.97 c 151.08 146.97 151.08 146.97 151.2 146.85 c 151.2 146.85 151.2 146.85 151.2 146.85 c 151.32 146.85 151.32 146.85 151.32 146.97 c 151.32 146.97 151.44 146.97 151.44 147.09 c 151.44 147.21 151.44 147.33 151.56 147.45 c 151.56 147.57 151.56 147.57 151.68 147.69 c 151.68 147.81 151.68 147.93 151.68 147.93 c 151.68 148.17 151.68 148.29 151.56 148.41 c 151.32 148.53 151.2 148.53 150.96 148.53 c 150.72 148.53 150.48 148.41 150.24 148.29 c 149.88 148.17 149.64 147.93 149.4 147.57 c 149.16 147.33 148.92 146.97 148.8 146.61 c 148.68 146.25 148.56 145.89 148.56 145.53 c 148.56 145.29 148.68 145.05 148.8 144.93 c 149.04 144.81 149.16 144.81 149.52 144.69 c 149.76 144.69 150 144.69 150.24 144.69 c 150.6 144.69 150.84 144.69 150.96 144.57 c 150.96 144.57 l h f 
156.36 145.17 m 155.76 148.41 l 155.76 148.53 155.64 148.53 155.64 148.53 c 155.64 148.53 155.52 148.53 155.52 148.41 c 155.04 147.21 l 155.52 145.17 l 153.6 145.17 l 153.36 145.17 153.24 145.29 153.24 145.29 c 153.12 145.41 153 145.41 153 145.53 c 152.88 145.53 152.88 145.65 152.88 145.77 c 152.88 145.77 152.76 145.77 152.76 145.77 c 152.64 145.77 152.64 145.77 152.64 145.65 c 152.64 144.45 l 152.64 143.97 152.88 143.85 153.48 143.85 c 155.16 143.85 l 155.64 144.69 l 155.76 144.21 l 155.76 143.97 155.88 143.85 156.12 143.85 c 157.2 143.85 l 157.2 145.17 l 156.36 145.17 l h f 
158.04 145.17 m 157.2 145.17 l 157.08 145.17 156.96 145.17 156.84 145.05 c 156.72 145.05 156.72 144.93 156.72 144.81 c 156.72 144.21 l 156.72 144.09 156.72 143.97 156.84 143.97 c 156.96 143.85 157.08 143.85 157.2 143.85 c 157.56 143.85 l 157.56 143.85 157.68 143.85 157.68 143.85 c 157.68 143.85 157.68 143.85 157.8 143.97 c 158.16 144.69 l 160.44 143.97 l 160.44 143.97 160.44 143.97 160.56 143.97 c 160.56 143.97 160.56 143.97 160.56 143.97 c 161.16 145.05 l 161.16 145.05 161.28 145.17 161.28 145.17 c 161.28 145.17 161.28 145.29 161.28 145.29 c 161.28 145.29 161.16 145.41 161.16 145.65 c 161.04 145.89 161.04 146.13 160.92 146.49 c 160.8 146.73 160.56 146.97 160.44 147.09 c 160.32 147.33 160.08 147.45 159.84 147.45 c 159.6 147.45 159.36 147.21 159 146.85 c 158.64 146.37 158.4 145.89 158.04 145.17 c 158.04 145.17 l h 160.08 145.65 m 158.88 146.01 l 159 146.25 159.24 146.37 159.36 146.37 c 159.48 146.37 159.6 146.25 159.72 146.13 c 159.84 146.01 159.96 145.89 160.08 145.65 c h f 
164.76 145.17 m 164.4 150.33 l 164.28 150.33 164.28 150.45 164.28 150.45 c 164.28 150.45 164.16 150.33 164.16 150.33 c 163.56 149.25 l 164.04 143.85 l 165.6 143.85 l 165.6 145.17 l 164.76 145.17 l h f 
166.44 145.17 m 165.6 145.17 l 165.48 145.17 165.36 145.17 165.24 145.05 c 165.24 145.05 165.12 144.93 165.12 144.81 c 165.12 144.21 l 165.12 144.09 165.24 143.97 165.24 143.97 c 165.36 143.85 165.48 143.85 165.6 143.85 c 165.96 143.85 l 166.08 143.85 166.08 143.85 166.08 143.85 c 166.2 143.85 166.2 143.85 166.2 143.97 c 166.68 144.69 l 168.84 143.97 l 168.84 143.97 168.96 143.97 168.96 143.97 c 168.96 143.97 169.08 143.97 169.08 143.97 c 169.56 145.05 l 169.68 145.05 169.68 145.17 169.68 145.17 c 169.68 145.17 169.68 145.29 169.68 145.29 c 169.68 145.29 169.68 145.41 169.56 145.65 c 169.56 145.89 169.44 146.13 169.32 146.49 c 169.2 146.73 169.08 146.97 168.84 147.09 c 168.72 147.33 168.48 147.45 168.36 147.45 c 168 147.45 167.76 147.21 167.4 146.85 c 167.16 146.37 166.8 145.89 166.44 145.17 c 166.44 145.17 l h 168.48 145.65 m 167.28 146.01 l 167.52 146.25 167.64 146.37 167.76 146.37 c 168 146.37 168.12 146.25 168.12 146.13 c 168.24 146.01 168.36 145.89 168.48 145.65 c h f 
85.32 131.49 m 85.44 130.77 l 80.64 130.77 l 80.28 130.77 79.92 130.89 79.8 131.01 c 79.56 131.25 79.44 131.49 79.44 131.85 c 79.44 131.97 79.44 132.21 79.56 132.57 c 79.68 132.57 79.68 132.57 79.68 132.57 c 79.68 132.69 79.56 132.69 79.56 132.69 c 79.56 132.69 79.44 132.69 79.44 132.57 c 79.2 132.33 79.08 131.97 78.96 131.73 c 78.84 131.37 78.72 131.01 78.72 130.65 c 78.72 130.53 78.72 130.29 78.84 130.17 c 78.84 130.05 78.96 129.81 79.08 129.69 c 79.2 129.57 79.32 129.57 79.56 129.45 c 79.8 129.33 80.04 129.33 80.28 129.33 c 85.68 129.33 l 85.92 129.93 l 86.04 129.81 86.04 129.57 86.16 129.57 c 86.28 129.45 86.4 129.33 86.64 129.33 c 87.36 129.33 l 87.36 130.77 l 86.28 130.77 l 86.28 132.57 l 86.28 132.57 86.28 132.69 86.16 132.69 c 86.16 132.69 86.16 132.69 86.16 132.57 c 85.32 131.49 l h 81.72 127.89 m 82.56 127.17 l 83.4 127.89 l 82.56 128.61 l 81.72 127.89 l h f 
91.2 130.77 m 89.76 130.77 l 89.76 130.89 89.76 131.01 89.88 131.25 c 89.88 131.37 90 131.61 90 131.73 c 90.12 131.85 90.12 131.97 90.12 132.09 c 90.24 132.21 90.24 132.33 90.24 132.33 c 90.24 132.33 90.24 132.33 90.12 132.33 c 90.12 132.33 90.12 132.33 90.12 132.33 c 89.04 131.49 l 88.8 130.77 l 87.36 130.77 l 87.24 130.77 87.12 130.77 87 130.65 c 87 130.53 86.88 130.41 86.88 130.29 c 86.88 129.81 l 86.88 129.69 87 129.57 87 129.45 c 87.12 129.45 87.24 129.33 87.36 129.33 c 89.16 129.33 l 89.4 129.93 l 89.4 129.81 89.52 129.69 89.64 129.57 c 89.64 129.45 89.88 129.33 90.12 129.33 c 91.44 129.33 l 91.56 129.33 91.68 129.33 91.68 129.45 c 91.68 129.45 91.68 129.45 91.68 129.45 c 91.8 129.93 l 91.92 129.81 91.92 129.69 92.16 129.57 c 92.28 129.45 92.4 129.33 92.76 129.33 c 93.24 129.33 l 93.24 129.33 93.24 129.33 93.36 129.45 c 93.36 129.45 93.36 129.45 93.36 129.57 c 93.84 130.65 l 93.84 130.77 93.84 131.01 93.84 131.25 c 93.84 131.37 93.84 131.49 93.84 131.73 c 93.84 131.85 93.84 131.97 93.84 132.09 c 93.84 132.21 93.72 132.33 93.72 132.45 c 93.72 132.57 93.6 132.57 93.6 132.57 c 93.48 132.57 93.48 132.57 93.48 132.45 c 93.12 131.13 l 93.12 131.13 93.24 131.01 93.24 131.01 c 93.24 130.89 93.24 130.89 93.24 130.77 c 92.04 130.77 l 92.04 131.13 92.16 131.37 92.16 131.61 c 92.16 131.73 92.28 131.97 92.28 132.09 c 92.28 132.33 92.28 132.33 92.28 132.33 c 92.28 132.45 92.28 132.45 92.28 132.45 c 92.28 132.45 92.16 132.45 92.16 132.33 c 91.32 131.37 l 91.2 130.77 l h f 
96.12 130.77 m 95.64 135.81 l 95.64 135.93 95.64 135.93 95.64 135.93 c 95.52 135.93 95.52 135.93 95.52 135.93 c 94.8 134.73 l 95.28 129.33 l 96.96 129.33 l 96.96 130.77 l 96.12 130.77 l h f 
100.08 130.77 m 99 130.77 l 99 132.57 l 99 132.57 99 132.69 99 132.69 c 98.88 132.69 98.88 132.69 98.88 132.57 c 98.04 131.49 l 98.16 130.77 l 96.96 130.77 l 96.84 130.77 96.72 130.77 96.6 130.65 c 96.48 130.53 96.48 130.41 96.48 130.29 c 96.48 129.81 l 96.48 129.69 96.48 129.57 96.6 129.45 c 96.72 129.45 96.84 129.33 96.96 129.33 c 98.4 129.33 l 98.76 129.93 l 98.76 129.81 98.88 129.57 98.88 129.45 c 99 129.45 99.24 129.33 99.36 129.33 c 100.08 129.33 l 100.08 130.77 l h 97.68 134.49 m 98.52 133.77 l 99.36 134.49 l 98.52 135.21 l 97.68 134.49 l h f 
101.76 133.89 m 101.76 134.13 101.88 134.37 102 134.49 c 102 134.73 102.12 134.85 102.12 134.97 c 102.12 134.97 102.12 135.09 102.24 135.09 c 102.24 135.21 l 102.24 135.21 102.12 135.21 102.12 135.33 c 101.88 135.33 101.64 135.45 101.52 135.57 c 101.4 135.69 101.4 135.81 101.28 135.81 c 101.16 135.93 101.16 136.05 101.16 136.05 c 101.16 136.17 101.04 136.17 101.04 136.17 c 101.04 136.17 100.92 136.17 100.92 136.05 c 100.92 136.05 100.92 135.93 100.8 135.81 c 100.8 135.69 100.68 135.57 100.68 135.45 c 100.56 135.21 100.56 135.09 100.44 134.97 c 100.44 134.85 100.44 134.85 100.44 134.73 c 100.44 134.73 100.44 134.73 100.44 134.61 c 100.56 134.61 100.56 134.49 100.8 134.37 c 101.16 130.89 l 101.16 130.77 101.04 130.77 101.04 130.77 c 100.92 130.77 100.92 130.77 100.8 130.77 c 100.08 130.77 l 99.96 130.77 99.84 130.77 99.84 130.65 c 99.72 130.53 99.72 130.41 99.72 130.29 c 99.72 129.81 l 99.72 129.69 99.72 129.57 99.84 129.45 c 99.84 129.45 99.96 129.33 100.08 129.33 c 100.32 129.33 l 100.44 129.33 100.68 129.45 100.8 129.45 c 100.92 129.57 101.04 129.57 101.16 129.69 c 101.28 129.69 101.4 129.57 101.52 129.57 c 101.64 129.45 101.76 129.45 101.88 129.33 c 102 129.33 102.12 129.21 102.24 129.09 c 102.36 129.09 102.48 128.97 102.48 128.97 c 102.6 128.97 102.6 128.85 102.6 128.85 c 102.72 128.85 102.72 128.97 102.72 128.97 c 103.2 130.29 l 103.2 130.29 103.2 130.29 103.2 130.29 c 103.2 130.29 103.2 130.41 103.2 130.41 c 103.08 130.53 102.96 130.53 102.84 130.65 c 102.6 130.77 102.48 130.77 102.36 130.89 c 102.24 131.01 102.12 131.13 102 131.25 c 101.88 131.37 101.88 131.49 101.88 131.61 c 101.52 133.89 l 101.64 133.89 101.64 133.89 101.76 133.89 c 101.76 133.89 l h f 
105 135.93 m 104.28 134.73 l 104.76 129.69 l 104.76 129.45 l 104.76 129.45 104.88 129.33 104.88 129.33 c 104.88 129.33 105 129.45 105 129.57 c 105.12 129.69 105.12 129.81 105.24 129.93 c 105.24 130.05 105.36 130.29 105.36 130.41 c 105.48 130.53 105.48 130.65 105.48 130.77 c 105.48 130.77 105.48 130.89 105.48 131.13 c 105.36 131.37 105.36 131.73 105.36 132.09 c 105.36 132.45 105.36 132.81 105.36 133.29 c 105.24 133.65 105.24 134.13 105.24 134.49 c 105.24 134.85 105.24 135.21 105.12 135.45 c 105.12 135.69 105.12 135.81 105.12 135.81 c 105.12 135.93 105.12 135.93 105.12 135.93 c 105 135.93 105 135.93 105 135.93 c 105 135.93 l h f 
109.92 130.53 m 110.04 130.41 110.16 130.29 110.28 130.17 c 110.4 129.93 110.4 129.81 110.52 129.69 c 110.64 129.69 110.88 129.57 111 129.45 c 111.12 129.45 111.24 129.33 111.48 129.33 c 112.68 129.33 l 112.68 130.77 l 111.72 130.77 l 111.48 130.77 111.24 130.89 111 131.13 c 111 131.13 111 131.13 111 131.13 c 111.12 131.13 111.12 131.13 111.24 131.13 c 111.36 131.25 111.36 131.25 111.48 131.37 c 111.48 131.49 111.6 131.61 111.6 131.73 c 111.72 131.85 111.72 131.97 111.84 132.09 c 111.84 132.21 111.84 132.33 111.84 132.33 c 111.84 132.45 111.84 132.57 111.72 132.69 c 111.6 132.81 111.6 132.93 111.36 132.93 c 111.24 133.05 111.12 133.05 110.88 133.17 c 110.76 133.17 110.52 133.17 110.28 133.17 c 110.16 133.17 110.04 133.17 109.8 133.17 c 109.68 133.17 109.56 133.05 109.44 133.05 c 109.32 132.93 109.2 132.93 109.08 132.81 c 108.96 132.81 108.96 132.69 108.84 132.57 c 108.48 131.61 l 108.48 131.49 108.48 131.49 108.48 131.49 c 108.48 131.37 108.48 131.37 108.6 131.37 c 108.6 131.37 108.72 131.37 108.72 131.37 c 108.72 131.49 108.84 131.49 108.84 131.49 c 109.08 131.49 109.32 131.37 109.56 131.13 c 109.32 130.89 109.08 130.65 108.96 130.41 c 108.72 130.17 108.6 129.81 108.48 129.57 c 108.24 129.21 108.24 128.97 108.12 128.61 c 108 128.25 108 128.01 108 127.65 c 108 127.41 108 127.05 108.12 126.81 c 108.24 126.45 108.48 126.21 108.72 125.97 c 108.96 125.73 109.2 125.61 109.68 125.49 c 110.04 125.37 110.52 125.25 111.12 125.25 c 111.36 125.25 111.48 125.37 111.72 125.49 c 111.96 125.49 112.08 125.73 112.32 125.85 c 112.56 125.97 112.8 126.09 113.04 126.33 c 113.28 126.45 113.52 126.57 113.64 126.81 c 113.76 126.81 113.76 126.81 113.76 126.93 c 113.76 127.05 113.76 127.05 113.64 127.05 c 113.64 127.05 113.52 127.05 113.4 126.93 c 113.28 126.93 113.16 126.93 112.92 126.81 c 112.8 126.81 112.56 126.81 112.32 126.81 c 112.08 126.69 111.84 126.69 111.6 126.69 c 111.12 126.69 110.64 126.81 110.28 126.81 c 109.92 126.93 109.68 127.05 109.44 127.17 c 109.2 127.41 108.96 127.53 108.84 127.77 c 108.72 128.01 108.72 128.25 108.72 128.49 c 108.72 128.85 108.84 129.21 109.08 129.57 c 109.2 129.93 109.56 130.29 109.92 130.53 c 109.92 130.53 l h f 
114.72 131.13 m 114.72 131.37 114.72 131.49 114.72 131.73 c 114.72 131.85 114.6 132.09 114.6 132.21 c 114.6 132.33 114.48 132.57 114.48 132.69 c 114.36 132.81 114.36 132.93 114.24 133.05 c 114.24 133.05 114.24 133.05 114.24 133.05 c 114.12 133.05 114.12 133.05 114.12 132.93 c 113.64 131.73 l 113.76 131.37 l 113.88 131.37 113.88 131.25 113.88 131.13 c 114 131.01 114 130.89 114 130.77 c 112.68 130.77 l 112.56 130.77 112.44 130.77 112.44 130.65 c 112.32 130.53 112.32 130.41 112.32 130.29 c 112.32 129.81 l 112.32 129.69 112.32 129.57 112.44 129.45 c 112.44 129.45 112.56 129.33 112.68 129.33 c 114 129.33 l 114.12 129.33 114.24 129.45 114.24 129.57 c 114.24 129.69 114.36 129.81 114.36 129.93 c 114.48 130.05 114.48 130.29 114.6 130.41 c 114.6 130.53 114.72 130.65 114.72 130.77 c 114.72 131.01 114.72 131.01 114.72 131.13 c 114.72 131.13 l h 112.68 127.89 m 113.52 127.17 l 114.36 127.89 l 113.52 128.61 l 112.68 127.89 l h f 
117.84 129.33 m 118.68 129.33 l 118.68 130.77 l 118.56 130.77 l 118.32 130.77 118.2 130.77 118.08 130.89 c 118.08 130.89 117.96 131.01 117.72 131.25 c 117.72 131.25 117.72 131.37 117.6 131.49 c 117.48 131.61 117.48 131.61 117.36 131.73 c 117.24 131.85 117.24 131.97 117.12 132.09 c 117.12 132.21 117 132.21 117 132.21 c 116.88 132.21 116.88 132.21 116.88 132.09 c 116.64 130.77 l 116.88 130.53 117 130.41 117.12 130.29 c 117.12 130.17 117.24 130.05 117.36 129.93 c 117 129.33 116.52 128.97 116.04 128.73 c 115.56 128.49 114.96 128.37 114.36 128.37 c 114.24 128.37 114.24 128.37 114.12 128.37 c 114 128.37 113.88 128.37 113.76 128.49 c 113.64 128.49 113.64 128.37 113.64 128.37 c 113.64 128.25 113.64 128.25 113.76 128.13 c 113.88 128.13 114.12 128.01 114.36 128.01 c 114.6 127.89 114.84 127.77 115.08 127.77 c 115.32 127.65 115.44 127.53 115.68 127.53 c 115.92 127.41 116.04 127.41 116.04 127.41 c 116.16 127.41 116.28 127.41 116.52 127.53 c 116.64 127.65 116.76 127.89 117 128.01 c 117.12 128.25 117.24 128.49 117.48 128.73 c 117.6 128.85 117.72 129.09 117.84 129.33 c 117.84 129.33 l h f 
120.36 133.89 m 120.36 134.13 120.48 134.37 120.6 134.49 c 120.6 134.73 120.72 134.85 120.72 134.97 c 120.72 134.97 120.84 135.09 120.84 135.09 c 120.84 135.21 l 120.84 135.21 120.72 135.21 120.72 135.33 c 120.48 135.33 120.36 135.45 120.12 135.57 c 120 135.69 120 135.81 119.88 135.81 c 119.76 135.93 119.76 136.05 119.76 136.05 c 119.76 136.17 119.64 136.17 119.64 136.17 c 119.64 136.17 119.52 136.17 119.52 136.05 c 119.52 136.05 119.52 135.93 119.4 135.81 c 119.4 135.69 119.28 135.57 119.28 135.45 c 119.16 135.21 119.16 135.09 119.16 134.97 c 119.04 134.85 119.04 134.85 119.04 134.73 c 119.04 134.73 119.04 134.73 119.04 134.61 c 119.16 134.61 119.28 134.49 119.4 134.37 c 119.76 130.89 l 119.76 130.77 119.64 130.77 119.64 130.77 c 119.52 130.77 119.52 130.77 119.4 130.77 c 118.68 130.77 l 118.56 130.77 118.44 130.77 118.44 130.65 c 118.32 130.53 118.32 130.41 118.32 130.29 c 118.32 129.81 l 118.32 129.69 118.32 129.57 118.44 129.45 c 118.44 129.45 118.56 129.33 118.68 129.33 c 118.92 129.33 l 119.04 129.33 119.28 129.45 119.4 129.45 c 119.52 129.57 119.64 129.57 119.76 129.69 c 119.88 129.69 120 129.57 120.12 129.57 c 120.24 129.45 120.36 129.45 120.48 129.33 c 120.6 129.33 120.72 129.21 120.84 129.09 c 120.96 129.09 121.08 128.97 121.08 128.97 c 121.2 128.97 121.2 128.85 121.2 128.85 c 121.32 128.85 121.32 128.97 121.32 128.97 c 121.8 130.29 l 121.8 130.29 121.8 130.29 121.8 130.29 c 121.8 130.29 121.8 130.41 121.8 130.41 c 121.68 130.53 121.56 130.53 121.44 130.65 c 121.2 130.77 121.08 130.77 120.96 130.89 c 120.84 131.01 120.72 131.13 120.6 131.25 c 120.48 131.37 120.48 131.49 120.48 131.61 c 120.12 133.89 l 120.24 133.89 120.24 133.89 120.36 133.89 c 120.36 133.89 l h f 
123.6 135.93 m 122.88 134.73 l 123.36 129.69 l 123.36 129.45 l 123.36 129.45 123.48 129.33 123.48 129.33 c 123.48 129.33 123.6 129.45 123.6 129.57 c 123.72 129.69 123.72 129.81 123.84 129.93 c 123.84 130.05 123.96 130.29 123.96 130.41 c 124.08 130.53 124.08 130.65 124.08 130.77 c 124.08 130.77 124.08 130.89 124.08 131.13 c 123.96 131.37 123.96 131.73 123.96 132.09 c 123.96 132.45 123.96 132.81 123.96 133.29 c 123.84 133.65 123.84 134.13 123.84 134.49 c 123.84 134.85 123.84 135.21 123.72 135.45 c 123.72 135.69 123.72 135.81 123.72 135.81 c 123.72 135.93 123.72 135.93 123.72 135.93 c 123.6 135.93 123.6 135.93 123.6 135.93 c 123.6 135.93 l h f 
127.56 131.85 m 127.56 131.97 127.56 131.97 127.56 131.97 c 127.56 131.97 127.56 132.09 127.44 132.09 c 127.44 132.09 127.44 131.97 127.32 131.85 c 127.08 131.49 126.84 131.13 126.72 130.65 c 126.6 130.29 126.6 129.93 126.6 129.57 c 126.6 129.21 126.6 128.97 126.72 128.73 c 126.72 128.61 126.84 128.37 127.08 128.25 c 127.2 128.01 127.44 127.89 127.68 127.89 c 127.92 127.77 128.28 127.65 128.64 127.65 c 129 127.65 129.24 127.77 129.6 127.77 c 129.84 127.77 130.08 127.89 130.44 128.01 c 130.68 128.13 130.92 128.25 131.16 128.37 c 131.4 128.49 131.52 128.61 131.76 128.85 c 131.76 128.85 131.76 128.97 131.88 129.09 c 131.88 129.21 132 129.33 132 129.57 c 132 129.69 132.12 129.93 132.12 130.05 c 132.12 130.17 132.12 130.29 132.12 130.41 c 132.12 130.53 132.12 130.53 132.12 130.53 c 132.12 130.65 132.12 130.65 132 130.65 c 132 130.65 131.88 130.77 131.76 130.77 c 131.64 130.77 131.52 130.77 131.28 130.77 c 131.52 131.01 131.64 131.25 131.64 131.49 c 131.76 131.85 131.76 131.97 131.76 132.09 c 131.76 132.57 131.76 132.81 131.64 133.17 c 131.52 133.53 131.4 133.77 131.28 134.01 c 131.16 134.37 131.04 134.49 130.8 134.61 c 130.68 134.85 130.44 134.85 130.32 134.85 c 130.08 134.85 129.96 134.85 129.84 134.61 c 129.72 134.49 129.6 134.37 129.48 134.13 c 129.36 133.89 129.36 133.65 129.24 133.41 c 129.24 133.17 129.24 132.93 129.24 132.81 c 129.24 132.45 129.24 132.21 129.48 131.97 c 129.72 131.85 129.96 131.73 130.2 131.73 c 130.44 131.73 130.56 131.85 130.8 131.97 c 130.92 132.09 131.04 132.21 131.16 132.45 c 131.16 132.33 131.16 132.09 131.28 131.97 c 131.28 131.85 131.28 131.73 131.28 131.61 c 130.92 131.37 130.68 131.25 130.32 131.25 c 130.08 131.13 129.84 131.13 129.6 131.13 c 129.48 130.89 129.36 130.77 129.36 130.65 c 129.12 130.29 l 129.12 130.17 129.12 130.05 129.12 130.05 c 129.12 130.05 129.24 129.93 129.36 129.93 c 129.48 129.93 129.72 129.93 129.96 129.81 c 130.2 129.81 130.44 129.81 130.68 129.81 c 131.04 129.69 131.28 129.69 131.4 129.69 c 131.16 129.45 130.8 129.33 130.44 129.21 c 129.96 129.21 129.6 129.09 129.12 129.09 c 128.88 129.09 128.64 129.09 128.4 129.21 c 128.16 129.21 127.92 129.33 127.8 129.45 c 127.56 129.57 127.44 129.69 127.32 129.81 c 127.2 130.05 127.2 130.29 127.2 130.53 c 127.2 130.65 127.2 130.89 127.2 131.13 c 127.32 131.37 127.44 131.61 127.56 131.85 c 127.56 131.85 l h 129.72 133.17 m 129.72 133.29 129.84 133.29 129.84 133.41 c 129.96 133.41 130.08 133.41 130.08 133.41 c 130.2 133.41 130.32 133.41 130.44 133.41 c 130.44 133.29 130.56 133.29 130.68 133.17 c 130.56 133.05 130.44 133.05 130.32 133.05 c 130.2 133.05 130.08 133.05 129.96 133.05 c 129.84 133.17 129.72 133.17 129.72 133.17 c 129.72 133.17 l h 129.36 136.05 m 130.2 135.33 l 130.92 136.05 l 130.2 136.77 l 129.36 136.05 l h f 
136.92 132.69 m 136.92 132.69 l 136.68 132.57 136.44 132.45 136.32 132.33 c 136.08 132.33 135.84 132.21 135.72 132.21 c 135.48 132.09 135.36 132.09 135.12 131.97 c 135 131.97 134.88 131.85 134.88 131.61 c 134.4 130.53 l 134.4 130.53 134.4 130.41 134.4 130.41 c 134.4 130.41 134.52 130.29 134.52 130.29 c 136.8 129.81 l 137.16 130.77 l 137.28 129.81 l 137.4 129.69 137.4 129.57 137.52 129.45 c 137.52 129.33 137.64 129.33 137.76 129.33 c 138.72 129.33 l 138.72 130.77 l 138 130.77 l 137.52 134.01 l 137.52 134.01 137.52 134.01 137.52 134.01 c 137.4 134.01 137.4 134.01 137.4 134.01 c 136.92 132.69 l h 137.04 132.21 m 137.16 131.25 l 136.08 131.49 l 136.32 131.61 136.44 131.73 136.68 131.85 c 136.8 131.85 136.92 131.97 137.04 132.21 c h 134.64 134.97 m 135.48 134.25 l 136.08 134.85 l 136.8 134.25 l 137.52 134.97 l 136.8 135.69 l 136.08 135.09 l 135.48 135.69 l 134.64 134.97 l h f 
139.68 130.77 m 138.72 130.77 l 138.6 130.77 138.48 130.77 138.48 130.65 c 138.36 130.53 138.36 130.41 138.36 130.29 c 138.36 129.81 l 138.36 129.69 138.36 129.57 138.48 129.45 c 138.48 129.45 138.6 129.33 138.72 129.33 c 139.08 129.33 l 139.2 129.33 139.2 129.33 139.32 129.45 c 139.32 129.45 139.32 129.45 139.32 129.45 c 139.8 130.29 l 142.08 129.45 l 142.08 129.45 142.08 129.45 142.08 129.45 c 142.2 129.45 142.2 129.45 142.2 129.57 c 142.8 130.53 l 142.8 130.65 142.8 130.65 142.8 130.65 c 142.8 130.77 142.8 130.77 142.8 130.77 c 142.8 130.89 142.8 131.01 142.8 131.25 c 142.68 131.49 142.56 131.73 142.44 131.97 c 142.32 132.21 142.2 132.45 142.08 132.69 c 141.84 132.93 141.72 133.05 141.48 133.05 c 141.24 133.05 140.88 132.81 140.64 132.33 c 140.28 131.97 139.92 131.37 139.68 130.77 c 139.68 130.77 l h 141.6 131.25 m 140.52 131.61 l 140.64 131.85 140.76 131.85 141 131.85 c 141.12 131.85 141.24 131.85 141.36 131.73 c 141.48 131.61 141.6 131.37 141.6 131.25 c h f 
149.16 130.77 m 148.8 135.81 l 148.68 135.93 148.68 135.93 148.68 135.93 c 148.56 135.93 148.56 135.93 148.56 135.93 c 147.84 134.73 l 147.96 134.37 147.96 134.01 147.96 133.77 c 147.96 133.53 147.96 133.41 148.08 133.29 c 148.08 133.17 148.08 133.17 148.08 133.17 c 148.08 133.17 148.08 133.05 148.08 133.05 c 148.08 132.81 147.96 132.45 147.72 132.21 c 147.48 131.85 147.12 131.61 146.76 131.25 c 146.76 131.73 146.64 132.09 146.4 132.45 c 146.28 132.93 146.04 133.17 145.68 133.53 c 145.44 133.77 145.2 134.01 144.84 134.25 c 144.48 134.49 144.24 134.61 144 134.73 c 144 134.73 l 144 134.73 144 134.73 144 134.73 c 143.88 134.73 143.88 134.73 143.88 134.61 c 143.88 134.49 143.76 134.37 143.76 134.25 c 143.76 134.13 143.76 133.89 143.76 133.77 c 143.64 133.65 143.64 133.53 143.64 133.41 c 143.64 133.17 l 143.64 133.05 143.64 133.05 143.76 132.93 c 143.88 132.81 143.88 132.81 144 132.69 c 144.12 132.69 144.24 132.57 144.36 132.57 c 144.48 132.57 144.6 132.57 144.6 132.57 c 144.72 132.57 144.72 132.57 144.84 132.69 c 145.08 132.45 145.44 132.21 145.68 131.97 c 145.92 131.73 146.16 131.37 146.28 131.01 c 145.92 130.65 145.56 130.41 144.96 130.17 c 144.48 129.93 144 129.69 143.4 129.45 c 143.28 129.45 143.28 129.33 143.28 129.33 c 143.28 129.21 143.28 129.21 143.4 129.21 c 143.64 129.21 143.76 129.21 144 129.21 c 144.24 129.21 144.48 129.21 144.72 129.21 c 144.96 129.21 145.32 129.21 145.56 129.21 c 145.92 129.21 146.16 129.33 146.28 129.45 c 146.52 129.57 146.76 129.69 146.88 129.93 c 147.12 130.17 147.24 130.41 147.48 130.65 c 147.6 130.77 147.72 131.13 147.84 131.37 c 147.96 131.61 148.08 131.85 148.2 132.09 c 148.32 129.33 l 149.88 129.33 l 149.88 130.77 l 149.16 130.77 l h f 
150.24 130.77 m 149.88 130.77 l 149.76 130.77 149.64 130.77 149.52 130.65 c 149.4 130.65 149.4 130.53 149.4 130.29 c 149.4 129.81 l 149.4 129.69 149.4 129.57 149.52 129.45 c 149.64 129.33 149.76 129.33 149.88 129.33 c 153.48 129.33 l 154.44 130.65 l 154.44 130.65 154.44 130.65 154.44 130.65 c 154.44 130.77 154.44 130.77 154.32 130.77 c 152.28 130.77 l 152.04 130.89 151.8 131.01 151.56 131.25 c 151.44 131.37 151.32 131.61 151.2 131.73 c 151.44 131.85 151.56 131.97 151.8 131.97 c 152.04 131.97 152.16 132.09 152.4 132.09 c 152.64 132.09 152.88 131.97 153.12 131.97 c 153.36 131.85 153.6 131.73 153.84 131.61 c 153.96 131.61 153.96 131.61 153.96 131.73 c 153.96 131.73 153.96 131.85 153.84 131.97 c 153.72 132.21 153.6 132.33 153.48 132.57 c 153.24 132.69 153.12 132.93 152.88 133.05 c 152.76 133.17 152.52 133.29 152.28 133.29 c 152.16 133.29 151.92 133.17 151.68 133.05 c 151.44 132.81 151.2 132.69 151.08 132.45 c 150.84 132.21 150.6 131.97 150.48 131.73 c 150.36 131.37 150.24 131.25 150.24 131.01 c 150.24 131.01 150.24 131.01 150.24 130.89 c 150.24 130.89 150.24 130.77 150.24 130.77 c 150.24 130.77 l h f 
159 130.53 m 159 130.41 159.12 130.29 159.24 130.17 c 159.36 129.93 159.48 129.81 159.6 129.69 c 159.6 129.69 159.84 129.57 159.96 129.45 c 160.08 129.45 160.2 129.33 160.44 129.33 c 161.64 129.33 l 161.64 130.77 l 160.68 130.77 l 160.44 130.77 160.2 130.89 159.96 131.13 c 159.96 131.13 159.96 131.13 159.96 131.13 c 160.08 131.13 160.08 131.13 160.2 131.13 c 160.32 131.25 160.32 131.25 160.44 131.37 c 160.56 131.49 160.56 131.61 160.68 131.73 c 160.68 131.85 160.68 131.97 160.8 132.09 c 160.8 132.21 160.8 132.33 160.8 132.33 c 160.8 132.45 160.8 132.57 160.68 132.69 c 160.68 132.81 160.56 132.93 160.32 132.93 c 160.2 133.05 160.08 133.05 159.84 133.17 c 159.72 133.17 159.48 133.17 159.24 133.17 c 159.12 133.17 159 133.17 158.88 133.17 c 158.64 133.17 158.52 133.05 158.4 133.05 c 158.28 132.93 158.16 132.93 158.04 132.81 c 157.92 132.81 157.92 132.69 157.8 132.57 c 157.44 131.61 l 157.44 131.49 157.44 131.49 157.44 131.49 c 157.44 131.37 157.44 131.37 157.56 131.37 c 157.56 131.37 157.68 131.37 157.68 131.37 c 157.8 131.49 157.8 131.49 157.8 131.49 c 158.04 131.49 158.28 131.37 158.52 131.13 c 158.28 130.89 158.04 130.65 157.92 130.41 c 157.68 130.17 157.56 129.81 157.44 129.57 c 157.32 129.21 157.2 128.97 157.08 128.61 c 156.96 128.25 156.96 128.01 156.96 127.65 c 156.96 127.41 156.96 127.05 157.08 126.81 c 157.2 126.45 157.44 126.21 157.68 125.97 c 157.92 125.73 158.16 125.61 158.64 125.49 c 159 125.37 159.48 125.25 160.08 125.25 c 160.32 125.25 160.44 125.37 160.68 125.49 c 160.92 125.49 161.16 125.73 161.28 125.85 c 161.52 125.97 161.76 126.09 162 126.33 c 162.24 126.45 162.48 126.57 162.6 126.81 c 162.72 126.81 162.72 126.81 162.72 126.93 c 162.72 127.05 162.72 127.05 162.6 127.05 c 162.6 127.05 162.48 127.05 162.36 126.93 c 162.24 126.93 162.12 126.93 161.88 126.81 c 161.76 126.81 161.52 126.81 161.28 126.81 c 161.04 126.69 160.92 126.69 160.68 126.69 c 160.08 126.69 159.72 126.81 159.24 126.81 c 158.88 126.93 158.64 127.05 158.4 127.17 c 158.16 127.41 157.92 127.53 157.8 127.77 c 157.68 128.01 157.68 128.25 157.68 128.49 c 157.68 128.85 157.8 129.21 158.04 129.57 c 158.16 129.93 158.52 130.29 158.88 130.53 c 159 130.53 l h f 
164.04 129.33 m 168.6 129.33 l 168.6 129.33 168.72 129.33 168.72 129.33 c 168.72 129.33 168.84 129.45 168.84 129.45 c 168.96 129.81 169.08 130.05 169.2 130.29 c 169.32 130.53 169.44 130.77 169.56 131.01 c 169.68 131.13 169.68 131.25 169.68 131.37 c 169.68 131.49 169.68 131.73 169.56 131.85 c 169.44 131.97 169.32 132.09 169.2 132.33 c 169.08 132.45 168.84 132.57 168.72 132.57 c 168.48 132.69 168.36 132.81 168.12 132.81 c 167.88 132.81 167.64 132.69 167.4 132.57 c 164.28 130.77 l 163.8 130.77 l 163.56 130.77 163.44 130.89 163.44 131.01 c 163.56 131.25 163.68 131.49 163.68 131.73 c 163.8 131.85 163.8 131.97 163.8 132.09 c 163.92 132.21 163.92 132.21 163.92 132.21 c 163.92 132.33 l 163.92 132.33 163.92 132.33 163.8 132.33 c 163.8 132.33 163.8 132.33 163.8 132.33 c 162.72 131.49 l 162.48 130.77 l 161.64 130.77 l 161.52 130.77 161.4 130.77 161.4 130.65 c 161.28 130.53 161.28 130.41 161.28 130.29 c 161.28 129.81 l 161.28 129.69 161.28 129.57 161.4 129.45 c 161.4 129.45 161.52 129.33 161.64 129.33 c 162.84 129.33 l 163.08 129.93 l 163.08 129.81 163.2 129.57 163.44 129.57 c 163.56 129.45 163.8 129.33 164.04 129.33 c 164.04 129.33 l h 165.48 130.77 m 166.68 131.37 l 166.92 131.49 167.16 131.49 167.4 131.49 c 167.52 131.49 167.76 131.49 168 131.37 c 168.24 131.13 168.36 131.01 168.6 130.77 c 165.48 130.77 l h 164.88 134.49 m 165.72 133.77 l 166.56 134.49 l 165.72 135.21 l 164.88 134.49 l h f 
1 1 1 sc 88.2 164.85 m 87.84 164.85 87.6 164.97 87.24 165.09 c 87 165.21 86.88 165.33 86.76 165.45 c 86.64 165.57 86.64 165.81 86.64 166.05 c 86.64 166.29 86.64 166.77 86.76 167.49 c 86.76 167.97 86.76 168.45 86.76 168.93 c 86.76 169.17 l 86.76 169.53 86.64 169.89 86.52 170.13 c 86.76 170.13 87 170.25 87.36 170.25 c 87.72 170.25 87.96 170.13 88.2 170.01 c 88.56 169.89 88.68 169.53 88.8 169.05 c 88.8 168.69 88.68 168.09 88.44 167.25 c 88.2 166.29 88.08 165.57 88.2 165.09 c 88.2 164.97 88.2 164.97 88.2 164.85 c h 87.72 162.57 m 87.72 162.57 87.6 162.57 87.48 162.69 c 87.24 162.69 87.12 162.81 86.76 163.05 c 86.52 163.29 86.4 163.53 86.4 163.77 c 86.4 163.89 86.52 164.01 86.64 164.13 c 86.76 164.25 86.88 164.25 87 164.25 c 87 164.25 87.12 164.25 87.36 164.13 c 87.48 164.13 87.72 164.01 87.96 163.77 c 88.2 163.53 88.32 163.29 88.32 163.05 c 88.32 162.93 88.32 162.81 88.2 162.69 c 88.08 162.69 87.96 162.57 87.72 162.57 c h f 
92.52 164.97 m 92.4 165.09 92.4 165.21 92.4 165.33 c 92.4 165.33 92.4 165.33 92.4 165.45 c 92.4 165.57 92.52 165.57 92.64 165.69 c 92.64 165.69 92.88 165.69 93.36 165.81 c 92.64 166.05 92.16 166.17 92.16 166.41 c 92.16 166.53 92.16 166.53 92.16 166.65 c 92.16 166.77 92.28 167.01 92.52 167.13 c 92.52 167.13 92.64 167.13 92.76 167.13 c 92.88 167.13 93 167.13 93.12 167.13 c 93.24 167.13 93.36 167.13 93.48 167.13 c 93.6 167.13 93.72 167.13 93.84 167.13 c 93.96 167.13 94.08 167.25 94.2 167.25 c 94.2 167.25 94.32 167.13 94.32 167.01 c 94.32 166.89 94.32 166.89 94.32 166.77 c 94.32 166.77 94.2 166.65 94.08 166.65 c 93.96 166.53 93.84 166.53 93.72 166.53 c 93.48 166.53 93.36 166.53 93.24 166.53 c 93.12 166.53 93 166.53 92.88 166.53 c 92.76 166.53 92.64 166.53 92.64 166.41 c 92.64 166.29 l 92.64 166.17 92.88 165.93 93.12 165.93 c 93.36 165.81 93.6 165.81 93.96 165.81 c 94.2 165.81 94.44 165.81 94.56 165.81 c 94.56 165.81 94.56 165.69 94.56 165.57 c 94.56 165.57 94.56 165.45 94.44 165.45 c 94.44 165.33 94.44 165.21 94.44 165.21 c 94.32 165.21 94.2 165.21 94.08 165.09 c 93.96 165.09 93.96 165.09 93.84 165.09 c 93.6 165.09 l 93.48 165.09 l 93.24 165.09 93.12 165.09 92.88 165.09 c 92.64 165.09 92.52 165.09 92.52 164.97 c h 88.8 163.77 m 88.68 164.37 88.68 164.85 88.8 165.21 c 88.92 165.69 89.04 165.93 89.16 166.17 c 89.4 166.41 89.52 166.65 89.76 166.77 c 89.88 166.77 90.12 166.77 90.24 166.65 c 90.36 166.65 90.48 166.53 90.6 166.41 c 90.72 166.29 90.84 166.17 90.84 166.05 c 90.84 166.05 90.96 165.93 90.96 166.05 c 90.72 165.81 90.6 165.69 90.36 165.45 c 90.12 165.33 90 164.97 90 164.61 c 90 164.13 90.12 163.65 90.6 163.41 c 90.96 163.05 91.44 162.81 92.16 162.81 c 92.88 162.81 93.48 162.81 93.96 162.81 c 94.44 162.93 94.92 163.05 95.28 163.17 c 95.64 163.41 95.88 163.65 96.12 163.89 c 96.24 164.13 96.36 164.37 96.36 164.61 c 96.36 164.73 96.36 164.97 96.36 165.09 c 96.36 165.21 96.36 165.33 96.36 165.45 c 96.24 165.81 96.12 166.17 96.12 166.65 c 95.88 167.25 95.76 167.97 95.76 168.93 c 95.64 169.89 95.64 170.61 95.76 171.09 c 95.76 171.21 96 171.45 96.36 171.57 c 96.72 171.69 97.08 171.69 97.44 171.69 c 97.32 171.09 97.32 170.13 97.44 168.93 c 97.56 167.73 97.68 166.77 97.8 166.05 c 98.04 164.97 98.04 164.25 97.92 163.77 c 97.8 163.29 97.56 162.81 97.08 162.33 c 96.6 161.97 96 161.61 95.28 161.49 c 94.56 161.25 93.48 161.25 92.16 161.25 c 91.08 161.25 90.12 161.73 89.4 162.57 c 89.16 162.81 88.92 163.17 88.8 163.77 c h f 
102.24 162.57 m 102 162.57 101.64 162.69 101.4 162.69 c 100.68 162.81 100.08 163.17 99.72 163.65 c 99.48 164.13 99.36 164.61 99.36 165.09 c 99.36 165.33 99.36 165.45 99.48 165.69 c 99.6 166.65 100.08 167.49 100.68 167.97 c 101.16 168.33 101.76 168.45 102.36 168.45 c 102.6 168.45 102.72 168.45 102.96 168.45 c 103.44 168.33 103.8 168.21 104.16 167.85 c 104.4 167.61 104.64 167.13 104.88 166.77 c 105 166.41 105 166.17 105 165.81 c 105 165.69 105 165.45 105 165.33 c 104.76 164.49 104.52 164.01 104.28 163.53 c 103.68 162.93 103.08 162.57 102.24 162.57 c h 102 163.89 m 102.48 163.89 102.96 164.25 103.2 164.85 c 103.32 165.09 103.44 165.33 103.44 165.57 c 103.44 165.69 103.44 165.81 103.44 165.81 c 103.44 166.05 103.44 166.17 103.44 166.29 c 103.32 166.53 103.2 166.77 103.08 166.89 c 102.84 167.01 102.72 167.13 102.6 167.13 c 102.48 167.13 102.36 167.01 102.24 167.01 c 102.12 167.01 102 166.89 101.76 166.65 c 101.28 166.17 101.04 165.69 101.04 165.09 c 101.04 164.73 101.16 164.37 101.4 164.13 c 101.64 164.01 101.76 163.89 102 163.89 c h 99.36 162.69 m 99.24 162.69 99.12 162.69 98.76 162.69 c 98.52 162.69 98.16 163.05 97.8 163.53 c 97.56 163.65 97.44 164.01 97.2 164.25 c 97.08 164.61 96.96 164.85 96.96 165.09 c 96.96 165.33 96.84 165.45 96.84 165.57 c 96.84 165.81 96.96 165.93 96.96 165.93 c 96.96 165.93 96.96 165.93 96.96 165.93 c 97.08 165.81 97.08 165.69 97.2 165.45 c 97.32 165.21 97.44 164.97 97.68 164.73 c 97.8 164.49 98.04 164.25 98.28 164.13 c 98.4 164.13 98.52 164.01 98.64 164.01 c 98.76 164.01 99 164.13 99.12 164.13 c 99.48 164.37 99.6 164.49 99.72 164.85 c 100.44 164.13 l 100.68 164.01 100.92 163.89 101.04 163.77 c 101.04 163.77 101.04 163.65 101.04 163.65 c 101.04 163.65 101.04 163.53 100.92 163.41 c 100.92 163.41 100.8 163.29 100.68 163.17 c 100.32 162.81 99.84 162.69 99.36 162.69 c h f 
109.44 163.41 m 109.56 163.41 109.8 163.41 110.04 163.65 c 110.16 163.77 110.28 164.01 110.52 164.25 c 110.64 164.49 110.64 164.73 110.76 164.97 c 110.76 165.21 110.76 165.33 110.76 165.57 c 110.76 165.81 110.76 165.93 110.76 166.17 c 110.76 166.29 110.64 166.53 110.52 166.65 c 110.4 166.77 110.28 166.77 110.04 166.77 c 109.8 166.77 109.56 166.77 109.44 166.53 c 109.2 166.41 109.08 166.17 108.96 165.93 c 108.72 165.69 108.72 165.45 108.6 165.33 c 108.6 165.09 108.6 164.85 108.6 164.61 c 108.6 164.61 108.6 164.49 108.6 164.37 c 108.6 164.13 108.6 164.01 108.72 163.77 c 108.84 163.53 109.08 163.41 109.32 163.41 c 109.44 163.41 l h 109.2 162.57 m 109.08 162.57 l 108.48 162.57 107.88 162.81 107.52 163.17 c 107.16 163.65 106.92 164.13 106.92 164.85 c 106.92 165.21 107.04 165.57 107.16 165.93 c 107.4 166.29 107.52 166.53 107.88 166.77 c 108.12 167.01 108.48 167.25 108.84 167.37 c 109.32 167.49 109.68 167.61 110.28 167.61 c 110.88 167.61 111.48 167.37 111.84 167.01 c 112.2 166.53 112.44 166.05 112.44 165.33 c 112.44 164.97 112.32 164.61 112.2 164.25 c 112.08 163.89 111.84 163.65 111.48 163.41 c 111.24 163.17 110.88 162.93 110.52 162.81 c 110.04 162.69 109.68 162.57 109.2 162.57 c h 109.08 162.81 m 109.32 162.81 109.44 162.81 109.68 162.93 c 109.68 163.05 109.8 163.17 110.04 163.17 c 110.52 163.41 110.76 163.53 110.88 163.53 c 111 163.65 111.24 163.65 111.6 163.65 c 112.08 163.65 112.44 163.77 112.92 163.89 c 113.28 164.13 113.64 164.37 114 164.61 c 114.24 164.97 114.48 165.33 114.48 165.81 c 114.6 166.29 114.48 166.77 114.36 167.13 c 114.12 167.61 114 167.85 113.64 168.09 c 113.4 168.21 113.16 168.45 112.8 168.45 c 112.44 168.57 111.96 168.57 111.48 168.45 c 111.12 168.21 110.76 167.97 110.52 167.61 c 110.52 167.61 110.52 167.73 110.4 167.73 c 110.4 167.73 110.28 167.85 110.04 167.85 c 109.92 167.97 109.8 168.09 109.8 168.21 c 109.68 168.33 109.68 168.45 109.68 168.69 c 109.68 169.05 109.92 169.29 110.28 169.53 c 110.64 169.77 111 169.89 111.6 170.01 c 112.08 170.01 112.68 170.01 113.28 169.89 c 113.88 169.77 114.36 169.53 114.72 169.17 c 115.2 168.93 115.56 168.45 115.8 167.97 c 116.04 167.37 116.16 166.77 116.16 165.93 c 116.16 165.33 116.04 164.85 115.8 164.37 c 115.44 163.89 115.08 163.41 114.48 163.05 c 114 162.69 113.4 162.45 112.68 162.33 c 112.08 162.09 111.48 162.09 110.76 162.21 c 110.28 162.21 109.68 162.33 109.2 162.69 c 108.96 162.57 108.72 162.45 108.24 162.33 c 107.76 162.21 107.4 162.21 106.8 162.09 c 106.32 162.09 105.96 162.09 105.72 162.21 c 105.24 162.33 104.88 162.57 104.64 162.81 c 104.28 163.17 104.16 163.41 104.04 163.77 c 103.92 164.13 103.68 164.37 103.56 164.49 c 103.68 164.61 l 103.68 164.61 l 103.68 164.61 l 103.68 164.61 103.68 164.61 103.68 164.73 c 103.68 164.73 l 103.68 164.61 103.68 164.61 103.68 164.73 c 103.68 164.73 l 103.68 164.73 103.68 164.73 103.68 164.73 c 103.68 164.73 l 103.68 164.73 103.68 164.73 103.68 164.73 c 103.68 164.73 l 103.68 164.73 103.68 164.73 103.56 164.61 c 103.68 164.85 l 103.68 164.85 103.68 164.97 103.68 164.97 c 103.68 164.97 l 103.68 165.21 l 103.8 165.45 103.8 165.57 103.8 165.57 c 103.92 165.69 103.92 165.57 104.04 165.45 c 104.16 165.45 104.28 165.09 104.4 164.73 c 104.4 164.61 104.52 164.61 104.52 164.49 c 104.64 164.37 104.76 164.25 104.88 164.13 c 105 164.01 105.12 163.89 105.24 163.77 c 105.48 163.65 105.84 163.65 106.2 163.53 c 106.56 163.53 106.92 163.65 107.28 163.89 c 107.28 163.89 107.28 163.89 107.28 163.89 c 107.76 163.53 l 108.12 163.17 108.36 163.05 108.48 163.05 c 108.72 162.81 108.84 162.81 109.08 162.81 c h f 
119.76 170.25 m 119.4 170.37 119.04 170.37 118.68 170.37 c 118.44 170.37 118.32 170.37 118.32 170.37 c 118.32 170.37 118.2 170.37 118.2 170.61 c 118.08 170.73 118.08 170.85 118.08 171.09 c 117.96 171.09 117.96 171.21 117.96 171.21 c 117.96 171.33 117.96 171.33 117.96 171.45 c 118.08 171.57 118.32 171.69 118.56 171.69 c 118.8 171.69 119.04 171.57 119.28 171.45 c 119.28 171.33 119.4 171.21 119.52 171.09 c 119.52 170.97 119.64 170.85 119.64 170.61 c 119.64 170.49 119.64 170.37 119.64 170.25 c 119.64 170.25 119.76 170.25 119.76 170.25 c h 118.92 165.57 m 119.28 165.57 119.52 165.69 119.64 166.05 c 119.88 166.29 119.88 166.53 119.88 166.89 c 119.88 166.89 l 119.88 167.13 119.88 167.37 119.88 167.61 c 119.76 167.85 119.64 167.97 119.52 168.21 c 119.4 168.33 119.16 168.45 118.92 168.45 c 118.68 168.45 118.44 168.33 118.32 168.21 c 118.2 168.09 118.08 167.85 117.96 167.73 c 117.84 167.49 117.84 167.13 117.84 166.89 c 117.84 166.77 117.84 166.53 117.96 166.29 c 117.96 166.17 118.08 165.93 118.32 165.81 c 118.44 165.69 118.68 165.57 118.92 165.57 c h 121.2 164.13 m 120.72 163.17 119.88 162.57 118.92 162.33 c 117.84 162.09 117.12 161.97 116.52 162.21 c 116.04 162.45 115.56 162.69 115.2 163.17 c 114.72 163.65 114.48 164.13 114.48 164.73 c 114.48 165.45 114.48 165.81 114.6 165.81 c 114.72 165.81 114.84 165.45 115.2 164.97 c 115.56 164.37 116.28 164.01 117.24 163.77 c 118.32 163.65 119.16 164.01 120 165.09 c 119.52 164.73 119.04 164.61 118.56 164.73 c 118.08 164.73 117.48 164.97 117 165.33 c 116.52 165.81 116.28 166.29 116.28 167.01 c 116.16 167.49 116.28 167.85 116.52 168.21 c 116.64 168.57 117 168.93 117.36 169.17 c 117.84 169.41 118.32 169.53 118.92 169.53 c 119.4 169.53 119.88 169.41 120.24 169.29 c 120.72 169.05 121.08 168.81 121.32 168.45 c 121.56 168.09 121.68 167.61 121.8 167.13 c 121.92 166.17 121.68 165.09 121.2 164.13 c h f 
126.72 160.41 m 126.48 160.41 126.24 160.53 126.12 160.65 c 125.88 160.77 125.64 160.89 125.4 161.13 c 125.16 161.37 125.04 161.61 124.92 161.85 c 124.8 162.33 124.68 162.81 124.68 163.41 c 124.68 163.53 l 124.68 164.01 124.8 164.61 124.92 165.33 c 125.16 166.05 125.52 166.77 126 167.61 c 126.48 168.21 127.08 168.57 127.8 168.57 c 128.04 168.57 128.28 168.45 128.64 168.45 c 128.88 168.33 129.24 168.09 129.6 167.73 c 130.08 167.37 130.44 166.89 130.68 166.41 c 130.92 166.05 130.92 165.57 130.92 165.21 c 130.92 165.21 130.92 164.97 130.92 164.73 c 130.92 164.49 130.8 164.13 130.44 163.77 c 130.2 163.41 129.84 163.17 129.48 163.05 c 129.12 162.93 128.88 162.93 128.64 162.93 c 128.52 162.93 128.28 162.93 128.04 162.93 c 127.8 163.05 127.44 163.17 127.2 163.53 c 126.96 163.65 126.84 163.89 126.48 164.37 c 126.36 163.89 126.36 163.41 126.36 163.05 c 126.36 162.81 126.36 162.57 126.36 162.09 c 126.48 161.73 126.6 161.13 126.72 160.41 c 126.84 160.41 126.72 160.41 126.72 160.41 c h 127.92 164.13 m 128.4 164.13 128.88 164.37 129.12 164.97 c 129.24 165.21 129.24 165.45 129.36 165.57 c 129.36 165.69 129.36 165.81 129.36 165.93 c 129.36 166.05 129.36 166.17 129.24 166.41 c 129.24 166.53 129.12 166.77 128.88 166.89 c 128.76 167.01 128.64 167.13 128.52 167.13 c 128.4 167.13 128.28 167.13 128.16 167.01 c 128.04 167.01 127.92 166.89 127.68 166.77 c 127.56 166.53 127.32 166.41 127.2 166.17 c 127.08 165.81 126.96 165.57 126.96 165.21 c 126.96 164.85 127.08 164.49 127.32 164.37 c 127.56 164.13 127.68 164.13 127.92 164.13 c h f 
134.04 169.89 m 134.04 169.89 l 134.04 169.89 133.92 170.01 133.92 170.01 c 133.8 170.01 133.56 170.25 133.32 170.61 c 133.32 170.13 l 133.32 170.01 133.32 169.89 133.2 169.89 c 133.2 169.89 133.08 170.01 133.08 170.01 c 132.96 170.01 132.72 170.25 132.48 170.61 c 132.48 170.13 l 132.48 170.13 132.48 170.01 132.48 170.01 c 132.48 170.01 132.36 170.01 132.12 170.01 c 132.24 170.01 l 132.24 169.89 132.24 170.01 132.24 170.01 c 132.24 170.13 132.24 170.25 132.24 170.37 c 132.12 170.49 132.12 170.49 132.12 170.61 c 132.12 170.85 132.24 170.85 132.36 170.85 c 132.48 170.85 132.48 170.85 132.48 170.85 c 132.48 170.97 132.48 170.97 132.48 170.85 c 132.48 170.85 132.48 170.73 132.48 170.61 c 132.48 170.49 132.48 170.37 132.72 170.25 c 132.72 170.13 132.84 170.13 132.84 170.13 c 132.96 170.13 133.08 170.13 133.08 170.25 c 133.08 170.25 l 132.96 170.37 132.96 170.49 132.96 170.61 c 132.96 170.61 132.96 170.73 132.96 170.73 c 132.96 170.85 132.96 170.85 132.96 170.85 c 132.96 170.97 133.08 170.97 133.2 170.97 c 133.2 170.97 133.2 170.97 133.2 171.09 c 133.2 171.09 133.2 170.97 133.2 170.85 c 133.2 170.85 133.2 170.73 133.32 170.61 c 133.32 170.49 133.32 170.49 133.44 170.37 c 133.56 170.13 133.68 170.13 133.68 170.13 c 133.8 170.13 133.92 170.13 133.92 170.25 c 133.92 170.25 133.92 170.37 133.8 170.61 c 133.8 170.73 133.8 170.73 133.8 170.85 c 133.8 170.97 133.8 170.97 133.8 170.97 c 133.8 171.09 133.92 171.21 134.04 171.21 c 134.04 171.21 134.04 171.21 134.04 171.21 c 134.04 171.21 134.04 171.09 134.04 170.97 c 134.04 170.85 134.04 170.73 134.16 170.49 c 134.16 170.37 134.16 170.13 134.16 170.13 c 134.16 170.01 134.16 170.01 134.16 170.01 c 134.16 170.01 134.16 169.89 134.04 169.89 c h f 
132.24 162.81 m 132 162.81 131.76 162.81 131.52 162.93 c 131.16 163.05 130.92 163.29 130.68 163.65 c 130.44 163.89 130.2 164.13 130.08 164.37 c 129.96 164.73 129.84 164.97 129.84 165.21 c 129.84 165.45 129.72 165.57 129.72 165.69 c 129.72 165.93 129.84 166.05 129.84 166.05 c 129.84 166.05 129.84 166.05 129.84 166.05 c 129.96 165.93 129.96 165.81 130.08 165.57 c 130.2 165.33 130.32 165.09 130.56 164.85 c 130.68 164.61 130.92 164.37 131.16 164.25 c 131.28 164.25 131.4 164.13 131.52 164.13 c 131.64 164.13 131.88 164.25 132 164.37 c 132.24 164.49 132.48 164.73 132.6 165.09 c 132.6 165.45 132.72 165.69 132.72 166.17 c 132.72 166.17 132.72 166.29 132.72 166.53 c 132.72 166.77 132.6 167.01 132.48 167.49 c 132.48 167.85 132.36 168.09 132.24 168.21 c 132.48 168.33 132.84 168.45 133.2 168.45 c 133.2 168.45 133.32 168.57 133.44 168.57 c 133.68 168.57 133.8 168.45 134.04 168.33 c 134.28 168.33 134.4 168.09 134.4 167.73 c 134.52 167.01 134.64 166.41 134.64 165.93 c 134.64 165.69 134.64 165.33 134.52 164.85 c 134.4 164.37 134.28 164.01 133.92 163.53 c 133.44 163.05 132.96 162.81 132.24 162.81 c h 132.6 162.09 m 132.48 162.09 132.48 162.09 132.48 161.97 c 132.48 161.97 132.48 161.85 132.48 161.61 c 132.48 161.49 132.48 161.37 132.48 161.13 c 132.36 161.01 132.36 160.89 132.24 160.77 c 132.12 160.65 131.88 160.65 131.52 160.65 c 131.28 160.65 131.16 160.65 131.04 160.89 c 130.92 160.89 130.92 161.01 130.92 161.25 c 130.92 161.37 130.92 161.61 130.92 161.73 c 131.04 161.85 131.04 161.97 131.04 161.97 c 131.16 161.85 131.28 161.85 131.64 161.85 c 131.88 161.97 132.24 161.97 132.6 162.09 c h 134.52 162.09 m 134.4 162.09 134.4 162.09 134.4 161.97 c 134.4 161.97 134.4 161.85 134.4 161.61 c 134.4 161.49 134.4 161.37 134.28 161.13 c 134.28 161.01 134.28 160.89 134.16 160.77 c 133.92 160.65 133.68 160.65 133.44 160.65 c 133.2 160.65 133.08 160.65 132.84 160.89 c 132.84 160.89 132.84 161.01 132.84 161.25 c 132.84 161.37 132.84 161.61 132.84 161.73 c 132.96 161.85 132.96 161.97 132.96 161.97 c 132.96 161.85 133.2 161.85 133.44 161.85 c 133.8 161.97 134.16 161.97 134.52 162.09 c h f 
139.8 170.25 m 139.32 170.49 138.96 170.49 138.72 170.49 c 138.48 170.49 138.24 170.49 138.24 170.49 c 138.24 170.49 138.24 170.49 138.12 170.73 c 138 170.85 138 170.97 138 171.21 c 138 171.21 138 171.33 138 171.45 c 138 171.45 138 171.45 138 171.57 c 138 171.69 138.24 171.81 138.48 171.81 c 138.72 171.81 138.96 171.69 139.2 171.57 c 139.32 171.45 139.32 171.45 139.44 171.21 c 139.56 171.09 139.56 170.97 139.56 170.73 c 139.68 170.61 139.68 170.49 139.68 170.37 c 139.68 170.37 139.68 170.25 139.8 170.25 c h 137.64 170.25 m 137.28 170.37 136.92 170.49 136.56 170.49 c 136.32 170.49 136.2 170.49 136.08 170.49 c 136.08 170.49 136.08 170.49 135.96 170.73 c 135.84 170.85 135.84 170.97 135.84 171.21 c 135.72 171.33 135.72 171.45 135.84 171.57 c 135.84 171.69 136.08 171.81 136.32 171.69 c 136.56 171.69 136.8 171.69 137.04 171.57 c 137.16 171.45 137.16 171.33 137.28 171.21 c 137.28 171.09 137.4 170.85 137.4 170.73 c 137.4 170.61 137.52 170.49 137.52 170.37 c 137.52 170.37 137.52 170.37 137.64 170.25 c h 137.88 165.57 m 138.24 165.57 138.48 165.69 138.6 166.05 c 138.84 166.29 138.84 166.53 138.84 166.89 c 138.84 166.89 l 138.84 167.13 138.84 167.37 138.84 167.61 c 138.72 167.85 138.6 167.97 138.48 168.21 c 138.36 168.33 138.12 168.45 137.88 168.45 c 137.64 168.45 137.4 168.33 137.28 168.21 c 137.16 168.09 137.04 167.85 136.92 167.73 c 136.8 167.49 136.8 167.13 136.8 166.89 c 136.8 166.77 136.8 166.53 136.92 166.29 c 136.92 166.17 137.04 165.93 137.28 165.81 c 137.4 165.69 137.64 165.57 137.88 165.57 c h 140.16 164.13 m 139.68 163.17 138.84 162.57 137.88 162.33 c 136.8 162.09 136.08 161.97 135.48 162.21 c 135 162.45 134.52 162.69 134.16 163.17 c 133.68 163.65 133.56 164.13 133.44 164.85 c 133.44 165.45 133.44 165.81 133.56 165.81 c 133.68 165.81 133.8 165.45 134.16 164.97 c 134.52 164.37 135.24 164.01 136.2 163.77 c 137.28 163.65 138.12 164.01 138.96 165.09 c 138.48 164.73 138 164.61 137.52 164.73 c 137.04 164.73 136.44 164.97 135.96 165.33 c 135.48 165.81 135.24 166.29 135.24 167.01 c 135.12 167.49 135.24 167.85 135.48 168.21 c 135.6 168.57 135.96 168.93 136.32 169.17 c 136.8 169.41 137.28 169.53 137.88 169.53 c 138.36 169.53 138.84 169.41 139.2 169.29 c 139.68 169.05 140.04 168.81 140.28 168.45 c 140.52 168.09 140.64 167.61 140.76 167.13 c 140.88 166.17 140.64 165.09 140.16 164.13 c h f 
0.945 0.345 0.294 sc 87.24 108.33 m 87.24 103.65 83.52 99.93 78.84 99.93 c 74.16 99.93 70.44 103.65 70.44 108.33 c 70.44 113.01 74.16 116.85 78.84 116.85 c 83.52 116.85 87.24 113.01 87.24 108.33 c h f 
q 70.08 99.57 21.48 17.52 re W* n
q 0.12 0 0 -0.12 0 841.89 cm 5 w 0 J 0 j 10 M 0.141 0.125 0.129 SC 727 6113 m 727 6152 696 6183 657 6183 c 618 6183 587 6152 587 6113 c 587 6074 618 6042 657 6042 c 696 6042 727 6074 727 6113 c S Q Q 
1 w 0 0 0.008 sc 77.4 109.17 m 77.4 108.33 76.8 107.73 76.08 107.73 c 75.24 107.73 74.64 108.33 74.64 109.17 c 74.64 109.89 75.24 110.49 76.08 110.49 c 76.8 110.49 77.4 109.89 77.4 109.17 c h f 
80.28 109.17 m 80.28 108.33 80.88 107.73 81.6 107.73 c 82.44 107.73 83.04 108.33 83.04 109.17 c 83.04 109.89 82.44 110.49 81.6 110.49 c 80.88 110.49 80.28 109.89 80.28 109.17 c h f 
81.12 103.89 m 81 103.89 80.88 104.01 80.88 104.13 c 80.76 104.13 80.16 105.21 78.84 105.21 c 77.52 105.21 76.8 104.13 76.8 104.13 c 76.68 103.89 76.44 103.89 76.32 104.01 c 76.08 104.13 76.08 104.37 76.2 104.49 c 76.2 104.61 77.16 105.93 78.84 105.93 c 80.52 105.93 81.48 104.61 81.48 104.49 c 81.6 104.37 81.48 104.13 81.36 104.01 c 81.24 104.01 81.24 103.89 81.12 103.89 c h f 
0.945 0.788 0.196 sc 110.4 108.33 m 110.4 103.65 106.68 99.93 102 99.93 c 97.32 99.93 93.48 103.65 93.48 108.33 c 93.48 113.01 97.32 116.85 102 116.85 c 106.68 116.85 110.4 113.01 110.4 108.33 c h f 
q 0.12 0 0 -0.12 0 841.89 cm 5 w 0 J 0 j 10 M 0.141 0.125 0.129 SC 920 6113 m 920 6152 889 6183 850 6183 c 811 6183 779 6152 779 6113 c 779 6074 811 6042 850 6042 c 889 6042 920 6074 920 6113 c S Q 
1 w 0 0 0.008 sc 100.44 108.33 m 100.44 107.61 99.84 107.01 99.12 107.01 c 98.4 107.01 97.8 107.61 97.8 108.33 c 97.8 109.17 98.4 109.77 99.12 109.77 c 99.84 109.77 100.44 109.17 100.44 108.33 c h f 
103.44 108.33 m 103.44 107.61 104.04 107.01 104.76 107.01 c 105.48 107.01 106.08 107.61 106.08 108.33 c 106.08 109.17 105.48 109.77 104.76 109.77 c 104.04 109.77 103.44 109.17 103.44 108.33 c h f 
104.28 103.89 m 99.6 103.89 l 99.48 103.89 99.24 104.13 99.24 104.37 c 99.24 104.49 99.48 104.73 99.6 104.73 c 104.28 104.73 l 104.52 104.73 104.64 104.49 104.64 104.37 c 104.64 104.13 104.52 103.89 104.28 103.89 c h f 
0.431 0.749 0.329 sc 133.56 108.33 m 133.56 103.65 129.72 99.93 125.04 99.93 c 120.36 99.93 116.64 103.65 116.64 108.33 c 116.64 113.01 120.36 116.85 125.04 116.85 c 129.72 116.85 133.56 113.01 133.56 108.33 c h f 
q 0.12 0 0 -0.12 0 841.89 cm 5 w 0 J 0 j 10 M 0.141 0.125 0.129 SC 1113 6113 m 1113 6152 1081 6183 1042 6183 c 1003 6183 972 6152 972 6113 c 972 6074 1003 6042 1042 6042 c 1081 6042 1113 6074 1113 6113 c S Q 
1 w 0 0 0.008 sc 123.6 109.17 m 123.6 108.33 123 107.73 122.28 107.73 c 121.56 107.73 120.96 108.33 120.96 109.17 c 120.96 109.89 121.56 110.49 122.28 110.49 c 123 110.49 123.6 109.89 123.6 109.17 c h f 
126.6 109.17 m 126.6 108.33 127.2 107.73 127.92 107.73 c 128.64 107.73 129.24 108.33 129.24 109.17 c 129.24 109.89 128.64 110.49 127.92 110.49 c 127.2 110.49 126.6 109.89 126.6 109.17 c h f 
125.04 103.89 m 123.36 103.89 122.52 105.33 122.4 105.33 c 122.28 105.57 122.4 105.81 122.52 105.93 c 122.76 106.05 123 105.93 123.12 105.81 c 123.12 105.69 123.72 104.73 125.04 104.73 c 126.36 104.73 127.08 105.81 127.08 105.81 c 127.2 105.93 127.44 106.05 127.56 105.93 c 127.8 105.81 127.8 105.57 127.68 105.33 c 127.68 105.33 126.72 103.89 125.04 103.89 c h f 
0 0.678 0.933 sc 156.6 108.33 m 156.6 103.65 152.88 99.93 148.2 99.93 c 143.52 99.93 139.8 103.65 139.8 108.33 c 139.8 113.01 143.52 116.85 148.2 116.85 c 152.88 116.85 156.6 113.01 156.6 108.33 c h f 
q 0.12 0 0 -0.12 0 841.89 cm 5 w 0 J 0 j 10 M 0.141 0.125 0.129 SC 1305 6113 m 1305 6152 1274 6183 1235 6183 c 1196 6183 1165 6152 1165 6113 c 1165 6074 1196 6042 1235 6042 c 1274 6042 1305 6074 1305 6113 c S Q 
1 w 0 0 0.008 sc 146.64 108.57 m 146.64 108.45 146.52 108.45 146.52 108.57 c 145.2 109.29 143.76 108.93 143.4 108.81 c 143.4 108.81 143.4 108.81 143.4 108.81 c 143.28 108.81 143.28 108.81 143.28 108.93 c 143.16 108.93 143.28 109.05 143.28 109.17 c 143.52 109.29 145.08 110.61 146.64 108.81 c 146.76 108.69 146.76 108.57 146.64 108.57 c h f 
149.76 108.57 m 149.76 108.45 149.88 108.45 149.88 108.57 c 151.2 109.29 152.64 108.93 153 108.81 c 153 108.81 153 108.81 153 108.81 c 153.12 108.81 153.12 108.81 153.12 108.93 c 153.24 108.93 153.12 109.05 153.12 109.17 c 152.88 109.29 151.32 110.61 149.76 108.81 c 149.64 108.69 149.64 108.57 149.76 108.57 c h f 
145.2 105.57 m 145.2 105.57 145.68 103.41 148.2 103.41 c 150.72 103.41 151.2 105.57 151.2 105.57 c 145.2 105.57 l h f 
1 1 1 sc 76.56 95.25 m 75.24 95.25 74.16 94.29 74.16 92.85 c 74.16 87.33 l 74.16 86.01 75.24 84.93 76.56 84.93 c 82.08 84.93 l 83.4 84.93 84.48 86.01 84.48 87.33 c 84.48 92.85 l 84.48 94.29 83.4 95.25 82.08 95.25 c 76.56 95.25 l h f 
q 0.12 0 0 -0.12 0 841.89 cm 5 w 0 J 0 j 4 M 0.141 0.125 0.129 SC 638 6222 m 627 6222 618 6230 618 6242 c 618 6288 l 618 6299 627 6308 638 6308 c 684 6308 l 695 6308 704 6299 704 6288 c 704 6242 l 704 6230 695 6222 684 6222 c 638 6222 l h S Q 
1 w 1 1 1 sc 99.6 95.25 m 98.28 95.25 97.2 94.29 97.2 92.85 c 97.2 87.33 l 97.2 86.01 98.28 84.93 99.6 84.93 c 105.12 84.93 l 106.44 84.93 107.52 86.01 107.52 87.33 c 107.52 92.85 l 107.52 94.29 106.44 95.25 105.12 95.25 c 99.6 95.25 l h f 
q 0.12 0 0 -0.12 0 841.89 cm 5 w 0 J 0 j 4 M 0.141 0.125 0.129 SC 830 6222 m 819 6222 810 6230 810 6242 c 810 6288 l 810 6299 819 6308 830 6308 c 876 6308 l 887 6308 896 6299 896 6288 c 896 6242 l 896 6230 887 6222 876 6222 c 830 6222 l h S Q 
1 w 1 1 1 sc 122.76 95.25 m 121.32 95.25 120.36 94.29 120.36 92.85 c 120.36 87.33 l 120.36 86.01 121.32 84.93 122.76 84.93 c 128.16 84.93 l 129.6 84.93 130.56 86.01 130.56 87.33 c 130.56 92.85 l 130.56 94.29 129.6 95.25 128.16 95.25 c 122.76 95.25 l h f 
q 0.12 0 0 -0.12 0 841.89 cm 5 w 0 J 0 j 4 M 0.141 0.125 0.129 SC 1023 6222 m 1011 6222 1003 6230 1003 6242 c 1003 6288 l 1003 6299 1011 6308 1023 6308 c 1068 6308 l 1080 6308 1088 6299 1088 6288 c 1088 6242 l 1088 6230 1080 6222 1068 6222 c 1023 6222 l h S Q 
1 w 1 1 1 sc 145.8 95.25 m 144.48 95.25 143.4 94.29 143.4 92.85 c 143.4 87.33 l 143.4 86.01 144.48 84.93 145.8 84.93 c 151.32 84.93 l 152.64 84.93 153.72 86.01 153.72 87.33 c 153.72 92.85 l 153.72 94.29 152.64 95.25 151.32 95.25 c 145.8 95.25 l h f 
q 0.12 0 0 -0.12 0 841.89 cm 5 w 0 J 0 j 4 M 0.141 0.125 0.129 SC 1215 6222 m 1204 6222 1195 6230 1195 6242 c 1195 6288 l 1195 6299 1204 6308 1215 6308 c 1261 6308 l 1272 6308 1281 6299 1281 6288 c 1281 6242 l 1281 6230 1272 6222 1261 6222 c 1215 6222 l h S Q 
1 w 0.141 0.125 0.129 sc 447.12 758.61 m 446.88 758.73 446.76 758.97 446.52 759.09 c 446.28 759.21 446.16 759.33 445.92 759.45 c 445.92 759.57 446.04 759.57 446.04 759.69 c 446.16 759.81 446.16 759.93 446.28 760.05 c 446.28 760.17 446.4 760.17 446.4 760.29 c 446.4 760.41 446.52 760.53 446.64 760.65 c 446.76 760.53 446.88 760.41 447.12 760.29 c 447.24 760.17 447.36 760.05 447.48 759.93 c 447.6 759.81 447.72 759.81 447.72 759.69 c 447.72 759.57 447.48 759.21 447.12 758.61 c h 447.12 754.77 m 446.88 754.89 446.64 755.01 446.52 755.13 c 446.28 755.25 446.16 755.37 445.92 755.49 c 445.92 755.61 446.04 755.73 446.04 755.85 c 446.16 755.97 446.16 756.09 446.28 756.09 c 446.28 756.21 446.4 756.33 446.4 756.45 c 446.4 756.57 446.52 756.57 446.64 756.69 c 447.36 756.33 447.72 755.97 447.72 755.85 c 447.72 755.73 447.48 755.37 447.12 754.77 c h f 
453.84 752.49 m 453.12 752.49 452.64 752.73 452.28 753.09 c 451.92 753.45 451.68 754.05 451.68 754.89 c 451.68 755.01 451.68 755.13 451.68 755.25 c 451.8 755.49 451.8 755.61 451.8 755.85 c 451.92 756.09 451.92 756.33 451.92 756.57 c 452.52 756.45 l 452.4 756.09 452.28 755.73 452.28 755.49 c 452.28 754.89 452.4 754.53 452.76 754.29 c 453 753.93 453.36 753.81 453.84 753.81 c 454.32 753.81 454.68 753.93 455.04 753.93 c 455.28 754.05 455.64 754.17 455.88 754.41 c 456.12 754.53 456.36 754.65 456.6 754.89 c 456.36 756.21 l 456.36 756.45 456.24 756.69 456.12 757.17 c 456.12 757.77 456 758.37 455.76 759.21 c 455.76 759.45 455.76 759.69 455.64 759.93 c 455.64 760.29 455.64 760.53 455.52 760.89 c 455.52 761.13 455.4 761.37 455.4 761.61 c 455.4 761.85 455.4 761.97 455.4 762.09 c 455.4 762.45 455.52 762.69 455.76 762.93 c 456 763.17 456.24 763.29 456.6 763.29 c 456.72 762.93 456.72 762.69 456.84 762.45 c 456.84 762.21 456.96 762.09 457.08 761.85 c 456.72 761.49 l 456.72 760.77 456.84 760.05 456.96 759.33 c 456.96 758.61 457.08 757.89 457.08 757.17 c 457.44 756.93 457.8 756.81 458.16 756.81 c 458.16 756.81 458.16 756.81 458.16 756.81 c 458.16 755.61 l 458.16 755.49 458.16 755.49 458.16 755.49 c 457.92 755.49 457.8 755.49 457.68 755.61 c 457.56 755.61 457.44 755.61 457.2 755.73 c 457.2 755.37 l 457.2 754.77 457.08 754.29 456.72 753.93 c 456.48 753.45 456 753.09 455.52 752.85 c 455.28 752.73 455.04 752.61 454.68 752.61 c 454.44 752.49 454.08 752.49 453.84 752.49 c h f 
458.04 755.49 m 457.92 755.49 457.92 755.49 457.92 755.61 c 457.92 756.81 l 457.92 756.81 457.92 756.81 458.04 756.81 c 458.4 756.81 458.76 756.93 459.12 756.93 c 459.6 757.05 459.84 757.05 460.08 757.17 c 459.96 757.41 459.84 757.53 459.72 757.77 c 459.6 758.01 459.6 758.13 459.48 758.25 c 459.36 758.49 459.36 758.61 459.24 758.73 c 459.24 758.85 459.24 758.97 459.24 759.09 c 459.24 759.21 459.36 759.45 459.48 759.69 c 459.72 759.93 459.96 760.05 460.2 760.17 c 460.32 759.93 460.32 759.69 460.44 759.45 c 460.44 759.09 460.56 758.73 460.56 758.49 c 460.68 758.25 460.68 758.01 460.68 757.89 c 460.68 757.77 460.68 757.65 460.68 757.53 c 460.68 757.41 460.68 757.17 460.56 756.93 c 460.56 756.57 460.44 756.33 460.32 756.09 c 459.6 755.73 458.88 755.49 458.04 755.49 c h 459.6 752.85 m 459.48 752.97 459.24 753.09 459.12 753.33 c 459 753.45 458.88 753.57 458.76 753.69 c 458.88 753.81 459.12 753.93 459.24 754.05 c 459.36 754.29 459.48 754.41 459.6 754.53 c 459.84 754.29 460.08 754.05 460.44 753.69 c 460.32 753.57 460.32 753.45 460.08 753.33 c 459.96 753.21 459.84 752.97 459.6 752.85 c h f 
464.64 755.49 m 464.16 755.49 463.8 755.61 463.44 755.73 c 463.2 755.85 462.96 756.09 462.84 756.33 c 462.72 756.57 462.6 756.93 462.6 757.29 c 462.6 757.41 462.6 757.65 462.48 758.01 c 462.48 758.25 462.48 758.73 462.36 759.09 c 462.36 759.57 462.36 760.05 462.24 760.41 c 462.24 760.89 462.12 761.37 462.12 761.73 c 462.12 762.09 462.12 762.33 462 762.45 c 462.24 762.57 462.48 762.81 462.72 762.93 c 462.96 763.05 463.2 763.17 463.44 763.29 c 463.44 762.69 463.44 762.09 463.44 761.49 c 463.44 760.89 463.56 760.41 463.56 759.81 c 463.56 759.21 463.56 758.61 463.56 758.01 c 463.68 757.17 l 463.8 757.05 463.92 756.93 464.04 756.93 c 464.16 756.93 464.4 756.81 464.64 756.81 c 464.64 756.81 464.64 756.81 464.64 756.81 c 464.64 755.61 l 464.64 755.49 464.64 755.49 464.64 755.49 c h f 
464.52 755.49 m 464.4 755.49 464.4 755.49 464.4 755.61 c 464.4 756.81 l 464.4 756.81 464.4 756.81 464.52 756.81 c 464.64 756.81 464.76 756.81 464.88 756.81 c 465 756.93 465.12 756.93 465.24 756.93 c 465.24 757.05 465.12 757.29 465.12 757.41 c 465.12 757.53 465.12 757.65 465.12 757.77 c 465.12 758.01 465.24 758.13 465.24 758.25 c 465.24 758.49 465.36 758.61 465.36 758.61 c 465.48 758.85 465.6 759.09 465.84 759.33 c 466.08 759.57 466.32 759.69 466.56 759.81 c 466.8 759.93 467.04 760.05 467.28 760.05 c 467.52 760.05 467.64 759.93 467.88 759.69 c 468.12 759.45 468.24 759.09 468.36 758.73 c 468.48 758.37 468.6 758.01 468.6 757.77 c 468.6 757.41 468.48 757.17 468.36 756.93 c 468.48 756.93 468.72 756.93 468.84 756.81 c 468.96 756.81 469.2 756.81 469.32 756.81 c 469.44 756.81 469.44 756.81 469.44 756.81 c 469.44 755.61 l 469.44 755.49 469.44 755.49 469.32 755.49 c 468.36 755.49 467.52 755.61 466.92 755.85 c 466.56 755.73 466.2 755.61 465.72 755.61 c 465.36 755.49 465 755.49 464.52 755.49 c h 466.8 756.81 m 467.28 756.93 467.64 757.17 468 757.41 c 467.88 757.65 467.76 757.77 467.76 758.01 c 467.64 758.25 467.52 758.37 467.4 758.49 c 467.28 758.49 467.28 758.61 467.16 758.61 c 467.04 758.61 466.92 758.61 466.68 758.49 c 466.56 758.37 466.44 758.25 466.2 758.13 c 466.08 758.01 465.96 757.77 465.72 757.53 c 465.84 757.41 466.08 757.17 466.2 757.05 c 466.44 756.93 466.68 756.93 466.8 756.81 c h 467.88 760.89 m 467.76 761.01 467.52 761.13 467.4 761.25 c 467.28 761.37 467.16 761.49 467.04 761.61 c 467.28 761.73 467.4 761.85 467.52 761.97 c 467.64 762.21 467.76 762.33 467.88 762.45 c 467.88 762.33 468 762.21 468.12 762.09 c 468.24 761.97 468.36 761.85 468.6 761.73 c 468.36 761.37 468.12 761.13 467.88 760.89 c h 466.32 760.77 m 466.2 760.89 465.96 761.01 465.84 761.13 c 465.72 761.25 465.6 761.37 465.6 761.49 c 465.72 761.61 465.84 761.73 465.96 761.85 c 466.08 761.97 466.2 762.09 466.32 762.21 c 466.44 762.21 466.44 762.09 466.56 761.97 c 466.68 761.85 466.92 761.73 467.04 761.49 c 466.92 761.37 466.8 761.25 466.68 761.13 c 466.56 761.01 466.44 760.89 466.32 760.77 c h f 
472.8 755.37 m 472.32 755.37 471.84 755.49 471.48 755.49 c 471 755.61 470.76 755.73 470.4 755.85 c 470.28 755.73 470.04 755.61 469.8 755.61 c 469.68 755.49 469.44 755.49 469.2 755.49 c 469.2 755.49 469.08 755.49 469.08 755.61 c 469.08 756.81 l 469.08 756.81 469.2 756.81 469.2 756.81 c 469.32 756.81 469.44 756.81 469.56 756.93 c 469.56 756.93 469.68 756.93 469.8 756.93 c 469.8 756.93 469.8 756.93 469.8 757.05 c 469.8 757.05 469.8 757.05 469.8 757.05 c 469.92 757.29 469.92 757.65 470.04 757.89 c 470.16 758.13 470.28 758.37 470.52 758.61 c 470.64 758.85 470.88 759.09 471 759.21 c 471.36 759.45 471.72 759.57 472.08 759.57 c 472.08 759.57 472.2 759.57 472.2 759.57 c 472.32 759.45 472.44 759.45 472.44 759.33 c 472.56 759.21 472.56 759.09 472.68 758.85 c 472.8 758.73 472.8 758.49 472.92 758.25 c 473.04 758.01 473.16 757.77 473.28 757.53 c 473.28 757.41 473.4 757.29 473.52 757.17 c 473.64 756.93 473.88 756.81 474 756.81 c 474.12 756.81 474.12 756.81 474.12 756.81 c 474.12 755.61 l 474.12 755.49 474.12 755.49 474 755.49 c 473.64 755.49 473.28 755.61 473.04 755.97 c 472.8 755.37 l h 472.44 756.69 m 472.32 756.93 472.2 757.17 472.2 757.53 c 472.08 757.77 472.08 758.13 471.96 758.37 c 471.72 758.37 471.6 758.25 471.36 758.13 c 471.24 758.01 471 757.89 470.88 757.77 c 470.76 757.65 470.64 757.53 470.52 757.29 c 470.64 757.17 471 757.05 471.24 756.93 c 471.6 756.81 472.08 756.69 472.44 756.69 c h f 
474 755.49 m 473.88 755.49 473.88 755.49 473.88 755.61 c 473.88 756.81 l 473.88 756.81 473.88 756.81 474 756.81 c 474.36 756.81 474.72 756.93 475.2 757.17 c 475.2 757.41 475.08 757.53 475.08 757.77 c 475.08 758.01 475.08 758.25 474.96 758.49 c 474.96 758.73 474.84 759.09 474.72 759.81 c 474.6 760.53 474.48 761.37 474.24 762.45 c 474.48 762.57 474.72 762.81 474.96 762.93 c 475.2 763.05 475.44 763.17 475.68 763.29 c 475.68 762.57 475.68 761.97 475.68 761.49 c 475.68 760.89 475.68 760.41 475.68 759.81 c 475.8 759.33 475.8 758.97 475.8 758.49 c 475.8 758.13 475.8 757.65 475.8 757.29 c 475.8 757.05 475.8 756.81 475.68 756.57 c 475.56 756.33 475.44 756.09 475.32 755.85 c 475.2 755.73 475.08 755.61 474.84 755.61 c 474.6 755.49 474.36 755.49 474 755.49 c h f 
477.84 755.49 m 477.84 756.33 477.72 757.05 477.72 757.65 c 477.72 758.25 477.6 758.73 477.6 759.21 c 477.6 759.81 477.48 760.29 477.48 760.77 c 477.48 761.25 477.36 761.73 477.36 762.21 c 477.36 762.45 477.36 762.57 477.48 762.81 c 477.6 762.93 477.72 763.05 477.96 763.17 c 478.08 763.17 478.32 763.29 478.56 763.29 c 478.68 763.05 478.68 762.81 478.8 762.57 c 478.92 762.33 478.92 762.09 479.04 761.85 c 478.68 761.49 l 478.68 761.13 478.68 760.65 478.68 760.05 c 478.68 759.45 478.68 758.73 478.68 758.01 c 478.68 757.29 478.56 756.45 478.56 755.61 c 477.84 755.49 l h f 
485.04 752.49 m 484.32 752.49 483.72 752.73 483.36 753.09 c 483 753.45 482.88 754.05 482.88 754.89 c 482.88 755.01 482.88 755.13 482.88 755.25 c 482.88 755.49 483 755.61 483 755.85 c 483 756.09 483.12 756.33 483.12 756.57 c 483.72 756.45 l 483.6 756.09 483.48 755.73 483.48 755.49 c 483.48 754.89 483.6 754.53 483.84 754.29 c 484.08 753.93 484.56 753.81 485.04 753.81 c 485.4 753.81 485.88 753.93 486.12 753.93 c 486.48 754.05 486.84 754.17 487.08 754.41 c 487.32 754.53 487.56 754.65 487.8 754.89 c 487.56 756.21 l 487.44 756.45 487.44 756.69 487.32 757.17 c 487.2 757.77 487.08 758.37 486.96 759.21 c 486.96 759.45 486.96 759.69 486.84 759.93 c 486.84 760.29 486.72 760.53 486.72 760.89 c 486.72 761.13 486.6 761.37 486.6 761.61 c 486.6 761.85 486.48 761.97 486.48 762.09 c 486.48 762.45 486.6 762.69 486.96 762.93 c 487.2 763.17 487.44 763.29 487.8 763.29 c 487.8 762.93 487.92 762.69 488.04 762.45 c 488.04 762.21 488.16 762.09 488.28 761.85 c 487.92 761.49 l 487.92 760.77 488.04 760.05 488.04 759.33 c 488.16 758.61 488.28 757.89 488.28 757.17 c 488.64 756.93 489 756.81 489.24 756.81 c 489.36 756.81 489.36 756.81 489.36 756.81 c 489.36 755.61 l 489.36 755.49 489.36 755.49 489.24 755.49 c 489.12 755.49 489 755.49 488.88 755.61 c 488.76 755.61 488.52 755.61 488.4 755.73 c 488.4 755.37 l 488.4 754.77 488.28 754.29 487.92 753.93 c 487.68 753.45 487.2 753.09 486.72 752.85 c 486.48 752.73 486.12 752.61 485.88 752.61 c 485.64 752.49 485.28 752.49 485.04 752.49 c h f 
489.24 755.49 m 489.12 755.49 489.12 755.49 489.12 755.61 c 489.12 756.81 l 489.12 756.81 489.12 756.81 489.24 756.81 c 490.2 756.81 490.92 756.93 491.52 756.93 c 492 757.05 492.48 757.17 492.72 757.29 c 492.6 757.41 492.48 757.65 492.24 757.77 c 492.12 758.01 491.88 758.25 491.64 758.49 c 491.52 758.49 491.28 758.61 491.16 758.73 c 490.92 758.85 490.68 759.09 490.44 759.21 c 490.08 759.45 489.84 759.57 489.6 759.81 c 489.36 760.05 489.36 760.17 489.36 760.41 c 489.36 760.53 489.36 760.77 489.36 760.89 c 489.48 761.01 489.6 761.13 489.72 761.25 c 489.72 761.25 489.84 761.37 490.08 761.49 c 490.32 761.61 490.68 761.73 491.04 761.85 c 491.4 762.09 491.76 762.21 492.12 762.45 c 492.48 762.57 492.84 762.69 493.2 762.93 c 493.56 763.05 493.92 763.17 494.16 763.29 c 494.28 763.05 494.4 762.93 494.4 762.69 c 494.4 762.45 494.28 762.33 494.16 762.09 c 494.04 761.97 493.92 761.85 493.8 761.73 c 493.44 761.61 493.2 761.49 492.84 761.37 c 492.6 761.13 492.24 761.01 491.76 760.89 c 491.4 760.77 490.8 760.53 490.2 760.29 c 490.68 760.17 491.28 759.93 491.76 759.69 c 492.12 759.33 492.6 758.97 492.84 758.61 c 493.08 758.13 493.32 757.77 493.32 757.41 c 493.32 757.29 493.32 757.29 493.32 757.29 c 493.68 757.05 494.16 756.81 494.64 756.81 c 494.76 756.81 494.76 756.81 494.76 756.81 c 494.76 755.61 l 494.76 755.49 494.76 755.49 494.64 755.49 c 494.28 755.49 494.04 755.61 493.68 755.73 c 493.32 755.85 493.08 756.09 492.84 756.33 c 492.72 756.33 492.6 756.21 492.6 756.21 c 492.48 756.09 492.36 756.09 492.24 755.97 c 491.52 755.61 490.56 755.49 489.24 755.49 c h f 
497.16 755.37 m 497.04 755.37 496.8 755.37 496.56 755.49 c 496.32 755.61 496.08 755.61 495.84 755.73 c 495.72 755.73 495.48 755.61 495.24 755.61 c 495 755.49 494.76 755.49 494.52 755.49 c 494.52 755.49 494.52 755.49 494.52 755.61 c 494.52 756.81 l 494.52 756.81 494.52 756.81 494.52 756.81 c 494.88 756.81 495.12 756.93 495.36 756.93 c 495.48 756.93 495.72 757.05 495.72 757.17 c 495.84 757.29 495.96 757.29 495.96 757.41 c 496.08 757.53 496.2 757.77 496.32 758.01 c 496.44 758.13 496.44 758.25 496.56 758.25 c 496.68 758.25 496.68 758.37 496.8 758.37 c 496.92 758.37 497.04 758.25 497.16 758.25 c 497.04 758.01 497.04 757.77 496.92 757.53 c 496.8 757.29 496.68 757.05 496.68 756.81 c 496.8 756.81 496.8 756.81 496.92 756.81 c 497.04 756.81 497.16 756.81 497.28 756.81 c 497.4 756.81 497.52 756.81 497.64 756.81 c 497.76 756.81 497.88 756.81 498.12 756.93 c 498.12 756.93 498.12 757.05 498.24 757.17 c 498.24 757.29 498.36 757.41 498.48 757.65 c 498.48 757.89 498.6 758.13 498.72 758.49 c 498.72 758.61 498.84 758.61 498.96 758.73 c 499.08 758.73 499.2 758.85 499.32 758.85 c 499.44 758.85 499.56 758.73 499.68 758.73 c 499.68 758.61 499.56 758.37 499.44 758.01 c 499.32 757.77 499.2 757.29 499.08 756.69 c 499.08 756.69 499.2 756.69 499.2 756.69 c 499.32 756.69 499.32 756.69 499.32 756.69 c 499.68 756.69 499.92 756.81 500.16 756.81 c 500.28 756.93 500.28 756.93 500.28 757.05 c 500.28 757.17 500.4 757.29 500.4 757.41 c 500.52 757.65 500.52 757.77 500.64 757.89 c 500.64 758.13 500.76 758.37 500.88 758.49 c 500.88 758.61 501 758.73 501.12 758.85 c 501.24 758.85 501.24 758.85 501.48 758.85 c 501.6 758.85 501.72 758.85 501.84 758.73 c 501.72 758.61 501.72 758.49 501.6 758.25 c 501.6 758.01 501.48 757.65 501.24 757.17 c 501.48 757.05 501.72 757.05 501.84 756.93 c 502.08 756.93 502.32 756.81 502.68 756.81 c 502.68 756.81 502.8 756.81 502.8 756.81 c 502.8 755.61 l 502.8 755.49 502.68 755.49 502.68 755.49 c 502.32 755.49 502.08 755.61 501.72 755.73 c 501.36 755.85 501.12 755.97 501 756.21 c 500.88 755.97 500.88 755.85 500.76 755.73 c 500.76 755.61 500.52 755.61 500.4 755.49 c 500.28 755.49 500.16 755.49 499.92 755.37 c 499.8 755.37 499.68 755.37 499.56 755.37 c 499.32 755.37 498.96 755.49 498.6 755.61 c 498.48 755.61 498.36 755.61 498.24 755.49 c 498.12 755.49 497.88 755.49 497.76 755.49 c 497.52 755.37 497.4 755.37 497.16 755.37 c h 498 759.69 m 497.76 759.81 497.64 759.93 497.52 760.05 c 497.4 760.17 497.28 760.29 497.16 760.41 c 497.28 760.53 497.4 760.65 497.52 760.77 c 497.64 760.89 497.88 761.01 498 761.13 c 498 761.13 498.12 761.01 498.24 760.89 c 498.36 760.77 498.48 760.65 498.6 760.41 c 498.6 760.29 498.48 760.17 498.36 760.05 c 498.24 759.93 498.12 759.81 498 759.69 c h 499.56 759.81 m 499.44 759.93 499.2 760.05 499.08 760.17 c 498.96 760.29 498.84 760.41 498.72 760.53 c 498.84 760.65 498.96 760.77 499.08 760.89 c 499.32 761.01 499.44 761.13 499.56 761.37 c 499.56 761.25 499.68 761.25 499.8 761.13 c 499.92 761.01 500.04 760.77 500.28 760.65 c 500.16 760.53 500.04 760.29 499.92 760.17 c 499.8 760.05 499.68 759.93 499.56 759.81 c h 498.72 760.77 m 498.6 760.89 498.48 761.01 498.36 761.13 c 498.24 761.25 498.12 761.37 498 761.49 c 498.24 761.61 498.36 761.73 498.48 761.85 c 498.6 761.97 498.6 761.97 498.72 762.09 c 498.72 761.97 498.84 761.85 498.96 761.85 c 499.08 761.73 499.2 761.61 499.32 761.49 c 499.2 761.25 499.08 761.13 498.96 761.01 c 498.84 760.89 498.72 760.89 498.72 760.77 c h f 
502.56 755.49 m 502.56 755.49 502.44 755.49 502.44 755.61 c 502.44 756.81 l 502.44 756.81 502.56 756.81 502.56 756.81 c 502.92 756.81 503.28 756.93 503.76 757.17 c 503.76 757.41 503.76 757.53 503.64 757.77 c 503.64 758.01 503.64 758.25 503.64 758.49 c 503.52 758.73 503.52 759.09 503.4 759.81 c 503.28 760.53 503.04 761.37 502.92 762.45 c 503.04 762.57 503.28 762.81 503.52 762.93 c 503.76 763.05 504 763.17 504.24 763.29 c 504.24 762.57 504.24 761.97 504.24 761.49 c 504.36 760.89 504.36 760.41 504.36 759.81 c 504.36 759.33 504.36 758.97 504.36 758.49 c 504.36 758.13 504.36 757.65 504.36 757.29 c 504.36 757.05 504.36 756.81 504.24 756.57 c 504.24 756.33 504.12 756.09 503.88 755.85 c 503.88 755.73 503.64 755.61 503.4 755.61 c 503.16 755.49 502.92 755.49 502.56 755.49 c h f 
506.4 755.49 m 506.4 756.33 506.4 757.05 506.28 757.65 c 506.28 758.25 506.28 758.73 506.28 759.21 c 506.16 759.81 506.16 760.29 506.04 760.77 c 506.04 761.25 506.04 761.73 505.92 762.21 c 505.92 762.45 505.92 762.57 506.04 762.81 c 506.16 762.93 506.4 763.05 506.52 763.17 c 506.76 763.17 507 763.29 507.12 763.29 c 507.24 763.05 507.36 762.81 507.36 762.57 c 507.48 762.33 507.6 762.09 507.6 761.85 c 507.24 761.49 l 507.24 761.13 507.24 760.65 507.24 760.05 c 507.24 759.45 507.24 758.73 507.24 758.01 c 507.24 757.29 507.24 756.45 507.24 755.61 c 506.4 755.49 l h f 
513.96 752.49 m 513.12 752.49 512.52 752.73 512.16 753.09 c 511.68 753.45 511.44 754.05 511.44 754.89 c 511.44 755.01 511.44 755.13 511.56 755.25 c 511.56 755.49 511.56 755.61 511.56 755.85 c 511.68 756.09 511.68 756.33 511.8 756.57 c 512.28 756.45 l 512.16 756.09 512.16 755.73 512.16 755.49 c 512.16 754.89 512.28 754.53 512.64 754.29 c 512.88 753.93 513.48 753.81 514.08 753.81 c 514.56 753.81 514.92 753.93 515.4 753.93 c 515.76 753.93 516.24 754.05 516.6 754.17 c 516.84 754.17 516.96 754.17 517.2 754.29 c 517.32 754.29 517.56 754.41 517.68 754.41 c 517.56 754.53 517.32 754.65 517.08 754.77 c 516.84 754.89 516.6 755.01 516.48 755.13 c 516.24 755.25 516 755.37 515.88 755.49 c 515.64 755.61 515.64 755.73 515.64 755.73 c 515.64 755.85 515.64 755.97 515.64 756.09 c 515.76 756.21 515.76 756.45 515.88 756.57 c 515.88 756.69 516 756.81 516.12 756.93 c 516.12 757.05 516.24 757.05 516.24 757.05 c 516.6 757.05 516.96 756.93 517.32 756.93 c 517.8 756.93 518.16 756.81 518.64 756.81 c 518.76 756.81 518.88 756.81 518.88 756.69 c 518.88 755.61 l 518.88 755.49 518.76 755.49 518.64 755.49 c 518.52 755.49 518.4 755.49 518.16 755.49 c 517.92 755.49 517.68 755.61 517.44 755.61 c 517.32 755.61 517.08 755.61 516.96 755.73 c 517.2 755.61 517.44 755.49 517.68 755.37 c 517.8 755.25 517.92 755.25 518.04 755.13 c 518.04 755.13 518.16 755.13 518.16 755.01 c 518.16 755.01 518.28 754.89 518.28 754.77 c 518.28 754.65 518.28 754.53 518.28 754.41 c 518.28 754.29 518.16 754.05 518.04 753.81 c 517.8 753.69 517.56 753.45 517.2 753.33 c 516.84 753.09 516.36 752.97 516 752.85 c 515.28 752.61 514.56 752.49 513.96 752.49 c h f 
518.64 755.49 m 518.52 755.49 518.52 755.49 518.52 755.61 c 518.52 756.81 l 518.52 756.81 518.52 756.81 518.64 756.81 c 519.48 756.81 520.2 756.93 520.8 756.93 c 521.4 757.05 521.88 757.17 522.36 757.29 c 522.36 757.41 522.24 757.41 522.24 757.53 c 522.24 757.65 522.24 757.65 522.24 757.77 c 522 757.65 521.76 757.53 521.52 757.41 c 521.4 757.29 521.16 757.29 520.8 757.29 c 520.44 757.29 520.08 757.41 519.84 757.65 c 519.6 757.89 519.48 758.13 519.48 758.49 c 519.48 758.85 519.6 759.21 519.72 759.57 c 519.84 759.81 520.08 760.17 520.32 760.29 c 520.44 760.41 520.56 760.53 520.68 760.53 c 520.8 760.65 521.04 760.65 521.16 760.65 c 521.4 760.65 521.76 760.41 522 760.05 c 522.36 759.81 522.6 759.33 522.72 758.73 c 522.84 758.49 522.84 758.25 522.84 758.01 c 522.96 757.77 522.96 757.53 522.96 757.29 c 522.96 757.17 522.96 757.05 522.96 756.93 c 522.96 756.81 522.96 756.57 522.84 756.45 c 522.84 756.33 522.72 756.21 522.6 756.09 c 522.36 755.97 522.12 755.97 521.76 755.85 c 521.4 755.73 520.92 755.61 520.44 755.61 c 519.84 755.49 519.24 755.49 518.64 755.49 c h 521.04 758.13 m 521.28 758.13 521.64 758.13 522 758.25 c 521.76 758.61 521.64 758.85 521.52 758.97 c 521.28 759.21 521.16 759.21 520.92 759.21 c 520.68 759.21 520.44 759.21 520.32 759.09 c 520.2 758.97 520.08 758.85 520.08 758.61 c 520.08 758.49 520.2 758.37 520.32 758.25 c 520.44 758.13 520.68 758.13 521.04 758.13 c h 521.16 761.37 m 520.68 761.73 520.44 761.97 520.2 762.21 c 520.44 762.45 520.56 762.57 520.68 762.69 c 520.8 762.93 521.04 763.05 521.16 763.17 c 521.16 763.05 521.28 762.93 521.4 762.81 c 521.52 762.69 521.76 762.45 521.88 762.33 c 521.88 762.21 521.76 762.09 521.64 761.85 c 521.4 761.73 521.28 761.61 521.16 761.37 c h f 
0.992 0.941 0.918 sc 535.92 750.81 m 540 750.81 543.36 754.05 543.36 758.25 c 543.36 762.33 540 765.69 535.92 765.69 c 531.84 765.69 528.6 762.33 528.6 758.25 c 528.6 754.05 531.84 750.81 535.92 750.81 c h f 
q 0.12 0 0 -0.12 0 841.89 cm 4 w 1 J 0 j 4 M 0.933 0.114 0.145 SC 4466 759 m 4500 759 4528 732 4528 697 c 4528 663 4500 635 4466 635 c 4432 635 4405 663 4405 697 c 4405 732 4432 759 4466 759 c S Q 
1 w 0.933 0.114 0.145 sc 533.16 754.05 m 533.16 759.45 l 533.16 759.69 533.16 759.93 533.28 760.17 c 533.28 760.41 533.28 760.77 533.28 761.01 c 533.16 760.89 533.16 760.89 533.04 760.77 c 533.04 760.65 532.92 760.65 532.92 760.65 c 532.68 760.41 532.56 760.29 532.32 760.17 c 532.2 759.93 531.96 759.81 531.84 759.69 c 531.24 760.41 l 533.4 762.33 l 534.36 762.33 l 534.36 754.05 l 533.16 754.05 l h f 
538.08 753.93 m 537.6 753.93 537.24 754.05 537 754.05 c 536.64 754.17 536.28 754.29 536.04 754.41 c 536.04 755.49 l 536.28 755.37 536.64 755.25 537 755.13 c 537.36 755.01 537.72 755.01 537.96 755.01 c 538.56 755.01 539.04 755.13 539.28 755.37 c 539.64 755.61 539.76 755.97 539.76 756.45 c 539.76 756.93 539.64 757.29 539.28 757.53 c 538.92 757.65 538.44 757.77 537.72 757.77 c 537.12 757.77 l 537.12 758.85 l 537.84 758.85 l 538.32 758.85 538.8 758.97 539.16 759.21 c 539.4 759.45 539.52 759.81 539.52 760.29 c 539.52 760.65 539.52 760.89 539.28 761.13 c 539.04 761.25 538.68 761.37 538.32 761.37 c 538.08 761.37 537.72 761.37 537.48 761.25 c 537.24 761.13 536.88 761.01 536.52 760.77 c 536.04 761.61 l 536.28 761.85 536.64 762.09 537.12 762.21 c 537.48 762.33 537.96 762.45 538.32 762.45 c 539.04 762.45 539.64 762.21 540.12 761.85 c 540.48 761.49 540.72 761.01 540.72 760.41 c 540.72 759.93 540.6 759.45 540.24 759.09 c 540 758.73 539.64 758.49 539.16 758.37 c 539.16 758.37 l 539.76 758.25 540.24 758.13 540.48 757.77 c 540.84 757.41 540.96 756.93 540.96 756.45 c 540.96 755.61 540.72 755.01 540.24 754.65 c 539.64 754.17 538.92 753.93 538.08 753.93 c h f 
0.141 0.125 0.129 sc 489.72 736.05 m 489.48 736.17 489.36 736.41 489.24 736.41 c 489 736.53 488.88 736.65 488.76 736.77 c 488.76 736.89 488.88 736.89 488.88 737.01 c 488.88 737.13 489 737.13 489 737.25 c 489 737.37 489.12 737.37 489.12 737.49 c 489.24 737.61 489.24 737.61 489.24 737.73 c 489.48 737.61 489.6 737.49 489.72 737.49 c 489.96 737.37 490.08 737.25 490.08 737.13 c 490.2 737.13 490.2 737.01 490.2 737.01 c 490.2 736.89 490.08 736.65 489.72 736.05 c h 489.72 732.09 m 489.6 732.21 489.36 732.33 489.24 732.45 c 489 732.57 488.88 732.69 488.76 732.69 c 488.76 732.81 488.88 732.93 488.88 733.05 c 488.88 733.05 489 733.17 489 733.29 c 489 733.29 489.12 733.41 489.12 733.53 c 489.24 733.53 489.24 733.65 489.24 733.77 c 489.96 733.41 490.2 733.05 490.2 732.93 c 490.2 732.93 490.08 732.57 489.72 732.09 c h f 
495.72 729.81 m 495.12 729.81 494.52 730.05 494.16 730.41 c 493.8 730.77 493.68 731.37 493.68 732.09 c 493.68 732.21 493.68 732.33 493.68 732.45 c 493.68 732.57 493.68 732.81 493.8 732.93 c 493.8 733.17 493.8 733.41 493.92 733.65 c 494.28 733.53 l 494.28 733.17 494.16 732.81 494.16 732.69 c 494.16 732.09 494.28 731.61 494.64 731.37 c 494.88 731.01 495.24 730.89 495.72 730.89 c 496.08 730.89 496.44 731.01 496.8 731.13 c 497.16 731.13 497.52 731.37 497.76 731.49 c 498.12 731.73 498.36 731.97 498.48 732.21 c 498.24 732.69 498 733.17 497.88 733.53 c 497.76 733.89 497.64 734.25 497.64 734.37 c 497.64 734.61 497.76 734.85 497.88 735.09 c 498 735.21 498.24 735.45 498.6 735.57 c 498.6 735.45 498.6 735.33 498.6 735.21 c 498.6 734.97 498.72 734.85 498.72 734.61 c 498.72 734.49 498.84 734.25 498.84 734.01 c 498.84 733.77 498.96 733.53 498.96 733.29 c 498.96 733.05 498.96 732.81 498.96 732.69 c 498.96 732.21 498.84 731.73 498.6 731.25 c 498.24 730.77 497.88 730.53 497.28 730.17 c 497.04 730.05 496.8 729.93 496.56 729.93 c 496.32 729.81 495.96 729.81 495.72 729.81 c h 496.08 735.57 m 495.72 735.81 495.36 736.05 495.24 736.29 c 495.36 736.53 495.6 736.65 495.72 736.89 c 495.84 737.01 495.96 737.13 495.96 737.25 c 496.08 737.13 496.2 737.01 496.32 736.77 c 496.44 736.65 496.68 736.53 496.8 736.41 c 496.68 736.29 496.56 736.17 496.44 736.05 c 496.32 735.93 496.2 735.69 496.08 735.57 c h f 
500.64 732.81 m 500.64 733.53 500.64 734.25 500.64 734.85 c 500.64 735.45 500.52 736.05 500.52 736.53 c 500.52 737.13 500.52 737.61 500.4 738.09 c 500.4 738.57 500.4 739.05 500.28 739.53 c 500.28 739.77 500.28 739.89 500.4 740.13 c 500.4 740.25 500.52 740.37 500.64 740.37 c 500.88 740.49 501 740.61 501.24 740.61 c 501.24 740.37 501.36 740.25 501.36 739.89 c 501.48 739.65 501.6 739.41 501.6 739.17 c 501.24 738.93 l 501.36 738.45 501.36 737.85 501.36 737.25 c 501.36 736.65 501.36 736.05 501.36 735.33 c 501.36 734.61 501.36 733.77 501.24 732.93 c 500.64 732.81 l h 500.16 740.97 m 500.04 741.45 l 500.52 741.69 l 500.28 741.69 500.16 741.81 500.16 742.17 c 500.16 742.29 500.16 742.41 500.28 742.53 c 500.28 742.65 500.4 742.77 500.52 742.89 c 500.64 743.01 500.88 743.01 501 743.01 c 501.24 743.01 501.36 742.89 501.36 742.53 c 501.36 742.41 501.36 742.41 501.36 742.29 c 501.12 742.29 l 501.12 742.41 l 501.12 742.41 501.12 742.41 501 742.41 c 501 742.53 501 742.53 501 742.53 c 500.88 742.53 500.76 742.41 500.64 742.41 c 500.64 742.29 500.52 742.17 500.52 742.05 c 500.64 741.93 500.76 741.93 501 741.93 c 501.12 741.93 501.12 741.93 501.24 741.93 c 501.36 741.93 501.48 741.93 501.48 741.93 c 501.48 741.45 l 501.24 741.45 501 741.33 500.76 741.21 c 500.52 741.21 500.4 741.09 500.16 740.97 c h f 
507.96 732.81 m 507.12 732.81 506.4 732.93 505.92 733.29 c 505.44 733.65 505.2 734.25 505.2 734.97 c 505.2 735.33 505.32 735.81 505.44 736.17 c 505.8 736.17 l 505.8 736.17 505.8 736.05 505.8 735.93 c 505.8 735.81 505.8 735.69 505.8 735.57 c 505.8 735.21 505.92 734.85 506.04 734.61 c 506.28 734.37 506.52 734.13 506.88 734.01 c 507 734.01 507.24 733.89 507.48 733.89 c 507.72 733.89 507.96 733.89 508.32 733.89 c 508.68 733.89 508.92 733.89 509.28 733.89 c 509.64 733.89 510 734.01 510.24 734.01 c 510.6 734.13 510.84 734.13 511.08 734.25 c 511.32 734.25 511.44 734.37 511.56 734.49 c 511.68 734.49 511.8 734.61 511.8 734.73 c 511.92 734.85 512.04 734.97 512.16 735.21 c 512.16 735.33 512.28 735.45 512.28 735.45 c 512.4 735.45 512.4 735.45 512.52 735.45 c 512.64 735.45 512.76 735.45 512.88 735.45 c 512.76 735.21 512.64 734.97 512.64 734.73 c 512.52 734.61 512.4 734.37 512.4 734.25 c 512.64 734.13 512.88 734.01 513 734.01 c 513.24 733.89 513.48 733.89 513.72 733.89 c 513.84 733.89 513.84 733.89 513.84 733.77 c 513.84 732.93 l 513.84 732.81 513.84 732.81 513.72 732.81 c 513.48 732.81 513.12 732.93 512.76 733.05 c 512.52 733.17 512.16 733.41 511.92 733.65 c 511.44 733.41 510.96 733.17 510.24 733.05 c 509.52 732.93 508.8 732.81 507.96 732.81 c h 509.52 736.65 m 509.28 736.77 509.16 736.89 509.04 737.01 c 508.92 737.13 508.8 737.25 508.68 737.37 c 508.8 737.49 508.92 737.61 509.04 737.73 c 509.16 737.85 509.28 737.97 509.52 738.21 c 509.52 738.09 509.64 738.09 509.76 737.97 c 509.88 737.85 510 737.73 510.12 737.49 c 510 737.25 509.76 737.01 509.52 736.65 c h 507.84 736.53 m 507.72 736.65 507.6 736.77 507.36 736.89 c 507.24 737.01 507.24 737.13 507.12 737.25 c 507.24 737.37 507.36 737.49 507.48 737.61 c 507.6 737.73 507.72 737.85 507.84 737.97 c 507.84 737.97 507.96 737.85 508.08 737.73 c 508.2 737.61 508.32 737.49 508.56 737.37 c 508.44 737.25 508.32 737.13 508.2 736.89 c 508.08 736.77 507.96 736.65 507.84 736.53 c h f 
513.6 732.81 m 513.6 732.81 513.6 732.81 513.6 732.93 c 513.6 733.77 l 513.6 733.89 513.6 733.89 513.6 733.89 c 514.2 733.89 514.56 734.01 514.8 734.13 c 514.92 734.25 514.92 734.37 515.04 734.49 c 515.16 734.73 515.28 734.97 515.4 735.33 c 515.52 735.45 515.64 735.45 515.64 735.57 c 515.76 735.57 515.76 735.57 515.88 735.57 c 516 735.57 516.12 735.57 516.24 735.45 c 516.12 735.33 516.12 735.09 516 734.85 c 515.88 734.61 515.76 734.49 515.76 734.25 c 515.88 734.13 516.12 734.01 516.36 734.01 c 516.6 733.89 516.84 733.89 517.08 733.89 c 517.08 733.89 517.08 733.89 517.08 733.77 c 517.08 732.93 l 517.08 732.81 517.08 732.81 517.08 732.81 c 516.36 732.81 515.76 733.05 515.28 733.53 c 515.28 733.53 515.28 733.41 515.16 733.41 c 515.16 733.29 515.16 733.29 515.16 733.29 c 515.04 733.17 514.8 733.05 514.56 732.93 c 514.32 732.93 513.96 732.81 513.6 732.81 c h 515.52 730.41 m 515.28 730.53 515.16 730.65 515.04 730.77 c 514.92 730.89 514.8 731.01 514.68 731.13 c 514.8 731.25 515.04 731.49 515.16 731.61 c 515.28 731.73 515.4 731.85 515.52 731.97 c 515.76 731.73 516 731.49 516.24 731.25 c 516.12 731.13 516 731.01 515.88 730.77 c 515.76 730.65 515.64 730.53 515.52 730.41 c h f 
516.96 732.81 m 516.84 732.81 516.84 732.81 516.84 732.93 c 516.84 733.77 l 516.84 733.89 516.84 733.89 516.96 733.89 c 517.32 733.89 517.68 733.89 518.04 734.01 c 518.4 734.01 518.64 734.13 518.88 734.25 c 518.88 734.49 518.76 734.61 518.76 734.85 c 518.64 735.09 518.52 735.33 518.52 735.45 c 518.4 735.69 518.4 735.81 518.28 735.93 c 518.28 736.05 518.28 736.17 518.28 736.29 c 518.28 736.41 518.28 736.65 518.52 736.77 c 518.64 737.01 518.88 737.13 519.12 737.25 c 519.12 737.13 519.12 736.89 519.24 736.65 c 519.24 736.41 519.36 736.17 519.36 735.81 c 519.48 735.57 519.48 735.33 519.48 735.21 c 519.48 734.97 519.48 734.85 519.48 734.73 c 519.48 734.61 519.48 734.37 519.36 734.13 c 519.36 734.01 519.24 733.77 519.12 733.53 c 518.4 733.05 517.68 732.81 516.96 732.81 c h 517.8 737.85 m 517.56 737.97 517.44 738.09 517.32 738.21 c 517.2 738.33 517.08 738.33 517.08 738.45 c 517.2 738.57 517.32 738.69 517.32 738.81 c 517.44 738.93 517.56 739.05 517.8 739.17 c 517.8 739.17 517.92 739.05 517.92 738.93 c 518.04 738.81 518.28 738.69 518.4 738.57 c 518.28 738.45 518.16 738.33 518.16 738.21 c 518.04 738.09 517.92 737.97 517.8 737.85 c h 519.36 737.97 m 519.24 738.09 519.12 738.21 519 738.33 c 518.88 738.45 518.76 738.57 518.64 738.69 c 518.76 738.69 518.88 738.81 519 738.93 c 519 739.05 519.24 739.17 519.36 739.41 c 519.36 739.29 519.48 739.17 519.6 739.05 c 519.72 738.93 519.84 738.81 519.96 738.69 c 519.96 738.57 519.84 738.45 519.72 738.33 c 519.6 738.21 519.48 738.09 519.36 737.97 c h 518.52 738.93 m 518.4 739.05 518.28 739.05 518.16 739.17 c 518.04 739.29 518.04 739.41 517.92 739.53 c 518.04 739.65 518.16 739.77 518.28 739.89 c 518.4 740.01 518.4 740.13 518.52 740.13 c 518.64 740.01 518.64 740.01 518.76 739.89 c 518.88 739.77 519 739.65 519.12 739.53 c 519 739.41 518.88 739.29 518.76 739.17 c 518.64 739.05 518.64 738.93 518.52 738.93 c h f 
521.16 732.81 m 521.16 733.53 521.16 734.25 521.04 734.85 c 521.04 735.45 521.04 736.05 521.04 736.53 c 521.04 737.13 520.92 737.61 520.92 738.09 c 520.92 738.57 520.8 739.05 520.8 739.53 c 520.8 739.77 520.8 739.89 520.92 740.13 c 520.92 740.25 521.04 740.37 521.16 740.37 c 521.28 740.49 521.52 740.61 521.64 740.61 c 521.76 740.37 521.76 740.25 521.88 739.89 c 522 739.65 522 739.41 522.12 739.17 c 521.76 738.93 l 521.76 738.45 521.76 737.85 521.76 737.25 c 521.88 736.65 521.88 736.05 521.76 735.33 c 521.76 734.61 521.76 733.77 521.76 732.93 c 521.16 732.81 l h 520.56 740.97 m 520.56 741.45 l 521.04 741.69 l 520.68 741.69 520.56 741.81 520.56 742.17 c 520.56 742.29 520.68 742.41 520.68 742.53 c 520.8 742.65 520.92 742.77 521.04 742.89 c 521.16 743.01 521.28 743.01 521.4 743.01 c 521.76 743.01 521.88 742.89 521.88 742.53 c 521.88 742.41 521.88 742.41 521.76 742.29 c 521.52 742.29 l 521.52 742.41 l 521.52 742.41 521.52 742.41 521.52 742.41 c 521.52 742.53 521.52 742.53 521.4 742.53 c 521.28 742.53 521.28 742.41 521.16 742.41 c 521.04 742.29 521.04 742.17 520.92 742.05 c 521.04 741.93 521.28 741.93 521.52 741.93 c 521.52 741.93 521.64 741.93 521.76 741.93 c 521.76 741.93 521.88 741.93 522 741.93 c 522 741.45 l 521.64 741.45 521.4 741.33 521.28 741.21 c 521.04 741.21 520.8 741.09 520.56 740.97 c h f 
q 0.12 0 0 -0.12 0 841.89 cm 1 j 0.141 0.125 0.129 SC 3212 1076 m 3214 1080 3216 1084 3218 1087 c 3223 1092 3228 1095 3234 1095 c 3238 1095 3241 1094 3243 1092 c 3246 1089 3247 1086 3247 1082 c 3247 1079 3246 1076 3243 1073 c 3242 1071 3238 1069 3233 1066 c 3223 1060 l 3221 1058 3218 1056 3217 1054 c 3214 1051 3212 1047 3212 1043 c 3212 1037 3214 1033 3218 1029 c 3221 1025 3226 1023 3232 1023 c 3235 1023 3238 1024 3241 1025 c 3245 1027 3247 1027 3247 1027 c 3248 1027 3249 1027 3250 1026 c 3250 1026 3251 1025 3251 1023 c 3253 1023 l 3256 1047 l 3253 1047 l 3251 1040 3248 1035 3245 1032 c 3241 1029 3237 1028 3233 1028 c 3230 1028 3227 1029 3225 1031 c 3223 1032 3222 1035 3222 1038 c 3222 1041 3222 1043 3224 1045 c 3226 1047 3229 1049 3232 1052 c 3242 1058 l 3248 1061 3252 1065 3254 1068 c 3257 1071 3258 1075 3258 1079 c 3258 1085 3256 1089 3252 1093 c 3247 1097 3242 1099 3235 1099 c 3232 1099 3228 1098 3225 1097 c 3221 1096 3219 1095 3218 1095 c 3217 1095 3216 1095 3216 1096 c 3215 1097 3215 1098 3215 1099 c 3212 1099 l 3209 1076 l 3212 1076 l h S Q 
q 0.12 0 0 -0.12 0 841.89 cm 1 w 1 j 0.141 0.125 0.129 SC 3311 1045 m 3311 1038 3308 1033 3303 1031 c 3300 1030 3296 1029 3291 1029 c 3289 1029 3287 1029 3287 1030 c 3286 1030 3286 1031 3286 1033 c 3286 1061 l 3288 1061 3289 1062 3290 1062 c 3290 1062 3291 1062 3292 1062 c 3297 1062 3301 1061 3303 1059 c 3309 1057 3311 1052 3311 1045 c h S Q 
q 0.12 0 0 -0.12 0 841.89 cm 1 w 1 j 0.141 0.125 0.129 SC 3266 1095 m 3270 1095 3273 1094 3274 1093 c 3275 1092 3275 1089 3275 1084 c 3275 1037 l 3275 1033 3275 1031 3273 1029 c 3272 1028 3270 1027 3266 1027 c 3266 1025 l 3295 1025 l 3304 1025 3311 1027 3316 1030 c 3321 1034 3323 1039 3323 1045 c 3323 1052 3320 1058 3315 1061 c 3309 1064 3303 1066 3295 1066 c 3293 1066 3292 1066 3290 1066 c 3288 1066 3287 1066 3286 1066 c 3286 1086 l 3286 1090 3287 1092 3288 1093 c 3289 1094 3292 1095 3297 1095 c 3297 1097 l 3266 1097 l 3266 1095 l h S Q 
q 0.12 0 0 -0.12 0 841.89 cm 1 w 1 j 0.141 0.125 0.129 SC 3339 1061 m 3339 1073 3341 1081 3346 1087 c 3350 1092 3356 1095 3363 1095 c 3369 1095 3374 1092 3379 1087 c 3384 1081 3386 1073 3386 1061 c 3386 1049 3383 1041 3379 1035 c 3374 1030 3369 1027 3362 1027 c 3356 1027 3350 1030 3346 1036 c 3341 1041 3339 1050 3339 1061 c S Q 
q 0.12 0 0 -0.12 0 841.89 cm 1 w 1 j 0.141 0.125 0.129 SC 3327 1061 m 3327 1050 3330 1040 3338 1033 c 3344 1027 3353 1023 3362 1023 c 3372 1023 3380 1027 3387 1033 c 3394 1040 3398 1049 3398 1061 c 3398 1071 3396 1078 3391 1085 c 3386 1092 3379 1096 3369 1098 c 3374 1104 3379 1109 3385 1112 c 3389 1113 3394 1114 3400 1115 c 3400 1117 l 3395 1117 l 3389 1117 3384 1116 3379 1115 c 3375 1114 3371 1113 3367 1111 c 3363 1109 3360 1106 3357 1103 c 3354 1100 3352 1098 3351 1098 c 3350 1097 l 3344 1094 3339 1091 3336 1087 c 3330 1081 3327 1072 3327 1061 c h S Q 
q 0.12 0 0 -0.12 0 841.89 cm 1 w 1 j 0.141 0.125 0.129 SC 3423 1060 m 3431 1060 3436 1059 3439 1058 c 3445 1055 3448 1051 3448 1044 c 3448 1038 3446 1033 3440 1031 c 3438 1030 3434 1029 3429 1029 c 3426 1029 3424 1029 3424 1030 c 3423 1030 3423 1031 3423 1033 c 3423 1060 l h S Q 
q 0.12 0 0 -0.12 0 841.89 cm 1 w 1 j 0.141 0.125 0.129 SC 3402 1095 m 3406 1095 3409 1094 3410 1093 c 3411 1092 3412 1089 3412 1084 c 3412 1037 l 3412 1033 3411 1031 3410 1029 c 3409 1028 3406 1027 3402 1027 c 3402 1025 l 3432 1025 l 3439 1025 3444 1026 3448 1027 c 3456 1030 3460 1036 3460 1044 c 3460 1050 3458 1054 3455 1057 c 3451 1060 3446 1062 3440 1062 c 3463 1090 l 3464 1092 3466 1093 3467 1094 c 3468 1095 3470 1095 3472 1095 c 3472 1097 l 3455 1097 l 3427 1064 l 3423 1064 l 3423 1085 l 3423 1090 3423 1092 3425 1093 c 3426 1094 3428 1095 3433 1095 c 3433 1097 l 3402 1097 l 3402 1095 l h S Q 
1 w 0.141 0.125 0.129 sc 385.44 712.77 m 385.68 712.29 385.92 711.81 386.16 711.45 c 386.76 710.85 387.36 710.49 388.08 710.49 c 388.56 710.49 388.92 710.61 389.16 710.85 c 389.52 711.21 389.64 711.57 389.64 712.05 c 389.64 712.41 389.52 712.77 389.16 713.13 c 389.04 713.37 388.56 713.61 387.96 713.97 c 386.76 714.69 l 386.52 714.93 386.16 715.17 386.04 715.41 c 385.68 715.77 385.44 716.25 385.44 716.73 c 385.44 717.45 385.68 717.93 386.16 718.41 c 386.52 718.89 387.12 719.13 387.84 719.13 c 388.2 719.13 388.56 719.01 388.92 718.89 c 389.4 718.65 389.64 718.65 389.64 718.65 c 389.76 718.65 389.88 718.65 390 718.77 c 390 718.77 390.12 718.89 390.12 719.13 c 390.36 719.13 l 390.72 716.25 l 390.36 716.25 l 390.12 717.09 389.76 717.69 389.4 718.05 c 388.92 718.41 388.44 718.53 387.96 718.53 c 387.6 718.53 387.24 718.41 387 718.17 c 386.76 718.05 386.64 717.69 386.64 717.33 c 386.64 716.97 386.64 716.73 386.88 716.49 c 387.12 716.25 387.48 716.01 387.84 715.65 c 389.04 714.93 l 389.76 714.57 390.24 714.09 390.48 713.73 c 390.84 713.37 390.96 712.89 390.96 712.41 c 390.96 711.69 390.72 711.21 390.24 710.73 c 389.64 710.25 389.04 710.01 388.2 710.01 c 387.84 710.01 387.36 710.13 387 710.25 c 386.52 710.37 386.28 710.49 386.16 710.49 c 386.04 710.49 385.92 710.49 385.92 710.37 c 385.8 710.25 385.8 710.13 385.8 710.01 c 385.44 710.01 l 385.08 712.77 l 385.44 712.77 l h f 
397.32 716.49 m 397.32 717.33 396.96 717.93 396.36 718.17 c 395.88 718.29 395.52 718.41 394.92 718.41 c 394.68 718.41 394.44 718.41 394.44 718.29 c 394.32 718.29 394.32 718.17 394.32 717.93 c 394.32 714.57 l 394.56 714.57 394.68 714.45 394.8 714.45 c 394.8 714.45 394.92 714.45 395.04 714.45 c 395.64 714.45 396 714.57 396.36 714.81 c 397.08 715.05 397.32 715.65 397.32 716.49 c h 391.92 710.49 m 392.4 710.49 392.76 710.61 392.88 710.73 c 393 710.85 393 711.21 393 711.81 c 393 717.45 l 393 717.93 393 718.17 392.76 718.41 c 392.64 718.53 392.4 718.65 391.92 718.65 c 391.92 718.89 l 395.4 718.89 l 396.48 718.89 397.32 718.65 397.92 718.29 c 398.52 717.81 398.76 717.21 398.76 716.49 c 398.76 715.65 398.4 714.93 397.8 714.57 c 397.08 714.21 396.36 713.97 395.4 713.97 c 395.16 713.97 395.04 713.97 394.8 713.97 c 394.56 713.97 394.44 713.97 394.32 713.97 c 394.32 711.57 l 394.32 711.09 394.44 710.85 394.56 710.73 c 394.68 710.61 395.04 710.49 395.64 710.49 c 395.64 710.25 l 391.92 710.25 l 391.92 710.49 l h f 
400.68 714.57 m 400.68 713.13 400.92 712.17 401.52 711.45 c 402 710.85 402.72 710.49 403.44 710.49 c 404.28 710.49 404.88 710.85 405.48 711.45 c 405.96 712.17 406.32 713.13 406.32 714.57 c 406.32 716.01 405.96 716.97 405.48 717.69 c 404.88 718.29 404.28 718.65 403.44 718.65 c 402.72 718.65 402 718.29 401.52 717.57 c 400.92 716.97 400.68 715.89 400.68 714.57 c h 399.24 714.57 m 399.24 715.89 399.6 717.09 400.56 717.93 c 401.28 718.65 402.36 719.13 403.44 719.13 c 404.64 719.13 405.6 718.65 406.44 717.93 c 407.28 717.09 407.76 716.01 407.76 714.57 c 407.76 713.37 407.52 712.53 406.92 711.69 c 406.32 710.85 405.48 710.37 404.28 710.13 c 404.88 709.41 405.48 708.81 406.2 708.45 c 406.68 708.33 407.28 708.21 407.88 708.09 c 407.88 707.85 l 407.4 707.85 l 406.68 707.85 406.08 707.97 405.48 708.09 c 405 708.21 404.52 708.33 404.04 708.57 c 403.56 708.81 403.2 709.17 402.84 709.53 c 402.36 709.89 402.24 710.13 402.12 710.13 c 402 710.25 l 401.28 710.61 400.68 710.97 400.32 711.45 c 399.6 712.17 399.24 713.25 399.24 714.57 c h f 
410.76 714.69 m 411.6 714.69 412.32 714.81 412.68 714.93 c 413.4 715.29 413.76 715.77 413.76 716.61 c 413.76 717.33 413.52 717.93 412.8 718.17 c 412.56 718.29 412.08 718.41 411.48 718.41 c 411.12 718.41 410.88 718.41 410.88 718.29 c 410.76 718.29 410.76 718.17 410.76 717.93 c 410.76 714.69 l h 408.24 710.49 m 408.72 710.49 409.08 710.61 409.2 710.73 c 409.32 710.85 409.44 711.21 409.44 711.81 c 409.44 717.45 l 409.44 717.93 409.32 718.17 409.2 718.41 c 409.08 718.53 408.72 718.65 408.24 718.65 c 408.24 718.89 l 411.84 718.89 l 412.68 718.89 413.28 718.77 413.76 718.65 c 414.72 718.29 415.2 717.57 415.2 716.61 c 415.2 715.89 414.96 715.41 414.6 715.05 c 414.12 714.69 413.52 714.45 412.8 714.45 c 415.56 711.09 l 415.68 710.85 415.8 710.73 416.04 710.61 c 416.16 710.49 416.4 710.49 416.64 710.49 c 416.64 710.25 l 414.6 710.25 l 411.24 714.21 l 410.76 714.21 l 410.76 711.69 l 410.76 711.09 410.76 710.85 410.88 710.73 c 411.12 710.61 411.36 710.49 411.84 710.49 c 411.84 710.25 l 408.24 710.25 l 408.24 710.49 l h f 
422.64 706.89 m 422.04 706.89 421.56 706.89 421.2 707.13 c 420.84 707.37 420.48 707.61 420.24 707.97 c 420.12 708.33 420 708.69 420 709.17 c 420 709.41 420 709.65 420.12 709.89 c 420.12 710.13 420.24 710.37 420.48 710.61 c 420.72 710.85 420.96 711.09 421.2 711.33 c 421.2 711.45 421.2 711.45 421.08 711.57 c 421.08 711.57 420.96 711.69 420.96 711.69 c 420.84 711.93 420.72 712.05 420.6 712.17 c 420.48 712.29 420.36 712.41 420.36 712.53 c 420.24 712.65 420.24 712.65 420.12 712.77 c 420.12 712.89 420 712.89 420 712.89 c 419.76 712.77 l 419.64 713.01 419.52 713.25 419.52 713.37 c 419.52 713.61 419.52 713.73 419.64 713.85 c 419.76 713.97 420 714.09 420.12 714.21 c 420.36 714.33 420.6 714.45 420.84 714.57 c 421.08 714.69 421.44 714.69 421.8 714.69 c 422.16 714.69 422.4 714.57 422.64 714.45 c 422.88 714.33 423.12 714.21 423.24 713.97 c 423.48 713.73 423.48 713.49 423.48 713.13 c 423.48 712.89 423.48 712.53 423.24 712.29 c 423.12 712.05 422.88 711.69 422.52 711.45 c 422.64 711.45 422.88 711.33 423.12 711.33 c 423.48 711.33 423.72 711.33 424.2 711.33 c 424.2 711.33 424.32 711.21 424.32 711.21 c 424.32 710.37 l 424.32 710.25 424.2 710.25 424.2 710.25 c 423.84 710.25 423.48 710.25 423.12 710.25 c 422.88 710.37 422.64 710.37 422.4 710.49 c 422.16 710.61 421.92 710.73 421.68 710.97 c 421.2 710.61 420.96 710.37 420.72 710.13 c 420.48 709.77 420.48 709.53 420.48 709.17 c 420.48 708.81 420.6 708.45 420.96 708.21 c 421.32 707.97 421.92 707.85 422.64 707.85 c 422.88 707.85 423.12 707.97 423.24 707.97 c 423.48 707.97 423.72 707.97 423.96 708.09 c 424.2 708.09 424.44 708.21 424.8 708.21 c 424.92 707.85 l 424.56 707.61 424.2 707.37 423.96 707.25 c 423.72 707.13 423.48 707.01 423.24 706.89 c 423 706.89 422.76 706.89 422.64 706.89 c h 421.8 711.81 m 422.04 711.93 422.16 712.05 422.28 712.17 c 422.28 712.29 422.4 712.41 422.52 712.41 c 422.52 712.65 422.64 712.77 422.64 712.89 c 422.64 713.13 422.52 713.25 422.4 713.49 c 422.28 713.61 422.04 713.61 421.8 713.61 c 421.56 713.61 421.32 713.61 421.2 713.61 c 420.96 713.49 420.72 713.37 420.48 713.37 c 420.6 713.25 420.6 713.25 420.72 713.13 c 420.84 713.13 420.84 713.01 420.96 712.89 c 420.96 712.89 421.08 712.77 421.2 712.65 c 421.32 712.53 421.44 712.29 421.56 712.17 c 421.8 711.81 l h f 
424.08 710.25 m 424.08 710.25 424.08 710.25 424.08 710.37 c 424.08 711.21 l 424.08 711.21 424.08 711.33 424.08 711.33 c 424.32 711.33 424.56 711.33 424.68 711.33 c 424.92 711.45 425.04 711.45 425.28 711.57 c 425.28 712.05 425.16 712.53 425.04 713.25 c 425.04 713.97 424.92 714.81 424.92 715.77 c 424.8 716.01 424.8 716.25 424.8 716.49 c 424.8 716.73 424.8 717.09 424.8 717.33 c 424.92 717.45 425.04 717.57 425.16 717.69 c 425.4 717.81 425.52 717.93 425.76 717.93 c 425.76 717.69 425.76 717.21 425.76 716.73 c 425.76 716.25 425.76 715.65 425.76 715.05 c 425.76 714.45 425.76 713.85 425.76 713.13 c 425.76 712.77 425.76 712.53 425.76 712.29 c 425.76 712.05 425.76 711.81 425.76 711.57 c 426.12 711.33 426.48 711.33 426.96 711.33 c 427.08 711.33 427.08 711.21 427.08 711.21 c 427.08 710.37 l 427.08 710.25 427.08 710.25 426.96 710.25 c 426.36 710.25 426 710.37 425.64 710.61 c 425.4 710.49 425.16 710.37 424.92 710.37 c 424.68 710.25 424.44 710.25 424.08 710.25 c h f 
431.4 710.25 m 431.04 710.25 430.68 710.25 430.32 710.25 c 429.96 710.37 429.6 710.37 429.24 710.49 c 428.88 710.61 428.52 710.73 428.28 710.85 c 428.28 710.85 428.28 710.73 428.28 710.73 c 428.16 710.73 428.16 710.73 428.16 710.61 c 428.04 710.49 427.8 710.37 427.56 710.37 c 427.44 710.25 427.2 710.25 426.84 710.25 c 426.84 710.25 426.84 710.25 426.84 710.37 c 426.84 711.21 l 426.84 711.21 426.84 711.33 426.84 711.33 c 427.08 711.33 427.32 711.33 427.44 711.33 c 427.68 711.45 427.8 711.45 427.92 711.57 c 428.04 711.81 428.16 711.93 428.28 712.17 c 428.28 712.29 428.4 712.29 428.4 712.29 c 428.4 712.41 428.4 712.41 428.52 712.53 c 428.52 712.65 428.64 712.77 428.88 712.77 c 429 712.77 429.12 712.65 429.12 712.65 c 429.12 712.41 429 712.29 429 712.17 c 428.88 711.93 428.88 711.81 428.76 711.69 c 428.88 711.69 429 711.69 429.12 711.57 c 429.12 711.57 429.24 711.57 429.36 711.57 c 430.08 712.53 430.8 713.25 431.4 713.73 c 432 714.21 432.48 714.45 432.96 714.45 c 433.08 714.45 433.32 714.45 433.56 714.33 c 433.68 714.21 433.92 714.09 434.16 713.97 c 434.4 713.85 434.52 713.61 434.64 713.49 c 434.88 713.13 435.12 712.89 435.12 712.65 c 435.12 712.29 435 711.93 434.76 711.69 c 434.88 711.57 435.12 711.45 435.36 711.33 c 435.48 711.33 435.72 711.33 435.96 711.33 c 436.08 711.33 436.08 711.21 436.08 711.21 c 436.08 710.37 l 436.08 710.25 436.08 710.25 435.96 710.25 c 435.6 710.25 435.36 710.25 435 710.49 c 434.64 710.61 434.4 710.73 434.16 710.97 c 434.04 710.85 433.68 710.73 433.44 710.61 c 433.08 710.49 432.84 710.37 432.48 710.37 c 432.24 710.25 432.12 710.25 431.88 710.25 c 431.76 710.25 431.52 710.25 431.4 710.25 c h 431.52 711.21 m 432 711.21 432.48 711.33 432.96 711.45 c 433.44 711.57 434.04 711.81 434.52 712.17 c 434.28 712.53 433.92 712.89 433.68 713.01 c 433.32 713.25 432.96 713.37 432.72 713.37 c 432.36 713.37 431.88 713.25 431.52 712.89 c 431.04 712.53 430.44 712.05 429.96 711.33 c 430.2 711.33 430.44 711.33 430.68 711.21 c 431.04 711.21 431.28 711.21 431.52 711.21 c h 431.4 715.41 m 431.04 715.77 430.68 716.01 430.56 716.25 c 430.68 716.49 430.92 716.61 431.04 716.73 c 431.16 716.85 431.28 716.97 431.28 717.09 c 431.4 716.97 431.52 716.85 431.64 716.73 c 431.76 716.61 432 716.49 432.12 716.37 c 432 716.25 431.88 716.13 431.76 715.89 c 431.64 715.77 431.52 715.65 431.4 715.41 c h f 
439.44 710.25 m 439.08 710.25 438.72 710.25 438.36 710.25 c 438 710.37 437.64 710.49 437.4 710.61 c 437.04 710.49 436.8 710.37 436.56 710.37 c 436.32 710.25 436.08 710.25 435.84 710.25 c 435.84 710.25 435.84 710.25 435.84 710.37 c 435.84 711.21 l 435.84 711.21 435.84 711.33 435.84 711.33 c 435.96 711.33 436.08 711.33 436.2 711.33 c 436.32 711.33 436.44 711.33 436.56 711.33 c 436.56 711.45 436.56 711.45 436.56 711.57 c 436.56 711.57 436.56 711.57 436.56 711.69 c 436.56 711.93 436.56 712.17 436.68 712.41 c 436.8 712.65 436.92 713.01 437.16 713.25 c 437.28 713.49 437.52 713.61 437.76 713.85 c 438 714.09 438.36 714.21 438.6 714.21 c 438.72 714.21 438.84 714.21 438.96 714.09 c 439.08 713.97 439.08 713.73 439.2 713.61 c 439.32 713.49 439.32 713.37 439.44 713.25 c 439.44 713.13 439.44 712.89 439.56 712.77 c 439.68 712.53 439.8 712.29 439.8 712.05 c 439.92 711.81 440.04 711.69 440.16 711.57 c 440.28 711.33 440.4 711.33 440.64 711.33 c 440.64 711.33 440.76 711.21 440.76 711.21 c 440.76 710.37 l 440.76 710.25 440.64 710.25 440.64 710.25 c 440.28 710.25 439.92 710.37 439.56 710.73 c 439.44 710.25 l h 439.32 711.21 m 439.08 711.45 438.96 711.69 438.84 712.05 c 438.84 712.41 438.72 712.77 438.6 713.25 c 438.48 713.13 438.24 713.01 438 712.89 c 437.88 712.77 437.64 712.53 437.52 712.41 c 437.4 712.29 437.28 712.05 437.16 711.93 c 437.4 711.69 437.64 711.57 438 711.45 c 438.36 711.33 438.84 711.21 439.32 711.21 c h f 
440.52 710.25 m 440.52 710.25 440.4 710.25 440.4 710.37 c 440.4 711.21 l 440.4 711.21 440.52 711.33 440.52 711.33 c 441 711.33 441.36 711.33 441.72 711.57 c 441.72 711.81 441.72 712.17 441.72 712.41 c 441.72 712.65 441.6 712.89 441.6 713.13 c 441.6 713.73 441.48 714.33 441.36 715.05 c 441.36 715.77 441.24 716.49 441.12 717.33 c 441.24 717.45 441.36 717.57 441.48 717.69 c 441.72 717.81 441.84 717.93 442.08 717.93 c 442.08 717.45 442.08 716.97 442.08 716.49 c 442.08 715.89 442.2 715.29 442.2 714.69 c 442.2 714.09 442.2 713.61 442.32 713.13 c 442.32 712.77 442.32 712.29 442.32 711.93 c 442.32 711.69 442.2 711.57 442.2 711.33 c 442.08 711.09 441.96 710.85 441.84 710.61 c 441.84 710.49 441.6 710.37 441.48 710.37 c 441.24 710.25 440.88 710.25 440.52 710.25 c h f 
444.12 710.25 m 444.12 710.97 444 711.57 444 712.29 c 444 712.89 444 713.37 443.88 713.97 c 443.88 714.45 443.88 715.05 443.88 715.53 c 443.76 716.01 443.76 716.49 443.76 716.97 c 443.64 717.21 443.76 717.33 443.76 717.45 c 443.88 717.57 444 717.69 444.12 717.81 c 444.24 717.93 444.36 717.93 444.6 717.93 c 444.6 717.81 444.72 717.57 444.84 717.33 c 444.84 717.09 444.96 716.85 445.08 716.61 c 444.72 716.37 l 444.72 715.77 444.72 715.29 444.72 714.69 c 444.72 714.09 444.72 713.37 444.72 712.65 c 444.72 711.93 444.72 711.21 444.72 710.37 c 444.12 710.25 l h f 
448.08 712.89 m 448.08 714.09 l 448.56 714.33 448.92 714.57 449.28 714.69 c 449.64 714.93 450 714.93 450.36 714.93 c 450.84 714.93 451.44 714.81 452.16 714.57 c 452.76 714.33 453.24 714.09 453.6 714.09 c 453.84 714.09 454.08 714.21 454.44 714.45 c 454.68 714.57 455.16 714.81 455.64 715.29 c 455.64 713.97 l 455.28 713.73 454.8 713.49 454.56 713.37 c 454.2 713.25 453.84 713.13 453.48 713.13 c 453.12 713.13 452.64 713.25 451.92 713.49 c 451.32 713.85 450.72 713.97 450.24 713.97 c 450 713.97 449.64 713.85 449.28 713.73 c 448.92 713.49 448.56 713.25 448.08 712.89 c h f 
q 0.12 0 0 -0.12 0 841.89 cm 3 w 0 J 0 j 4 M 0.141 0.125 0.129 SC 3734 1075 m 3734 1065 l 3738 1063 3741 1061 3744 1060 c 3747 1058 3750 1058 3753 1058 c 3757 1058 3762 1059 3768 1061 c 3773 1063 3777 1065 3780 1065 c 3782 1065 3784 1064 3787 1062 c 3789 1061 3793 1059 3797 1055 c 3797 1066 l 3794 1068 3790 1070 3788 1071 c 3785 1072 3782 1073 3779 1073 c 3776 1073 3772 1072 3766 1070 c 3761 1067 3756 1066 3752 1066 c 3750 1066 3747 1067 3744 1068 c 3741 1070 3738 1072 3734 1075 c h S Q 
q 0.12 0 0 -0.12 0 841.89 cm 1 w 0 J 0 j 4 M 0.141 0.125 0.129 SC 3865 1069 m 3853 1039 l 3840 1069 l 3865 1069 l h S Q 
q 0.12 0 0 -0.12 0 841.89 cm 1 w 0 J 0 j 4 M 0.141 0.125 0.129 SC 3819 1097 m 3819 1095 l 3821 1095 3824 1094 3825 1092 c 3826 1090 3829 1086 3832 1077 c 3855 1024 l 3857 1024 l 3884 1086 l 3886 1090 3887 1092 3888 1093 c 3889 1094 3891 1095 3894 1095 c 3894 1097 l 3866 1097 l 3866 1095 l 3869 1095 3871 1095 3872 1094 c 3873 1094 3874 1093 3874 1091 c 3874 1091 3873 1090 3873 1088 c 3873 1087 3872 1086 3872 1084 c 3867 1074 l 3839 1074 l 3836 1081 3834 1085 3833 1087 c 3833 1088 3833 1090 3833 1091 c 3833 1092 3833 1094 3835 1094 c 3836 1095 3838 1095 3840 1095 c 3840 1097 l 3819 1097 l h S Q 
q 0.12 0 0 -0.12 0 841.89 cm 1 w 0 J 0 j 4 M 0.141 0.125 0.129 SC 3927 1093 m 3932 1093 3937 1092 3941 1090 c 3944 1088 3946 1084 3946 1078 c 3946 1072 3944 1067 3940 1065 c 3935 1063 3930 1062 3923 1062 c 3921 1062 3920 1062 3920 1062 c 3919 1062 3919 1062 3918 1062 c 3918 1089 l 3918 1091 3918 1092 3919 1093 c 3920 1093 3923 1093 3927 1093 c h S Q 
q 0.12 0 0 -0.12 0 841.89 cm 1 w 0 J 0 j 4 M 0.141 0.125 0.129 SC 3896 1095 m 3901 1095 3903 1094 3905 1093 c 3906 1092 3907 1090 3907 1086 c 3907 1037 l 3907 1033 3906 1030 3905 1029 c 3903 1028 3901 1027 3896 1027 c 3896 1025 l 3927 1025 l 3935 1025 3942 1026 3947 1029 c 3953 1032 3955 1037 3955 1044 c 3955 1049 3953 1053 3950 1056 c 3948 1057 3945 1058 3941 1059 c 3946 1061 3950 1063 3953 1065 c 3957 1068 3959 1072 3959 1077 c 3959 1086 3955 1092 3947 1095 c 3943 1097 3938 1097 3932 1097 c 3896 1097 l 3896 1095 l h S Q 
q 0.12 0 0 -0.12 0 841.89 cm 1 w 0 J 0 j 4 M 0.141 0.125 0.129 SC 3928 1057 m 3932 1057 3935 1057 3937 1056 c 3942 1054 3944 1050 3944 1044 c 3944 1038 3941 1033 3936 1031 c 3933 1030 3929 1029 3923 1029 c 3920 1029 3919 1029 3919 1030 c 3918 1030 3918 1031 3918 1033 c 3918 1058 l 3928 1057 l h S Q 
q 0.12 0 0 -0.12 0 841.89 cm 1 w 0 J 0 j 4 M 0.141 0.125 0.129 SC 4006 1024 m 4010 1024 4014 1024 4018 1026 c 4022 1027 4025 1027 4025 1027 c 4026 1027 4027 1027 4028 1026 c 4029 1026 4030 1025 4030 1024 c 4032 1024 l 4033 1048 l 4031 1048 l 4029 1044 4028 1040 4025 1037 c 4021 1031 4015 1028 4007 1028 c 4000 1028 3993 1031 3988 1037 c 3984 1043 3981 1052 3981 1062 c 3981 1072 3984 1080 3989 1086 c 3994 1091 4000 1094 4008 1094 c 4014 1094 4019 1093 4024 1090 c 4026 1089 4029 1086 4033 1083 c 4035 1085 l 4032 1088 4029 1091 4026 1093 c 4020 1097 4013 1099 4006 1099 c 3994 1099 3985 1095 3978 1088 c 3972 1081 3969 1072 3969 1062 c 3969 1051 3972 1042 3979 1035 c 3986 1028 3995 1024 4006 1024 c h S Q 
q 0.12 0 0 -0.12 0 841.89 cm 1 w 0 J 0 j 4 M 0.141 0.125 0.129 SC 4060 1089 m 4060 1091 4060 1092 4061 1093 c 4062 1093 4064 1093 4066 1093 c 4075 1093 4082 1092 4087 1088 c 4096 1083 4100 1074 4100 1062 c 4100 1050 4097 1042 4090 1036 c 4084 1031 4076 1029 4066 1029 c 4064 1029 4062 1029 4061 1030 c 4060 1030 4060 1031 4060 1033 c 4060 1089 l h S Q 
q 0.12 0 0 -0.12 0 841.89 cm 1 w 0 J 0 j 4 M 0.141 0.125 0.129 SC 4039 1095 m 4043 1095 4046 1094 4047 1093 c 4048 1092 4049 1090 4049 1086 c 4049 1037 l 4049 1033 4048 1030 4047 1029 c 4046 1028 4043 1027 4039 1027 c 4039 1025 l 4068 1025 l 4078 1025 4087 1027 4094 1030 c 4106 1036 4112 1046 4112 1061 c 4112 1067 4111 1072 4109 1077 c 4107 1082 4103 1086 4099 1089 c 4096 1092 4093 1093 4090 1094 c 4084 1096 4077 1097 4069 1097 c 4039 1097 l 4039 1095 l h S Q 
1 w 0.141 0.125 0.129 sc 463.8 713.61 m 462.36 717.21 l 460.8 713.61 l 463.8 713.61 l h 458.28 710.25 m 458.28 710.49 l 458.52 710.49 458.88 710.61 459 710.85 c 459.12 711.09 459.48 711.57 459.84 712.65 c 462.6 719.01 l 462.84 719.01 l 466.08 711.57 l 466.32 711.09 466.44 710.85 466.56 710.73 c 466.68 710.61 466.92 710.49 467.28 710.49 c 467.28 710.25 l 463.92 710.25 l 463.92 710.49 l 464.28 710.49 464.52 710.49 464.64 710.61 c 464.76 710.61 464.88 710.73 464.88 710.97 c 464.88 710.97 464.76 711.09 464.76 711.33 c 464.76 711.45 464.64 711.57 464.64 711.81 c 464.04 713.01 l 460.68 713.01 l 460.32 712.17 460.08 711.69 459.96 711.45 c 459.96 711.33 459.96 711.09 459.96 710.97 c 459.96 710.85 459.96 710.61 460.2 710.61 c 460.32 710.49 460.56 710.49 460.8 710.49 c 460.8 710.25 l 458.28 710.25 l h f 
471.24 710.73 m 471.84 710.73 472.44 710.85 472.92 711.09 c 473.28 711.33 473.52 711.81 473.52 712.53 c 473.52 713.25 473.28 713.85 472.8 714.09 c 472.2 714.33 471.6 714.45 470.76 714.45 c 470.52 714.45 470.4 714.45 470.4 714.45 c 470.28 714.45 470.28 714.45 470.16 714.45 c 470.16 711.21 l 470.16 710.97 470.16 710.85 470.28 710.73 c 470.4 710.73 470.76 710.73 471.24 710.73 c h 467.52 710.49 m 468.12 710.49 468.36 710.61 468.6 710.73 c 468.72 710.85 468.84 711.09 468.84 711.57 c 468.84 717.45 l 468.84 717.93 468.72 718.29 468.6 718.41 c 468.36 718.53 468.12 718.65 467.52 718.65 c 467.52 718.89 l 471.24 718.89 l 472.2 718.89 473.04 718.77 473.64 718.41 c 474.36 718.05 474.6 717.45 474.6 716.61 c 474.6 716.01 474.36 715.53 474 715.17 c 473.76 715.05 473.4 714.93 472.92 714.81 c 473.52 714.57 474 714.33 474.36 714.09 c 474.84 713.73 475.08 713.25 475.08 712.65 c 475.08 711.57 474.6 710.85 473.64 710.49 c 473.16 710.25 472.56 710.25 471.84 710.25 c 467.52 710.25 l 467.52 710.49 l h 471.36 715.05 m 471.84 715.05 472.2 715.05 472.44 715.17 c 473.04 715.41 473.28 715.89 473.28 716.61 c 473.28 717.33 472.92 717.93 472.32 718.17 c 471.96 718.29 471.48 718.41 470.76 718.41 c 470.4 718.41 470.28 718.41 470.28 718.29 c 470.16 718.29 470.16 718.17 470.16 717.93 c 470.16 714.93 l 471.36 715.05 l h f 
480.72 719.01 m 481.2 719.01 481.68 719.01 482.16 718.77 c 482.64 718.65 483 718.65 483 718.65 c 483.12 718.65 483.24 718.65 483.36 718.77 c 483.48 718.77 483.6 718.89 483.6 719.01 c 483.84 719.01 l 483.96 716.13 l 483.72 716.13 l 483.48 716.61 483.24 717.09 483 717.45 c 482.52 718.17 481.8 718.53 480.84 718.53 c 480 718.53 479.16 718.17 478.56 717.45 c 478.08 716.73 477.72 715.65 477.72 714.45 c 477.72 713.25 478.08 712.29 478.68 711.57 c 479.28 710.97 480 710.61 480.96 710.61 c 481.68 710.61 482.28 710.73 482.88 711.09 c 483.12 711.21 483.48 711.57 483.96 711.93 c 484.2 711.69 l 483.84 711.33 483.48 710.97 483.12 710.73 c 482.4 710.25 481.56 710.01 480.72 710.01 c 479.28 710.01 478.2 710.49 477.36 711.33 c 476.64 712.17 476.28 713.25 476.28 714.45 c 476.28 715.77 476.64 716.85 477.48 717.69 c 478.32 718.53 479.4 719.01 480.72 719.01 c h 480.72 719.01 m 480.72 719.01 480.72 719.01 480.72 719.01 c h f 
487.2 711.21 m 487.2 710.97 487.2 710.85 487.32 710.73 c 487.44 710.73 487.68 710.73 487.92 710.73 c 489 710.73 489.84 710.85 490.44 711.33 c 491.52 711.93 492 713.01 492 714.45 c 492 715.89 491.64 716.85 490.8 717.57 c 490.08 718.17 489.12 718.41 487.92 718.41 c 487.68 718.41 487.44 718.41 487.32 718.29 c 487.2 718.29 487.2 718.17 487.2 717.93 c 487.2 711.21 l h 484.68 710.49 m 485.16 710.49 485.52 710.61 485.64 710.73 c 485.76 710.85 485.88 711.09 485.88 711.57 c 485.88 717.45 l 485.88 717.93 485.76 718.29 485.64 718.41 c 485.52 718.53 485.16 718.65 484.68 718.65 c 484.68 718.89 l 488.16 718.89 l 489.36 718.89 490.44 718.65 491.28 718.29 c 492.72 717.57 493.44 716.37 493.44 714.57 c 493.44 713.85 493.32 713.25 493.08 712.65 c 492.72 712.05 492.36 711.57 491.88 711.21 c 491.52 710.85 491.16 710.73 490.8 710.61 c 490.08 710.37 489.24 710.25 488.28 710.25 c 484.68 710.25 l 484.68 710.49 l h f 
499.68 706.89 m 499.2 706.89 498.72 706.89 498.24 707.13 c 497.88 707.37 497.52 707.61 497.4 707.97 c 497.16 708.33 497.04 708.69 497.04 709.17 c 497.04 709.41 497.04 709.65 497.16 709.89 c 497.28 710.13 497.4 710.37 497.52 710.61 c 497.76 710.85 498 711.09 498.36 711.33 c 498.24 711.45 498.24 711.45 498.12 711.57 c 498.12 711.57 498.12 711.69 498 711.69 c 497.88 711.93 497.76 712.05 497.76 712.17 c 497.64 712.29 497.52 712.41 497.4 712.53 c 497.4 712.65 497.28 712.65 497.16 712.77 c 497.16 712.89 497.04 712.89 497.04 712.89 c 496.8 712.77 l 496.68 713.01 496.56 713.25 496.56 713.37 c 496.56 713.61 496.68 713.73 496.8 713.85 c 496.92 713.97 497.04 714.09 497.28 714.21 c 497.4 714.33 497.64 714.45 497.88 714.57 c 498.24 714.69 498.48 714.69 498.84 714.69 c 499.2 714.69 499.44 714.57 499.8 714.45 c 500.04 714.33 500.16 714.21 500.4 713.97 c 500.52 713.73 500.64 713.49 500.64 713.13 c 500.64 712.89 500.52 712.53 500.4 712.29 c 500.16 712.05 499.92 711.69 499.56 711.45 c 499.8 711.45 500.04 711.33 500.28 711.33 c 500.52 711.33 500.88 711.33 501.24 711.33 c 501.36 711.33 501.36 711.21 501.36 711.21 c 501.36 710.37 l 501.36 710.25 501.36 710.25 501.24 710.25 c 500.88 710.25 500.52 710.25 500.28 710.25 c 499.92 710.37 499.68 710.37 499.44 710.49 c 499.2 710.61 498.96 710.73 498.72 710.97 c 498.36 710.61 498 710.37 497.76 710.13 c 497.64 709.77 497.52 709.53 497.52 709.17 c 497.52 708.81 497.64 708.45 498.12 708.21 c 498.48 707.97 498.96 707.85 499.8 707.85 c 499.92 707.85 500.16 707.97 500.4 707.97 c 500.64 707.97 500.76 707.97 501 708.09 c 501.24 708.09 501.6 708.21 501.84 708.21 c 502.08 707.85 l 501.6 707.61 501.36 707.37 501 707.25 c 500.76 707.13 500.52 707.01 500.28 706.89 c 500.04 706.89 499.92 706.89 499.68 706.89 c h 498.96 711.81 m 499.08 711.93 499.2 712.05 499.32 712.17 c 499.44 712.29 499.44 712.41 499.56 712.41 c 499.68 712.65 499.68 712.77 499.68 712.89 c 499.68 713.13 499.56 713.25 499.44 713.49 c 499.32 713.61 499.08 713.61 498.84 713.61 c 498.72 713.61 498.48 713.61 498.24 713.61 c 498 713.49 497.88 713.37 497.64 713.37 c 497.64 713.25 497.76 713.25 497.76 713.13 c 497.88 713.13 497.88 713.01 498 712.89 c 498.12 712.89 498.24 712.77 498.24 712.65 c 498.36 712.53 498.48 712.29 498.6 712.17 c 498.96 711.81 l h f 
501.24 710.25 m 501.12 710.25 501.12 710.25 501.12 710.37 c 501.12 711.21 l 501.12 711.21 501.12 711.33 501.24 711.33 c 501.36 711.33 501.6 711.33 501.84 711.33 c 501.96 711.45 502.2 711.45 502.32 711.57 c 502.32 712.05 502.2 712.53 502.2 713.25 c 502.08 713.97 502.08 714.81 501.96 715.77 c 501.96 716.01 501.96 716.25 501.84 716.49 c 501.84 716.73 501.84 717.09 501.84 717.33 c 501.96 717.45 502.08 717.57 502.32 717.69 c 502.44 717.81 502.56 717.93 502.8 717.93 c 502.8 717.69 502.8 717.21 502.8 716.73 c 502.8 716.25 502.8 715.65 502.8 715.05 c 502.8 714.45 502.8 713.85 502.8 713.13 c 502.8 712.77 502.8 712.53 502.8 712.29 c 502.8 712.05 502.8 711.81 502.8 711.57 c 503.16 711.33 503.64 711.33 504 711.33 c 504.12 711.33 504.12 711.21 504.12 711.21 c 504.12 710.37 l 504.12 710.25 504.12 710.25 504 710.25 c 503.52 710.25 503.04 710.37 502.68 710.61 c 502.44 710.49 502.2 710.37 501.96 710.37 c 501.84 710.25 501.48 710.25 501.24 710.25 c h f 
508.44 710.25 m 508.08 710.25 507.72 710.25 507.36 710.25 c 507 710.37 506.64 710.37 506.28 710.49 c 505.92 710.61 505.68 710.73 505.44 710.85 c 505.32 710.85 505.32 710.73 505.32 710.73 c 505.32 710.73 505.2 710.73 505.2 710.61 c 505.08 710.49 504.96 710.37 504.72 710.37 c 504.48 710.25 504.24 710.25 504 710.25 c 503.88 710.25 503.88 710.25 503.88 710.37 c 503.88 711.21 l 503.88 711.21 503.88 711.33 504 711.33 c 504.24 711.33 504.36 711.33 504.6 711.33 c 504.72 711.45 504.84 711.45 504.96 711.57 c 505.08 711.81 505.2 711.93 505.44 712.17 c 505.44 712.29 505.44 712.29 505.44 712.29 c 505.44 712.41 505.56 712.41 505.56 712.53 c 505.68 712.65 505.8 712.77 505.92 712.77 c 506.04 712.77 506.16 712.65 506.28 712.65 c 506.16 712.41 506.16 712.29 506.04 712.17 c 506.04 711.93 505.92 711.81 505.92 711.69 c 506.04 711.69 506.04 711.69 506.16 711.57 c 506.28 711.57 506.28 711.57 506.4 711.57 c 507.12 712.53 507.84 713.25 508.44 713.73 c 509.04 714.21 509.64 714.45 510.12 714.45 c 510.24 714.45 510.36 714.45 510.6 714.33 c 510.84 714.21 510.96 714.09 511.2 713.97 c 511.44 713.85 511.56 713.61 511.8 713.49 c 512.04 713.13 512.16 712.89 512.16 712.65 c 512.16 712.29 512.04 711.93 511.8 711.69 c 512.04 711.57 512.16 711.45 512.4 711.33 c 512.64 711.33 512.88 711.33 513.12 711.33 c 513.12 711.33 513.12 711.21 513.12 711.21 c 513.12 710.37 l 513.12 710.25 513.12 710.25 513.12 710.25 c 512.76 710.25 512.4 710.25 512.04 710.49 c 511.8 710.61 511.44 710.73 511.32 710.97 c 511.08 710.85 510.84 710.73 510.48 710.61 c 510.24 710.49 509.88 710.37 509.52 710.37 c 509.4 710.25 509.16 710.25 509.04 710.25 c 508.8 710.25 508.68 710.25 508.44 710.25 c h 508.56 711.21 m 509.04 711.21 509.52 711.33 510.12 711.45 c 510.6 711.57 511.08 711.81 511.56 712.17 c 511.32 712.53 511.08 712.89 510.72 713.01 c 510.36 713.25 510.12 713.37 509.76 713.37 c 509.4 713.37 509.04 713.25 508.56 712.89 c 508.08 712.53 507.6 712.05 507 711.33 c 507.24 711.33 507.6 711.33 507.84 711.21 c 508.08 711.21 508.32 711.21 508.56 711.21 c h 508.44 715.41 m 508.08 715.77 507.84 716.01 507.6 716.25 c 507.84 716.49 507.96 716.61 508.08 716.73 c 508.2 716.85 508.32 716.97 508.44 717.09 c 508.56 716.97 508.68 716.85 508.8 716.73 c 508.92 716.61 509.04 716.49 509.16 716.37 c 509.16 716.25 509.04 716.13 508.92 715.89 c 508.8 715.77 508.56 715.65 508.44 715.41 c h f 
516.48 710.25 m 516.12 710.25 515.76 710.25 515.4 710.25 c 515.04 710.37 514.68 710.49 514.44 710.61 c 514.08 710.49 513.84 710.37 513.6 710.37 c 513.48 710.25 513.24 710.25 513 710.25 c 512.88 710.25 512.88 710.25 512.88 710.37 c 512.88 711.21 l 512.88 711.21 512.88 711.33 513 711.33 c 513.12 711.33 513.24 711.33 513.36 711.33 c 513.48 711.33 513.6 711.33 513.72 711.33 c 513.6 711.45 513.6 711.45 513.6 711.57 c 513.6 711.57 513.6 711.57 513.6 711.69 c 513.6 711.93 513.72 712.17 513.84 712.41 c 513.84 712.65 514.08 713.01 514.2 713.25 c 514.44 713.49 514.56 713.61 514.8 713.85 c 515.16 714.09 515.4 714.21 515.76 714.21 c 515.88 714.21 516 714.21 516 714.09 c 516.12 713.97 516.24 713.73 516.36 713.61 c 516.36 713.49 516.36 713.37 516.48 713.25 c 516.48 713.13 516.6 712.89 516.6 712.77 c 516.72 712.53 516.84 712.29 516.96 712.05 c 517.08 711.81 517.08 711.69 517.2 711.57 c 517.44 711.33 517.56 711.33 517.68 711.33 c 517.8 711.33 517.8 711.21 517.8 711.21 c 517.8 710.37 l 517.8 710.25 517.8 710.25 517.68 710.25 c 517.32 710.25 516.96 710.37 516.72 710.73 c 516.48 710.25 l h 516.36 711.21 m 516.24 711.45 516.12 711.69 516 712.05 c 515.88 712.41 515.76 712.77 515.76 713.25 c 515.52 713.13 515.4 713.01 515.16 712.89 c 514.92 712.77 514.8 712.53 514.56 712.41 c 514.44 712.29 514.32 712.05 514.2 711.93 c 514.44 711.69 514.8 711.57 515.16 711.45 c 515.4 711.33 515.88 711.21 516.36 711.21 c h f 
517.56 710.25 m 517.56 710.25 517.56 710.25 517.56 710.37 c 517.56 711.21 l 517.56 711.21 517.56 711.33 517.56 711.33 c 518.04 711.33 518.4 711.33 518.88 711.57 c 518.88 711.81 518.76 712.17 518.76 712.41 c 518.76 712.65 518.76 712.89 518.76 713.13 c 518.64 713.73 518.52 714.33 518.52 715.05 c 518.4 715.77 518.28 716.49 518.16 717.33 c 518.28 717.45 518.52 717.57 518.64 717.69 c 518.76 717.81 519 717.93 519.12 717.93 c 519.12 717.45 519.12 716.97 519.24 716.49 c 519.24 715.89 519.24 715.29 519.24 714.69 c 519.36 714.09 519.36 713.61 519.36 713.13 c 519.36 712.77 519.36 712.29 519.36 711.93 c 519.36 711.69 519.36 711.57 519.24 711.33 c 519.24 711.09 519.12 710.85 519 710.61 c 518.88 710.49 518.76 710.37 518.52 710.37 c 518.28 710.25 517.92 710.25 517.56 710.25 c h f 
521.16 710.25 m 521.16 710.97 521.16 711.57 521.04 712.29 c 521.04 712.89 521.04 713.37 521.04 713.97 c 521.04 714.45 520.92 715.05 520.92 715.53 c 520.92 716.01 520.8 716.49 520.8 716.97 c 520.8 717.21 520.8 717.33 520.92 717.45 c 520.92 717.57 521.04 717.69 521.16 717.81 c 521.28 717.93 521.52 717.93 521.64 717.93 c 521.76 717.81 521.76 717.57 521.88 717.33 c 521.88 717.09 522 716.85 522.12 716.61 c 521.76 716.37 l 521.76 715.77 521.76 715.29 521.76 714.69 c 521.88 714.09 521.88 713.37 521.76 712.65 c 521.76 711.93 521.76 711.21 521.76 710.37 c 521.16 710.25 l h f 
87.12 737.25 m 87.24 737.25 87.36 737.37 87.48 737.49 c 87.48 737.61 87.36 737.85 87.36 738.09 c 87.36 738.33 87.36 738.57 87.24 738.93 c 87.12 739.41 87.12 739.89 87.12 740.25 c 87 740.61 87 740.97 86.88 741.21 c 87.12 741.33 87.24 741.45 87.36 741.45 c 87.48 741.57 87.6 741.69 87.72 741.81 c 87.6 741.57 87.6 741.33 87.6 741.09 c 87.6 740.85 87.72 740.73 87.84 740.49 c 88.08 740.37 88.44 740.25 88.8 740.13 c 89.16 740.01 89.64 740.01 90 740.01 c 90.12 740.37 l 90.48 740.13 90.72 740.01 91.08 740.01 c 91.08 740.01 91.08 740.01 91.08 740.13 c 91.08 740.73 l 91.08 740.85 91.08 740.85 91.08 740.85 c 90.84 740.85 90.72 740.97 90.6 741.09 c 90.48 741.21 90.48 741.33 90.36 741.57 c 90.24 741.69 90.24 741.93 90.12 742.05 c 90.12 742.29 90 742.41 90 742.53 c 89.88 742.65 89.88 742.77 89.76 742.89 c 89.76 743.01 89.64 743.13 89.64 743.25 c 89.52 743.25 89.4 743.37 89.4 743.37 c 89.28 743.37 89.04 743.25 88.8 743.13 c 88.56 743.13 88.32 743.01 88.08 742.77 c 87.96 742.77 87.84 742.65 87.72 742.53 c 87.6 742.53 87.48 742.41 87.36 742.29 c 87.12 742.17 87.12 742.17 87 742.05 c 86.88 741.93 86.88 741.93 86.88 741.93 c 86.76 741.69 86.64 741.57 86.64 741.45 c 86.64 741.33 86.52 741.21 86.52 741.21 c 86.52 741.09 86.52 741.09 86.52 740.97 c 86.52 740.97 86.52 740.97 86.52 740.85 c 86.52 740.73 86.52 740.49 86.52 740.25 c 86.52 739.89 86.52 739.65 86.52 739.29 c 86.64 738.81 86.64 738.45 86.64 738.09 c 86.64 737.73 86.76 737.37 86.76 737.01 c 86.88 737.01 87 737.13 87.12 737.25 c h 88.08 741.33 m 88.2 741.57 88.32 741.69 88.44 741.81 c 88.56 741.93 88.68 742.05 88.8 742.17 c 89.04 742.29 89.16 742.41 89.4 742.53 c 89.4 742.17 89.52 741.81 89.52 741.57 c 89.64 741.21 89.76 740.97 89.88 740.73 c 89.04 740.85 88.44 741.09 88.08 741.33 c h f 
93.6 740.01 m 93.84 740.01 93.96 740.01 94.08 740.13 c 94.2 740.13 94.32 740.13 94.32 740.25 c 94.32 740.25 94.44 740.37 94.44 740.37 c 94.8 740.25 95.16 740.13 95.4 740.01 c 95.76 740.01 96.12 740.01 96.48 740.01 c 96.6 740.13 96.72 740.25 96.72 740.37 c 96.72 740.49 96.84 740.73 96.84 740.85 c 96.96 740.97 96.96 741.09 96.96 741.21 c 96.96 741.33 96.96 741.57 96.84 741.81 c 96.84 741.93 96.72 742.29 96.72 742.53 c 96.6 742.77 96.6 743.01 96.48 743.37 c 96.36 743.25 96.12 743.13 96 743.01 c 95.88 742.77 95.88 742.65 95.88 742.53 c 95.88 742.41 95.88 742.29 95.88 742.17 c 96 742.05 96 741.93 96 741.81 c 96.12 741.57 96.24 741.45 96.24 741.21 c 96.36 741.09 96.36 740.97 96.48 740.85 c 96.24 740.85 96 740.85 95.88 740.85 c 95.64 740.85 95.52 740.97 95.28 740.97 c 95.16 741.09 94.92 741.09 94.68 741.21 c 94.8 741.45 94.92 741.69 94.92 741.93 c 95.04 742.17 95.04 742.29 95.16 742.41 c 95.04 742.53 94.92 742.53 94.92 742.53 c 94.8 742.53 94.68 742.53 94.56 742.41 c 94.56 742.41 94.44 742.29 94.44 742.17 c 94.44 742.05 94.32 741.93 94.32 741.69 c 94.2 741.57 94.2 741.33 94.08 741.21 c 94.08 741.09 93.96 740.97 93.96 740.97 c 93.84 740.85 93.72 740.85 93.6 740.85 c 93.48 740.85 93.36 740.85 93.24 740.85 c 93.12 740.85 92.88 740.85 92.76 740.85 c 92.64 740.85 92.52 740.85 92.52 740.97 c 92.52 740.97 92.64 741.09 92.64 741.33 c 92.76 741.45 92.76 741.69 92.88 741.93 c 92.88 741.93 92.76 741.93 92.64 741.93 c 92.52 741.93 92.52 741.93 92.52 741.93 c 92.4 741.93 92.4 741.81 92.28 741.81 c 92.28 741.69 92.16 741.57 92.16 741.45 c 92.04 741.33 92.04 741.33 92.04 741.21 c 91.92 741.21 91.92 741.09 91.8 741.09 c 91.68 740.97 91.56 740.97 91.44 740.97 c 91.32 740.85 91.2 740.85 90.96 740.85 c 90.96 740.85 90.84 740.85 90.84 740.73 c 90.84 740.01 l 90.84 740.01 90.96 740.01 90.96 740.01 c 91.2 740.01 91.32 740.01 91.56 740.01 c 91.8 740.13 91.92 740.13 92.04 740.25 c 92.16 740.13 92.28 740.13 92.52 740.01 c 92.76 740.01 93 740.01 93.12 740.01 c 93.36 740.01 93.48 740.01 93.6 740.01 c h f 
100.44 742.53 m 100.32 742.29 100.2 742.05 100.2 741.57 c 100.2 741.09 100.32 740.73 100.68 740.37 c 101.04 740.01 101.52 739.89 102.12 739.89 c 102.6 739.89 103.08 740.01 103.44 740.37 c 103.8 740.73 103.92 741.09 103.92 741.57 c 103.92 741.93 103.8 742.29 103.68 742.53 c 103.44 742.77 103.2 743.01 102.84 743.13 c 103.2 743.13 103.32 743.37 103.56 743.49 c 103.68 743.73 103.68 743.97 103.68 744.21 c 103.68 744.69 103.56 745.05 103.2 745.29 c 102.96 745.53 102.6 745.77 102 745.77 c 101.52 745.77 101.16 745.53 100.92 745.29 c 100.56 745.05 100.44 744.69 100.44 744.21 c 100.44 743.97 100.44 743.73 100.68 743.49 c 100.8 743.37 101.04 743.13 101.28 743.13 c 100.92 743.01 100.68 742.77 100.44 742.53 c h 101.4 744.93 m 101.52 745.05 101.76 745.17 102.12 745.17 c 102.36 745.17 102.6 745.05 102.72 744.93 c 102.96 744.69 102.96 744.45 102.96 744.21 c 102.96 743.97 102.96 743.73 102.72 743.61 c 102.6 743.49 102.36 743.37 102.12 743.37 c 101.76 743.37 101.52 743.49 101.4 743.61 c 101.28 743.73 101.16 743.97 101.16 744.21 c 101.16 744.45 101.28 744.69 101.4 744.93 c h 101.28 742.41 m 101.4 742.65 101.76 742.77 102 742.77 c 102.36 742.77 102.72 742.65 102.84 742.41 c 103.08 742.17 103.2 741.93 103.2 741.57 c 103.2 741.21 103.08 740.97 102.84 740.73 c 102.72 740.61 102.36 740.49 102.12 740.49 c 101.88 740.49 101.64 740.49 101.52 740.61 c 101.28 740.73 101.16 740.85 101.04 741.09 c 100.92 741.21 100.92 741.45 100.92 741.57 c 100.92 741.93 101.04 742.17 101.28 742.41 c h f 
88.92 695.01 m 89.04 695.01 89.16 695.13 89.28 695.25 c 89.28 695.37 89.16 695.61 89.16 695.85 c 89.16 696.09 89.16 696.33 89.04 696.57 c 89.04 697.05 88.92 697.41 88.92 697.77 c 88.8 698.13 88.8 698.37 88.8 698.61 c 88.92 698.73 89.04 698.85 89.16 698.97 c 89.28 698.97 89.4 699.09 89.52 699.21 c 89.4 698.97 89.28 698.73 89.28 698.61 c 89.28 698.37 89.4 698.13 89.64 698.01 c 89.88 697.89 90.12 697.77 90.48 697.65 c 90.84 697.53 91.2 697.53 91.56 697.53 c 91.68 697.89 l 91.92 697.65 92.28 697.53 92.52 697.53 c 92.64 697.53 92.64 697.53 92.64 697.65 c 92.64 698.25 l 92.64 698.25 92.64 698.37 92.52 698.37 c 92.4 698.37 92.28 698.37 92.16 698.61 c 92.04 698.73 92.04 698.85 91.92 698.97 c 91.8 699.09 91.8 699.33 91.68 699.45 c 91.68 699.69 91.56 699.81 91.56 699.93 c 91.44 700.05 91.44 700.17 91.32 700.17 c 91.32 700.29 91.32 700.41 91.2 700.53 c 91.2 700.53 91.08 700.65 90.96 700.65 c 90.84 700.65 90.72 700.53 90.48 700.53 c 90.24 700.41 90 700.29 89.76 700.17 c 89.64 700.05 89.52 699.93 89.4 699.93 c 89.28 699.81 89.16 699.69 89.16 699.69 c 89.04 699.57 88.92 699.45 88.8 699.45 c 88.68 699.33 88.68 699.33 88.68 699.33 c 88.56 699.09 88.56 698.97 88.44 698.85 c 88.44 698.85 88.44 698.73 88.44 698.61 c 88.44 698.61 88.32 698.49 88.32 698.49 c 88.32 698.49 88.32 698.37 88.32 698.37 c 88.32 698.25 88.32 698.01 88.32 697.77 c 88.44 697.53 88.44 697.17 88.44 696.93 c 88.44 696.45 88.44 696.09 88.56 695.85 c 88.56 695.49 88.56 695.13 88.56 694.77 c 88.68 694.89 88.8 694.89 88.92 695.01 c h 89.76 698.85 m 89.88 698.97 90 699.09 90.12 699.21 c 90.24 699.33 90.36 699.45 90.48 699.57 c 90.72 699.69 90.84 699.81 90.96 699.81 c 91.08 699.57 91.08 699.21 91.2 698.97 c 91.32 698.73 91.32 698.49 91.44 698.25 c 90.72 698.37 90.12 698.49 89.76 698.85 c h f 
94.92 697.53 m 95.04 697.53 95.16 697.53 95.28 697.65 c 95.4 697.65 95.52 697.65 95.52 697.77 c 95.52 697.77 95.64 697.89 95.64 697.89 c 96 697.77 96.24 697.65 96.6 697.65 c 96.84 697.53 97.2 697.53 97.56 697.53 c 97.68 697.65 97.68 697.77 97.68 697.89 c 97.8 698.01 97.8 698.25 97.92 698.37 c 97.92 698.49 97.92 698.61 97.92 698.61 c 97.92 698.85 97.92 698.97 97.92 699.21 c 97.8 699.33 97.8 699.57 97.68 699.81 c 97.68 700.05 97.56 700.41 97.56 700.65 c 97.32 700.53 97.2 700.41 97.08 700.29 c 96.96 700.17 96.96 699.93 96.96 699.81 c 96.96 699.81 96.96 699.69 96.96 699.57 c 97.08 699.45 97.08 699.33 97.08 699.21 c 97.2 698.97 97.2 698.85 97.32 698.73 c 97.32 698.61 97.44 698.37 97.44 698.25 c 97.32 698.25 97.08 698.37 96.96 698.37 c 96.72 698.37 96.6 698.37 96.36 698.49 c 96.24 698.49 96.12 698.61 95.88 698.61 c 96 698.97 96 699.09 96.12 699.33 c 96.12 699.57 96.24 699.69 96.24 699.81 c 96.24 699.81 96.12 699.81 96 699.81 c 95.88 699.81 95.88 699.81 95.76 699.81 c 95.76 699.81 95.64 699.69 95.64 699.57 c 95.64 699.45 95.52 699.33 95.52 699.09 c 95.4 698.97 95.4 698.85 95.28 698.73 c 95.28 698.61 95.28 698.49 95.16 698.37 c 95.16 698.37 95.04 698.37 94.92 698.37 c 94.8 698.37 94.68 698.25 94.56 698.25 c 94.44 698.25 94.2 698.37 94.08 698.37 c 93.96 698.37 93.96 698.37 93.84 698.37 c 93.84 698.49 93.96 698.61 93.96 698.73 c 94.08 698.85 94.2 699.09 94.2 699.33 c 94.2 699.33 94.08 699.33 93.96 699.33 c 93.96 699.33 93.84 699.33 93.84 699.33 c 93.72 699.33 93.72 699.21 93.72 699.21 c 93.6 699.09 93.6 698.97 93.48 698.85 c 93.48 698.85 93.48 698.73 93.36 698.73 c 93.36 698.61 93.36 698.61 93.24 698.49 c 93.12 698.49 93 698.37 92.88 698.37 c 92.88 698.37 92.64 698.37 92.4 698.37 c 92.4 698.37 92.4 698.25 92.4 698.25 c 92.4 697.65 l 92.4 697.53 92.4 697.53 92.4 697.53 c 92.64 697.53 92.88 697.53 93 697.65 c 93.24 697.65 93.36 697.77 93.36 697.77 c 93.6 697.65 93.72 697.65 93.96 697.65 c 94.08 697.53 94.32 697.53 94.44 697.53 c 94.56 697.53 94.8 697.53 94.92 697.53 c h f 
100.44 697.89 m 100.8 697.53 101.28 697.41 101.76 697.41 c 102.24 697.41 102.72 697.65 103.08 697.89 c 103.44 698.25 103.68 698.73 103.68 699.21 c 103.68 699.57 103.56 699.93 103.44 700.17 c 103.2 700.41 102.96 700.53 102.6 700.65 c 102.84 700.77 103.08 700.89 103.2 701.13 c 103.32 701.37 103.44 701.61 103.44 701.85 c 103.44 702.09 103.32 702.33 103.2 702.57 c 103.08 702.81 102.84 702.93 102.6 703.05 c 102.36 703.17 102 703.29 101.76 703.29 c 101.28 703.29 100.92 703.17 100.56 702.93 c 100.32 702.69 100.08 702.21 99.96 701.85 c 100.68 701.61 l 100.8 701.97 100.8 702.33 101.04 702.45 c 101.28 702.57 101.4 702.69 101.76 702.69 c 102 702.69 102.24 702.57 102.36 702.45 c 102.6 702.33 102.72 702.09 102.72 701.85 c 102.72 701.49 102.6 701.25 102.36 701.13 c 102.12 700.89 101.76 700.89 101.52 700.89 c 101.52 700.89 101.4 700.89 101.4 700.89 c 101.28 700.29 l 101.52 700.29 101.64 700.29 101.76 700.29 c 102.12 700.29 102.36 700.17 102.6 700.05 c 102.84 699.81 102.96 699.57 102.96 699.21 c 102.96 698.85 102.84 698.61 102.6 698.37 c 102.36 698.13 102.12 698.01 101.76 698.01 c 101.4 698.01 101.16 698.13 101.04 698.25 c 100.8 698.49 100.68 698.73 100.56 699.09 c 99.96 699.09 l 99.96 698.61 100.2 698.13 100.44 697.89 c h f 
65.28 722.01 m 65.4 721.89 65.52 721.89 65.64 721.77 c 65.88 721.89 66 722.01 66.24 722.25 c 66.36 722.37 66.6 722.49 66.84 722.73 c 67.2 722.97 67.56 723.21 67.92 723.45 c 68.16 723.69 68.4 723.93 68.64 724.05 c 68.88 724.05 69 723.93 69.12 723.81 c 69.24 723.81 69.36 723.69 69.6 723.69 c 69.24 723.57 69.12 723.57 68.88 723.45 c 68.64 723.33 68.52 723.21 68.52 722.85 c 68.52 722.61 68.52 722.25 68.64 721.89 c 68.76 721.53 68.88 721.17 69.12 720.69 c 69.48 720.81 l 69.36 720.45 69.48 720.21 69.6 719.85 c 69.6 719.85 69.72 719.85 69.72 719.85 c 70.32 720.09 l 70.32 720.21 70.32 720.21 70.32 720.33 c 70.32 720.45 70.32 720.57 70.32 720.81 c 70.44 720.93 70.56 721.05 70.68 721.17 c 70.68 721.29 70.8 721.53 71.04 721.65 c 71.16 721.77 71.28 721.89 71.28 722.01 c 71.4 722.13 71.52 722.25 71.52 722.37 c 71.64 722.49 71.64 722.61 71.76 722.73 c 71.76 722.73 71.76 722.85 71.76 722.97 c 71.64 723.09 71.52 723.21 71.28 723.33 c 71.16 723.57 70.92 723.69 70.68 723.81 c 70.56 723.93 70.44 723.93 70.2 724.05 c 70.08 724.17 69.96 724.17 69.84 724.29 c 69.72 724.29 69.6 724.41 69.48 724.41 c 69.36 724.53 69.24 724.53 69.24 724.53 c 69.12 724.53 68.88 724.53 68.76 724.41 c 68.64 724.41 68.52 724.41 68.52 724.41 c 68.4 724.41 68.4 724.41 68.28 724.41 c 68.28 724.41 68.28 724.29 68.16 724.29 c 68.04 724.29 67.8 724.17 67.56 723.93 c 67.32 723.81 67.08 723.69 66.84 723.45 c 66.48 723.21 66.12 722.97 65.88 722.85 c 65.52 722.61 65.28 722.37 64.92 722.25 c 65.04 722.13 65.16 722.01 65.28 722.01 c h 69.36 723.09 m 69.6 723.09 69.72 723.09 69.96 723.09 c 70.08 722.97 70.32 722.97 70.44 722.85 c 70.68 722.73 70.8 722.61 71.04 722.49 c 70.68 722.37 70.44 722.13 70.2 721.89 c 70.08 721.65 69.84 721.41 69.72 721.29 c 69.36 722.01 69.24 722.61 69.36 723.09 c h f 
70.8 717.57 m 70.92 717.45 71.04 717.33 71.16 717.21 c 71.16 717.09 71.28 717.09 71.4 717.09 c 71.4 717.09 71.52 717.09 71.52 717.09 c 71.64 716.73 71.64 716.37 71.76 716.01 c 71.88 715.65 72 715.41 72.24 715.05 c 72.36 715.05 72.48 715.05 72.6 715.05 c 72.84 715.05 72.96 715.05 73.08 715.17 c 73.32 715.17 73.44 715.17 73.44 715.29 c 73.56 715.29 73.8 715.41 73.92 715.53 c 74.16 715.77 74.28 715.89 74.52 716.13 c 74.76 716.25 75 716.49 75.12 716.61 c 75 716.73 74.76 716.85 74.64 716.85 c 74.4 716.97 74.16 716.97 74.04 716.85 c 74.04 716.85 73.92 716.73 73.92 716.61 c 73.8 716.49 73.68 716.37 73.56 716.25 c 73.44 716.13 73.32 716.01 73.2 715.89 c 73.08 715.77 72.96 715.65 72.84 715.53 c 72.84 715.65 72.72 715.89 72.6 716.01 c 72.6 716.25 72.6 716.37 72.48 716.61 c 72.48 716.85 72.48 716.97 72.36 717.21 c 72.72 717.33 72.96 717.33 73.2 717.33 c 73.32 717.45 73.56 717.45 73.68 717.45 c 73.68 717.57 73.68 717.57 73.68 717.69 c 73.56 717.81 73.56 717.81 73.44 717.93 c 73.44 717.93 73.32 717.93 73.2 717.93 c 72.96 717.93 72.84 717.93 72.72 717.81 c 72.48 717.81 72.36 717.81 72.12 717.81 c 72 717.69 71.88 717.69 71.76 717.69 c 71.76 717.81 71.64 717.93 71.64 718.05 c 71.52 718.05 71.4 718.17 71.4 718.29 c 71.28 718.53 71.28 718.65 71.16 718.77 c 71.16 718.89 71.16 719.01 71.16 719.01 c 71.16 719.01 71.28 719.01 71.52 719.01 c 71.64 719.13 71.88 719.13 72.12 719.13 c 72.12 719.25 72.12 719.37 72.12 719.37 c 72.12 719.49 72 719.49 72 719.49 c 71.88 719.61 71.88 719.61 71.76 719.61 c 71.64 719.61 71.52 719.61 71.4 719.61 c 71.28 719.61 71.16 719.61 71.16 719.61 c 71.04 719.61 71.04 719.61 70.92 719.73 c 70.8 719.73 70.68 719.85 70.56 719.97 c 70.56 719.97 70.44 720.21 70.32 720.33 c 70.32 720.33 70.2 720.45 70.2 720.33 c 69.6 720.09 l 69.6 719.97 69.48 719.97 69.6 719.97 c 69.6 719.73 69.72 719.61 69.96 719.49 c 70.08 719.25 70.2 719.25 70.32 719.13 c 70.32 719.01 70.32 718.77 70.32 718.53 c 70.44 718.29 70.44 718.17 70.56 718.05 c 70.68 717.81 70.8 717.69 70.8 717.57 c h f 
74.52 711.45 m 74.4 710.97 74.52 710.61 74.76 710.13 c 75 709.53 75.48 709.17 76.08 709.17 c 76.56 709.05 77.04 709.17 77.52 709.41 c 77.88 709.65 78.24 710.01 78.36 710.49 c 78.48 710.97 78.48 711.45 78.24 711.81 c 78.12 712.17 77.76 712.41 77.4 712.65 c 78.96 713.13 l 80.04 711.09 l 80.64 711.45 l 79.2 713.85 l 76.44 713.01 l 76.56 712.29 l 76.8 712.29 77.04 712.29 77.16 712.17 c 77.4 712.05 77.52 711.93 77.64 711.69 c 77.76 711.33 77.88 711.09 77.76 710.73 c 77.64 710.49 77.4 710.25 77.04 710.01 c 76.68 709.77 76.32 709.77 75.96 709.77 c 75.6 709.89 75.36 710.13 75.24 710.37 c 75.12 710.61 75.12 710.85 75.12 711.21 c 75.24 711.45 75.36 711.69 75.72 711.93 c 75.24 712.53 l 74.88 712.29 74.64 711.93 74.52 711.45 c h f 
117.6 707.97 m 117.72 708.21 117.72 708.33 117.72 708.45 c 117.48 708.57 117.24 708.69 117 708.81 c 116.76 708.81 116.64 708.93 116.28 709.05 c 115.92 709.29 115.44 709.53 115.2 709.65 c 114.84 709.77 114.48 710.01 114.24 710.13 c 114.24 710.25 114.24 710.49 114.24 710.61 c 114.24 710.73 114.24 710.97 114.24 711.09 c 114.36 710.85 114.48 710.73 114.72 710.61 c 114.84 710.49 115.08 710.37 115.32 710.49 c 115.68 710.61 115.92 710.73 116.16 711.09 c 116.52 711.33 116.76 711.57 117 712.05 c 116.76 712.29 l 117.12 712.41 117.36 712.53 117.6 712.89 c 117.6 712.89 117.6 712.89 117.48 713.01 c 117 713.37 l 116.88 713.37 116.88 713.37 116.88 713.37 c 116.76 713.25 116.64 713.13 116.4 713.13 c 116.28 713.13 116.04 713.13 115.92 713.13 c 115.68 713.13 115.56 713.25 115.32 713.25 c 115.08 713.37 114.96 713.37 114.84 713.37 c 114.72 713.37 114.6 713.49 114.48 713.49 c 114.36 713.49 114.24 713.49 114.12 713.49 c 114 713.49 113.88 713.37 113.88 713.37 c 113.76 713.25 113.76 713.01 113.64 712.77 c 113.64 712.53 113.64 712.29 113.52 711.93 c 113.52 711.81 113.52 711.69 113.52 711.45 c 113.52 711.33 113.52 711.21 113.52 710.97 c 113.52 710.85 113.52 710.73 113.64 710.61 c 113.64 710.49 113.64 710.49 113.64 710.37 c 113.76 710.25 113.76 710.13 113.88 710.01 c 113.88 709.89 114 709.89 114 709.77 c 114.12 709.77 114.12 709.65 114.12 709.65 c 114.24 709.65 114.24 709.53 114.24 709.53 c 114.36 709.41 114.6 709.29 114.84 709.17 c 115.08 709.05 115.32 708.93 115.68 708.69 c 116.04 708.57 116.4 708.33 116.64 708.09 c 117 707.97 117.36 707.73 117.6 707.61 c 117.6 707.73 117.6 707.85 117.6 707.97 c h 114.72 711.21 m 114.72 711.33 114.6 711.45 114.6 711.69 c 114.6 711.81 114.48 712.05 114.48 712.29 c 114.48 712.41 114.48 712.65 114.6 712.89 c 114.84 712.77 115.08 712.53 115.44 712.53 c 115.8 712.41 116.04 712.41 116.28 712.29 c 115.8 711.69 115.2 711.33 114.72 711.21 c h f 
119.04 715.05 m 119.04 715.17 119.16 715.29 119.16 715.41 c 119.28 715.53 119.28 715.65 119.16 715.77 c 119.16 715.77 119.16 715.77 119.16 715.89 c 119.4 716.13 119.76 716.25 120 716.49 c 120.24 716.73 120.48 717.09 120.72 717.45 c 120.6 717.57 120.48 717.69 120.48 717.81 c 120.36 717.93 120.24 718.05 120.12 718.17 c 120 718.29 119.88 718.41 119.88 718.41 c 119.76 718.53 119.52 718.65 119.4 718.65 c 119.16 718.77 118.92 718.89 118.68 719.01 c 118.44 719.13 118.08 719.13 117.84 719.37 c 117.84 719.13 117.84 718.89 117.96 718.65 c 117.96 718.41 118.08 718.29 118.2 718.29 c 118.2 718.17 118.32 718.17 118.44 718.17 c 118.56 718.05 118.68 718.05 118.92 718.05 c 119.04 717.93 119.28 717.93 119.4 717.93 c 119.64 717.81 119.76 717.81 119.88 717.81 c 119.76 717.57 119.64 717.45 119.52 717.33 c 119.4 717.21 119.28 717.09 119.16 716.97 c 118.92 716.85 118.8 716.73 118.56 716.61 c 118.44 716.85 118.32 716.97 118.2 717.21 c 117.96 717.33 117.96 717.45 117.84 717.57 c 117.72 717.57 117.72 717.57 117.6 717.45 c 117.6 717.33 117.48 717.33 117.48 717.21 c 117.48 717.09 117.6 717.09 117.6 716.97 c 117.72 716.85 117.84 716.61 117.96 716.49 c 118.08 716.37 118.2 716.25 118.2 716.13 c 118.32 716.01 118.44 715.89 118.44 715.77 c 118.44 715.65 118.32 715.53 118.32 715.53 c 118.2 715.41 118.2 715.29 118.08 715.17 c 117.96 715.05 117.96 714.93 117.84 714.81 c 117.72 714.69 117.6 714.57 117.6 714.57 c 117.6 714.69 117.48 714.81 117.36 714.93 c 117.36 715.05 117.24 715.29 117 715.41 c 117 715.41 116.88 715.41 116.88 715.29 c 116.76 715.29 116.76 715.17 116.76 715.17 c 116.76 715.05 116.76 714.93 116.76 714.93 c 116.88 714.81 116.88 714.69 117 714.57 c 117 714.45 117 714.45 117 714.33 c 117.12 714.33 117.12 714.21 117.12 714.09 c 117.12 713.97 117.12 713.85 117 713.73 c 117 713.61 116.88 713.49 116.76 713.25 c 116.76 713.25 116.76 713.13 116.88 713.13 c 117.36 712.77 l 117.48 712.77 117.48 712.77 117.48 712.77 c 117.6 713.01 117.72 713.13 117.84 713.37 c 117.84 713.49 117.84 713.61 117.84 713.85 c 118.08 713.85 118.2 713.97 118.32 714.09 c 118.56 714.33 118.68 714.45 118.8 714.57 c 118.8 714.69 118.92 714.81 119.04 715.05 c h f 
122.76 721.05 m 123.24 721.17 123.48 721.53 123.84 721.89 c 124.2 722.49 124.32 722.97 124.08 723.57 c 123.96 724.05 123.72 724.41 123.24 724.65 c 122.76 725.01 122.28 725.13 121.8 725.01 c 121.32 724.89 120.96 724.65 120.72 724.29 c 120.48 723.93 120.36 723.57 120.36 723.09 c 119.28 724.29 l 120.6 726.21 l 120 726.57 l 118.44 724.17 l 120.6 722.01 l 120.96 722.61 l 120.96 722.73 120.84 722.97 120.96 723.09 c 120.96 723.33 120.96 723.57 121.08 723.69 c 121.32 724.05 121.56 724.29 121.92 724.29 c 122.16 724.29 122.52 724.29 122.88 724.05 c 123.24 723.81 123.48 723.45 123.48 723.21 c 123.6 722.85 123.6 722.49 123.36 722.25 c 123.24 722.01 123 721.89 122.76 721.77 c 122.52 721.77 122.16 721.77 121.8 721.89 c 121.44 721.29 l 121.92 721.05 122.28 720.93 122.76 721.05 c h f 
106.68 730.41 m 106.44 730.65 106.08 730.77 105.72 730.77 c 105.12 730.77 104.76 730.53 104.4 730.17 c 104.04 729.69 103.92 728.97 103.92 728.01 c 103.92 727.05 104.04 726.45 104.4 726.09 c 104.76 725.61 105.12 725.49 105.6 725.49 c 105.96 725.49 106.2 725.49 106.44 725.73 c 106.68 725.85 106.92 726.09 107.04 726.33 c 107.16 726.57 107.28 726.93 107.28 727.29 c 107.28 727.77 107.16 728.13 106.8 728.49 c 106.56 728.73 106.2 728.97 105.72 728.97 c 105.48 728.97 105.24 728.85 105 728.73 c 104.88 728.61 104.64 728.49 104.52 728.25 c 104.52 728.73 104.52 729.09 104.64 729.45 c 104.76 729.69 105 729.93 105.12 730.05 c 105.24 730.17 105.48 730.17 105.72 730.17 c 105.96 730.17 106.2 730.17 106.32 729.93 c 106.44 729.81 106.44 729.69 106.56 729.45 c 107.16 729.45 l 107.16 729.81 106.92 730.17 106.68 730.41 c h 104.88 728.01 m 105.12 728.25 105.36 728.37 105.6 728.37 c 105.96 728.37 106.2 728.25 106.32 728.01 c 106.56 727.89 106.68 727.53 106.68 727.17 c 106.68 726.81 106.56 726.57 106.32 726.33 c 106.2 726.09 105.96 725.97 105.6 725.97 c 105.48 725.97 105.24 726.09 105.12 726.09 c 105 726.21 104.88 726.45 104.76 726.57 c 104.64 726.81 104.64 727.05 104.64 727.29 c 104.64 727.53 104.64 727.89 104.88 728.01 c h f 
108.36 725.97 m 108.72 725.61 109.08 725.49 109.56 725.49 c 109.92 725.49 110.28 725.61 110.52 725.73 c 110.76 725.97 110.88 726.21 111.12 726.69 c 111.24 727.05 111.24 727.53 111.24 728.13 c 111.24 728.61 111.24 729.09 111.12 729.33 c 111 729.57 111 729.93 110.76 730.05 c 110.64 730.29 110.52 730.41 110.28 730.53 c 110.04 730.65 109.8 730.77 109.56 730.77 c 109.2 730.77 108.84 730.65 108.6 730.41 c 108.36 730.29 108.24 729.93 108.12 729.57 c 108 729.21 107.88 728.73 107.88 728.13 c 107.88 727.17 108.12 726.45 108.36 725.97 c h 108.84 729.81 m 109.08 730.05 109.32 730.17 109.56 730.17 c 109.92 730.17 110.16 730.05 110.28 729.81 c 110.52 729.57 110.64 728.97 110.64 728.13 c 110.64 727.29 110.52 726.69 110.28 726.45 c 110.16 726.09 109.92 725.97 109.56 725.97 c 109.32 725.97 109.08 726.09 108.84 726.45 c 108.6 726.69 108.6 727.29 108.6 728.13 c 108.6 728.97 108.6 729.57 108.84 729.81 c h f 
112.56 730.29 m 112.8 730.05 113.16 729.93 113.52 729.93 c 113.88 729.93 114.12 730.05 114.36 730.29 c 114.72 730.65 114.84 730.89 114.84 731.25 c 114.84 731.61 114.72 731.97 114.36 732.21 c 114.12 732.45 113.88 732.57 113.52 732.57 c 113.16 732.57 112.8 732.45 112.56 732.21 c 112.32 731.97 112.2 731.61 112.2 731.25 c 112.2 730.89 112.32 730.65 112.56 730.29 c h 112.92 731.85 m 113.04 731.97 113.28 732.09 113.52 732.09 c 113.76 732.09 113.88 731.97 114 731.85 c 114.24 731.73 114.24 731.49 114.24 731.25 c 114.24 731.01 114.24 730.89 114 730.65 c 113.88 730.53 113.76 730.41 113.52 730.41 c 113.28 730.41 113.04 730.53 112.92 730.65 c 112.8 730.89 112.68 731.01 112.68 731.25 c 112.68 731.49 112.8 731.73 112.92 731.85 c h f 
79.68 730.41 m 79.44 730.65 79.08 730.77 78.72 730.77 c 78.12 730.77 77.76 730.53 77.4 730.17 c 77.04 729.69 76.8 728.97 76.8 728.01 c 76.8 727.05 77.04 726.45 77.4 726.09 c 77.64 725.61 78.12 725.49 78.6 725.49 c 78.96 725.49 79.2 725.49 79.44 725.73 c 79.68 725.85 79.92 726.09 80.04 726.33 c 80.16 726.57 80.28 726.93 80.28 727.29 c 80.28 727.77 80.16 728.13 79.8 728.49 c 79.56 728.73 79.2 728.97 78.72 728.97 c 78.48 728.97 78.24 728.85 78 728.73 c 77.88 728.61 77.64 728.49 77.52 728.25 c 77.52 728.73 77.52 729.09 77.64 729.45 c 77.76 729.69 77.88 729.93 78.12 730.05 c 78.24 730.17 78.48 730.17 78.72 730.17 c 78.96 730.17 79.08 730.17 79.32 729.93 c 79.44 729.81 79.44 729.69 79.56 729.45 c 80.16 729.45 l 80.16 729.81 79.92 730.17 79.68 730.41 c h 77.88 728.01 m 78.12 728.25 78.36 728.37 78.6 728.37 c 78.96 728.37 79.08 728.25 79.32 728.01 c 79.56 727.89 79.56 727.53 79.56 727.17 c 79.56 726.81 79.56 726.57 79.32 726.33 c 79.08 726.09 78.96 725.97 78.6 725.97 c 78.48 725.97 78.24 726.09 78.12 726.09 c 78 726.21 77.76 726.45 77.76 726.57 c 77.64 726.81 77.64 727.05 77.64 727.29 c 77.64 727.53 77.64 727.89 77.88 728.01 c h f 
81.36 725.97 m 81.72 725.61 82.08 725.49 82.56 725.49 c 82.92 725.49 83.28 725.61 83.52 725.73 c 83.76 725.97 83.88 726.21 84 726.69 c 84.12 727.05 84.24 727.53 84.24 728.13 c 84.24 728.61 84.24 729.09 84.12 729.33 c 84 729.57 83.88 729.93 83.76 730.05 c 83.64 730.29 83.52 730.41 83.28 730.53 c 83.04 730.65 82.8 730.77 82.56 730.77 c 82.2 730.77 81.84 730.65 81.6 730.41 c 81.36 730.29 81.24 729.93 81.12 729.57 c 81 729.21 80.88 728.73 80.88 728.13 c 80.88 727.17 81.12 726.45 81.36 725.97 c h 81.84 729.81 m 82.08 730.05 82.32 730.17 82.56 730.17 c 82.8 730.17 83.04 730.05 83.28 729.81 c 83.52 729.57 83.64 728.97 83.64 728.13 c 83.64 727.29 83.52 726.69 83.28 726.45 c 83.04 726.09 82.8 725.97 82.56 725.97 c 82.32 725.97 82.08 726.09 81.84 726.45 c 81.6 726.69 81.48 727.29 81.48 728.13 c 81.48 728.97 81.6 729.57 81.84 729.81 c h f 
85.56 730.29 m 85.8 730.05 86.16 729.93 86.52 729.93 c 86.88 729.93 87.12 730.05 87.36 730.29 c 87.6 730.65 87.84 730.89 87.84 731.25 c 87.84 731.61 87.6 731.97 87.36 732.21 c 87.12 732.45 86.88 732.57 86.52 732.57 c 86.16 732.57 85.8 732.45 85.56 732.21 c 85.32 731.97 85.2 731.61 85.2 731.25 c 85.2 730.89 85.32 730.65 85.56 730.29 c h 85.92 731.85 m 86.04 731.97 86.28 732.09 86.52 732.09 c 86.64 732.09 86.88 731.97 87 731.85 c 87.24 731.73 87.24 731.49 87.24 731.25 c 87.24 731.01 87.24 730.89 87 730.65 c 86.88 730.53 86.64 730.41 86.52 730.41 c 86.28 730.41 86.04 730.53 85.92 730.65 c 85.8 730.89 85.68 731.01 85.68 731.25 c 85.68 731.49 85.8 731.73 85.92 731.85 c h f 
q 0.12 0 0 -0.12 0 841.89 cm 7 w 1 J 1 j 0.925 0.008 0.553 SC 714 1137 m 883 1137 l 1025 891 l 572 891 l 714 1137 l h S Q 
1 w 0.141 0.125 0.129 sc 125.64 744.81 m 124.56 744.81 123.6 744.45 123 743.61 c 122.28 743.01 121.92 742.05 122.04 741.09 c 122.04 740.01 122.28 739.17 122.88 738.45 c 123.6 737.73 124.44 737.37 125.64 737.37 c 126.36 737.37 126.96 737.61 127.56 737.97 c 127.92 738.21 128.28 738.45 128.52 738.81 c 128.28 738.93 l 127.92 738.69 127.68 738.45 127.44 738.33 c 126.96 737.97 126.36 737.85 125.88 737.85 c 125.04 737.85 124.44 738.21 123.96 738.69 c 123.48 739.29 123.24 740.01 123.24 740.97 c 123.24 742.05 123.48 742.89 123.96 743.49 c 124.44 744.09 125.04 744.33 125.76 744.33 c 126.48 744.33 127.08 744.09 127.56 743.49 c 127.8 743.25 127.92 742.89 128.04 742.41 c 128.28 742.41 l 128.28 744.81 l 128.04 744.81 l 127.92 744.69 127.92 744.57 127.8 744.57 c 127.68 744.45 127.68 744.45 127.56 744.45 c 127.44 744.45 127.2 744.45 126.84 744.57 c 126.48 744.69 126 744.81 125.64 744.81 c h f 
65.04 738.09 m 65.04 743.49 l 65.04 743.73 65.16 743.85 65.16 743.85 c 65.28 743.97 65.4 743.97 65.76 743.97 c 66.72 743.97 67.44 743.73 68.04 743.25 c 68.64 742.65 69 741.81 69 740.73 c 69 739.53 68.64 738.69 67.8 738.21 c 67.32 737.85 66.6 737.61 65.76 737.61 c 65.52 737.61 65.28 737.73 65.16 737.73 c 65.16 737.73 65.04 737.85 65.04 738.09 c h 63.12 737.25 m 66 737.25 l 66.84 737.25 67.44 737.37 68.04 737.61 c 68.28 737.73 68.64 737.85 68.88 738.09 c 69.36 738.33 69.6 738.81 69.84 739.29 c 70.08 739.77 70.2 740.25 70.2 740.73 c 70.2 742.29 69.6 743.25 68.4 743.85 c 67.68 744.21 66.84 744.33 65.88 744.33 c 63 744.33 l 63 744.09 l 63.48 744.09 63.72 744.09 63.84 743.97 c 63.96 743.85 63.96 743.61 63.96 743.13 c 63.96 738.45 l 63.96 737.97 63.96 737.73 63.84 737.61 c 63.72 737.61 63.48 737.49 63.12 737.49 c 63.12 737.25 l h f 
81.24 699.81 m 82.44 702.81 l 83.64 699.81 l 81.24 699.81 l h 81.24 697.17 m 81.24 697.29 l 81 697.29 80.76 697.41 80.64 697.41 c 80.52 697.53 80.52 697.65 80.52 697.77 c 80.52 697.89 80.52 698.01 80.52 698.13 c 80.64 698.25 80.76 698.73 81 699.45 c 83.88 699.45 l 84.24 698.37 l 84.36 698.25 84.36 698.13 84.48 698.01 c 84.48 697.89 84.48 697.77 84.48 697.77 c 84.48 697.53 84.48 697.41 84.36 697.41 c 84.24 697.41 84 697.41 83.76 697.29 c 83.76 697.17 l 86.52 697.17 l 86.52 697.29 l 86.16 697.41 86.04 697.41 85.92 697.53 c 85.8 697.65 85.68 697.89 85.44 698.25 c 82.8 704.37 l 82.68 704.37 l 80.4 699.09 l 80.04 698.25 79.92 697.77 79.68 697.65 c 79.56 697.41 79.44 697.29 79.08 697.29 c 79.08 697.17 l 81.24 697.17 l h f 
109.32 697.17 m 108.96 697.17 108.72 697.17 108.6 697.29 c 108.48 697.29 108.36 697.41 108.36 697.65 c 108.36 700.29 l 108.48 700.29 108.6 700.29 108.6 700.29 c 108.6 700.29 108.72 700.29 108.96 700.29 c 109.56 700.29 110.16 700.17 110.52 699.93 c 111 699.69 111.24 699.33 111.24 698.73 c 111.24 698.13 111 697.77 110.64 697.53 c 110.28 697.29 109.8 697.17 109.32 697.17 c h 106.32 696.81 m 109.8 696.81 l 110.4 696.81 110.88 696.93 111.24 697.05 c 112.08 697.41 112.44 697.89 112.44 698.73 c 112.44 699.33 112.2 699.69 111.96 699.93 c 111.6 700.17 111.12 700.41 110.64 700.53 c 111 700.65 111.36 700.77 111.6 700.89 c 111.84 701.13 112.08 701.49 112.08 702.09 c 112.08 702.69 111.84 703.17 111.36 703.41 c 110.76 703.77 110.16 703.89 109.32 703.89 c 106.32 703.89 l 106.32 703.65 l 106.68 703.65 107.04 703.65 107.16 703.53 c 107.28 703.41 107.28 703.17 107.28 702.69 c 107.28 698.01 l 107.28 697.53 107.28 697.29 107.16 697.17 c 107.04 697.05 106.68 697.05 106.32 697.05 c 106.32 696.81 l h 109.44 700.65 m 108.36 700.65 l 108.36 703.17 l 108.36 703.29 108.48 703.41 108.48 703.41 c 108.48 703.53 108.72 703.53 108.84 703.53 c 109.44 703.53 109.92 703.41 110.16 703.29 c 110.76 703.05 111 702.69 111 701.97 c 111 701.49 110.76 701.13 110.28 700.89 c 110.04 700.77 109.8 700.77 109.44 700.65 c h f 
q 0.12 0 0 -0.12 0 841.89 cm 7 w 1 J 1 j 0.925 0.008 0.553 SC 597 934 m 612 926 622 910 622 891 c S Q 
q 0.12 0 0 -0.12 0 841.89 cm 7 w 1 J 1 j 0.925 0.008 0.553 SC 975 891 m 975 910 985 926 1000 934 c S Q 
1 w 0.925 0.008 0.553 sc 99.12 705.45 m 99.12 705.45 l 99.12 705.45 l 92.52 707.61 l 95.88 705.45 l 92.52 703.29 l 99.12 705.45 l 99.12 705.45 l 99.12 705.45 l h f 
99.12 734.97 m 99.12 734.97 l 99.12 734.97 l 92.52 737.13 l 95.88 734.97 l 92.52 732.81 l 99.12 734.97 l 99.12 734.97 l 99.12 734.97 l h f 
0.141 0.125 0.129 sc 205.56 760.77 m 205.56 761.97 205.8 762.81 206.16 763.29 c 206.64 763.89 207.24 764.13 207.84 764.13 c 208.44 764.13 209.04 763.89 209.4 763.29 c 209.88 762.81 210.12 761.97 210.12 760.77 c 210.12 759.69 209.88 758.85 209.4 758.25 c 209.04 757.77 208.44 757.53 207.84 757.53 c 207.24 757.53 206.64 757.77 206.16 758.37 c 205.8 758.85 205.56 759.69 205.56 760.77 c h 204.36 760.77 m 204.36 759.81 204.6 758.85 205.2 758.25 c 205.56 757.89 206.04 757.53 206.64 757.29 c 206.76 757.29 l 206.76 757.29 207 757.05 207.24 756.69 c 207.6 756.33 207.96 756.09 208.32 755.97 c 208.68 755.73 209.04 755.61 209.52 755.49 c 209.88 755.37 210.48 755.37 211.08 755.37 c 211.44 755.37 l 211.44 755.61 l 210.84 755.61 210.36 755.73 210.12 755.85 c 209.4 756.21 208.92 756.57 208.56 757.17 c 209.4 757.41 210.12 757.77 210.6 758.49 c 211.08 759.09 211.32 759.93 211.32 760.77 c 211.32 761.97 210.96 762.93 210.24 763.53 c 209.52 764.25 208.8 764.49 207.84 764.49 c 206.88 764.49 206.04 764.25 205.44 763.53 c 204.72 762.93 204.36 761.97 204.36 760.77 c h f 
155.52 741.33 m 155.52 740.61 155.28 740.13 154.8 739.89 c 154.56 739.77 154.08 739.65 153.6 739.65 c 153.6 739.65 153.48 739.65 153.48 739.65 c 153.36 739.65 153.24 739.65 153.12 739.65 c 153.12 742.53 l 153.12 742.65 153.12 742.77 153.12 742.77 c 153.24 742.77 153.36 742.89 153.6 742.89 c 154.08 742.89 154.44 742.77 154.68 742.65 c 155.28 742.41 155.52 741.93 155.52 741.33 c h 151.08 736.17 m 154.08 736.17 l 154.08 736.29 l 153.72 736.41 153.36 736.41 153.24 736.53 c 153.12 736.65 153.12 736.89 153.12 737.25 c 153.12 739.29 l 153.12 739.29 153.36 739.29 153.48 739.29 c 153.72 739.29 153.84 739.17 153.96 739.17 c 154.68 739.17 155.4 739.41 155.88 739.77 c 156.48 740.01 156.72 740.61 156.72 741.33 c 156.72 741.93 156.48 742.29 156 742.65 c 155.52 743.01 154.8 743.25 153.96 743.25 c 151.08 743.25 l 151.08 743.01 l 151.56 743.01 151.8 742.89 151.8 742.77 c 151.92 742.65 152.04 742.41 152.04 742.05 c 152.04 737.37 l 152.04 737.01 151.92 736.65 151.92 736.53 c 151.8 736.41 151.56 736.41 151.08 736.29 c 151.08 736.17 l h f 
151.44 698.13 m 151.68 695.85 l 151.92 695.85 l 151.92 695.97 152.04 696.09 152.04 696.09 c 152.04 696.21 152.16 696.21 152.28 696.21 c 152.4 696.21 152.52 696.21 152.88 696.09 c 153.24 695.97 153.6 695.85 153.96 695.85 c 154.56 695.85 155.16 696.09 155.52 696.45 c 156 696.81 156.12 697.29 156.12 697.89 c 156.12 698.25 156 698.61 155.88 698.97 c 155.64 699.21 155.16 699.57 154.56 699.93 c 153.6 700.53 l 153.24 700.77 153 700.89 152.88 701.13 c 152.64 701.37 152.64 701.61 152.64 701.85 c 152.64 702.21 152.76 702.45 152.88 702.57 c 153.12 702.69 153.36 702.81 153.72 702.81 c 154.08 702.81 154.44 702.69 154.8 702.45 c 155.28 702.21 155.52 701.73 155.64 701.01 c 155.88 701.01 l 155.76 703.29 l 155.52 703.29 l 155.4 703.17 155.4 703.05 155.4 703.05 c 155.28 702.93 155.28 702.93 155.04 702.93 c 155.04 702.93 154.8 702.93 154.44 703.05 c 154.2 703.17 153.84 703.29 153.6 703.29 c 153 703.29 152.52 703.05 152.16 702.69 c 151.8 702.33 151.68 701.97 151.68 701.37 c 151.68 701.01 151.8 700.53 152.16 700.29 c 152.28 700.05 152.52 699.93 152.76 699.69 c 153.72 699.09 l 154.2 698.85 154.56 698.61 154.68 698.37 c 154.92 698.13 155.04 697.89 155.04 697.53 c 155.04 697.17 154.92 696.81 154.68 696.57 c 154.44 696.33 154.2 696.21 153.84 696.21 c 153.24 696.21 152.64 696.57 152.28 697.05 c 152.04 697.29 151.8 697.65 151.68 698.13 c 151.44 698.13 l h f 
207.48 681.57 m 207.48 684.21 l 207.48 684.33 207.48 684.45 207.6 684.45 c 207.72 684.57 207.84 684.57 208.2 684.57 c 208.56 684.57 208.92 684.45 209.28 684.33 c 209.76 684.21 210 683.73 210 683.13 c 210 682.41 209.76 682.05 209.16 681.81 c 208.8 681.69 208.32 681.57 207.48 681.57 c h 205.56 677.85 m 208.44 677.85 l 208.44 678.09 l 208.08 678.09 207.84 678.21 207.72 678.33 c 207.6 678.45 207.48 678.69 207.48 679.05 c 207.48 681.21 l 207.96 681.21 l 210.6 677.85 l 212.4 677.85 l 212.4 678.09 l 212.16 678.09 211.92 678.21 211.8 678.21 c 211.68 678.33 211.56 678.45 211.44 678.57 c 209.28 681.33 l 209.88 681.45 210.24 681.57 210.6 681.93 c 210.96 682.17 211.2 682.53 211.2 683.13 c 211.2 683.85 210.72 684.45 210 684.69 c 209.52 684.93 209.04 684.93 208.44 684.93 c 205.44 684.93 l 205.44 684.81 l 205.92 684.69 206.16 684.69 206.28 684.57 c 206.4 684.45 206.4 684.21 206.4 683.85 c 206.4 679.17 l 206.4 678.69 206.4 678.45 206.28 678.33 c 206.16 678.21 205.92 678.09 205.56 678.09 c 205.56 677.85 l h f 
162 689.01 m 162.12 689.01 162.24 689.01 162.48 689.01 c 162.6 689.25 162.6 689.49 162.72 689.73 c 162.84 690.09 162.96 690.33 163.08 690.57 c 163.32 691.17 163.44 691.53 163.56 692.01 c 163.8 692.37 163.92 692.73 164.04 692.97 c 164.28 692.97 164.4 692.97 164.64 692.97 c 164.76 693.09 165 693.09 165.12 693.09 c 164.88 692.85 164.76 692.73 164.64 692.49 c 164.4 692.25 164.4 692.01 164.52 691.77 c 164.64 691.53 164.88 691.17 165.24 690.81 c 165.48 690.57 165.84 690.33 166.32 689.97 c 166.68 690.33 l 166.8 689.97 166.92 689.61 167.28 689.49 c 167.4 689.49 167.4 689.49 167.4 689.49 c 167.76 690.21 l 167.88 690.21 167.88 690.21 167.76 690.33 c 167.64 690.33 167.52 690.57 167.52 690.81 c 167.52 690.93 167.52 691.17 167.52 691.29 c 167.52 691.53 167.52 691.77 167.64 692.01 c 167.64 692.25 167.64 692.37 167.76 692.61 c 167.76 692.73 167.76 692.85 167.76 692.97 c 167.76 693.09 167.76 693.33 167.76 693.33 c 167.76 693.45 167.64 693.57 167.52 693.57 c 167.4 693.69 167.28 693.81 166.92 693.81 c 166.68 693.81 166.44 693.81 166.08 693.81 c 165.84 693.81 165.72 693.81 165.6 693.81 c 165.36 693.81 165.24 693.81 165 693.81 c 164.88 693.81 164.64 693.81 164.52 693.81 c 164.4 693.69 164.4 693.69 164.28 693.69 c 164.16 693.57 164.04 693.45 163.92 693.45 c 163.8 693.33 163.68 693.21 163.68 693.21 c 163.56 693.09 163.56 693.09 163.56 693.09 c 163.44 692.97 163.44 692.97 163.44 692.97 c 163.32 692.73 163.2 692.49 163.08 692.25 c 162.96 692.01 162.84 691.65 162.6 691.29 c 162.36 690.93 162.24 690.57 162 690.21 c 161.88 689.73 161.64 689.37 161.52 689.13 c 161.64 689.01 161.76 689.01 162 689.01 c h 165.24 692.49 m 165.36 692.61 165.6 692.61 165.84 692.73 c 165.96 692.73 166.2 692.85 166.44 692.85 c 166.68 692.85 166.92 692.85 167.16 692.85 c 166.92 692.49 166.8 692.13 166.8 691.77 c 166.68 691.41 166.68 691.17 166.68 690.81 c 165.84 691.41 165.48 692.01 165.24 692.49 c h f 
169.8 688.05 m 169.92 687.93 170.16 687.81 170.28 687.81 c 170.4 687.81 170.52 687.81 170.52 687.81 c 170.64 687.81 170.64 687.93 170.76 687.93 c 171 687.57 171.24 687.33 171.48 687.09 c 171.84 686.73 172.08 686.49 172.56 686.37 c 172.68 686.37 172.8 686.49 172.92 686.61 c 173.04 686.73 173.16 686.85 173.4 686.97 c 173.52 687.09 173.52 687.21 173.64 687.33 c 173.64 687.45 173.76 687.57 173.88 687.81 c 173.88 688.05 174 688.41 174.12 688.65 c 174.24 689.01 174.36 689.25 174.48 689.61 c 174.24 689.61 174 689.61 173.76 689.49 c 173.52 689.37 173.4 689.25 173.28 689.13 c 173.28 689.13 173.16 689.01 173.16 688.89 c 173.16 688.65 173.16 688.53 173.04 688.29 c 173.04 688.17 173.04 687.93 173.04 687.69 c 172.92 687.57 172.92 687.33 172.92 687.21 c 172.68 687.33 172.56 687.45 172.32 687.57 c 172.2 687.69 172.08 687.81 171.96 688.05 c 171.72 688.17 171.6 688.41 171.48 688.53 c 171.72 688.77 171.96 689.01 172.08 689.13 c 172.32 689.25 172.44 689.37 172.56 689.49 c 172.56 689.61 172.44 689.61 172.32 689.73 c 172.32 689.73 172.2 689.85 172.08 689.85 c 171.96 689.85 171.96 689.73 171.84 689.61 c 171.6 689.61 171.48 689.49 171.36 689.25 c 171.24 689.13 171 689.01 170.88 688.89 c 170.76 688.77 170.64 688.77 170.64 688.77 c 170.52 688.77 170.4 688.77 170.28 688.89 c 170.16 688.89 170.04 688.89 169.8 689.01 c 169.68 689.13 169.56 689.25 169.44 689.37 c 169.32 689.37 169.2 689.49 169.2 689.49 c 169.32 689.61 169.44 689.73 169.56 689.73 c 169.68 689.85 169.92 690.09 170.16 690.21 c 170.04 690.33 170.04 690.45 169.92 690.45 c 169.92 690.45 169.8 690.57 169.68 690.57 c 169.68 690.57 169.56 690.45 169.56 690.45 c 169.32 690.33 169.2 690.33 169.2 690.21 c 169.08 690.21 168.96 690.21 168.96 690.09 c 168.84 690.09 168.72 690.09 168.6 690.09 c 168.48 690.09 168.36 690.09 168.24 690.09 c 168.12 690.09 167.88 690.21 167.76 690.33 c 167.64 690.33 167.64 690.33 167.64 690.33 c 167.16 689.61 l 167.16 689.61 167.16 689.49 167.16 689.49 c 167.4 689.37 167.64 689.37 167.88 689.25 c 168 689.13 168.24 689.13 168.36 689.13 c 168.48 689.01 168.6 688.89 168.72 688.65 c 168.96 688.53 169.08 688.29 169.32 688.29 c 169.44 688.17 169.56 688.05 169.8 688.05 c h f 
181.32 687.57 m 180.72 687.33 180.12 687.09 179.52 686.61 c 178.92 686.25 178.32 685.77 177.72 685.29 c 177.24 684.81 176.88 684.33 176.64 683.85 c 177.24 683.49 l 177.6 683.97 178.08 684.45 178.44 684.81 c 179.04 685.41 179.64 685.89 180.36 686.25 c 181.08 686.73 181.68 686.97 182.28 687.09 c 182.52 687.69 l 179.04 689.73 l 178.68 689.13 l 181.32 687.57 l h f 
181.2 681.21 m 181.68 681.93 l 180.84 682.41 l 180.36 681.57 l 181.2 681.21 l h f 
182.88 680.61 m 183 680.13 183.36 679.77 183.84 679.41 c 184.44 679.05 185.04 679.05 185.64 679.29 c 186.24 679.41 186.6 679.77 186.84 680.25 c 187.2 680.85 187.32 681.33 187.2 681.81 c 187.08 682.41 186.72 682.77 186.24 683.01 c 185.88 683.25 185.52 683.37 185.04 683.37 c 186.12 684.69 l 188.4 683.37 l 188.76 683.97 l 186 685.65 l 183.84 683.13 l 184.44 682.65 l 184.56 682.77 184.8 682.77 185.04 682.77 c 185.28 682.77 185.52 682.65 185.76 682.53 c 186.12 682.41 186.24 682.05 186.36 681.69 c 186.48 681.33 186.36 680.97 186.12 680.61 c 185.88 680.25 185.64 680.01 185.28 679.89 c 184.92 679.77 184.56 679.77 184.2 680.01 c 183.96 680.13 183.72 680.37 183.6 680.61 c 183.6 680.97 183.6 681.21 183.72 681.69 c 183 682.05 l 182.76 681.57 182.76 681.09 182.88 680.61 c h f 
168.12 743.37 m 168.24 743.49 168.24 743.61 168.36 743.73 c 168.24 743.85 168 744.09 167.88 744.33 c 167.76 744.45 167.64 744.69 167.4 744.93 c 167.16 745.29 166.92 745.65 166.68 746.01 c 166.44 746.25 166.2 746.49 166.08 746.73 c 166.08 746.97 166.2 747.09 166.32 747.21 c 166.32 747.33 166.44 747.45 166.44 747.69 c 166.56 747.33 166.56 747.21 166.68 746.97 c 166.8 746.73 166.92 746.61 167.28 746.61 c 167.52 746.61 167.88 746.61 168.24 746.73 c 168.6 746.85 168.96 746.97 169.44 747.21 c 169.32 747.57 l 169.68 747.45 169.92 747.57 170.28 747.69 c 170.28 747.69 170.28 747.69 170.28 747.81 c 169.92 748.41 l 169.92 748.41 169.92 748.41 169.8 748.41 c 169.68 748.41 169.56 748.41 169.32 748.41 c 169.2 748.53 169.08 748.65 168.96 748.65 c 168.84 748.77 168.6 748.89 168.48 749.13 c 168.36 749.25 168.24 749.37 168.12 749.37 c 168 749.49 167.88 749.61 167.76 749.61 c 167.64 749.73 167.52 749.85 167.4 749.85 c 167.4 749.85 167.28 749.85 167.16 749.85 c 167.04 749.73 166.92 749.61 166.8 749.37 c 166.68 749.25 166.44 749.01 166.32 748.77 c 166.2 748.65 166.2 748.53 166.08 748.29 c 165.96 748.17 165.96 748.05 165.84 747.93 c 165.84 747.81 165.72 747.69 165.72 747.57 c 165.6 747.45 165.6 747.33 165.6 747.33 c 165.6 747.21 165.72 746.97 165.72 746.85 c 165.72 746.73 165.72 746.61 165.72 746.61 c 165.72 746.49 165.72 746.49 165.72 746.37 c 165.72 746.37 165.84 746.25 165.84 746.25 c 165.84 746.13 165.96 745.89 166.2 745.65 c 166.32 745.41 166.44 745.17 166.68 744.93 c 166.92 744.57 167.04 744.21 167.28 743.97 c 167.52 743.61 167.64 743.25 167.88 743.01 c 168 743.13 168 743.25 168.12 743.37 c h 167.04 747.45 m 167.04 747.69 167.04 747.81 167.04 748.05 c 167.16 748.17 167.16 748.41 167.28 748.53 c 167.4 748.77 167.52 748.89 167.64 749.13 c 167.76 748.77 168 748.53 168.24 748.29 c 168.48 748.17 168.72 747.93 168.84 747.81 c 168.12 747.45 167.52 747.33 167.04 747.45 c h f 
172.56 748.89 m 172.68 749.01 172.8 749.13 172.92 749.25 c 173.04 749.25 173.04 749.37 173.04 749.49 c 173.04 749.49 173.04 749.61 173.04 749.61 c 173.4 749.61 173.76 749.73 174.12 749.85 c 174.36 749.97 174.72 750.09 175.08 750.21 c 175.08 750.45 175.08 750.57 175.08 750.69 c 175.08 750.93 174.96 751.05 174.96 751.17 c 174.96 751.41 174.84 751.41 174.84 751.53 c 174.84 751.65 174.72 751.89 174.48 752.01 c 174.36 752.13 174.24 752.37 174 752.61 c 173.88 752.85 173.64 752.97 173.52 753.21 c 173.4 753.09 173.28 752.85 173.28 752.61 c 173.16 752.49 173.16 752.25 173.28 752.13 c 173.28 752.13 173.4 752.01 173.52 751.89 c 173.52 751.89 173.64 751.77 173.88 751.65 c 174 751.53 174.12 751.41 174.24 751.29 c 174.36 751.17 174.48 751.05 174.6 750.93 c 174.36 750.81 174.24 750.81 174 750.69 c 173.88 750.69 173.64 750.57 173.52 750.57 c 173.28 750.57 173.16 750.45 172.92 750.45 c 172.8 750.81 172.8 751.05 172.8 751.29 c 172.68 751.41 172.68 751.65 172.68 751.77 c 172.56 751.77 172.56 751.77 172.44 751.77 c 172.32 751.65 172.32 751.65 172.2 751.53 c 172.2 751.53 172.2 751.41 172.2 751.29 c 172.2 751.05 172.2 750.93 172.32 750.69 c 172.32 750.57 172.32 750.33 172.32 750.21 c 172.44 750.09 172.44 749.97 172.32 749.85 c 172.32 749.85 172.2 749.73 172.08 749.61 c 171.96 749.61 171.96 749.49 171.84 749.49 c 171.6 749.37 171.48 749.25 171.36 749.25 c 171.24 749.25 171.12 749.25 171.12 749.13 c 171.12 749.25 171.12 749.37 171.12 749.61 c 171 749.73 171 749.97 171 750.21 c 170.88 750.21 170.76 750.21 170.76 750.21 c 170.64 750.09 170.64 750.09 170.64 750.09 c 170.52 749.97 170.52 749.97 170.52 749.85 c 170.52 749.73 170.52 749.61 170.52 749.49 c 170.52 749.37 170.52 749.25 170.52 749.25 c 170.52 749.13 170.4 749.13 170.4 749.01 c 170.4 748.89 170.28 748.77 170.16 748.65 c 170.16 748.65 169.92 748.53 169.8 748.41 c 169.68 748.41 169.68 748.29 169.8 748.29 c 170.04 747.69 l 170.16 747.57 170.16 747.57 170.16 747.69 c 170.4 747.69 170.52 747.81 170.64 747.93 c 170.88 748.17 170.88 748.29 171 748.41 c 171.12 748.41 171.36 748.41 171.6 748.41 c 171.84 748.53 171.96 748.53 172.08 748.65 c 172.2 748.77 172.44 748.77 172.56 748.89 c h f 
178.44 757.77 m 178.32 757.17 178.32 756.57 178.32 755.97 c 178.32 755.25 178.32 754.65 178.56 753.93 c 178.68 753.33 178.8 752.85 179.04 752.37 c 179.64 752.73 l 179.4 753.21 179.28 753.81 179.16 754.29 c 179.04 755.01 178.92 755.73 178.92 756.45 c 179.04 757.17 179.04 757.77 179.16 758.25 c 178.92 758.73 l 175.68 757.05 l 176.04 756.45 l 178.44 757.77 l h f 
183.24 754.65 m 182.88 755.37 l 182.16 755.01 l 182.52 754.29 l 183.24 754.65 l h f 
184.56 755.73 m 184.92 755.61 185.4 755.73 185.88 755.97 c 186.36 756.21 186.72 756.69 186.84 757.29 c 186.96 757.77 186.84 758.25 186.6 758.73 c 186.36 759.21 186 759.45 185.52 759.69 c 185.04 759.81 184.56 759.69 184.2 759.45 c 183.84 759.33 183.6 759.09 183.36 758.61 c 182.88 760.17 l 184.92 761.25 l 184.56 761.85 l 182.16 760.53 l 183 757.65 l 183.6 757.89 l 183.6 758.01 183.72 758.25 183.84 758.37 c 183.96 758.61 184.08 758.73 184.32 758.85 c 184.56 758.97 184.92 759.09 185.28 758.97 c 185.52 758.85 185.76 758.61 186 758.25 c 186.12 757.89 186.24 757.53 186.12 757.17 c 186.12 756.93 185.88 756.69 185.52 756.45 c 185.28 756.33 185.04 756.33 184.8 756.33 c 184.56 756.45 184.32 756.57 184.08 756.93 c 183.48 756.45 l 183.72 756.09 184.08 755.85 184.56 755.73 c h f 
213.72 709.53 m 213.72 709.65 213.6 709.77 213.48 709.89 c 213.24 709.89 213 709.89 212.76 709.77 c 212.52 709.77 212.16 709.77 211.92 709.65 c 211.32 709.65 210.84 709.53 210.48 709.41 c 210 709.41 209.64 709.29 209.28 709.29 c 209.16 709.53 209.16 709.65 209.04 709.77 c 208.92 709.89 208.8 710.01 208.68 710.25 c 208.92 710.13 209.16 710.01 209.4 710.01 c 209.64 710.01 209.88 710.13 210.12 710.37 c 210.24 710.61 210.48 710.97 210.6 711.45 c 210.6 711.81 210.72 712.29 210.72 712.77 c 210.24 712.89 l 210.48 713.25 210.72 713.49 210.72 713.85 c 210.72 713.97 210.6 713.97 210.6 713.97 c 209.76 713.97 l 209.76 713.97 209.76 713.97 209.76 713.85 c 209.76 713.73 209.64 713.61 209.4 713.37 c 209.28 713.37 209.16 713.25 208.92 713.13 c 208.8 713.13 208.56 713.01 208.32 712.89 c 208.2 712.77 207.96 712.77 207.84 712.65 c 207.72 712.65 207.48 712.53 207.48 712.53 c 207.24 712.41 207.12 712.41 207.12 712.29 c 207 712.17 207 712.17 207 712.05 c 207 711.93 207 711.69 207.12 711.45 c 207.24 711.21 207.36 710.85 207.6 710.61 c 207.6 710.49 207.72 710.37 207.84 710.13 c 207.96 710.01 208.08 709.89 208.08 709.77 c 208.2 709.65 208.32 709.41 208.44 709.41 c 208.44 709.29 208.56 709.17 208.56 709.17 c 208.8 709.17 208.92 709.05 209.04 709.05 c 209.16 708.93 209.28 708.93 209.28 708.81 c 209.4 708.81 209.52 708.81 209.52 708.81 c 209.64 708.81 209.64 708.81 209.64 708.81 c 209.88 708.81 210.12 708.81 210.48 708.81 c 210.72 708.81 211.08 708.93 211.44 708.93 c 211.92 708.93 212.4 709.05 212.76 709.05 c 213.24 709.05 213.6 709.05 213.96 709.05 c 213.84 709.29 213.84 709.41 213.72 709.53 c h 209.16 710.61 m 208.92 710.73 208.8 710.85 208.68 710.97 c 208.56 711.09 208.32 711.33 208.2 711.45 c 208.08 711.69 207.96 711.81 207.84 712.05 c 208.2 712.05 208.56 712.17 208.92 712.29 c 209.28 712.41 209.52 712.53 209.76 712.65 c 209.76 711.69 209.52 710.97 209.16 710.61 c h f 
210.6 716.85 m 210.6 716.97 210.6 717.21 210.6 717.33 c 210.48 717.45 210.48 717.57 210.36 717.57 c 210.36 717.57 210.24 717.69 210.24 717.69 c 210.36 718.05 210.48 718.41 210.6 718.77 c 210.6 719.13 210.72 719.61 210.72 720.09 c 210.6 720.09 210.36 720.21 210.24 720.21 c 210 720.33 209.88 720.33 209.76 720.45 c 209.52 720.45 209.4 720.45 209.28 720.45 c 209.16 720.45 208.92 720.45 208.68 720.45 c 208.44 720.33 208.2 720.33 207.84 720.21 c 207.6 720.21 207.24 720.09 206.88 720.09 c 207 719.85 207.24 719.61 207.36 719.49 c 207.6 719.37 207.72 719.25 207.84 719.25 c 207.96 719.25 208.08 719.25 208.2 719.37 c 208.32 719.37 208.56 719.37 208.68 719.49 c 208.92 719.61 209.04 719.61 209.28 719.73 c 209.4 719.85 209.64 719.85 209.76 719.97 c 209.76 719.73 209.76 719.49 209.64 719.25 c 209.64 719.01 209.64 718.89 209.52 718.65 c 209.52 718.41 209.4 718.17 209.28 718.05 c 209.04 718.05 208.8 718.17 208.56 718.29 c 208.32 718.29 208.08 718.41 207.96 718.41 c 207.84 718.41 207.84 718.29 207.84 718.17 c 207.84 718.05 207.84 717.93 207.96 717.93 c 207.96 717.81 208.08 717.81 208.2 717.69 c 208.32 717.69 208.56 717.57 208.8 717.45 c 208.92 717.45 209.16 717.33 209.28 717.33 c 209.4 717.21 209.52 717.21 209.64 717.21 c 209.64 717.09 209.64 716.97 209.76 716.73 c 209.76 716.61 209.76 716.49 209.76 716.37 c 209.76 716.13 209.76 716.01 209.76 715.89 c 209.64 715.65 209.64 715.65 209.64 715.53 c 209.52 715.53 209.4 715.65 209.28 715.65 c 209.04 715.77 208.8 715.89 208.56 716.01 c 208.56 715.89 208.44 715.77 208.44 715.65 c 208.44 715.65 208.44 715.53 208.56 715.53 c 208.56 715.41 208.56 715.41 208.68 715.29 c 208.8 715.29 208.92 715.17 209.04 715.05 c 209.16 715.05 209.28 715.05 209.28 714.93 c 209.28 714.93 209.4 714.81 209.4 714.81 c 209.52 714.69 209.64 714.57 209.64 714.45 c 209.64 714.21 209.76 714.09 209.76 713.85 c 209.76 713.73 209.76 713.73 209.76 713.73 c 210.6 713.73 l 210.6 713.73 210.72 713.73 210.72 713.85 c 210.72 714.09 210.6 714.33 210.6 714.45 c 210.48 714.69 210.48 714.81 210.36 714.93 c 210.48 715.17 210.6 715.41 210.6 715.65 c 210.72 715.89 210.72 716.01 210.72 716.25 c 210.72 716.49 210.72 716.61 210.6 716.85 c h f 
204.36 726.81 m 204.36 726.33 l 204.6 726.21 204.84 725.97 205.2 725.61 c 205.44 725.25 205.68 724.89 205.92 724.41 c 206.64 724.41 l 206.64 724.65 206.4 725.01 206.28 725.25 c 206.04 725.61 205.92 725.85 205.68 725.97 c 210.72 725.97 l 210.72 726.81 l 204.36 726.81 l h f 
210 729.81 m 209.76 729.93 209.64 730.05 209.52 730.17 c 209.4 730.29 209.16 730.53 208.68 731.01 c 208.32 731.61 207.84 731.97 207.6 732.21 c 207.36 732.45 207.12 732.69 206.88 732.81 c 206.64 732.93 206.4 732.93 206.04 732.93 c 205.56 732.93 205.2 732.69 204.84 732.45 c 204.48 732.09 204.36 731.49 204.36 730.89 c 204.36 730.29 204.48 729.81 204.84 729.45 c 205.08 729.09 205.56 728.97 206.16 728.85 c 206.28 729.69 l 205.8 729.69 205.56 729.81 205.32 730.05 c 205.08 730.29 204.96 730.53 204.96 730.89 c 204.96 731.25 205.08 731.61 205.32 731.85 c 205.44 731.97 205.8 732.09 206.04 732.09 c 206.4 732.09 206.64 731.97 207 731.73 c 207.36 731.49 207.84 731.01 208.32 730.41 c 208.68 729.93 209.04 729.57 209.28 729.33 c 209.64 729.09 209.88 728.97 210.12 728.85 c 210.36 728.73 210.48 728.73 210.72 728.73 c 210.72 732.93 l 210 732.93 l 210 729.81 l h f 
155.4 709.17 m 155.4 709.29 155.28 709.41 155.16 709.53 c 154.92 709.41 154.68 709.41 154.44 709.41 c 154.2 709.29 153.96 709.29 153.72 709.29 c 153.24 709.17 152.76 709.17 152.4 709.05 c 152.04 709.05 151.68 708.93 151.44 708.93 c 151.32 709.05 151.2 709.17 151.08 709.29 c 151.08 709.53 150.96 709.65 150.84 709.77 c 151.08 709.65 151.32 709.53 151.56 709.53 c 151.8 709.53 151.92 709.65 152.16 709.89 c 152.28 710.13 152.4 710.49 152.52 710.85 c 152.64 711.21 152.64 711.57 152.64 712.05 c 152.28 712.17 l 152.52 712.41 152.64 712.77 152.64 713.01 c 152.64 713.13 152.64 713.13 152.52 713.13 c 151.92 713.13 l 151.8 713.13 151.8 713.13 151.8 713.01 c 151.8 712.89 151.68 712.77 151.56 712.65 c 151.44 712.53 151.32 712.53 151.08 712.41 c 150.96 712.29 150.72 712.29 150.6 712.17 c 150.36 712.05 150.24 712.05 150.12 711.93 c 149.88 711.93 149.76 711.81 149.76 711.81 c 149.64 711.69 149.52 711.69 149.4 711.57 c 149.4 711.57 149.28 711.45 149.28 711.33 c 149.28 711.21 149.4 711.09 149.4 710.85 c 149.52 710.61 149.64 710.37 149.88 710.13 c 149.88 710.01 150 709.77 150.12 709.65 c 150.12 709.53 150.24 709.41 150.36 709.29 c 150.48 709.17 150.48 709.05 150.6 708.93 c 150.6 708.93 150.72 708.81 150.72 708.81 c 150.96 708.81 151.08 708.69 151.2 708.69 c 151.32 708.57 151.32 708.57 151.44 708.57 c 151.44 708.57 151.56 708.45 151.56 708.45 c 151.68 708.45 151.68 708.45 151.8 708.45 c 151.92 708.45 152.16 708.45 152.4 708.45 c 152.64 708.57 153 708.57 153.36 708.57 c 153.72 708.57 154.2 708.69 154.56 708.69 c 154.92 708.69 155.28 708.69 155.64 708.69 c 155.52 708.93 155.52 709.05 155.4 709.17 c h 151.2 710.13 m 151.08 710.13 150.96 710.25 150.84 710.37 c 150.72 710.49 150.6 710.73 150.48 710.85 c 150.36 711.09 150.24 711.21 150.12 711.33 c 150.48 711.45 150.72 711.45 151.08 711.57 c 151.44 711.69 151.68 711.81 151.92 711.93 c 151.8 711.09 151.56 710.49 151.2 710.13 c h f 
152.64 715.65 m 152.64 715.89 152.64 716.01 152.52 716.13 c 152.52 716.25 152.52 716.37 152.4 716.37 c 152.4 716.37 152.28 716.37 152.28 716.49 c 152.4 716.85 152.52 717.09 152.52 717.45 c 152.64 717.81 152.64 718.17 152.64 718.53 c 152.52 718.65 152.4 718.77 152.28 718.77 c 152.04 718.77 151.92 718.89 151.8 718.89 c 151.68 719.01 151.56 719.01 151.44 719.01 c 151.32 719.01 151.08 719.01 150.84 718.89 c 150.6 718.89 150.36 718.77 150.12 718.77 c 149.88 718.65 149.52 718.65 149.28 718.53 c 149.4 718.41 149.52 718.17 149.64 718.05 c 149.88 717.93 150 717.93 150.12 717.93 c 150.24 717.93 150.24 717.93 150.36 717.93 c 150.6 717.93 150.72 718.05 150.84 718.05 c 151.08 718.17 151.2 718.29 151.32 718.29 c 151.56 718.41 151.68 718.41 151.8 718.53 c 151.8 718.29 151.8 718.05 151.8 717.93 c 151.68 717.69 151.68 717.45 151.68 717.33 c 151.56 717.09 151.56 716.97 151.44 716.73 c 151.2 716.85 150.96 716.85 150.72 716.97 c 150.48 717.09 150.36 717.09 150.24 717.21 c 150.12 717.09 150.12 716.97 150.12 716.85 c 150.12 716.85 150.12 716.73 150.12 716.61 c 150.24 716.61 150.24 716.49 150.36 716.49 c 150.6 716.37 150.72 716.37 150.96 716.25 c 151.08 716.25 151.2 716.13 151.44 716.13 c 151.56 716.13 151.68 716.01 151.68 716.01 c 151.68 715.89 151.8 715.77 151.8 715.65 c 151.8 715.53 151.8 715.41 151.8 715.29 c 151.8 715.05 151.8 714.93 151.8 714.81 c 151.8 714.69 151.68 714.57 151.68 714.57 c 151.68 714.57 151.56 714.57 151.32 714.69 c 151.2 714.81 150.96 714.81 150.72 714.93 c 150.72 714.81 150.72 714.81 150.72 714.69 c 150.72 714.57 150.72 714.57 150.72 714.45 c 150.72 714.45 150.84 714.33 150.84 714.33 c 150.96 714.21 151.08 714.21 151.2 714.09 c 151.32 714.09 151.32 714.09 151.44 713.97 c 151.44 713.97 151.44 713.97 151.56 713.85 c 151.68 713.73 151.68 713.61 151.68 713.49 c 151.8 713.37 151.8 713.25 151.8 713.01 c 151.8 712.89 151.8 712.89 151.8 712.89 c 152.52 712.89 l 152.64 712.89 152.64 712.89 152.64 713.01 c 152.64 713.25 152.64 713.37 152.52 713.61 c 152.52 713.73 152.4 713.97 152.4 713.97 c 152.4 714.21 152.52 714.33 152.64 714.57 c 152.64 714.81 152.64 715.05 152.64 715.17 c 152.64 715.29 152.64 715.53 152.64 715.65 c h f 
152.64 725.01 m 151.32 725.01 l 151.32 725.73 l 150.6 725.73 l 150.6 725.01 l 147 725.01 l 147 724.41 l 150.6 721.77 l 151.32 721.77 l 151.32 724.29 l 152.64 724.29 l 152.64 725.01 l h 150.6 722.49 m 148.08 724.29 l 150.6 724.29 l 150.6 722.49 l h f 
151.8 727.65 m 152.64 727.65 l 152.64 726.81 l 151.8 726.81 l h f 
152.28 729.33 m 152.64 729.57 152.76 730.05 152.76 730.53 c 152.76 731.25 152.52 731.73 152.04 732.09 c 151.68 732.33 151.2 732.57 150.72 732.57 c 150.24 732.57 149.76 732.33 149.4 731.97 c 149.04 731.61 148.92 731.25 148.92 730.77 c 148.92 730.41 149.04 730.05 149.28 729.69 c 147.72 729.93 l 147.72 732.21 l 147 732.21 l 147 729.45 l 150 728.85 l 150 729.57 l 149.88 729.57 149.76 729.81 149.64 729.93 c 149.52 730.17 149.52 730.29 149.52 730.53 c 149.52 730.89 149.64 731.25 149.88 731.49 c 150.12 731.61 150.36 731.73 150.84 731.73 c 151.2 731.73 151.56 731.61 151.8 731.37 c 152.04 731.25 152.16 730.89 152.16 730.53 c 152.16 730.29 152.16 730.05 151.92 729.81 c 151.8 729.69 151.44 729.57 151.08 729.45 c 151.2 728.73 l 151.68 728.73 152.04 728.97 152.28 729.33 c h f 
q 0.12 0 0 -0.12 0 841.89 cm 7 w 1 J 1 j 0.925 0.008 0.553 SC 1313 884 m 1313 1139 l 1680 1351 l 1680 671 l 1313 884 l h S Q 
q 0.12 0 0 -0.12 0 841.89 cm 7 w 1 J 1 j 0.925 0.008 0.553 SC 1348 1159 m 1351 1153 1353 1146 1353 1139 c 1353 1117 1335 1099 1313 1099 c S Q 
q 0.12 0 0 -0.12 0 841.89 cm 7 w 1 J 1 j 0.925 0.008 0.553 SC 1313 926 m 1335 926 1353 908 1353 886 c 1353 878 1350 870 1346 864 c S Q 
1 w 0.141 0.125 0.129 sc 165.72 710.49 m 165.24 710.49 l 165.12 710.13 164.88 709.89 164.52 709.65 c 164.28 709.29 163.92 709.05 163.44 708.81 c 163.44 708.09 l 163.68 708.21 163.92 708.33 164.28 708.45 c 164.52 708.69 164.76 708.81 165 709.05 c 165 704.01 l 165.72 704.01 l 165.72 710.49 l h f 
168.72 704.73 m 168.84 704.97 168.96 705.09 169.08 705.21 c 169.2 705.33 169.56 705.57 170.04 706.05 c 170.52 706.53 171 706.89 171.24 707.13 c 171.48 707.37 171.6 707.73 171.72 707.97 c 171.84 708.21 171.84 708.45 171.84 708.69 c 171.84 709.17 171.72 709.65 171.36 709.89 c 171 710.25 170.52 710.49 169.92 710.49 c 169.32 710.49 168.84 710.25 168.48 710.01 c 168.12 709.65 167.88 709.17 167.76 708.57 c 168.6 708.57 l 168.6 708.93 168.72 709.29 168.96 709.41 c 169.2 709.65 169.44 709.77 169.92 709.77 c 170.28 709.77 170.52 709.65 170.76 709.53 c 171 709.29 171.12 709.05 171.12 708.69 c 171.12 708.45 171 708.09 170.76 707.73 c 170.4 707.37 170.04 707.01 169.32 706.41 c 168.84 706.05 168.48 705.69 168.24 705.45 c 168 705.09 167.88 704.85 167.76 704.61 c 167.64 704.37 167.64 704.25 167.64 704.01 c 171.84 704.01 l 171.84 704.73 l 168.72 704.73 l h f 
173.4 704.61 m 173.64 704.13 174.12 703.89 174.84 703.89 c 175.2 703.89 175.68 704.01 175.92 704.25 c 176.28 704.61 176.52 704.85 176.64 705.33 c 176.76 705.81 176.88 706.41 176.88 707.13 c 176.88 707.85 176.76 708.33 176.76 708.69 c 176.64 709.05 176.52 709.41 176.28 709.65 c 176.16 709.89 175.92 710.13 175.68 710.25 c 175.44 710.37 175.08 710.49 174.84 710.49 c 174.36 710.49 174 710.37 173.64 710.13 c 173.28 709.77 173.04 709.53 172.92 709.05 c 172.8 708.57 172.68 707.97 172.68 707.13 c 172.68 705.93 172.92 705.09 173.4 704.61 c h 173.88 709.29 m 174.12 709.65 174.48 709.77 174.72 709.77 c 175.2 709.77 175.44 709.65 175.68 709.29 c 175.92 708.93 176.04 708.21 176.04 707.13 c 176.04 706.17 175.92 705.45 175.68 705.09 c 175.44 704.73 175.2 704.61 174.84 704.61 c 174.48 704.61 174.12 704.73 173.88 705.09 c 173.64 705.45 173.52 706.17 173.52 707.13 c 173.52 708.21 173.64 708.93 173.88 709.29 c h f 
178.44 710.73 m 178.8 710.37 179.16 710.25 179.52 710.25 c 180 710.25 180.36 710.37 180.72 710.73 c 180.96 710.97 181.08 711.33 181.08 711.81 c 181.08 712.29 180.96 712.65 180.72 712.89 c 180.36 713.25 180 713.37 179.52 713.37 c 179.16 713.37 178.8 713.25 178.44 712.89 c 178.2 712.65 177.96 712.29 177.96 711.81 c 177.96 711.33 178.2 710.97 178.44 710.73 c h 178.92 712.53 m 179.04 712.65 179.28 712.77 179.52 712.77 c 179.88 712.77 180 712.65 180.24 712.53 c 180.48 712.29 180.48 712.05 180.48 711.81 c 180.48 711.57 180.48 711.33 180.24 711.09 c 180 710.97 179.88 710.85 179.52 710.85 c 179.28 710.85 179.04 710.97 178.92 711.09 c 178.68 711.33 178.56 711.57 178.56 711.81 c 178.56 712.05 178.68 712.29 178.92 712.53 c h f 
166.08 737.61 m 165.6 737.61 l 165.48 737.37 165.24 737.13 164.88 736.77 c 164.52 736.53 164.16 736.29 163.8 736.05 c 163.8 735.33 l 163.92 735.33 164.28 735.45 164.52 735.69 c 164.88 735.81 165.12 736.05 165.36 736.17 c 165.36 731.25 l 166.08 731.25 l 166.08 737.61 l h f 
169.08 731.97 m 169.2 732.09 169.32 732.21 169.44 732.45 c 169.56 732.57 169.8 732.81 170.28 733.17 c 170.88 733.65 171.24 734.01 171.48 734.37 c 171.72 734.61 171.96 734.85 171.96 735.09 c 172.08 735.33 172.2 735.57 172.2 735.81 c 172.2 736.41 171.96 736.77 171.6 737.13 c 171.24 737.49 170.76 737.61 170.16 737.61 c 169.56 737.61 169.08 737.49 168.72 737.13 c 168.36 736.89 168.24 736.41 168.12 735.81 c 168.96 735.69 l 168.96 736.17 169.08 736.41 169.32 736.65 c 169.44 736.89 169.8 737.01 170.16 737.01 c 170.52 737.01 170.88 736.89 171 736.65 c 171.24 736.41 171.36 736.17 171.36 735.93 c 171.36 735.57 171.24 735.21 171 734.97 c 170.76 734.61 170.28 734.13 169.56 733.53 c 169.2 733.17 168.84 732.93 168.6 732.57 c 168.36 732.33 168.24 732.09 168.12 731.73 c 168 731.61 168 731.37 168 731.25 c 172.2 731.25 l 172.2 731.97 l 169.08 731.97 l h f 
173.64 731.73 m 174 731.37 174.48 731.13 175.08 731.13 c 175.56 731.13 175.92 731.25 176.28 731.49 c 176.52 731.73 176.76 732.09 176.88 732.57 c 177.12 733.05 177.12 733.65 177.12 734.37 c 177.12 734.97 177.12 735.57 177 735.93 c 176.88 736.29 176.76 736.53 176.64 736.89 c 176.52 737.13 176.28 737.25 176.04 737.49 c 175.68 737.61 175.44 737.61 175.08 737.61 c 174.6 737.61 174.24 737.49 174 737.25 c 173.64 737.01 173.4 736.65 173.28 736.17 c 173.16 735.69 173.04 735.09 173.04 734.37 c 173.04 733.17 173.28 732.33 173.64 731.73 c h 174.24 736.53 m 174.48 736.89 174.72 737.01 175.08 737.01 c 175.44 737.01 175.8 736.77 176.04 736.53 c 176.28 736.17 176.4 735.45 176.4 734.37 c 176.4 733.29 176.28 732.57 176.04 732.33 c 175.8 731.97 175.44 731.73 175.08 731.73 c 174.72 731.73 174.48 731.97 174.24 732.33 c 174 732.57 173.88 733.29 173.88 734.37 c 173.88 735.45 174 736.17 174.24 736.53 c h f 
178.8 737.85 m 179.04 737.61 179.4 737.37 179.88 737.37 c 180.36 737.37 180.72 737.61 180.96 737.85 c 181.32 738.21 181.44 738.57 181.44 739.05 c 181.44 739.41 181.32 739.77 180.96 740.13 c 180.72 740.37 180.36 740.61 179.88 740.61 c 179.4 740.61 179.04 740.37 178.8 740.13 c 178.44 739.77 178.32 739.41 178.32 739.05 c 178.32 738.57 178.44 738.21 178.8 737.85 c h 179.16 739.65 m 179.4 739.89 179.64 739.89 179.88 739.89 c 180.12 739.89 180.36 739.89 180.6 739.65 c 180.72 739.53 180.84 739.29 180.84 739.05 c 180.84 738.69 180.72 738.45 180.6 738.33 c 180.36 738.09 180.12 738.09 179.88 738.09 c 179.64 738.09 179.4 738.09 179.16 738.33 c 179.04 738.45 178.92 738.69 178.92 739.05 c 178.92 739.29 179.04 739.53 179.16 739.65 c h f 
0.925 0.008 0.553 sc 201.6 721.05 m 201.6 721.05 l 201.6 721.05 l 199.44 714.45 l 201.6 717.93 l 203.64 714.45 l 201.6 721.05 l 201.6 721.05 l 201.6 721.05 l h f 
201.6 726.57 m 201.6 726.57 l 201.6 726.57 l 199.44 719.97 l 201.6 723.33 l 203.64 719.97 l 201.6 726.57 l 201.6 726.57 l 201.6 726.57 l h f 
157.56 721.05 m 157.56 721.05 l 157.56 721.05 l 155.4 714.45 l 157.56 717.93 l 159.72 714.45 l 157.56 721.05 l 157.56 721.05 l 157.56 721.05 l h f 
157.56 726.57 m 157.56 726.57 l 157.56 726.57 l 155.4 719.97 l 157.56 723.33 l 159.72 719.97 l 157.56 726.57 l 157.56 726.57 l 157.56 726.57 l h f 
0.969 0.58 0.114 sc 373.92 671.73 m 373.92 652.89 l 510 652.89 l 513.12 652.89 515.64 655.41 515.64 658.53 c 515.64 666.09 l 515.64 669.21 513.12 671.73 510 671.73 c 373.92 671.73 l h f 
1 1 1 sc 400.68 658.89 m 400.32 658.89 399.84 659.01 399.48 659.01 c 399.24 659.01 399.12 659.13 399 659.37 c 398.88 659.61 398.88 659.85 398.76 660.09 c 398.76 660.45 398.64 660.81 398.64 661.05 c 398.64 661.05 398.64 661.05 398.52 661.05 c 398.76 660.93 399.12 660.81 399.72 660.69 c 399.96 660.69 400.08 660.69 400.32 660.69 c 400.68 660.69 401.28 660.81 401.88 660.93 c 402.48 660.93 403.2 661.17 404.04 661.53 c 403.92 661.89 403.8 662.01 403.56 662.13 c 403.32 662.25 403.08 662.25 402.84 662.37 c 402.6 662.37 402.24 662.37 402 662.49 c 401.76 662.61 401.52 662.73 401.28 662.97 c 401.16 663.09 401.04 663.33 401.04 663.81 c 401.04 663.81 401.04 663.93 401.04 664.05 c 401.04 664.29 401.04 664.65 401.16 664.89 c 401.52 664.53 401.76 664.41 402.12 664.29 c 402.48 664.05 402.84 663.93 403.08 663.93 c 403.32 663.81 403.56 663.69 403.68 663.69 c 403.92 663.57 404.16 663.45 404.52 663.21 c 404.64 663.09 404.88 662.97 405 662.73 c 405.24 662.37 405.24 662.13 405.24 661.77 c 405.24 661.53 405.24 661.17 405 660.81 c 404.88 660.57 404.76 660.33 404.52 660.21 c 403.68 659.61 402.72 659.13 401.64 659.01 c 401.28 659.01 401.04 658.89 400.68 658.89 c h f 
406.8 658.89 m 406.8 660.45 406.8 661.53 406.68 661.89 c 406.68 662.37 406.56 662.73 406.44 663.21 c 406.32 663.93 406.2 664.65 406.2 665.25 c 406.08 665.97 406.08 666.57 406.2 667.17 c 406.2 667.41 406.44 667.53 406.8 667.65 c 407.04 667.77 407.4 667.89 407.76 667.89 c 407.64 667.17 407.64 666.33 407.76 665.37 c 407.88 664.41 408 663.45 408.12 662.61 c 408.24 661.89 408.36 661.41 408.48 660.93 c 408.48 660.45 408.48 660.09 408.48 659.85 c 408.48 659.49 408.24 659.25 408 659.13 c 407.76 659.01 407.4 658.89 406.8 658.89 c h f 
411.12 656.73 m 411 656.73 410.76 656.85 410.52 656.85 c 410.28 656.97 410.04 656.97 409.92 657.09 c 410.64 657.57 411.12 658.05 411.6 658.41 c 411.96 658.77 412.32 659.37 412.68 659.97 c 412.08 659.85 411.72 659.73 411.48 659.73 c 411 659.73 410.76 659.85 410.4 659.97 c 410.04 660.21 409.8 660.45 409.56 660.81 c 409.32 661.17 409.2 661.65 409.2 662.01 c 409.2 662.49 409.32 662.97 409.68 663.33 c 409.92 663.69 410.28 664.05 410.76 664.29 c 411.24 664.53 411.72 664.65 412.44 664.65 c 412.56 664.65 l 413.04 664.65 413.4 664.53 413.88 664.41 c 414.24 664.17 414.48 663.93 414.72 663.57 c 414.96 663.21 415.08 662.85 415.08 662.37 c 415.08 662.13 l 414.96 661.17 414.72 660.45 414.48 659.73 c 414.12 659.13 413.76 658.53 413.4 658.05 c 413.04 657.69 412.68 657.33 412.32 657.09 c 412.08 656.97 411.84 656.85 411.48 656.85 c 411.36 656.73 411.24 656.73 411.12 656.73 c h 411.96 660.45 m 412.32 660.57 412.56 660.69 412.8 660.93 c 413.04 661.29 413.16 661.53 413.28 661.77 c 413.28 662.01 413.28 662.13 413.28 662.25 c 413.28 662.37 413.28 662.49 413.28 662.73 c 413.16 662.85 413.16 663.09 413.04 663.21 c 412.92 663.45 412.68 663.57 412.44 663.57 c 412.2 663.57 411.96 663.45 411.72 663.33 c 411.6 663.21 411.36 662.97 411.24 662.73 c 411.12 662.37 411 662.01 411 661.65 c 411 661.65 411 661.41 411 661.29 c 411.12 661.05 411.24 660.93 411.36 660.81 c 411.48 660.57 411.72 660.45 411.96 660.45 c h f 
419.28 658.77 m 419.04 658.77 418.68 658.77 418.44 658.89 c 417.72 659.01 417.12 659.25 416.76 659.85 c 416.52 660.21 416.4 660.69 416.4 661.29 c 416.4 661.41 416.52 661.65 416.52 661.89 c 416.64 662.85 417.12 663.57 417.72 664.05 c 418.2 664.41 418.8 664.65 419.4 664.65 c 419.64 664.65 419.76 664.65 420 664.53 c 420.48 664.53 420.84 664.29 421.2 664.05 c 421.56 663.69 421.8 663.33 421.92 662.85 c 422.04 662.61 422.04 662.25 422.04 662.01 c 422.04 661.77 422.04 661.65 422.04 661.41 c 421.8 660.69 421.68 660.09 421.32 659.73 c 420.84 659.13 420.12 658.77 419.28 658.77 c h 419.04 660.09 m 419.52 660.09 420 660.45 420.24 661.05 c 420.36 661.17 420.48 661.41 420.48 661.65 c 420.48 661.77 420.48 661.89 420.48 662.01 c 420.48 662.13 420.48 662.25 420.48 662.49 c 420.48 662.73 420.36 662.85 420.12 663.09 c 420 663.21 419.76 663.21 419.64 663.21 c 419.52 663.21 419.4 663.21 419.28 663.21 c 419.16 663.09 419.04 662.97 418.8 662.85 c 418.32 662.37 418.08 661.77 418.08 661.17 c 418.08 660.81 418.2 660.57 418.44 660.33 c 418.68 660.21 418.8 660.09 419.04 660.09 c h 416.4 658.77 m 416.4 658.77 416.16 658.77 415.8 658.89 c 415.56 658.89 415.2 659.13 414.84 659.61 c 414.6 659.85 414.48 660.09 414.36 660.45 c 414.12 660.69 414.12 660.93 414 661.29 c 414 661.41 414 661.53 414 661.65 c 414 661.89 414 662.01 414 662.01 c 414.12 662.01 414.12 662.01 414 662.01 c 414.12 661.89 414.12 661.77 414.24 661.65 c 414.36 661.41 414.48 661.05 414.72 660.81 c 414.84 660.57 415.08 660.45 415.32 660.33 c 415.44 660.21 415.56 660.21 415.68 660.21 c 415.92 660.21 416.04 660.21 416.28 660.33 c 416.52 660.45 416.64 660.69 416.76 660.93 c 417.48 660.21 l 417.84 660.09 417.96 660.09 418.08 659.97 c 418.08 659.85 418.08 659.85 418.08 659.85 c 418.08 659.73 418.08 659.73 418.08 659.61 c 417.96 659.49 417.84 659.37 417.72 659.25 c 417.36 658.89 416.88 658.77 416.4 658.77 c h f 
424.56 658.77 m 424.32 658.65 424.08 658.65 423.6 658.65 c 423.12 658.65 422.64 658.77 422.28 659.01 c 421.92 659.25 421.56 659.61 421.2 660.21 c 420.96 660.69 420.84 661.05 420.72 661.29 c 420.72 661.65 420.72 661.77 420.84 661.77 c 420.84 661.77 420.84 661.77 420.96 661.65 c 420.96 661.65 421.2 661.41 421.56 661.05 c 421.92 660.69 422.28 660.45 422.76 660.33 c 423.24 660.21 423.6 660.21 423.84 660.45 c 423.96 660.69 424.08 660.81 424.08 660.93 c 424.08 661.41 423.96 662.13 423.72 663.21 c 423.48 664.53 423.36 665.49 423.36 666.21 c 423.36 666.57 423.36 666.93 423.48 667.17 c 423.48 667.41 423.72 667.53 423.96 667.65 c 424.32 667.89 424.68 667.89 425.04 667.89 c 424.92 667.65 424.92 667.29 424.92 666.81 c 424.92 665.85 425.04 664.41 425.4 662.61 c 425.64 661.41 425.76 660.69 425.76 660.45 c 425.76 660.21 425.76 659.97 425.64 659.73 c 425.64 659.49 425.4 659.25 425.16 659.01 c 424.92 658.89 424.8 658.77 424.56 658.77 c h f 
427.32 658.89 m 427.32 660.45 427.32 661.53 427.2 661.89 c 427.2 662.37 427.08 662.73 426.96 663.21 c 426.84 663.93 426.72 664.65 426.72 665.25 c 426.6 665.97 426.6 666.57 426.72 667.17 c 426.72 667.41 426.96 667.53 427.2 667.65 c 427.56 667.77 427.92 667.89 428.28 667.89 c 428.16 667.17 428.16 666.33 428.28 665.37 c 428.4 664.41 428.52 663.45 428.64 662.61 c 428.76 661.89 428.88 661.41 429 660.93 c 429 660.45 429 660.09 429 659.85 c 429 659.49 428.76 659.25 428.52 659.13 c 428.28 659.01 427.92 658.89 427.32 658.89 c h f 
439.8 659.37 m 439.68 658.77 439.44 658.17 438.96 657.69 c 438.48 657.21 437.76 656.97 437.04 656.73 c 436.32 656.49 435.6 656.49 434.76 656.73 c 434.16 656.85 433.56 657.21 433.2 657.57 c 432.72 657.93 432.36 658.41 432.12 658.89 c 431.88 659.37 431.88 659.85 431.88 660.45 c 431.88 660.93 431.88 661.41 432 661.77 c 432.24 662.13 432.36 662.49 432.6 662.73 c 432.84 662.97 433.08 663.21 433.44 663.33 c 433.68 663.33 433.92 663.45 434.16 663.33 c 434.4 663.33 434.52 663.21 434.52 663.09 c 434.64 662.85 434.76 662.73 434.76 662.61 c 434.76 662.37 434.76 662.25 434.76 662.13 c 434.76 662.01 434.76 662.01 434.76 662.01 c 434.52 662.01 434.16 661.89 433.92 661.77 c 433.68 661.77 433.44 661.53 433.32 661.41 c 433.2 661.17 433.08 660.93 433.08 660.57 c 433.08 660.21 433.32 659.73 433.68 659.37 c 434.04 659.01 434.64 658.77 435.24 658.65 c 435.48 658.53 435.84 658.53 436.2 658.53 c 436.56 658.65 436.92 658.65 437.16 658.77 c 437.52 659.01 437.76 659.13 438 659.37 c 438 659.49 438 659.49 438.12 659.49 c 438.24 660.09 438.24 660.57 438.12 661.05 c 438 661.41 438 661.65 438 661.89 c 437.88 662.25 437.76 662.61 437.64 663.09 c 437.52 663.69 437.4 664.41 437.4 665.13 c 437.28 665.97 437.28 666.69 437.4 667.17 c 437.4 667.29 437.64 667.53 438 667.65 c 438.36 667.77 438.72 667.77 439.08 667.89 c 438.96 667.17 438.96 666.33 439.08 665.25 c 439.2 664.17 439.44 663.21 439.56 662.37 c 439.68 661.89 439.8 661.41 439.8 660.93 c 439.92 660.45 439.92 659.97 439.8 659.37 c h f 
444 658.65 m 444 658.65 443.88 658.77 443.64 658.77 c 443.52 658.77 443.28 658.77 443.16 658.77 c 442.44 658.89 441.84 659.25 441.48 659.73 c 441.24 660.21 441.12 660.57 441.12 661.17 c 441.12 661.29 441.12 661.53 441.24 661.77 c 441.36 662.73 441.72 663.45 442.44 663.93 c 442.92 664.29 443.52 664.53 444.12 664.53 c 444.24 664.53 444.48 664.41 444.6 664.41 c 445.08 664.41 445.44 664.17 445.8 663.93 c 446.16 663.57 446.4 663.21 446.52 662.73 c 446.64 662.49 446.64 662.13 446.64 661.89 c 446.64 661.65 446.64 661.53 446.64 661.29 c 446.52 660.57 446.28 659.97 445.92 659.61 c 445.44 659.01 444.72 658.65 444 658.65 c h 443.64 659.97 m 444.24 659.97 444.6 660.33 444.96 660.93 c 444.96 661.17 445.08 661.29 445.08 661.53 c 445.2 661.65 445.2 661.77 445.2 661.89 c 445.2 662.01 445.08 662.13 445.08 662.37 c 445.08 662.61 444.96 662.73 444.72 662.97 c 444.6 663.09 444.48 663.09 444.24 663.09 c 444.24 663.09 444.12 663.09 444 663.09 c 443.76 662.97 443.64 662.85 443.52 662.73 c 443.28 662.49 443.16 662.37 443.04 662.13 c 442.8 661.77 442.8 661.53 442.68 661.17 c 442.68 661.05 l 442.68 660.81 442.92 660.45 443.16 660.21 c 443.28 660.09 443.52 659.97 443.64 659.97 c h 441.12 658.77 m 441.12 658.77 440.88 658.77 440.64 658.89 c 440.28 658.89 439.92 659.13 439.56 659.61 c 439.32 659.85 439.2 660.09 439.08 660.45 c 438.96 660.69 438.84 660.93 438.72 661.29 c 438.72 661.41 438.72 661.53 438.72 661.65 c 438.72 661.89 438.72 662.01 438.84 662.01 c 438.84 662.01 438.84 662.01 438.84 662.01 c 438.84 661.89 438.96 661.77 438.96 661.65 c 439.08 661.41 439.32 661.05 439.44 660.81 c 439.68 660.57 439.8 660.45 440.04 660.33 c 440.16 660.21 440.28 660.21 440.4 660.21 c 440.64 660.21 440.76 660.21 441 660.33 c 441.24 660.45 441.36 660.69 441.48 660.93 c 442.2 660.21 l 442.56 660.09 442.68 660.09 442.8 659.97 c 442.8 659.85 442.8 659.85 442.8 659.85 c 442.8 659.73 442.8 659.73 442.8 659.61 c 442.68 659.49 442.68 659.37 442.44 659.25 c 442.08 658.89 441.6 658.77 441.12 658.77 c h f 
448.44 658.89 m 448.44 660.45 448.44 661.53 448.32 661.89 c 448.32 662.37 448.2 662.73 448.08 663.21 c 447.96 663.93 447.84 664.65 447.72 665.25 c 447.72 665.97 447.72 666.57 447.84 667.17 c 447.84 667.41 448.08 667.53 448.32 667.65 c 448.68 667.77 449.04 667.89 449.4 667.89 c 449.28 667.17 449.28 666.33 449.4 665.37 c 449.52 664.41 449.64 663.45 449.76 662.61 c 449.88 661.89 450 661.41 450 660.93 c 450.12 660.45 450.12 660.09 450.12 659.85 c 450 659.49 449.88 659.25 449.64 659.13 c 449.4 659.01 449.04 658.89 448.44 658.89 c h f 
452.76 659.01 m 452.28 659.01 451.92 659.01 451.44 659.13 c 451.08 659.25 450.72 659.49 450.36 659.73 c 450 659.97 449.64 660.33 449.52 660.57 c 449.28 660.93 449.04 661.29 449.04 661.65 c 448.92 661.77 l 448.92 661.77 449.04 661.77 449.04 661.77 c 449.04 661.77 449.04 661.77 449.16 661.65 c 449.28 661.65 449.4 661.53 449.64 661.29 c 449.88 661.17 450.12 660.93 450.6 660.81 c 450.96 660.57 451.32 660.45 451.68 660.33 c 451.8 660.33 452.04 660.33 452.16 660.33 c 452.4 660.33 452.64 660.33 452.88 660.45 c 453.12 660.45 453.36 660.69 453.6 660.93 c 453.72 661.29 453.84 661.65 453.84 662.01 c 453.84 662.37 453.72 662.61 453.6 662.85 c 453.24 663.33 452.88 663.69 452.52 663.93 c 452.16 664.05 451.8 664.17 451.32 664.17 c 451.2 664.17 451.08 664.17 451.08 664.17 c 451.32 665.01 l 451.68 665.13 452.04 665.25 452.4 665.25 c 452.4 665.25 452.64 665.25 452.88 665.25 c 453.12 665.25 453.48 665.13 453.84 664.89 c 454.2 664.65 454.56 664.29 454.92 663.81 c 455.28 663.09 455.4 662.49 455.52 662.01 c 455.52 661.89 455.52 661.77 455.52 661.65 c 455.52 661.29 455.4 660.81 455.28 660.45 c 455.04 660.09 454.8 659.73 454.56 659.49 c 454.2 659.25 453.84 659.01 453.6 659.01 c 453.24 659.01 453 659.01 452.76 659.01 c h 451.32 663.57 m 451.2 663.81 450.96 664.17 450.96 664.41 c 450.84 664.65 450.84 664.77 450.84 664.89 c 450.84 665.13 451.08 665.49 451.56 665.73 c 451.92 665.97 452.28 666.09 452.76 666.33 c 453.24 666.57 453.84 666.81 454.44 667.17 c 454.92 667.53 455.4 667.77 455.88 668.25 c 456.36 668.01 456.6 667.77 456.72 667.41 c 456.84 667.29 456.84 667.17 456.84 667.05 c 456.84 666.81 456.72 666.57 456.6 666.33 c 455.64 665.85 454.8 665.49 453.96 665.13 c 453.36 664.77 452.76 664.53 452.28 664.29 c 451.8 664.05 451.56 663.81 451.32 663.57 c h f 
459.84 665.25 m 459.84 665.25 l 459.48 665.37 459.12 665.49 458.76 665.49 c 458.52 665.49 458.4 665.49 458.28 665.37 c 458.28 665.37 458.28 665.49 458.16 665.61 c 458.16 665.85 458.16 665.97 458.16 666.09 c 458.16 666.21 458.16 666.21 458.16 666.33 c 458.16 666.45 458.16 666.45 458.28 666.57 c 458.4 666.69 458.52 666.81 458.76 666.81 c 458.76 666.81 458.88 666.81 459 666.81 c 459.12 666.81 459.36 666.81 459.6 666.69 c 459.6 666.57 459.72 666.45 459.72 666.21 c 459.72 666.09 459.84 665.85 459.84 665.61 c 459.84 665.49 459.84 665.37 459.72 665.37 c 459.72 665.25 459.84 665.25 459.84 665.25 c h 457.8 665.25 m 457.44 665.37 457.08 665.49 456.84 665.49 c 456.48 665.49 456.24 665.49 456.24 665.37 c 456.24 665.37 456.24 665.49 456.12 665.61 c 456.12 665.85 456.12 665.97 456.12 666.21 c 456.12 666.33 456.12 666.45 456.12 666.57 c 456.36 666.81 456.48 666.81 456.72 666.81 c 457.08 666.81 457.32 666.81 457.56 666.69 c 457.56 666.57 457.68 666.45 457.68 666.21 c 457.68 666.09 457.68 665.85 457.68 665.73 c 457.68 665.61 457.68 665.49 457.68 665.37 c 457.68 665.37 457.8 665.25 457.8 665.25 c h 456.48 658.89 m 456.48 658.89 l 456.36 658.89 456.24 658.89 456.12 658.89 c 456 658.89 456 659.01 455.88 659.01 c 455.76 659.01 l 455.4 659.37 455.16 659.61 455.04 659.97 c 454.8 660.21 454.68 660.57 454.56 660.81 c 454.56 661.05 454.56 661.17 454.56 661.29 c 454.56 661.41 454.56 661.53 454.56 661.53 c 454.56 661.65 454.56 661.65 454.68 661.65 c 454.68 661.65 454.68 661.65 454.68 661.65 c 454.68 661.65 454.8 661.53 454.92 661.41 c 455.04 661.17 455.16 660.93 455.4 660.81 c 455.52 660.57 455.76 660.33 456 660.33 c 456.12 660.21 456.24 660.21 456.36 660.21 c 456.6 660.21 456.72 660.21 456.96 660.33 c 457.2 660.45 457.32 660.81 457.44 661.17 c 457.56 661.41 457.56 661.77 457.56 662.25 c 457.56 662.25 457.56 662.37 457.56 662.61 c 457.56 662.85 457.56 663.21 457.44 663.57 c 457.32 663.93 457.2 664.29 457.2 664.29 c 457.44 664.53 457.8 664.65 458.28 664.65 c 458.76 664.65 459.12 664.41 459.36 663.93 c 459.36 663.69 459.48 663.33 459.48 662.85 c 459.48 662.61 l 459.48 662.25 459.48 661.89 459.48 661.53 c 459.36 661.17 459.36 660.81 459.36 660.45 c 459.36 660.33 459.36 660.09 459.36 659.85 c 459.36 659.49 459.48 659.25 459.6 659.01 c 459.48 659.01 459.24 659.01 459.12 659.01 c 458.4 659.01 457.92 659.13 457.68 659.49 c 457.2 659.13 456.84 658.89 456.48 658.89 c h f 
462.48 656.73 m 462.36 656.73 462.12 656.85 461.88 656.85 c 461.64 656.97 461.4 656.97 461.4 657.09 c 462 657.57 462.48 658.05 462.96 658.41 c 463.32 658.77 463.68 659.37 464.04 659.97 c 463.44 659.85 463.08 659.73 462.84 659.73 c 462.48 659.73 462.12 659.85 461.76 659.97 c 461.4 660.21 461.16 660.45 460.92 660.81 c 460.68 661.17 460.68 661.65 460.68 662.01 c 460.68 662.49 460.8 662.97 461.04 663.33 c 461.28 663.69 461.64 664.05 462.12 664.29 c 462.6 664.53 463.2 664.65 463.8 664.65 c 463.92 664.65 l 464.4 664.65 464.88 664.53 465.24 664.41 c 465.6 664.17 465.96 663.93 466.2 663.57 c 466.32 663.21 466.44 662.85 466.44 662.37 c 466.44 662.13 l 466.32 661.17 466.08 660.45 465.84 659.73 c 465.48 659.13 465.24 658.53 464.76 658.05 c 464.4 657.69 464.04 657.33 463.68 657.09 c 463.56 656.97 463.2 656.85 462.96 656.85 c 462.72 656.73 462.6 656.73 462.48 656.73 c h 463.32 660.45 m 463.68 660.57 464.04 660.69 464.16 660.93 c 464.4 661.29 464.52 661.53 464.64 661.77 c 464.64 662.01 464.64 662.13 464.64 662.25 c 464.64 662.37 464.64 662.49 464.64 662.73 c 464.64 662.85 464.52 663.09 464.4 663.21 c 464.28 663.45 464.04 663.57 463.8 663.57 c 463.56 663.57 463.32 663.45 463.08 663.33 c 462.96 663.21 462.84 662.97 462.72 662.73 c 462.48 662.37 462.36 662.01 462.36 661.65 c 462.36 661.65 462.36 661.41 462.48 661.29 c 462.48 661.05 462.6 660.93 462.72 660.81 c 462.84 660.57 463.08 660.45 463.32 660.45 c h f 
476.88 659.37 m 476.76 658.77 476.52 658.17 476.04 657.69 c 475.56 657.21 474.96 656.97 474.12 656.73 c 473.4 656.49 472.68 656.49 471.84 656.73 c 471.24 656.85 470.64 657.21 470.28 657.57 c 469.8 657.93 469.44 658.41 469.2 658.89 c 469.08 659.37 468.96 659.85 468.96 660.45 c 468.96 660.93 468.96 661.41 469.2 661.77 c 469.32 662.13 469.44 662.49 469.68 662.73 c 469.92 662.97 470.16 663.21 470.52 663.33 c 470.76 663.33 471 663.45 471.24 663.33 c 471.48 663.33 471.6 663.21 471.72 663.09 c 471.72 662.85 471.84 662.73 471.84 662.61 c 471.84 662.37 471.84 662.25 471.84 662.13 c 471.84 662.01 471.84 662.01 471.84 662.01 c 471.6 662.01 471.24 661.89 471 661.77 c 470.76 661.77 470.64 661.53 470.4 661.41 c 470.28 661.17 470.16 660.93 470.16 660.57 c 470.16 660.21 470.4 659.73 470.76 659.37 c 471.24 659.01 471.72 658.77 472.32 658.65 c 472.56 658.53 472.92 658.53 473.28 658.53 c 473.64 658.65 474 658.65 474.24 658.77 c 474.6 659.01 474.84 659.13 475.08 659.37 c 475.08 659.49 475.08 659.49 475.2 659.49 c 475.32 660.09 475.32 660.57 475.2 661.05 c 475.2 661.41 475.08 661.65 475.08 661.89 c 474.96 662.25 474.84 662.61 474.84 663.09 c 474.6 663.69 474.48 664.41 474.48 665.13 c 474.36 665.97 474.36 666.69 474.48 667.17 c 474.48 667.29 474.72 667.53 475.08 667.65 c 475.44 667.77 475.8 667.77 476.16 667.89 c 476.04 667.17 476.04 666.33 476.16 665.25 c 476.28 664.17 476.52 663.21 476.64 662.37 c 476.76 661.89 476.88 661.41 477 660.93 c 477 660.45 477 659.97 476.88 659.37 c h f 
478.44 658.89 m 478.32 658.89 477.96 659.01 477.72 659.01 c 477.36 659.13 477.12 659.37 476.88 659.73 c 476.64 659.97 476.52 660.21 476.28 660.57 c 476.16 660.81 476.04 661.17 476.04 661.41 c 476.04 661.53 476.04 661.77 476.04 661.89 c 476.04 662.01 476.04 662.13 476.04 662.13 c 476.04 662.13 476.04 662.13 476.04 662.13 c 476.16 662.01 476.16 661.89 476.28 661.77 c 476.4 661.53 476.52 661.29 476.76 660.93 c 476.88 660.69 477.12 660.57 477.36 660.45 c 477.48 660.33 477.6 660.33 477.72 660.33 c 477.84 660.33 478.08 660.33 478.32 660.45 c 478.56 660.57 478.68 660.81 478.8 661.17 c 478.92 661.53 478.92 661.89 478.92 662.25 c 478.92 662.25 478.92 662.49 478.92 662.61 c 478.92 662.85 478.8 663.21 478.8 663.57 c 478.68 663.93 478.56 664.17 478.44 664.29 c 478.68 664.41 479.04 664.53 479.4 664.65 c 479.52 664.65 479.52 664.65 479.64 664.65 c 479.88 664.65 480.12 664.65 480.24 664.53 c 480.48 664.41 480.6 664.17 480.6 663.93 c 480.72 663.21 480.84 662.61 480.84 662.01 c 480.84 661.77 480.84 661.41 480.72 660.93 c 480.72 660.57 480.48 660.09 480.12 659.73 c 479.64 659.13 479.16 658.89 478.44 658.89 c h 478.8 658.29 m 478.68 658.29 478.68 658.17 478.68 658.17 c 478.68 658.05 478.68 657.93 478.68 657.81 c 478.68 657.69 478.68 657.45 478.68 657.33 c 478.56 657.09 478.56 656.97 478.56 656.97 c 478.32 656.85 478.08 656.73 477.84 656.73 c 477.6 656.73 477.36 656.85 477.24 656.97 c 477.12 657.09 477.12 657.21 477.12 657.33 c 477.12 657.57 477.12 657.69 477.24 657.93 c 477.24 658.05 477.24 658.17 477.24 658.17 c 477.36 658.05 477.48 658.05 477.84 658.05 c 478.08 658.05 478.44 658.17 478.8 658.29 c h 480.72 658.29 m 480.6 658.29 480.6 658.17 480.6 658.17 c 480.6 658.05 480.6 657.93 480.6 657.81 c 480.6 657.69 480.6 657.45 480.48 657.33 c 480.48 657.09 480.48 656.97 480.36 656.97 c 480.12 656.85 480 656.73 479.64 656.73 c 479.4 656.73 479.28 656.85 479.04 656.97 c 479.04 657.09 479.04 657.21 479.04 657.33 c 479.04 657.57 479.04 657.69 479.04 657.93 c 479.16 658.05 479.16 658.17 479.16 658.17 c 479.28 658.05 479.4 658.05 479.76 658.05 c 480 658.05 480.36 658.17 480.72 658.29 c h f 
483.36 658.77 m 483.12 658.65 482.76 658.65 482.4 658.65 c 481.92 658.65 481.44 658.77 481.08 659.01 c 480.6 659.25 480.36 659.61 480 660.21 c 479.76 660.69 479.64 661.05 479.52 661.29 c 479.52 661.65 479.52 661.77 479.64 661.77 c 479.64 661.77 479.64 661.77 479.76 661.65 c 479.76 661.65 480 661.41 480.36 661.05 c 480.72 660.69 481.08 660.45 481.56 660.33 c 482.04 660.21 482.4 660.21 482.52 660.45 c 482.76 660.69 482.88 660.81 482.88 660.93 c 482.88 661.41 482.76 662.13 482.52 663.21 c 482.28 664.53 482.16 665.49 482.16 666.21 c 482.16 666.57 482.16 666.93 482.16 667.17 c 482.28 667.41 482.4 667.53 482.76 667.65 c 483.12 667.89 483.48 667.89 483.72 667.89 c 483.72 667.65 483.72 667.29 483.72 666.81 c 483.72 665.85 483.84 664.41 484.2 662.61 c 484.44 661.41 484.56 660.69 484.56 660.45 c 484.56 660.21 484.56 659.97 484.44 659.73 c 484.44 659.49 484.2 659.25 483.96 659.01 c 483.72 658.89 483.6 658.77 483.36 658.77 c h f 
486.6 665.61 m 486.6 665.61 486.72 665.49 487.08 665.13 c 487.68 664.77 488.16 664.41 488.76 664.17 c 489.24 663.93 489.84 663.69 490.56 663.45 c 491.16 663.33 491.64 663.33 492.24 663.21 c 492.84 663.21 493.08 662.85 492.96 662.13 c 492.84 661.41 492.6 661.17 492.24 661.17 c 491.88 661.17 491.28 660.93 490.68 660.45 c 489.96 659.97 489.36 659.61 488.76 659.25 c 487.8 658.89 486.84 658.77 485.76 659.01 c 484.8 659.37 483.96 659.85 483.48 660.81 c 483 661.65 483.12 661.89 483.96 661.41 c 484.68 660.81 485.64 660.57 486.84 660.57 c 487.68 660.57 488.88 661.17 490.56 662.13 c 489.24 662.25 488.04 662.37 486.96 662.73 c 486.48 662.97 486.12 663.21 486.12 663.45 c 486 663.57 486 663.81 486 663.93 c 486 664.05 l 486 664.89 486.12 665.37 486.48 665.61 c 486.48 665.61 486.48 665.61 486.6 665.61 c h f 
494.04 658.89 m 493.8 658.89 493.56 658.89 493.32 659.01 c 492.96 659.13 492.72 659.37 492.36 659.73 c 492.24 659.97 492 660.21 491.88 660.57 c 491.76 660.81 491.64 661.05 491.64 661.41 c 491.52 661.53 491.52 661.65 491.52 661.77 c 491.52 662.01 491.64 662.13 491.64 662.13 c 491.64 662.13 491.64 662.13 491.64 662.13 c 491.64 662.01 491.76 661.89 491.88 661.77 c 492 661.53 492.12 661.17 492.36 660.93 c 492.48 660.69 492.72 660.45 492.96 660.33 c 493.08 660.33 493.2 660.33 493.32 660.33 c 493.44 660.33 493.68 660.33 493.8 660.45 c 494.04 660.57 494.28 660.81 494.4 661.17 c 494.4 661.53 494.52 661.89 494.52 662.25 c 494.52 662.25 494.52 662.37 494.52 662.61 c 494.52 662.85 494.4 663.21 494.28 663.57 c 494.28 663.93 494.16 664.17 494.04 664.29 c 494.28 664.41 494.64 664.53 495 664.65 c 495 664.65 495.12 664.65 495.24 664.65 c 495.48 664.65 495.72 664.65 495.84 664.53 c 496.08 664.41 496.2 664.17 496.2 663.93 c 496.32 663.21 496.44 662.61 496.44 662.01 c 496.44 661.77 496.44 661.41 496.32 660.93 c 496.2 660.45 496.08 660.09 495.72 659.73 c 495.24 659.13 494.76 658.89 494.04 658.89 c h 496.56 665.25 m 496.56 665.25 l 496.08 665.37 495.72 665.49 495.36 665.49 c 495.12 665.49 495 665.49 494.88 665.37 c 494.88 665.37 494.88 665.49 494.88 665.61 c 494.88 665.85 494.76 665.97 494.76 666.21 c 494.76 666.33 l 494.76 666.45 494.88 666.45 494.88 666.57 c 495 666.81 495.24 666.81 495.48 666.81 c 495.48 666.81 495.48 666.81 495.72 666.81 c 495.84 666.81 495.96 666.81 496.2 666.69 c 496.32 666.57 496.32 666.45 496.44 666.33 c 496.44 666.09 496.44 665.85 496.44 665.61 c 496.44 665.49 496.44 665.49 496.44 665.37 c 496.44 665.25 496.44 665.25 496.56 665.25 c h 494.52 665.25 m 494.16 665.37 493.8 665.49 493.44 665.49 c 493.2 665.49 492.96 665.49 492.96 665.37 c 492.96 665.37 492.84 665.49 492.84 665.61 c 492.84 665.85 492.72 665.97 492.84 666.21 c 492.84 666.33 492.84 666.45 492.84 666.57 c 492.96 666.81 493.2 666.81 493.44 666.81 c 493.68 666.81 494.04 666.81 494.28 666.69 c 494.28 666.57 494.28 666.45 494.4 666.21 c 494.4 666.09 494.4 665.97 494.4 665.73 c 494.4 665.61 494.4 665.49 494.4 665.37 c 494.4 665.37 494.4 665.25 494.52 665.25 c h f 
499.08 658.77 m 498.84 658.65 498.48 658.65 498 658.65 c 497.64 658.65 497.16 658.77 496.8 659.01 c 496.32 659.25 495.96 659.61 495.72 660.21 c 495.48 660.69 495.24 661.05 495.24 661.29 c 495.24 661.65 495.24 661.77 495.36 661.77 c 495.36 661.77 495.36 661.77 495.36 661.65 c 495.48 661.65 495.6 661.41 495.96 661.05 c 496.32 660.69 496.8 660.45 497.28 660.33 c 497.64 660.21 498 660.21 498.24 660.45 c 498.48 660.69 498.6 660.81 498.6 660.93 c 498.6 661.41 498.36 662.13 498.24 663.21 c 498 664.53 497.76 665.49 497.76 666.21 c 497.76 666.57 497.88 666.93 497.88 667.17 c 498 667.41 498.12 667.53 498.48 667.65 c 498.84 667.89 499.08 667.89 499.44 667.89 c 499.44 667.65 499.44 667.29 499.44 666.81 c 499.44 665.85 499.56 664.41 499.92 662.61 c 500.16 661.41 500.28 660.69 500.28 660.45 c 500.28 660.21 500.28 659.97 500.16 659.73 c 500.04 659.49 499.92 659.25 499.56 659.01 c 499.44 658.89 499.2 658.77 499.08 658.77 c h f 
501.84 658.89 m 501.84 660.45 501.72 661.53 501.72 661.89 c 501.6 662.37 501.6 662.73 501.48 663.21 c 501.36 663.93 501.24 664.65 501.12 665.25 c 501 665.97 501 666.57 501.12 667.17 c 501.24 667.41 501.36 667.53 501.72 667.65 c 502.08 667.77 502.44 667.89 502.68 667.89 c 502.56 667.17 502.68 666.33 502.68 665.37 c 502.8 664.41 503.04 663.45 503.16 662.61 c 503.28 661.89 503.4 661.41 503.4 660.93 c 503.52 660.45 503.52 660.09 503.4 659.85 c 503.4 659.49 503.28 659.25 503.04 659.13 c 502.8 659.01 502.32 658.89 501.84 658.89 c h f 
0.106 0.549 0.804 sc 531.36 650.37 m 538.08 650.37 543.48 655.77 543.48 662.49 c 543.48 669.21 538.08 674.73 531.36 674.73 c 524.64 674.73 519.24 669.21 519.24 662.49 c 519.24 655.77 524.64 650.37 531.36 650.37 c h f 
1 1 1 sc 522.96 658.29 m 522.96 659.97 522.96 661.05 522.84 661.53 c 522.72 661.89 522.72 662.37 522.6 662.85 c 522.48 663.57 522.36 664.29 522.24 665.01 c 522.12 665.73 522.12 666.33 522.24 667.05 c 522.36 667.17 522.48 667.29 522.84 667.53 c 523.2 667.65 523.56 667.77 523.92 667.77 c 523.8 666.93 523.8 666.09 523.92 665.01 c 524.04 664.05 524.16 663.09 524.4 662.13 c 524.52 661.53 524.52 660.93 524.64 660.45 c 524.76 659.97 524.76 659.61 524.64 659.25 c 524.64 659.01 524.52 658.77 524.28 658.53 c 523.92 658.41 523.56 658.29 522.96 658.29 c h f 
527.4 669.57 m 527.16 669.45 527.04 669.57 526.92 669.57 c 526.92 669.69 526.92 669.69 526.92 669.69 c 528.84 670.05 l 528.96 670.05 528.96 670.05 528.96 669.93 c 528.96 669.93 l 528.12 669.69 527.64 669.57 527.4 669.57 c h 527.04 670.29 m 527.04 670.29 527.04 670.29 527.04 670.29 c 526.92 670.29 526.92 670.41 526.92 670.41 c 526.92 670.53 526.92 670.53 526.92 670.53 c 528.24 670.77 528.84 670.89 528.84 670.89 c 528.84 670.89 528.96 670.89 528.96 670.89 c 528.96 670.89 528.96 670.89 528.96 670.77 c 528.96 670.65 l 527.76 670.41 527.04 670.29 527.04 670.29 c h f 
526.44 658.29 m 526.2 658.29 525.96 658.41 525.6 658.53 c 525.24 658.53 525 658.89 524.76 659.25 c 524.52 659.49 524.28 659.73 524.16 659.97 c 524.04 660.33 523.92 660.57 523.92 660.93 c 523.8 661.05 523.8 661.29 523.8 661.41 c 523.8 661.65 523.8 661.65 523.92 661.65 c 523.92 661.65 523.92 661.77 523.92 661.77 c 523.92 661.65 524.04 661.53 524.16 661.29 c 524.28 661.05 524.4 660.81 524.64 660.45 c 524.76 660.21 525 659.97 525.24 659.85 c 525.36 659.85 525.48 659.85 525.6 659.85 c 525.84 659.85 525.96 659.85 526.2 659.97 c 526.44 660.09 526.68 660.33 526.8 660.69 c 526.8 661.05 526.92 661.41 526.92 661.77 c 526.92 661.89 526.92 662.01 526.92 662.25 c 526.92 662.49 526.8 662.85 526.68 663.21 c 526.68 663.57 526.56 663.81 526.44 663.93 c 526.68 664.17 527.04 664.29 527.4 664.29 c 527.52 664.29 527.52 664.29 527.64 664.29 c 527.88 664.29 528.12 664.29 528.24 664.17 c 528.48 664.05 528.6 663.93 528.72 663.57 c 528.84 662.85 528.96 662.13 528.96 661.65 c 528.96 661.29 528.84 660.93 528.84 660.45 c 528.72 659.97 528.48 659.61 528.12 659.13 c 527.64 658.65 527.16 658.29 526.44 658.29 c h 529.2 665.01 m 529.2 665.01 l 528.72 665.13 528.36 665.25 528 665.25 c 527.76 665.25 527.64 665.25 527.52 665.13 c 527.52 665.13 527.52 665.25 527.52 665.37 c 527.4 665.49 527.4 665.73 527.4 665.85 c 527.4 666.09 527.4 666.21 527.52 666.33 c 527.64 666.57 527.76 666.57 528 666.57 c 528.12 666.57 528.12 666.57 528.24 666.57 c 528.48 666.57 528.6 666.57 528.84 666.45 c 529.08 666.21 529.08 665.85 529.08 665.37 c 529.08 665.25 529.08 665.13 529.08 665.01 c 529.08 665.01 529.08 665.01 529.2 665.01 c h 527.16 665.01 m 526.68 665.13 526.32 665.25 526.08 665.25 c 525.72 665.25 525.48 665.25 525.48 665.13 c 525.48 665.13 525.36 665.25 525.36 665.37 c 525.36 665.61 525.36 665.73 525.36 665.97 c 525.36 666.09 525.36 666.21 525.36 666.33 c 525.6 666.57 525.72 666.57 526.08 666.57 c 526.32 666.57 526.56 666.57 526.8 666.45 c 526.92 666.33 526.92 666.21 526.92 665.97 c 527.04 665.85 527.04 665.61 527.04 665.49 c 527.04 665.25 527.04 665.13 527.04 665.13 c 527.04 665.01 527.04 665.01 527.16 665.01 c h 528.12 666.93 m 527.76 667.05 527.4 667.05 527.04 667.17 c 526.68 667.17 526.56 667.05 526.44 667.05 c 526.44 667.05 526.44 667.17 526.32 667.29 c 526.32 667.41 526.32 667.65 526.32 667.77 c 526.32 668.01 526.32 668.13 526.44 668.25 c 526.56 668.49 526.8 668.49 527.04 668.49 c 527.28 668.49 527.52 668.49 527.76 668.37 c 527.88 668.25 527.88 668.13 528 667.89 c 528 667.77 528 667.53 528 667.41 c 528 667.17 528 667.05 528 667.05 c 528 666.93 528 666.93 528.12 666.93 c h f 
531.72 658.17 m 531.48 658.05 531.12 658.05 530.64 658.05 c 530.16 658.05 529.68 658.17 529.32 658.41 c 528.84 658.65 528.48 659.13 528.24 659.61 c 527.88 660.21 527.76 660.57 527.64 660.93 c 527.64 661.17 527.64 661.29 527.76 661.29 c 527.76 661.29 527.76 661.29 527.88 661.29 c 527.88 661.17 528.12 660.93 528.48 660.57 c 528.84 660.21 529.32 659.97 529.8 659.85 c 530.28 659.73 530.64 659.73 530.88 659.97 c 531.12 660.21 531.24 660.33 531.24 660.45 c 531.12 660.93 531 661.77 530.76 662.85 c 530.52 664.17 530.4 665.25 530.4 665.97 c 530.4 666.33 530.4 666.69 530.52 667.05 c 530.52 667.17 530.76 667.41 531.12 667.53 c 531.48 667.65 531.72 667.77 532.08 667.77 c 532.08 667.41 532.08 667.05 532.08 666.57 c 532.08 665.49 532.2 664.05 532.56 662.13 c 532.8 660.93 532.92 660.21 532.92 659.97 c 532.92 659.73 532.92 659.49 532.8 659.25 c 532.8 659.01 532.56 658.77 532.32 658.53 c 532.08 658.29 531.96 658.29 531.72 658.17 c h f 
534.6 658.29 m 534.6 659.97 534.48 661.05 534.48 661.53 c 534.36 661.89 534.24 662.37 534.24 662.85 c 534.12 663.57 534 664.29 533.88 665.01 c 533.76 665.73 533.76 666.33 533.88 667.05 c 533.88 667.17 534.12 667.29 534.48 667.53 c 534.84 667.65 535.2 667.77 535.56 667.77 c 535.44 666.93 535.44 666.09 535.56 665.01 c 535.68 664.05 535.8 663.09 535.92 662.13 c 536.04 661.53 536.16 660.93 536.28 660.45 c 536.28 659.97 536.28 659.61 536.28 659.25 c 536.28 659.01 536.16 658.77 535.8 658.53 c 535.56 658.41 535.2 658.29 534.6 658.29 c h f 
540.96 664.89 m 540.96 664.89 l 540.48 665.13 540.12 665.13 539.76 665.13 c 539.52 665.13 539.4 665.13 539.28 665.13 c 539.28 665.13 539.28 665.13 539.28 665.37 c 539.16 665.49 539.16 665.73 539.16 665.85 c 539.16 666.09 l 539.16 666.09 539.16 666.21 539.28 666.33 c 539.4 666.45 539.52 666.57 539.76 666.57 c 539.88 666.57 539.88 666.57 540.12 666.57 c 540.24 666.57 540.36 666.45 540.72 666.45 c 540.72 666.33 540.72 666.21 540.84 665.97 c 540.84 665.73 540.84 665.61 540.84 665.37 c 540.84 665.25 540.84 665.13 540.84 665.01 c 540.84 665.01 540.84 664.89 540.96 664.89 c h 538.68 664.89 m 538.32 665.13 537.96 665.13 537.72 665.13 c 537.36 665.25 537.12 665.13 537.12 665.13 c 537.12 665.13 537 665.13 537 665.37 c 537 665.49 536.88 665.73 536.88 665.85 c 536.88 666.09 537 666.21 537 666.33 c 537.12 666.45 537.36 666.57 537.6 666.57 c 537.96 666.57 538.2 666.45 538.44 666.45 c 538.44 666.33 538.56 666.21 538.56 665.97 c 538.56 665.85 538.68 665.61 538.68 665.49 c 538.68 665.25 538.68 665.13 538.68 665.13 c 538.68 665.01 538.68 665.01 538.68 664.89 c h 539.76 666.81 m 539.28 666.93 539.04 667.05 538.68 667.05 c 538.32 667.05 538.2 667.05 538.08 666.93 c 538.08 667.05 538.08 667.05 537.96 667.29 c 537.96 667.41 537.96 667.53 537.96 667.77 c 537.96 668.01 537.96 668.13 537.96 668.25 c 538.2 668.37 538.32 668.49 538.68 668.49 c 538.92 668.49 539.16 668.37 539.4 668.25 c 539.52 668.13 539.52 668.01 539.52 667.89 c 539.64 667.65 539.64 667.53 539.64 667.29 c 539.64 667.17 539.64 667.05 539.64 666.93 c 539.64 666.93 539.64 666.81 539.76 666.81 c h 537.36 658.29 m 537.36 658.29 l 537.24 658.29 537.12 658.29 537 658.29 c 536.88 658.41 536.76 658.41 536.76 658.41 c 536.64 658.53 l 536.28 658.77 536.04 659.01 535.8 659.37 c 535.44 659.97 535.32 660.45 535.32 660.81 c 535.32 660.93 535.32 661.05 535.32 661.05 c 535.32 661.17 535.44 661.17 535.44 661.17 c 535.44 661.17 535.44 661.17 535.44 661.17 c 535.44 661.17 535.56 661.05 535.68 660.93 c 535.8 660.69 535.92 660.45 536.16 660.21 c 536.4 660.09 536.64 659.85 536.88 659.73 c 537 659.73 537.12 659.73 537.24 659.73 c 537.36 659.73 537.6 659.73 537.84 659.85 c 538.08 659.97 538.2 660.21 538.32 660.69 c 538.44 661.05 538.44 661.41 538.44 661.77 c 538.44 661.77 538.44 662.01 538.44 662.25 c 538.44 662.49 538.44 662.85 538.32 663.21 c 538.2 663.57 538.2 663.93 538.08 664.05 c 538.32 664.17 538.56 664.29 538.92 664.29 c 539.04 664.29 539.04 664.29 539.16 664.29 c 539.64 664.29 540.12 664.05 540.24 663.57 c 540.36 663.21 540.48 662.85 540.48 662.37 c 540.48 662.01 540.48 661.53 540.36 661.05 c 540.36 660.69 540.36 660.33 540.36 659.85 c 540.36 659.73 540.36 659.61 540.36 659.25 c 540.36 659.01 540.48 658.77 540.48 658.41 c 540.36 658.41 540.24 658.41 540 658.41 c 539.76 658.41 539.52 658.41 539.28 658.53 c 538.92 658.53 538.68 658.77 538.56 659.01 c 538.08 658.53 537.72 658.29 537.36 658.29 c h f 
q 365.28 649.65 24.84 24.12 re W* n
1 0.831 0.38 sc 369.84 653.61 m 365.28 658.17 365.28 665.49 369.84 670.05 c 374.28 674.61 381.72 674.61 386.16 670.05 c 390.72 665.49 390.72 658.17 386.16 653.61 c 381.72 649.05 374.28 649.05 369.84 653.61 c h f Q 
1 w 0.961 0.706 0.259 sc 371.04 653.61 m 366.48 658.17 366.48 665.49 371.04 670.05 c 373.08 672.21 375.84 673.29 378.6 673.41 c 375.48 673.65 372.24 672.45 369.84 670.05 c 365.28 665.49 365.28 658.17 369.84 653.61 c 372.24 651.21 375.48 650.01 378.6 650.25 c 375.84 650.37 373.08 651.45 371.04 653.61 c h f 
1 1 1 sc 378 652.17 m 372.72 652.17 368.4 656.49 368.4 661.77 c 368.4 667.17 372.72 671.37 378 671.37 c 383.28 671.37 387.6 667.17 387.6 661.77 c 387.6 656.49 383.28 652.17 378 652.17 c h f 
369.72 661.77 m 369.72 666.93 373.56 671.13 378.6 671.37 c 378.36 671.37 378.24 671.37 378 671.37 c 372.72 671.37 368.4 667.17 368.4 661.77 c 368.4 656.25 373.08 651.93 378.6 652.29 c 373.56 652.53 369.72 656.73 369.72 661.77 c h f 
0.443 0.482 0.533 sc 374.4 652.89 m 374.4 662.97 l 371.28 662.97 l 371.04 662.97 370.8 662.73 370.8 662.49 c 370.8 655.41 l 371.76 654.33 372.96 653.49 374.4 652.89 c h f 
0.424 0.773 0.647 sc 377.88 652.17 m 377.88 666.45 l 376.08 666.45 l 376.08 666.45 375.36 666.45 374.88 666.45 c 374.52 666.45 374.4 666.21 374.4 665.97 c 374.4 652.89 l 375.48 652.41 376.68 652.17 377.88 652.17 c h f 
0.42 0.608 0.82 sc 381.36 652.77 m 381.36 669.93 l 378.36 669.93 l 378.12 669.93 377.88 669.69 377.88 669.45 c 377.88 652.17 l 379.08 652.17 380.28 652.41 381.36 652.77 c h f 
0.945 0.361 0.361 sc 384.96 655.17 m 384.96 672.93 l 384.96 673.17 384.72 673.41 384.48 673.41 c 383.16 673.41 l 383.16 673.41 382.44 673.41 381.96 673.41 c 381.6 673.41 381.36 673.17 381.36 672.93 c 381.36 652.77 l 382.8 653.37 384 654.21 384.96 655.17 c h f 
0.224 0.286 0.345 sc 372 662.49 m 372 662.73 372.12 662.85 372.24 662.97 c 371.28 662.97 l 371.04 662.97 370.8 662.73 370.8 662.49 c 370.8 655.41 l 371.16 655.05 371.64 654.69 372 654.33 c 372 662.49 l h f 
0.122 0.706 0.522 sc 375.6 666.09 m 375.6 666.21 375.6 666.33 375.72 666.45 c 375.48 666.45 375.12 666.45 374.88 666.45 c 374.52 666.45 374.4 666.21 374.4 665.97 c 374.4 652.89 l 374.76 652.77 375.12 652.65 375.6 652.53 c 375.6 666.09 l h f 
0.275 0.522 0.773 sc 379.08 665.97 m 379.08 669.57 l 379.08 669.69 379.2 669.81 379.32 669.93 c 378.36 669.93 l 378.12 669.93 377.88 669.69 377.88 669.45 c 377.88 652.17 l 378.24 652.17 378.72 652.17 379.08 652.29 c 379.08 665.97 l h f 
0.863 0.263 0.298 sc 382.68 673.05 m 382.68 673.17 382.68 673.29 382.8 673.41 c 382.56 673.41 382.2 673.41 381.96 673.41 c 381.6 673.41 381.36 673.17 381.36 672.93 c 381.36 652.77 l 381.84 653.01 382.2 653.13 382.68 653.37 c 382.68 673.05 l h f 
q 364.8 649.65 25.32 24.12 re W* n
0.141 0.125 0.129 sc 387.12 661.77 m 387.12 659.85 386.52 658.05 385.44 656.49 c 385.44 660.69 l 385.44 660.93 385.2 661.17 384.96 661.17 c 384.72 661.17 384.48 660.93 384.48 660.69 c 384.48 655.41 l 383.76 654.57 382.92 653.97 381.96 653.49 c 381.96 654.57 381.96 672.09 381.96 672.93 c 381.96 672.93 l 381.96 672.93 381.96 672.93 381.96 672.93 c 384.48 672.93 l 384.48 672.93 384.48 672.93 384.48 672.93 c 384.48 672.21 384.48 663.33 384.48 662.85 c 384.48 662.61 384.72 662.37 384.96 662.37 c 385.2 662.37 385.44 662.61 385.44 662.85 c 385.44 667.05 l 386.52 665.49 387.12 663.69 387.12 661.77 c h 381 670.41 m 378.36 670.41 l 377.88 670.41 377.52 669.93 377.52 669.45 c 377.52 666.93 l 374.88 666.93 l 374.4 666.93 373.92 666.45 373.92 665.97 c 373.92 663.45 l 371.4 663.45 l 370.8 663.45 370.44 662.97 370.44 662.49 c 370.44 656.85 l 366.48 662.85 370.8 670.89 378 670.89 c 379.08 670.89 380.04 670.77 381 670.41 c 381 670.41 l h 381 653.13 m 380.16 652.89 379.2 652.65 378.36 652.65 c 378.36 669.45 l 378.36 669.45 378.36 669.45 378.36 669.45 c 381 669.45 l 381 653.13 l h 377.52 652.65 m 376.56 652.77 375.72 652.89 374.88 653.25 c 374.88 653.37 374.88 665.73 374.88 665.97 c 374.88 665.97 374.88 665.97 374.88 665.97 c 377.52 665.97 l 377.52 652.65 l h 373.92 653.61 m 372.96 654.09 372 654.81 371.28 655.65 c 371.28 662.49 l 371.28 662.49 371.28 662.49 371.4 662.49 c 373.92 662.49 l 373.92 653.61 l h 369.84 652.89 m 371.88 651.09 374.4 649.89 377.16 649.77 c 377.16 649.77 377.16 649.77 377.28 649.77 c 377.52 649.77 377.64 649.89 377.64 650.13 c 377.64 650.37 377.52 650.61 377.28 650.61 c 371.52 651.09 366.96 655.77 366.96 661.77 c 366.96 669.21 373.92 674.49 381 672.57 c 381 671.37 l 374.52 673.41 368.04 668.49 368.04 661.77 c 368.04 656.25 372.48 651.69 378 651.69 c 382.8 651.69 385.2 654.81 385.32 654.93 c 385.32 654.93 385.32 654.93 385.32 654.93 c 385.32 654.93 385.32 654.93 385.32 654.93 c 387.12 656.73 388.08 659.25 388.08 661.77 c 388.08 664.29 387.12 666.69 385.44 668.49 c 385.44 670.05 l 387.84 668.01 389.16 665.01 389.16 661.77 c 389.16 656.13 384.96 651.33 379.32 650.73 c 379.08 650.61 378.84 650.37 378.96 650.13 c 378.96 649.89 379.2 649.77 379.44 649.77 c 385.44 650.49 390.12 655.65 390.12 661.77 c 390.12 665.61 388.32 668.97 385.44 671.25 c 385.44 672.93 l 385.44 673.41 385.08 673.89 384.48 673.89 c 381.96 673.89 l 381.6 673.89 381.36 673.65 381.12 673.41 c 377.04 674.61 372.6 673.41 369.48 670.29 c 364.92 665.73 364.8 658.29 369.24 653.61 c h f Q 
1 w 0.141 0.125 0.129 sc 361.68 653.85 m 360.6 656.73 l 361.44 657.09 l 362.52 654.21 l 361.68 653.85 l h f 
356.04 651.81 m 355.56 651.69 355.08 651.93 354.96 652.29 c 354.48 653.61 l 354.36 654.09 354.6 654.57 355.08 654.69 c 359.76 656.37 l 360.72 653.49 l 356.04 651.81 l h f 
365.04 655.05 m 363.36 654.45 l 362.28 657.33 l 363.96 657.93 l 364.08 658.05 364.32 657.93 364.32 657.81 c 365.16 655.41 l 365.28 655.29 365.16 655.17 365.04 655.05 c h f 
q 353.64 650.49 13.44 8.52 re W* n
366.72 657.81 m 365.4 657.33 l 365.16 658.05 l 364.92 658.77 364.32 659.01 363.72 658.77 c 361.56 658.05 356.64 656.25 354.72 655.53 c 353.76 655.17 353.28 654.21 353.64 653.25 c 354.12 651.93 l 354.48 651.09 355.44 650.61 356.28 650.97 c 356.52 650.97 364.44 653.97 365.28 654.21 c 366 654.45 366.24 655.17 366 655.77 c 365.76 656.49 l 366.96 656.97 l h f Q 
1 w 0.961 0.533 0.518 sc 354.48 652.17 m 354.12 653.49 l 353.76 654.21 354.12 654.93 354.84 655.17 c 363.84 658.41 l 364.2 658.53 364.56 658.41 364.8 658.05 c 365.64 655.65 l 365.76 655.29 365.52 654.81 365.16 654.69 c 356.16 651.45 l 355.44 651.21 354.72 651.57 354.48 652.17 c h f 
0.945 0.361 0.361 sc 355.08 653.97 m 364.44 657.33 l 364.56 657.45 364.8 657.45 365.04 657.33 c 364.8 658.05 l 364.56 658.41 364.2 658.53 363.84 658.41 c 354.84 655.17 l 354.12 654.93 353.76 654.21 354.12 653.49 c 354.24 653.01 l 354.36 653.37 354.6 653.85 355.08 653.97 c h f 
0.953 0.475 0.439 sc 361.68 657.69 m 363 653.97 l 361.32 653.37 l 360 657.09 l 361.68 657.69 l h f 
0.863 0.263 0.298 sc 362.16 656.49 m 360.36 655.89 l 360 657.09 l 361.68 657.69 l 362.16 656.49 l h f 
q 353.64 650.49 13.44 8.52 re W* n
0.141 0.125 0.129 sc 365.04 655.05 m 363.36 654.45 l 362.28 657.33 l 363.96 657.93 l 364.08 658.05 364.32 657.93 364.32 657.81 c 365.16 655.41 l 365.28 655.29 365.16 655.17 365.04 655.05 c h 361.68 653.85 m 360.6 656.73 l 361.44 656.97 l 362.52 654.21 l 361.68 653.85 l h 356.04 651.81 m 355.56 651.69 355.08 651.93 354.96 652.29 c 354.48 653.61 l 354.36 654.09 354.6 654.57 355.08 654.69 c 359.76 656.37 l 360.72 653.49 l 356.04 651.81 l h 366.72 657.81 m 365.4 657.33 l 365.16 658.05 l 364.92 658.77 364.32 659.01 363.72 658.77 c 361.56 658.05 356.64 656.25 354.72 655.53 c 353.76 655.17 353.28 654.21 353.64 653.25 c 354.12 651.93 l 354.48 651.09 355.44 650.61 356.28 650.97 c 356.52 650.97 364.44 653.97 365.28 654.21 c 366 654.45 366.24 655.17 366 655.77 c 365.76 656.49 l 366.96 656.97 l h f Q 
1 w 0.141 0.125 0.129 sc 303.96 482.61 m 303.72 482.85 303.6 482.97 303.48 483.09 c 303.24 483.21 303.12 483.21 303 483.33 c 303 483.45 303 483.57 303.12 483.57 c 303.12 483.69 303.24 483.81 303.24 483.81 c 303.24 483.93 303.36 484.05 303.36 484.05 c 303.36 484.17 303.48 484.29 303.48 484.29 c 303.72 484.17 303.84 484.17 303.96 484.05 c 304.2 483.93 304.32 483.81 304.32 483.81 c 304.44 483.69 304.44 483.57 304.44 483.57 c 304.44 483.45 304.32 483.21 303.96 482.61 c h f 
310.2 483.45 m 309.84 483.45 309.36 483.57 309.12 483.69 c 308.88 483.81 308.64 484.05 308.64 484.41 c 308.52 484.65 l 308.16 483.81 l 307.92 483.81 307.68 483.93 307.56 483.93 c 307.44 483.93 307.32 483.93 307.2 483.93 c 307.08 484.05 306.96 484.05 306.84 484.05 c 306.6 484.17 306.48 484.17 306.36 484.29 c 306.12 484.41 306 484.53 305.88 484.65 c 305.76 484.77 305.64 484.89 305.64 484.89 c 305.64 485.01 305.76 485.13 305.76 485.25 c 305.76 485.37 305.88 485.61 305.88 485.73 c 306 485.85 306 485.97 306.12 486.09 c 306.12 486.21 306.24 486.33 306.48 486.45 c 306.6 486.69 306.84 486.93 307.2 487.05 c 307.44 487.29 307.8 487.41 308.04 487.53 c 308.04 487.89 l 308.16 488.01 308.28 488.13 308.4 488.13 c 308.4 488.25 308.52 488.25 308.64 488.37 c 308.76 488.49 308.88 488.49 309 488.61 c 309 487.89 309 487.29 309 486.69 c 309 486.09 309 485.37 309 484.77 c 309.36 484.53 309.84 484.41 310.2 484.41 c 310.32 484.41 310.32 484.41 310.32 484.41 c 310.32 483.57 l 310.32 483.45 310.32 483.45 310.2 483.45 c h 308.52 484.89 m 308.4 485.13 308.4 485.49 308.4 485.73 c 308.28 486.09 308.28 486.33 308.16 486.69 c 307.32 486.33 306.72 485.97 306.36 485.61 c 306.6 485.37 306.72 485.25 306.96 485.13 c 307.2 485.13 307.44 485.01 307.68 485.01 c 307.8 485.01 307.92 485.01 308.16 484.89 c 308.28 484.89 308.4 484.89 308.52 484.89 c h f 
310.2 483.45 m 310.08 483.45 310.08 483.45 310.08 483.57 c 310.08 484.41 l 310.08 484.41 310.08 484.41 310.2 484.41 c 310.32 484.41 310.56 484.53 310.8 484.53 c 310.92 484.53 311.16 484.65 311.4 484.77 c 311.28 485.25 311.28 485.73 311.16 486.45 c 311.04 487.17 311.04 488.01 310.92 488.97 c 310.92 489.21 310.92 489.45 310.92 489.69 c 310.8 489.93 310.8 490.29 310.8 490.53 c 310.92 490.65 311.04 490.77 311.28 490.89 c 311.4 491.01 311.64 491.13 311.76 491.13 c 311.76 490.89 311.76 490.41 311.76 489.93 c 311.76 489.45 311.76 488.85 311.76 488.25 c 311.76 487.65 311.76 487.05 311.76 486.33 c 311.76 485.97 311.88 485.73 311.88 485.49 c 311.88 485.25 311.88 485.01 311.88 484.77 c 312.12 484.53 312.6 484.41 313.08 484.41 c 313.08 484.41 313.2 484.41 313.2 484.41 c 313.2 483.57 l 313.2 483.45 313.08 483.45 313.08 483.45 c 312.48 483.45 312 483.57 311.76 483.81 c 311.4 483.69 311.16 483.57 311.04 483.57 c 310.8 483.45 310.44 483.45 310.2 483.45 c h f 
317.52 483.45 m 317.16 483.45 316.8 483.45 316.44 483.45 c 316.08 483.57 315.72 483.57 315.36 483.69 c 315 483.81 314.76 483.93 314.4 484.05 c 314.4 484.05 314.4 483.93 314.4 483.93 c 314.28 483.93 314.28 483.81 314.28 483.81 c 314.16 483.69 313.92 483.57 313.68 483.57 c 313.44 483.45 313.2 483.45 312.96 483.45 c 312.96 483.45 312.84 483.45 312.84 483.57 c 312.84 484.41 l 312.84 484.41 312.96 484.41 312.96 484.41 c 313.2 484.41 313.44 484.53 313.56 484.53 c 313.8 484.65 313.92 484.65 314.04 484.77 c 314.16 484.89 314.28 485.13 314.4 485.37 c 314.4 485.37 314.52 485.49 314.52 485.49 c 314.52 485.61 314.52 485.61 314.64 485.73 c 314.64 485.85 314.88 485.97 315 485.97 c 315.12 485.97 315.24 485.85 315.36 485.85 c 315.24 485.61 315.12 485.49 315.12 485.25 c 315 485.13 315 485.01 315 484.89 c 315 484.89 315.12 484.89 315.24 484.77 c 315.24 484.77 315.36 484.77 315.48 484.77 c 316.2 485.73 316.92 486.45 317.52 486.93 c 318.12 487.41 318.72 487.65 319.2 487.65 c 319.32 487.65 319.56 487.65 319.8 487.53 c 319.92 487.41 320.16 487.29 320.4 487.17 c 320.64 487.05 320.76 486.81 321 486.69 c 321.24 486.33 321.36 486.09 321.36 485.85 c 321.36 485.49 321.24 485.13 321 484.77 c 321.24 484.65 321.36 484.65 321.6 484.53 c 321.84 484.53 321.96 484.41 322.32 484.41 c 322.32 484.41 322.32 484.41 322.32 484.41 c 322.32 483.57 l 322.32 483.45 322.32 483.45 322.32 483.45 c 321.96 483.45 321.6 483.45 321.24 483.69 c 320.88 483.81 320.64 483.93 320.4 484.17 c 320.28 484.05 319.92 483.93 319.68 483.81 c 319.32 483.69 319.08 483.57 318.72 483.45 c 318.48 483.45 318.36 483.45 318.12 483.45 c 317.88 483.45 317.76 483.45 317.52 483.45 c h 317.64 484.41 m 318.24 484.41 318.72 484.53 319.2 484.65 c 319.68 484.77 320.28 485.01 320.76 485.37 c 320.52 485.73 320.16 486.09 319.92 486.21 c 319.56 486.45 319.2 486.57 318.96 486.57 c 318.6 486.57 318.12 486.45 317.64 486.09 c 317.16 485.73 316.68 485.25 316.08 484.53 c 316.32 484.53 316.68 484.53 316.92 484.41 c 317.16 484.41 317.4 484.41 317.64 484.41 c h f 
322.2 483.45 m 322.08 483.45 322.08 483.45 322.08 483.57 c 322.08 484.41 l 322.08 484.41 322.08 484.41 322.2 484.41 c 323.04 484.41 323.76 484.53 324.36 484.65 c 324.84 484.65 325.44 484.77 325.92 485.01 c 325.8 485.13 325.8 485.25 325.8 485.37 c 325.8 485.49 325.8 485.61 325.68 485.73 c 325.44 485.61 325.32 485.49 324.96 485.37 c 324.72 485.25 324.48 485.25 324.24 485.25 c 323.76 485.25 323.52 485.37 323.28 485.61 c 323.04 485.85 322.92 486.09 322.92 486.45 c 322.92 486.93 323.04 487.29 323.16 487.65 c 323.28 487.89 323.52 488.25 323.76 488.37 c 323.88 488.49 324 488.61 324.12 488.61 c 324.24 488.73 324.36 488.73 324.48 488.73 c 324.84 488.73 325.2 488.49 325.44 488.25 c 325.8 487.89 326.04 487.53 326.16 486.93 c 326.28 486.69 326.28 486.45 326.4 486.21 c 326.4 485.97 326.4 485.61 326.4 485.37 c 326.4 485.25 326.4 485.13 326.4 485.01 c 326.4 484.89 326.4 484.77 326.28 484.53 c 326.28 484.41 326.16 484.29 326.04 484.17 c 325.92 484.05 325.56 483.93 325.2 483.81 c 324.84 483.69 324.48 483.57 323.88 483.57 c 323.4 483.45 322.8 483.45 322.2 483.45 c h 324.36 486.09 m 324.72 486.09 325.2 486.09 325.56 486.33 c 325.44 486.69 325.2 487.05 324.96 487.29 c 324.84 487.53 324.6 487.65 324.24 487.65 c 324 487.65 323.88 487.53 323.64 487.29 c 323.52 487.17 323.52 486.93 323.52 486.69 c 323.52 486.45 323.52 486.33 323.64 486.21 c 323.88 486.09 324.12 486.09 324.36 486.09 c h 324.48 489.45 m 324.12 489.69 323.76 489.93 323.64 490.17 c 323.76 490.41 324 490.53 324.12 490.65 c 324.24 490.89 324.36 491.01 324.36 491.01 c 324.48 490.89 324.6 490.77 324.72 490.65 c 324.96 490.53 325.08 490.41 325.2 490.29 c 325.08 490.17 324.96 490.05 324.84 489.93 c 324.72 489.69 324.6 489.57 324.48 489.45 c h f 
334.08 483.45 m 333.84 483.45 333.48 483.45 333.24 483.45 c 332.88 483.45 332.52 483.45 332.28 483.45 c 332.04 483.45 331.8 483.57 331.68 483.57 c 331.56 483.57 331.44 483.69 331.2 483.69 c 330.96 483.81 330.84 483.93 330.6 484.05 c 330.36 484.17 330.24 484.41 330 484.53 c 330.12 484.89 l 330.36 484.89 330.6 484.77 330.72 484.77 c 330.84 484.77 330.96 484.77 330.96 484.77 c 331.08 484.77 331.08 484.65 331.2 484.65 c 331.2 484.65 331.2 484.65 331.2 484.65 c 331.32 484.65 331.32 484.65 331.44 484.65 c 331.56 484.65 331.68 484.65 331.92 484.53 c 332.04 484.65 332.16 484.77 332.28 484.89 c 332.4 485.01 332.4 485.13 332.52 485.37 c 332.52 485.61 332.4 485.97 332.4 486.33 c 332.28 486.57 332.28 486.93 332.16 487.29 c 332.16 487.53 332.04 487.89 332.04 488.13 c 331.92 488.49 331.92 488.85 331.92 489.09 c 331.8 489.45 331.8 489.69 331.8 489.93 c 331.8 489.93 331.8 490.05 331.8 490.05 c 331.68 490.05 331.68 490.17 331.68 490.17 c 331.68 490.41 331.8 490.65 331.92 490.89 c 332.16 491.01 332.28 491.13 332.64 491.13 c 332.64 491.01 332.76 490.77 332.76 490.53 c 332.88 490.29 333 490.05 333 489.81 c 332.76 489.57 l 332.76 488.97 332.88 488.49 332.88 488.13 c 332.88 487.77 332.88 487.53 333 487.29 c 333 487.05 333 486.81 333 486.57 c 333 486.33 333 486.09 333 485.97 c 334.08 487.05 335.04 487.65 335.76 487.65 c 336 487.65 336.12 487.65 336.36 487.53 c 336.48 487.41 336.72 487.29 336.96 487.17 c 337.2 487.05 337.32 486.81 337.56 486.69 c 337.8 486.33 337.92 486.09 337.92 485.85 c 337.92 485.73 337.92 485.49 337.8 485.25 c 337.8 485.13 337.68 485.01 337.56 484.77 c 337.92 484.53 338.4 484.41 338.88 484.41 c 338.88 484.41 338.88 484.41 338.88 484.41 c 338.88 483.57 l 338.88 483.45 338.88 483.45 338.88 483.45 c 338.52 483.45 338.16 483.45 337.8 483.69 c 337.44 483.81 337.2 483.93 336.96 484.17 c 336.72 484.05 336.48 483.93 336.24 483.81 c 335.88 483.69 335.52 483.57 335.16 483.45 c 334.8 483.45 334.44 483.45 334.08 483.45 c h 334.2 484.41 m 334.8 484.41 335.28 484.53 335.76 484.65 c 336.24 484.77 336.84 485.01 337.32 485.37 c 337.08 485.73 336.72 486.09 336.48 486.21 c 336.12 486.45 335.76 486.57 335.52 486.57 c 335.16 486.57 334.68 486.45 334.2 486.09 c 333.72 485.61 333.12 485.13 332.64 484.53 c 332.88 484.41 333.12 484.41 333.48 484.41 c 333.72 484.41 333.96 484.41 334.2 484.41 c h f 
338.76 483.45 m 338.64 483.45 338.64 483.45 338.64 483.57 c 338.64 484.41 l 338.64 484.41 338.64 484.41 338.76 484.41 c 339.12 484.41 339.48 484.53 339.84 484.53 c 340.2 484.65 340.56 484.77 340.8 484.89 c 340.68 485.01 340.68 485.25 340.56 485.49 c 340.44 485.61 340.32 485.85 340.32 486.09 c 340.2 486.21 340.2 486.45 340.08 486.57 c 340.08 486.69 340.08 486.81 340.08 486.81 c 340.08 487.05 340.08 487.17 340.32 487.41 c 340.44 487.53 340.68 487.77 340.92 487.89 c 340.92 487.77 340.92 487.53 341.04 487.29 c 341.04 487.05 341.16 486.69 341.16 486.45 c 341.28 486.21 341.28 485.97 341.28 485.73 c 341.4 485.61 341.4 485.49 341.4 485.37 c 341.4 485.13 341.28 485.01 341.28 484.77 c 341.16 484.53 341.04 484.29 340.92 484.05 c 340.2 483.69 339.48 483.45 338.76 483.45 c h 339.48 488.25 m 339.36 488.73 l 339.84 489.09 l 339.6 489.09 339.48 489.33 339.48 489.57 c 339.48 489.69 339.48 489.93 339.6 490.05 c 339.72 490.17 339.84 490.41 339.96 490.41 c 340.08 490.53 340.2 490.65 340.44 490.65 c 340.68 490.65 340.92 490.41 340.92 490.05 c 340.92 489.93 340.8 489.81 340.8 489.81 c 340.56 489.81 l 340.56 489.81 l 340.56 489.93 340.56 489.93 340.56 489.93 c 340.44 490.05 340.44 490.05 340.44 490.05 c 340.32 490.05 340.2 489.93 340.08 489.93 c 339.96 489.81 339.84 489.69 339.84 489.57 c 339.96 489.45 340.2 489.33 340.44 489.33 c 340.56 489.33 340.68 489.33 340.68 489.33 c 340.8 489.33 340.92 489.33 341.04 489.45 c 341.04 488.85 l 340.68 488.85 340.44 488.73 340.2 488.61 c 339.96 488.49 339.72 488.37 339.48 488.25 c h f 
345.12 483.45 m 344.76 483.45 344.4 483.45 344.16 483.57 c 343.92 483.69 343.68 483.81 343.56 484.05 c 343.44 484.17 343.32 484.41 343.32 484.65 c 343.32 484.89 343.32 485.13 343.2 485.37 c 343.2 485.73 343.2 485.97 343.2 486.45 c 343.08 486.81 343.08 487.17 343.08 487.53 c 342.96 488.01 342.96 488.49 342.96 488.97 c 342.84 489.45 342.84 489.93 342.84 490.53 c 342.96 490.65 343.08 490.77 343.32 490.89 c 343.44 491.01 343.56 491.13 343.8 491.13 c 343.8 490.53 343.8 490.05 343.8 489.45 c 343.8 488.85 343.92 488.25 343.92 487.65 c 343.92 486.93 343.92 486.33 343.92 485.61 c 343.92 484.77 l 344.16 484.65 344.28 484.53 344.52 484.53 c 344.64 484.53 344.88 484.41 345.12 484.41 c 345.12 484.41 345.12 484.41 345.12 484.41 c 345.12 483.57 l 345.12 483.45 345.12 483.45 345.12 483.45 c h f 
345 483.45 m 344.88 483.45 344.88 483.45 344.88 483.57 c 344.88 484.41 l 344.88 484.41 344.88 484.41 345 484.41 c 345.6 484.41 346.08 484.53 346.44 484.53 c 346.92 484.53 347.28 484.65 347.64 484.77 c 348 484.89 348.36 485.01 348.6 485.13 c 348.84 485.13 349.08 485.25 349.32 485.25 c 349.08 485.37 348.96 485.37 348.84 485.49 c 348.72 485.61 348.6 485.61 348.48 485.73 c 348.12 485.97 348 486.09 347.76 486.21 c 347.52 486.33 347.4 486.33 347.16 486.33 c 346.92 486.33 346.8 486.33 346.56 486.21 c 346.44 486.21 346.2 486.09 345.84 485.85 c 345.84 485.97 345.84 485.97 345.72 486.09 c 345.72 486.21 345.72 486.33 345.72 486.45 c 345.72 486.69 345.84 486.93 346.08 487.17 c 346.32 487.41 346.68 487.41 347.16 487.41 c 347.4 487.41 347.64 487.41 347.88 487.29 c 348.12 487.17 348.36 487.05 348.72 486.81 c 349.08 486.57 349.44 486.33 349.68 486.21 c 350.04 486.09 350.28 485.97 350.64 485.85 c 350.76 485.85 351 485.73 351.24 485.73 c 351.36 485.73 351.72 485.73 351.96 485.73 c 351.48 484.77 l 351.24 484.77 351.12 484.77 351 484.77 c 350.76 484.77 350.64 484.77 350.4 484.77 c 350.28 484.77 350.04 484.77 349.92 484.77 c 349.8 484.65 349.56 484.65 349.32 484.53 c 349.2 484.41 348.96 484.29 348.6 484.17 c 348.36 484.05 348.12 483.93 347.76 483.81 c 347.52 483.69 347.28 483.57 347.04 483.57 c 346.8 483.57 346.44 483.45 346.2 483.45 c 345.84 483.45 345.48 483.45 345 483.45 c h f 
358.08 480.45 m 357.36 480.45 356.76 480.57 356.28 481.05 c 355.92 481.41 355.68 481.89 355.68 482.61 c 355.68 482.85 355.68 482.97 355.68 483.09 c 355.68 483.21 355.68 483.45 355.8 483.57 c 355.8 483.69 355.8 483.93 355.92 484.17 c 356.4 484.05 l 356.28 483.69 356.16 483.45 356.16 483.21 c 356.16 482.73 356.4 482.25 356.76 482.01 c 357.12 481.65 357.6 481.53 358.2 481.53 c 358.8 481.53 359.28 481.53 359.76 481.65 c 360.24 481.65 360.6 481.77 360.96 481.89 c 361.08 482.01 361.32 482.01 361.44 482.13 c 361.68 482.13 361.8 482.25 361.92 482.37 c 361.68 482.49 361.44 482.61 361.2 482.73 c 360.96 482.85 360.72 482.97 360.6 483.09 c 360.36 483.21 360.24 483.33 360.12 483.45 c 360 483.57 359.88 483.69 359.88 483.69 c 359.88 483.81 359.88 483.81 359.88 483.93 c 360 484.05 360 484.17 360 484.29 c 360.12 484.41 360.12 484.53 360.24 484.53 c 360.24 484.65 360.36 484.65 360.36 484.65 c 360.6 484.65 360.96 484.53 361.44 484.53 c 361.92 484.53 362.4 484.41 362.88 484.41 c 362.88 484.41 363 484.41 363 484.29 c 363 483.57 l 363 483.45 362.88 483.45 362.88 483.45 c 362.64 483.45 362.52 483.45 362.28 483.45 c 362.04 483.45 361.8 483.45 361.68 483.57 c 361.44 483.57 361.2 483.57 361.08 483.69 c 361.32 483.57 361.44 483.45 361.56 483.33 c 361.68 483.33 361.8 483.21 361.92 483.21 c 362.04 483.09 362.04 483.09 362.16 483.09 c 362.28 482.97 362.28 482.85 362.4 482.73 c 362.4 482.61 362.4 482.49 362.4 482.37 c 362.4 482.25 362.28 482.01 362.04 481.77 c 361.92 481.53 361.68 481.41 361.32 481.17 c 360.96 481.05 360.6 480.81 360.12 480.69 c 359.4 480.57 358.8 480.45 358.08 480.45 c h f 
362.76 483.45 m 362.76 483.45 362.64 483.45 362.64 483.57 c 362.64 484.41 l 362.64 484.41 362.76 484.41 362.76 484.41 c 363 484.41 363.24 484.53 363.36 484.53 c 363.6 484.53 363.84 484.65 363.96 484.77 c 363.96 485.25 363.84 485.73 363.72 486.45 c 363.72 487.17 363.6 488.01 363.6 488.97 c 363.48 489.21 363.48 489.45 363.48 489.69 c 363.48 489.93 363.48 490.29 363.48 490.53 c 363.6 490.65 363.72 490.77 363.84 490.89 c 364.08 491.01 364.2 491.13 364.44 491.13 c 364.44 490.89 364.44 490.41 364.44 489.93 c 364.44 489.45 364.44 488.85 364.44 488.25 c 364.44 487.65 364.44 487.05 364.44 486.33 c 364.44 485.97 364.44 485.73 364.44 485.49 c 364.44 485.25 364.44 485.01 364.44 484.77 c 364.8 484.53 365.16 484.41 365.64 484.41 c 365.76 484.41 365.76 484.41 365.76 484.41 c 365.76 483.57 l 365.76 483.45 365.76 483.45 365.64 483.45 c 365.16 483.45 364.68 483.57 364.32 483.81 c 364.08 483.69 363.84 483.57 363.6 483.57 c 363.36 483.45 363.12 483.45 362.76 483.45 c h f 
365.64 483.45 m 365.52 483.45 365.52 483.45 365.52 483.57 c 365.52 484.41 l 365.52 484.41 365.52 484.41 365.64 484.41 c 365.76 484.41 366 484.41 366.24 484.53 c 366.48 484.53 366.6 484.53 366.84 484.53 c 366.72 484.65 366.6 484.77 366.48 484.89 c 366.36 485.13 366.36 485.25 366.36 485.49 c 366.36 485.73 366.36 485.97 366.48 486.21 c 366.48 486.45 366.6 486.69 366.84 486.93 c 366.96 487.17 367.08 487.29 367.32 487.53 c 367.56 487.77 367.92 487.77 368.16 487.77 c 368.4 487.77 368.76 487.77 369 487.65 c 369.24 487.41 369.48 487.29 369.84 486.93 c 369.6 486.57 l 369.36 486.69 369.12 486.69 369 486.69 c 368.76 486.81 368.64 486.81 368.52 486.81 c 368.28 486.81 367.92 486.81 367.8 486.69 c 367.56 486.57 367.32 486.57 366.96 486.33 c 367.08 486.09 367.08 485.73 367.2 485.49 c 367.32 485.25 367.56 485.01 367.8 484.89 c 368.04 484.77 368.4 484.65 368.64 484.65 c 368.88 484.65 369.12 484.77 369.36 484.77 c 369.6 484.77 369.84 484.89 370.08 485.01 c 370.32 485.01 370.68 485.13 371.04 485.25 c 371.04 485.25 371.04 485.13 371.16 485.13 c 371.16 485.01 371.16 484.89 371.16 484.77 c 371.16 484.65 371.16 484.53 371.04 484.41 c 371.04 484.29 370.92 484.29 370.8 484.17 c 370.8 484.17 370.68 484.17 370.44 484.05 c 370.32 484.05 370.08 484.05 369.96 483.93 c 369.24 483.81 368.52 483.69 367.8 483.57 c 367.08 483.45 366.36 483.45 365.64 483.45 c h f 
377.16 483.45 m 376.8 483.45 376.44 483.45 376.2 483.57 c 375.96 483.69 375.72 483.81 375.6 484.05 c 375.48 484.17 375.36 484.41 375.36 484.65 c 375.36 484.89 375.36 485.13 375.36 485.37 c 375.24 485.73 375.24 485.97 375.24 486.45 c 375.12 486.81 375.12 487.17 375.12 487.53 c 375 488.01 375 488.49 375 488.97 c 375 489.45 374.88 489.93 374.88 490.53 c 375 490.65 375.12 490.77 375.36 490.89 c 375.48 491.01 375.6 491.13 375.84 491.13 c 375.84 490.53 375.84 490.05 375.84 489.45 c 375.96 488.85 375.96 488.25 375.96 487.65 c 375.96 486.93 375.96 486.33 375.96 485.61 c 375.96 484.77 l 376.2 484.65 376.32 484.53 376.56 484.53 c 376.68 484.53 376.92 484.41 377.16 484.41 c 377.16 484.41 377.28 484.41 377.28 484.41 c 377.28 483.57 l 377.28 483.45 377.16 483.45 377.16 483.45 c h f 
378.12 488.25 m 378.24 488.73 l 378.6 488.85 378.96 488.97 379.32 489.09 c 379.56 489.21 379.92 489.33 380.28 489.57 c 380.28 489.33 l 380.28 489.21 380.16 489.09 380.04 488.97 c 379.8 488.85 379.56 488.73 379.2 488.61 c 378.96 488.49 378.6 488.37 378.12 488.25 c h 378.12 489.09 m 378.12 489.57 l 378.48 489.69 378.84 489.81 379.2 489.93 c 379.56 490.05 379.8 490.17 380.16 490.29 c 380.16 490.17 l 380.16 489.93 380.04 489.81 379.92 489.69 c 379.68 489.69 379.44 489.57 379.08 489.45 c 378.84 489.33 378.48 489.21 378.12 489.09 c h f 
377.04 483.45 m 376.92 483.45 376.92 483.45 376.92 483.57 c 376.92 484.41 l 376.92 484.41 376.92 484.41 377.04 484.41 c 377.52 484.41 377.88 484.53 378.12 484.53 c 378.48 484.53 378.72 484.65 378.84 484.77 c 378.96 484.77 379.08 484.89 379.2 485.01 c 379.32 485.25 379.44 485.49 379.68 485.85 c 379.68 485.97 379.8 486.09 379.8 486.09 c 379.92 486.21 380.04 486.21 380.04 486.21 c 380.16 486.21 380.28 486.09 380.4 486.09 c 380.4 485.97 380.28 485.85 380.28 485.61 c 380.16 485.49 380.16 485.25 380.04 485.13 c 380.04 485.01 379.92 484.89 379.92 484.89 c 380.16 484.77 380.4 484.65 380.52 484.53 c 380.76 484.53 381 484.41 381.24 484.41 c 381.36 484.41 381.36 484.41 381.36 484.41 c 381.36 483.57 l 381.36 483.45 381.36 483.45 381.24 483.45 c 380.64 483.45 380.04 483.69 379.44 484.17 c 379.32 483.93 l 379.32 483.81 379.08 483.69 378.84 483.69 c 378.6 483.57 378.36 483.57 378 483.45 c 377.76 483.45 377.4 483.45 377.04 483.45 c h 380.04 481.29 m 379.8 481.53 379.56 481.77 379.32 482.01 c 379.56 482.13 379.8 482.37 380.04 482.73 c 380.16 482.73 380.16 482.61 380.28 482.49 c 380.4 482.37 380.52 482.25 380.76 482.01 c 380.76 481.89 380.64 481.77 380.52 481.65 c 380.4 481.53 380.28 481.41 380.04 481.29 c h 378.48 481.05 m 378.24 481.17 378.12 481.41 378 481.53 c 377.88 481.65 377.76 481.65 377.64 481.77 c 377.76 481.89 377.88 482.01 378 482.13 c 378.12 482.25 378.24 482.37 378.36 482.61 c 378.48 482.49 378.48 482.49 378.6 482.37 c 378.72 482.25 378.96 482.01 379.08 481.89 c 379.08 481.77 378.96 481.65 378.84 481.53 c 378.72 481.41 378.6 481.17 378.48 481.05 c h f 
384.84 483.45 m 384.36 483.45 384 483.45 383.64 483.45 c 383.28 483.57 382.92 483.69 382.68 483.81 c 382.32 483.69 382.08 483.57 381.84 483.45 c 381.6 483.45 381.36 483.45 381.12 483.45 c 381.12 483.45 381.12 483.45 381.12 483.57 c 381.12 484.41 l 381.12 484.41 381.12 484.41 381.12 484.41 c 381.24 484.41 381.36 484.53 381.48 484.53 c 381.6 484.53 381.72 484.53 381.84 484.53 c 381.84 484.65 381.84 484.65 381.84 484.77 c 381.84 484.77 381.84 484.77 381.84 484.89 c 381.84 485.13 381.84 485.37 381.96 485.61 c 382.08 485.85 382.2 486.09 382.44 486.45 c 382.56 486.69 382.8 486.81 383.04 487.05 c 383.4 487.29 383.64 487.41 384 487.41 c 384.12 487.41 384.24 487.41 384.24 487.29 c 384.36 487.17 384.48 486.93 384.6 486.81 c 384.6 486.69 384.72 486.57 384.72 486.45 c 384.72 486.33 384.84 486.09 384.96 485.97 c 384.96 485.73 385.08 485.49 385.2 485.25 c 385.32 485.01 385.44 484.89 385.56 484.77 c 385.68 484.53 385.8 484.41 386.04 484.41 c 386.04 484.41 386.16 484.41 386.16 484.41 c 386.16 483.57 l 386.16 483.45 386.04 483.45 386.04 483.45 c 385.56 483.45 385.2 483.57 384.96 483.93 c 384.84 483.45 l h 384.6 484.41 m 384.48 484.65 384.36 484.89 384.24 485.25 c 384.12 485.61 384 485.97 384 486.45 c 383.76 486.33 383.52 486.21 383.4 486.09 c 383.16 485.97 382.92 485.73 382.8 485.61 c 382.68 485.37 382.56 485.25 382.44 485.13 c 382.68 484.89 382.92 484.77 383.28 484.65 c 383.64 484.53 384.12 484.41 384.6 484.41 c h f 
385.92 483.45 m 385.8 483.45 385.8 483.45 385.8 483.57 c 385.8 484.41 l 385.8 484.41 385.8 484.41 385.92 484.41 c 386.28 484.41 386.64 484.53 387 484.53 c 387.36 484.53 387.72 484.65 388.08 484.65 c 388.32 484.77 388.56 484.77 388.68 484.89 c 388.68 485.01 388.56 485.25 388.56 485.37 c 388.44 485.61 388.32 485.85 388.2 486.09 c 388.2 486.21 388.08 486.45 388.08 486.57 c 388.08 486.69 388.08 486.81 388.08 486.81 c 388.08 487.05 388.08 487.17 388.32 487.41 c 388.44 487.53 388.68 487.77 388.92 487.89 c 389.04 487.41 389.04 486.93 389.16 486.69 c 389.16 486.33 389.28 486.09 389.28 485.85 c 389.28 485.73 389.28 485.49 389.28 485.37 c 389.28 485.13 389.28 485.01 389.16 484.77 c 389.16 484.53 389.04 484.29 388.92 484.05 c 388.68 483.93 388.44 483.81 388.08 483.69 c 387.72 483.69 387.48 483.57 387 483.45 c 386.64 483.45 386.28 483.45 385.92 483.45 c h 388.68 481.29 m 388.32 481.53 388.08 481.77 387.96 482.01 c 388.08 482.13 388.32 482.37 388.68 482.73 c 388.68 482.73 388.8 482.61 388.92 482.49 c 389.04 482.37 389.16 482.25 389.4 482.01 c 389.28 481.89 389.16 481.77 389.04 481.65 c 389.04 481.53 388.8 481.41 388.68 481.29 c h 387 481.05 m 386.88 481.17 386.64 481.41 386.52 481.53 c 386.4 481.65 386.4 481.65 386.28 481.77 c 386.4 481.89 386.52 482.01 386.64 482.13 c 386.76 482.25 386.88 482.37 387 482.61 c 387 482.49 387.12 482.49 387.24 482.37 c 387.36 482.25 387.48 482.01 387.72 481.89 c 387.6 481.77 387.6 481.65 387.48 481.53 c 387.36 481.41 387.12 481.17 387 481.05 c h f 
391.68 483.45 m 390.72 483.45 390.24 483.69 390.24 484.17 c 390.24 484.29 390.24 484.41 390.36 484.53 c 390.36 484.65 390.48 484.77 390.48 484.89 c 390.72 484.77 390.96 484.65 391.2 484.53 c 391.44 484.53 391.68 484.41 392.04 484.41 c 392.28 484.41 392.52 484.41 392.76 484.53 c 393 484.53 393.36 484.53 393.6 484.65 c 393.36 485.01 393.24 485.37 393 485.73 c 392.88 486.09 392.76 486.33 392.64 486.69 c 392.64 486.93 392.52 487.17 392.52 487.29 c 392.52 487.53 392.64 487.65 392.76 487.89 c 392.88 488.01 393 488.13 393.24 488.13 c 393.36 487.53 393.6 486.93 393.72 486.45 c 393.96 485.97 394.08 485.49 394.32 485.13 c 394.56 484.89 394.68 484.65 394.8 484.65 c 395.04 484.53 395.16 484.41 395.4 484.41 c 395.52 484.41 395.52 484.41 395.52 484.41 c 395.52 483.57 l 395.52 483.45 395.52 483.45 395.4 483.45 c 395.16 483.45 394.92 483.45 394.68 483.57 c 394.44 483.69 394.2 483.81 394.08 484.05 c 393.24 483.57 392.52 483.45 391.68 483.45 c h f 
395.4 483.45 m 395.28 483.45 395.28 483.45 395.28 483.57 c 395.28 484.41 l 395.28 484.41 395.28 484.41 395.4 484.41 c 395.52 484.41 395.76 484.53 395.88 484.53 c 396 484.53 396.12 484.53 396.24 484.53 c 396 484.77 396 485.01 396 485.37 c 396 485.49 396 485.61 396 485.73 c 396 485.97 396 486.09 396 486.21 c 396.12 486.45 396.12 486.45 396.12 486.57 c 396.24 486.81 396.48 487.05 396.6 487.17 c 396.84 487.41 397.08 487.53 397.32 487.65 c 397.56 487.77 397.8 487.77 398.04 487.77 c 398.16 487.77 398.4 487.77 398.64 487.53 c 398.76 487.29 399 487.05 399.12 486.69 c 399.24 486.33 399.24 485.97 399.24 485.73 c 399.24 485.25 399.12 484.89 398.88 484.53 c 399 484.53 399.12 484.53 399.36 484.53 c 399.48 484.53 399.72 484.41 399.96 484.41 c 400.08 484.41 400.08 484.41 400.08 484.41 c 400.08 483.57 l 400.08 483.45 400.08 483.45 399.96 483.45 c 399 483.45 398.28 483.57 397.56 483.81 c 397.32 483.69 396.96 483.57 396.6 483.57 c 396.24 483.45 395.88 483.45 395.4 483.45 c h 397.56 484.65 m 398.04 484.77 398.4 485.01 398.76 485.37 c 398.76 485.49 398.64 485.73 398.52 485.97 c 398.4 486.21 398.28 486.33 398.16 486.45 c 398.04 486.57 397.92 486.69 397.92 486.69 c 397.8 486.69 397.56 486.69 397.44 486.57 c 397.2 486.45 397.08 486.21 396.96 486.09 c 396.72 485.85 396.6 485.73 396.48 485.49 c 396.6 485.25 396.72 485.13 396.96 485.01 c 397.2 484.89 397.32 484.77 397.56 484.65 c h 398.64 488.49 m 398.4 488.61 398.28 488.73 398.16 488.85 c 398.04 488.97 397.92 489.09 397.8 489.21 c 397.92 489.33 398.04 489.45 398.16 489.57 c 398.28 489.69 398.4 489.81 398.52 490.05 c 398.64 489.93 398.76 489.93 398.88 489.81 c 399 489.69 399.12 489.57 399.24 489.33 c 399.12 489.09 398.88 488.85 398.64 488.49 c h 396.96 488.37 m 396.72 488.49 396.6 488.61 396.48 488.73 c 396.36 488.85 396.24 488.97 396.12 489.09 c 396.24 489.21 396.36 489.33 396.48 489.45 c 396.6 489.57 396.72 489.69 396.96 489.81 c 396.96 489.81 397.08 489.69 397.2 489.57 c 397.32 489.45 397.44 489.33 397.56 489.21 c 397.56 489.09 397.44 488.97 397.32 488.73 c 397.2 488.61 397.08 488.49 396.96 488.37 c h f 
399.84 483.45 m 399.84 483.45 399.84 483.45 399.84 483.57 c 399.84 484.41 l 399.84 484.41 399.84 484.41 399.84 484.41 c 400.2 484.41 400.56 484.53 401.04 484.53 c 401.4 484.65 401.64 484.77 401.88 484.89 c 401.88 485.01 401.76 485.25 401.76 485.49 c 401.64 485.61 401.52 485.85 401.52 486.09 c 401.4 486.21 401.28 486.45 401.28 486.57 c 401.28 486.69 401.16 486.81 401.16 486.81 c 401.16 487.05 401.28 487.17 401.4 487.41 c 401.64 487.53 401.76 487.77 402.12 487.89 c 402.12 487.77 402.12 487.53 402.24 487.29 c 402.24 487.05 402.24 486.69 402.36 486.45 c 402.36 486.21 402.48 485.97 402.48 485.73 c 402.48 485.61 402.48 485.49 402.48 485.37 c 402.48 485.13 402.48 485.01 402.36 484.77 c 402.36 484.53 402.24 484.29 402.12 484.05 c 401.4 483.69 400.68 483.45 399.84 483.45 c h 402.24 488.61 m 402.12 488.73 402 488.85 401.88 488.97 c 401.76 489.09 401.64 489.21 401.52 489.33 c 401.64 489.33 401.64 489.45 401.76 489.57 c 401.88 489.69 402.12 489.93 402.24 490.05 c 402.36 490.05 402.36 489.93 402.48 489.81 c 402.6 489.69 402.84 489.57 402.96 489.33 c 402.84 489.09 402.6 488.85 402.24 488.61 c h 400.68 488.37 m 400.44 488.49 400.32 488.73 400.2 488.85 c 400.08 488.97 399.96 488.97 399.84 489.09 c 399.96 489.21 400.08 489.33 400.2 489.45 c 400.32 489.57 400.44 489.81 400.56 489.93 c 400.68 489.81 400.8 489.81 400.92 489.69 c 400.92 489.57 401.16 489.33 401.28 489.21 c 401.28 489.09 401.16 488.97 401.04 488.85 c 400.92 488.73 400.8 488.61 400.68 488.37 c h f 
408.72 483.45 m 408.36 483.45 408.12 483.45 407.88 483.57 c 407.52 483.69 407.4 483.81 407.28 484.05 c 407.04 484.17 407.04 484.41 406.92 484.65 c 406.92 484.89 406.92 485.13 406.92 485.37 c 406.92 485.73 406.8 485.97 406.8 486.45 c 406.8 486.81 406.68 487.17 406.68 487.53 c 406.68 488.01 406.68 488.49 406.56 488.97 c 406.56 489.45 406.56 489.93 406.44 490.53 c 406.56 490.65 406.8 490.77 406.92 490.89 c 407.04 491.01 407.28 491.13 407.4 491.13 c 407.4 490.53 407.52 490.05 407.52 489.45 c 407.52 488.85 407.52 488.25 407.52 487.65 c 407.52 486.93 407.52 486.33 407.52 485.61 c 407.64 484.77 l 407.76 484.65 408 484.53 408.12 484.53 c 408.36 484.53 408.48 484.41 408.72 484.41 c 408.84 484.41 408.84 484.41 408.84 484.41 c 408.84 483.57 l 408.84 483.45 408.84 483.45 408.72 483.45 c h f 
412.08 490.77 m 412.08 491.37 l 412.44 491.49 412.8 491.61 413.16 491.73 c 413.52 491.85 413.88 491.97 414.24 492.09 c 414.24 491.97 l 414.24 491.73 414.12 491.61 413.88 491.49 c 413.76 491.37 413.52 491.25 413.16 491.13 c 412.8 491.01 412.44 490.89 412.08 490.77 c h 411.96 491.61 m 411.96 492.09 l 412.44 492.21 412.8 492.33 413.16 492.45 c 413.4 492.57 413.76 492.69 414 492.93 c 414 492.69 l 414 492.57 414 492.33 413.76 492.33 c 413.64 492.21 413.28 492.09 413.04 491.97 c 412.68 491.85 412.32 491.73 411.96 491.61 c h f 
413.16 483.45 m 412.8 483.45 412.44 483.45 412.08 483.45 c 411.72 483.57 411.36 483.57 411 483.69 c 410.64 483.81 410.4 483.93 410.16 484.05 c 410.04 484.05 410.04 483.93 410.04 483.93 c 410.04 483.93 409.92 483.81 409.92 483.81 c 409.8 483.69 409.56 483.57 409.32 483.57 c 409.2 483.45 408.96 483.45 408.6 483.45 c 408.6 483.45 408.48 483.45 408.48 483.57 c 408.48 484.41 l 408.48 484.41 408.6 484.41 408.6 484.41 c 408.84 484.41 409.08 484.53 409.2 484.53 c 409.44 484.53 409.56 484.65 409.68 484.77 c 409.8 484.89 409.92 485.13 410.04 485.37 c 410.16 485.37 410.16 485.49 410.16 485.49 c 410.16 485.61 410.28 485.61 410.28 485.73 c 410.4 485.85 410.52 485.97 410.64 485.97 c 410.76 485.97 410.88 485.85 411 485.85 c 410.88 485.61 410.88 485.49 410.76 485.25 c 410.76 485.13 410.64 485.01 410.64 484.89 c 410.76 484.89 410.76 484.89 410.88 484.77 c 411 484.77 411 484.77 411.12 484.77 c 411.84 485.73 412.56 486.45 413.16 486.93 c 413.76 487.41 414.36 487.65 414.84 487.65 c 415.08 487.65 415.2 487.65 415.44 487.53 c 415.56 487.41 415.8 487.29 416.04 487.17 c 416.28 487.05 416.4 486.81 416.64 486.69 c 416.88 486.33 417 486.09 417 485.85 c 417 485.37 416.88 485.01 416.52 484.65 c 416.28 484.29 415.8 483.93 415.2 483.69 c 414.6 483.45 413.88 483.45 413.16 483.45 c h 413.28 484.41 m 413.88 484.41 414.36 484.53 414.84 484.65 c 415.32 484.77 415.92 485.01 416.4 485.37 c 416.16 485.73 415.8 486.09 415.56 486.21 c 415.2 486.45 414.84 486.57 414.6 486.57 c 414.24 486.57 413.76 486.45 413.28 486.09 c 412.8 485.73 412.32 485.25 411.72 484.53 c 412.08 484.53 412.32 484.53 412.56 484.41 c 412.8 484.41 413.04 484.41 413.28 484.41 c h 413.16 488.61 m 412.8 488.97 412.56 489.21 412.32 489.45 c 412.56 489.57 412.68 489.81 412.8 489.93 c 412.92 490.05 413.04 490.17 413.16 490.29 c 413.28 490.17 413.4 490.05 413.52 489.93 c 413.64 489.81 413.76 489.69 414 489.57 c 413.88 489.45 413.76 489.21 413.64 489.09 c 413.52 488.97 413.4 488.85 413.16 488.61 c h f 
418.92 481.05 m 418.8 481.05 418.68 481.17 418.56 481.17 c 418.32 481.29 418.2 481.29 417.96 481.41 c 417.72 481.53 417.6 481.65 417.36 481.77 c 417.6 482.25 l 417.84 482.13 417.96 482.13 418.2 482.13 c 418.32 482.13 418.56 482.13 418.68 482.13 c 419.28 482.13 419.76 482.25 420.12 482.61 c 420.6 482.85 420.84 483.33 421.08 484.05 c 420.96 484.17 420.96 484.29 420.84 484.41 c 420.84 484.53 420.72 484.65 420.72 484.77 c 420.48 485.13 420.24 485.49 420.12 485.73 c 420 485.97 420 486.21 420 486.33 c 420 486.45 420 486.69 420 486.81 c 420.12 486.93 420.24 486.93 420.36 487.05 c 420.36 487.05 420.36 487.05 420.48 487.05 c 420.6 487.05 420.72 487.05 420.84 487.05 c 420.96 486.81 420.96 486.57 421.08 486.33 c 421.08 486.09 421.2 485.97 421.2 485.85 c 421.32 485.49 421.32 485.37 421.44 485.13 c 421.44 485.01 421.56 484.77 421.56 484.65 c 421.8 484.53 422.04 484.41 422.4 484.41 c 422.52 484.41 422.52 484.41 422.52 484.41 c 422.52 483.57 l 422.52 483.45 422.52 483.45 422.4 483.45 c 422.04 483.45 421.8 483.57 421.56 483.69 c 421.44 483.21 421.2 482.73 420.96 482.25 c 420.72 481.89 420.48 481.65 420.12 481.41 c 419.76 481.17 419.4 481.05 418.92 481.05 c h f 
422.28 483.45 m 422.28 483.45 422.16 483.45 422.16 483.57 c 422.16 484.41 l 422.16 484.41 422.28 484.41 422.28 484.41 c 422.52 484.41 422.76 484.41 422.88 484.53 c 423.12 484.53 423.36 484.53 423.6 484.53 c 423.36 484.65 423.24 484.77 423.24 484.89 c 423.12 485.13 423 485.25 423 485.49 c 423 485.73 423.12 485.97 423.12 486.21 c 423.24 486.45 423.36 486.69 423.48 486.93 c 423.6 487.17 423.84 487.29 423.96 487.53 c 424.32 487.77 424.56 487.77 424.92 487.77 c 425.16 487.77 425.4 487.77 425.64 487.65 c 425.88 487.41 426.24 487.29 426.6 486.93 c 426.36 486.57 l 426 486.69 425.88 486.69 425.64 486.69 c 425.52 486.81 425.4 486.81 425.16 486.81 c 424.92 486.81 424.68 486.81 424.44 486.69 c 424.2 486.57 423.96 486.57 423.72 486.33 c 423.72 486.09 423.84 485.73 423.96 485.49 c 424.08 485.25 424.32 485.01 424.56 484.89 c 424.8 484.77 425.04 484.65 425.4 484.65 c 425.64 484.65 425.88 484.77 426.12 484.77 c 426.36 484.77 426.6 484.89 426.84 485.01 c 427.08 485.01 427.32 485.13 427.68 485.25 c 427.8 485.25 427.8 485.13 427.8 485.13 c 427.8 485.01 427.8 484.89 427.8 484.77 c 427.8 484.65 427.8 484.53 427.8 484.41 c 427.68 484.29 427.68 484.29 427.56 484.17 c 427.44 484.17 427.44 484.17 427.2 484.05 c 427.08 484.05 426.84 484.05 426.6 483.93 c 425.88 483.81 425.16 483.69 424.56 483.57 c 423.84 483.45 423.12 483.45 422.28 483.45 c h f 
432.48 483.45 m 431.52 483.45 431.04 483.69 431.04 484.17 c 431.04 484.29 431.16 484.41 431.16 484.53 c 431.16 484.65 431.28 484.77 431.4 484.89 c 431.52 484.77 431.76 484.65 432 484.53 c 432.24 484.53 432.6 484.41 432.96 484.41 c 433.2 484.41 433.44 484.41 433.68 484.53 c 433.92 484.53 434.16 484.53 434.4 484.65 c 434.28 485.01 434.04 485.37 433.92 485.73 c 433.8 486.09 433.56 486.33 433.56 486.69 c 433.44 486.93 433.44 487.17 433.44 487.29 c 433.44 487.53 433.44 487.65 433.56 487.89 c 433.68 488.01 433.8 488.13 434.04 488.13 c 434.28 487.53 434.4 486.93 434.64 486.45 c 434.76 485.97 435 485.49 435.24 485.13 c 435.36 484.89 435.48 484.65 435.72 484.65 c 435.84 484.53 436.08 484.41 436.32 484.41 c 436.32 484.41 436.44 484.41 436.44 484.41 c 436.44 483.57 l 436.44 483.45 436.32 483.45 436.32 483.45 c 435.96 483.45 435.72 483.45 435.48 483.57 c 435.24 483.69 435 483.81 434.88 484.05 c 434.16 483.57 433.32 483.45 432.48 483.45 c h f 
439.8 483.45 m 439.44 483.45 439.08 483.45 438.72 483.45 c 438.36 483.57 438 483.69 437.64 483.81 c 437.4 483.69 437.04 483.57 436.92 483.45 c 436.68 483.45 436.44 483.45 436.2 483.45 c 436.08 483.45 436.08 483.45 436.08 483.57 c 436.08 484.41 l 436.08 484.41 436.08 484.41 436.2 484.41 c 436.32 484.41 436.44 484.53 436.56 484.53 c 436.68 484.53 436.8 484.53 436.92 484.53 c 436.92 484.65 436.8 484.65 436.8 484.77 c 436.8 484.77 436.8 484.77 436.8 484.89 c 436.8 485.13 436.92 485.37 437.04 485.61 c 437.16 485.85 437.28 486.09 437.4 486.45 c 437.64 486.69 437.88 486.81 438 487.05 c 438.36 487.29 438.72 487.41 438.96 487.41 c 439.08 487.41 439.2 487.41 439.32 487.29 c 439.44 487.17 439.44 486.93 439.56 486.81 c 439.68 486.69 439.68 486.57 439.8 486.45 c 439.8 486.33 439.92 486.09 439.92 485.97 c 440.04 485.73 440.16 485.49 440.16 485.25 c 440.28 485.01 440.4 484.89 440.52 484.77 c 440.64 484.53 440.88 484.41 441 484.41 c 441.12 484.41 441.12 484.41 441.12 484.41 c 441.12 483.57 l 441.12 483.45 441.12 483.45 441 483.45 c 440.64 483.45 440.28 483.57 439.92 483.93 c 439.8 483.45 l h 439.68 484.41 m 439.44 484.65 439.32 484.89 439.2 485.25 c 439.08 485.61 439.08 485.97 438.96 486.45 c 438.84 486.33 438.6 486.21 438.36 486.09 c 438.24 485.97 438 485.73 437.88 485.61 c 437.64 485.37 437.52 485.25 437.4 485.13 c 437.64 484.89 438 484.77 438.36 484.65 c 438.72 484.53 439.2 484.41 439.68 484.41 c h f 
440.88 483.45 m 440.88 483.45 440.88 483.45 440.88 483.57 c 440.88 484.41 l 440.88 484.41 440.88 484.41 440.88 484.41 c 441.48 484.41 441.96 484.53 442.44 484.53 c 442.8 484.53 443.28 484.65 443.52 484.77 c 444 484.89 444.36 485.01 444.6 485.13 c 444.84 485.13 445.08 485.25 445.2 485.25 c 445.08 485.37 444.96 485.37 444.84 485.49 c 444.72 485.61 444.6 485.61 444.36 485.73 c 444.12 485.97 443.88 486.09 443.76 486.21 c 443.52 486.33 443.4 486.33 443.16 486.33 c 442.92 486.33 442.68 486.33 442.56 486.21 c 442.32 486.21 442.08 486.09 441.84 485.85 c 441.84 485.97 441.72 485.97 441.72 486.09 c 441.72 486.21 441.72 486.33 441.72 486.45 c 441.72 486.69 441.84 486.93 442.08 487.17 c 442.32 487.41 442.68 487.41 443.16 487.41 c 443.4 487.41 443.64 487.41 443.88 487.29 c 444.12 487.17 444.36 487.05 444.72 486.81 c 445.08 486.57 445.44 486.33 445.68 486.21 c 445.92 486.09 446.28 485.97 446.64 485.85 c 446.76 485.85 447 485.73 447.12 485.73 c 447.36 485.73 447.6 485.73 447.96 485.73 c 447.36 484.77 l 447.24 484.77 447.12 484.77 446.88 484.77 c 446.76 484.77 446.64 484.77 446.4 484.77 c 446.28 484.77 446.04 484.77 445.92 484.77 c 445.68 484.65 445.56 484.65 445.32 484.53 c 445.08 484.41 444.84 484.29 444.6 484.17 c 444.24 484.05 444 483.93 443.76 483.81 c 443.52 483.69 443.28 483.57 443.04 483.57 c 442.8 483.57 442.44 483.45 442.08 483.45 c 441.84 483.45 441.36 483.45 440.88 483.45 c h f 
449.52 483.45 m 449.52 484.17 449.52 484.77 449.52 485.37 c 449.52 486.09 449.4 486.57 449.4 487.17 c 449.4 487.65 449.4 488.25 449.28 488.73 c 449.28 489.21 449.28 489.69 449.16 490.17 c 449.16 490.41 449.16 490.53 449.28 490.65 c 449.28 490.77 449.4 490.89 449.52 491.01 c 449.76 491.13 449.88 491.13 450.12 491.13 c 450.12 491.01 450.24 490.77 450.24 490.53 c 450.36 490.29 450.48 490.05 450.48 489.81 c 450.12 489.57 l 450.24 488.97 450.24 488.37 450.24 487.89 c 450.24 487.29 450.24 486.57 450.24 485.85 c 450.24 485.13 450.24 484.41 450.12 483.57 c 449.52 483.45 l h 449.04 491.49 m 448.92 491.97 l 449.4 492.21 l 449.16 492.33 449.04 492.45 449.04 492.69 c 449.04 492.81 449.04 492.93 449.16 493.17 c 449.16 493.29 449.28 493.41 449.4 493.53 c 449.52 493.53 449.64 493.65 449.88 493.65 c 450.12 493.65 450.24 493.41 450.24 493.17 c 450.24 493.05 450.24 492.93 450.24 492.81 c 450 492.93 l 450 492.93 l 450 493.05 450 493.05 449.88 493.05 c 449.88 493.05 449.88 493.05 449.88 493.05 c 449.76 493.05 449.64 493.05 449.52 492.93 c 449.4 492.93 449.4 492.81 449.28 492.69 c 449.52 492.57 449.64 492.45 449.88 492.45 c 450 492.45 450 492.45 450.12 492.45 c 450.24 492.45 450.36 492.57 450.36 492.57 c 450.36 492.09 l 450.12 491.97 449.88 491.97 449.64 491.85 c 449.4 491.73 449.16 491.73 449.04 491.49 c h f 
456.6 480.45 m 456 480.45 455.4 480.57 455.04 480.93 c 454.68 481.41 454.56 481.89 454.56 482.61 c 454.56 482.85 454.56 482.97 454.56 483.09 c 454.56 483.21 454.56 483.33 454.56 483.57 c 454.68 483.69 454.68 483.93 454.8 484.17 c 455.16 484.05 l 455.16 483.69 455.04 483.45 455.04 483.21 c 455.04 482.73 455.16 482.25 455.52 482.01 c 455.76 481.65 456.12 481.53 456.6 481.53 c 457.08 481.53 457.44 481.53 457.8 481.65 c 458.16 481.77 458.52 481.89 458.76 482.13 c 459 482.37 459.24 482.49 459.48 482.85 c 459.24 483.33 459 483.81 458.88 484.17 c 458.76 484.53 458.64 484.77 458.64 485.01 c 458.64 485.25 458.76 485.49 458.88 485.61 c 459 485.85 459.24 485.97 459.48 486.21 c 459.48 486.09 459.6 485.97 459.6 485.73 c 459.6 485.49 459.72 485.13 459.72 484.77 c 460.08 484.77 l 460.8 485.73 461.52 486.45 462.12 486.93 c 462.72 487.41 463.32 487.65 463.8 487.65 c 463.92 487.65 464.16 487.65 464.28 487.53 c 464.52 487.41 464.76 487.29 465 487.17 c 465.12 487.05 465.36 486.81 465.48 486.57 c 465.72 486.33 465.84 486.09 465.84 485.85 c 465.84 485.37 465.72 485.01 465.48 484.65 c 465.12 484.29 464.64 483.93 464.04 483.69 c 463.44 483.45 462.84 483.45 462.12 483.45 c 461.76 483.45 461.4 483.45 461.04 483.45 c 460.68 483.45 460.32 483.57 459.96 483.69 c 459.96 483.57 459.96 483.57 459.96 483.45 c 459.96 483.33 459.96 483.33 459.96 483.21 c 459.96 482.73 459.84 482.25 459.48 481.89 c 459.24 481.41 458.76 481.05 458.28 480.81 c 458.04 480.69 457.68 480.57 457.44 480.45 c 457.2 480.45 456.84 480.45 456.6 480.45 c h 462.24 484.41 m 462.72 484.41 463.2 484.53 463.8 484.65 c 464.28 484.77 464.76 485.01 465.36 485.37 c 465 485.73 464.76 486.09 464.4 486.21 c 464.04 486.45 463.8 486.57 463.44 486.57 c 463.2 486.57 462.96 486.45 462.6 486.33 c 462.24 486.09 462 485.85 461.64 485.61 c 461.28 485.25 460.92 484.89 460.68 484.53 c 460.92 484.53 461.28 484.41 461.52 484.41 c 461.76 484.41 462 484.41 462.24 484.41 c h 462.12 488.61 m 461.88 488.97 461.52 489.21 461.28 489.45 c 461.52 489.57 461.64 489.81 461.76 489.93 c 462 490.05 462.12 490.17 462.12 490.29 c 462.24 490.17 462.36 490.05 462.48 489.93 c 462.6 489.81 462.84 489.69 462.96 489.57 c 462.84 489.45 462.72 489.21 462.6 489.09 c 462.48 488.97 462.36 488.85 462.12 488.61 c h f 
467.76 481.05 m 467.64 481.05 467.52 481.17 467.28 481.17 c 467.16 481.29 466.92 481.29 466.68 481.41 c 466.56 481.53 466.32 481.65 466.2 481.77 c 466.32 482.25 l 466.56 482.13 466.8 482.13 466.92 482.13 c 467.16 482.13 467.28 482.13 467.52 482.13 c 468 482.13 468.48 482.25 468.96 482.61 c 469.32 482.85 469.68 483.33 469.8 484.05 c 469.8 484.17 469.68 484.29 469.68 484.41 c 469.56 484.53 469.56 484.65 469.44 484.77 c 469.2 485.13 469.08 485.49 468.96 485.73 c 468.84 485.97 468.72 486.21 468.72 486.33 c 468.72 486.45 468.72 486.69 468.84 486.81 c 468.84 486.93 468.96 486.93 469.08 487.05 c 469.2 487.05 469.2 487.05 469.32 487.05 c 469.32 487.05 469.44 487.05 469.56 487.05 c 469.68 486.81 469.8 486.57 469.8 486.33 c 469.92 486.09 469.92 485.97 470.04 485.85 c 470.04 485.49 470.16 485.37 470.16 485.13 c 470.28 485.01 470.28 484.77 470.28 484.65 c 470.52 484.53 470.88 484.41 471.24 484.41 c 471.24 484.41 471.24 484.41 471.24 484.41 c 471.24 483.57 l 471.24 483.45 471.24 483.45 471.24 483.45 c 470.88 483.45 470.52 483.57 470.28 483.69 c 470.16 483.21 470.04 482.73 469.8 482.25 c 469.56 481.89 469.2 481.65 468.84 481.41 c 468.48 481.17 468.12 481.05 467.76 481.05 c h f 
471.12 483.45 m 471 483.45 471 483.45 471 483.57 c 471 484.41 l 471 484.41 471 484.41 471.12 484.41 c 471.24 484.41 471.48 484.41 471.72 484.53 c 471.96 484.53 472.08 484.53 472.32 484.53 c 472.2 484.65 472.08 484.77 471.96 484.89 c 471.84 485.13 471.84 485.25 471.84 485.49 c 471.84 485.73 471.84 485.97 471.96 486.21 c 471.96 486.45 472.08 486.69 472.32 486.93 c 472.44 487.17 472.56 487.29 472.8 487.53 c 473.04 487.77 473.4 487.77 473.64 487.77 c 473.88 487.77 474.24 487.77 474.48 487.65 c 474.72 487.41 474.96 487.29 475.32 486.93 c 475.08 486.57 l 474.84 486.69 474.6 486.69 474.48 486.69 c 474.24 486.81 474.12 486.81 474 486.81 c 473.76 486.81 473.52 486.81 473.28 486.69 c 473.04 486.57 472.8 486.57 472.56 486.33 c 472.56 486.09 472.56 485.73 472.68 485.49 c 472.92 485.25 473.04 485.01 473.4 484.89 c 473.52 484.77 473.88 484.65 474.12 484.65 c 474.36 484.65 474.72 484.77 474.84 484.77 c 475.08 484.77 475.32 484.89 475.56 485.01 c 475.92 485.01 476.16 485.13 476.52 485.25 c 476.52 485.25 476.52 485.13 476.64 485.13 c 476.64 485.01 476.64 484.89 476.64 484.77 c 476.64 484.65 476.64 484.53 476.52 484.41 c 476.52 484.29 476.4 484.29 476.28 484.17 c 476.28 484.17 476.16 484.17 476.04 484.05 c 475.8 484.05 475.56 484.05 475.44 483.93 c 474.72 483.81 474 483.69 473.28 483.57 c 472.68 483.45 471.84 483.45 471.12 483.45 c h f 
0 0.49 0.769 sc 481.32 486.57 m 481.2 486.81 480.96 486.93 480.72 487.05 c 480.6 487.17 480.36 487.29 480.12 487.41 c 480.24 487.53 480.24 487.65 480.36 487.77 c 480.36 487.77 480.48 487.89 480.48 488.01 c 480.48 488.13 480.6 488.25 480.6 488.25 c 480.72 488.37 480.72 488.49 480.84 488.61 c 480.96 488.49 481.08 488.37 481.32 488.25 c 481.44 488.13 481.68 488.13 481.8 488.01 c 481.92 487.89 481.92 487.77 481.92 487.65 c 481.92 487.53 481.8 487.17 481.32 486.57 c h 481.32 482.73 m 481.08 482.85 480.96 483.09 480.72 483.21 c 480.6 483.33 480.36 483.45 480.12 483.57 c 480.24 483.69 480.24 483.69 480.36 483.81 c 480.36 483.93 480.48 484.05 480.48 484.17 c 480.48 484.17 480.6 484.29 480.6 484.41 c 480.72 484.53 480.72 484.65 480.84 484.77 c 481.56 484.29 481.92 483.93 481.92 483.81 c 481.92 483.69 481.8 483.33 481.32 482.73 c h f 
488.52 483.45 m 488.16 483.45 487.8 483.57 487.44 483.69 c 487.2 483.93 486.96 484.05 486.84 484.29 c 486.72 484.65 486.6 484.89 486.6 485.25 c 486.6 485.37 486.6 485.61 486.48 485.97 c 486.48 486.33 486.48 486.69 486.36 487.17 c 486.36 487.53 486.24 488.01 486.24 488.49 c 486.24 488.85 486.12 489.33 486.12 489.69 c 486.12 490.05 486 490.29 486 490.53 c 486.24 490.65 486.48 490.77 486.72 490.89 c 486.96 491.01 487.2 491.13 487.44 491.25 c 487.44 490.65 487.44 490.05 487.44 489.57 c 487.44 488.97 487.44 488.37 487.56 487.77 c 487.56 487.17 487.56 486.69 487.56 486.09 c 487.56 485.13 l 487.8 485.01 487.92 485.01 488.04 484.89 c 488.16 484.89 488.4 484.89 488.64 484.89 c 488.64 484.89 488.64 484.77 488.64 484.77 c 488.64 483.57 l 488.64 483.57 488.64 483.45 488.52 483.45 c h f 
488.52 483.45 m 488.4 483.45 488.4 483.57 488.4 483.57 c 488.4 484.77 l 488.4 484.77 488.4 484.89 488.52 484.89 c 488.88 484.89 489.12 484.89 489.48 484.89 c 489.84 484.89 490.08 485.01 490.2 485.01 c 490.44 485.13 490.56 485.25 490.56 485.37 c 490.68 485.49 490.8 485.73 490.92 485.97 c 491.04 486.21 491.16 486.33 491.28 486.45 c 491.28 486.45 491.4 486.57 491.52 486.57 c 491.76 486.57 491.88 486.45 492 486.33 c 492 486.21 491.88 485.97 491.76 485.85 c 491.76 485.73 491.64 485.61 491.64 485.49 c 491.64 485.37 491.52 485.25 491.52 485.13 c 491.64 485.01 491.88 485.01 492.12 484.89 c 492.24 484.89 492.48 484.89 492.72 484.89 c 492.72 484.89 492.84 484.77 492.84 484.77 c 492.84 483.57 l 492.84 483.57 492.72 483.45 492.72 483.45 c 492.12 483.45 491.52 483.81 491.04 484.29 c 490.92 484.17 l 490.8 483.93 490.68 483.81 490.44 483.69 c 490.2 483.69 489.96 483.57 489.6 483.57 c 489.36 483.57 488.88 483.45 488.52 483.45 c h 491.4 481.17 m 491.16 481.41 490.8 481.65 490.68 481.89 c 490.92 482.13 491.16 482.37 491.4 482.73 c 491.4 482.73 491.52 482.61 491.64 482.49 c 491.76 482.37 491.88 482.25 492.12 482.01 c 492 481.89 492 481.77 491.88 481.65 c 491.76 481.41 491.64 481.29 491.4 481.17 c h 489.84 481.05 m 489.72 481.17 489.6 481.29 489.36 481.41 c 489.24 481.53 489.24 481.65 489.12 481.77 c 489.24 481.89 489.36 482.01 489.48 482.13 c 489.6 482.25 489.72 482.37 489.84 482.49 c 489.96 482.49 489.96 482.37 490.08 482.25 c 490.2 482.13 490.44 482.01 490.56 481.77 c 490.44 481.65 490.44 481.53 490.32 481.41 c 490.2 481.29 490.08 481.17 489.84 481.05 c h f 
492.6 483.45 m 492.6 483.45 492.48 483.57 492.48 483.57 c 492.48 484.77 l 492.48 484.77 492.6 484.89 492.6 484.89 c 493.2 484.89 493.68 484.89 494.04 484.89 c 494.4 484.89 494.76 485.01 495.12 485.13 c 495.48 485.13 495.84 485.25 495.96 485.37 c 496.2 485.37 496.44 485.37 496.56 485.49 c 496.44 485.49 496.32 485.61 496.2 485.61 c 496.2 485.73 496.08 485.73 495.96 485.85 c 495.72 485.97 495.48 486.09 495.36 486.21 c 495.12 486.33 495 486.33 494.88 486.33 c 494.64 486.33 494.4 486.33 494.16 486.21 c 493.92 486.09 493.68 485.97 493.44 485.85 c 493.44 485.97 493.32 485.97 493.32 486.21 c 493.2 486.33 493.2 486.45 493.2 486.57 c 493.2 486.93 493.32 487.17 493.68 487.41 c 493.92 487.53 494.28 487.65 494.76 487.65 c 495 487.65 495.24 487.65 495.48 487.53 c 495.72 487.53 495.96 487.29 496.2 487.17 c 496.56 486.93 496.92 486.69 497.16 486.57 c 497.52 486.45 497.88 486.33 498.24 486.21 c 498.48 486.21 498.6 486.09 498.84 486.09 c 499.08 486.09 499.44 486.09 499.68 486.09 c 499.08 484.77 l 498.84 484.89 498.6 484.89 498.48 484.89 c 498.36 484.89 498.12 484.89 497.88 484.89 c 497.76 484.89 497.52 484.77 497.4 484.77 c 497.16 484.65 496.92 484.65 496.8 484.53 c 496.56 484.41 496.32 484.29 496.2 484.29 c 495.84 484.05 495.6 483.93 495.36 483.81 c 495.12 483.69 494.88 483.69 494.64 483.57 c 494.28 483.57 494.04 483.57 493.68 483.57 c 493.44 483.45 493.08 483.45 492.6 483.45 c h 497.4 483.45 m 497.64 483.33 497.76 483.21 497.88 483.09 c 498 482.97 498.12 482.85 498.24 482.73 c 498.12 482.61 498 482.49 497.88 482.37 c 497.76 482.25 497.64 482.01 497.4 481.89 c 497.4 482.01 497.28 482.13 497.16 482.25 c 497.04 482.37 496.92 482.49 496.8 482.61 c 496.92 482.97 497.16 483.21 497.4 483.45 c h 495.96 483.33 m 496.08 483.21 496.2 483.09 496.32 482.97 c 496.44 482.85 496.56 482.73 496.68 482.61 c 496.56 482.49 496.44 482.37 496.32 482.25 c 496.2 482.13 496.08 481.89 495.96 481.77 c 495.84 481.89 495.72 482.01 495.6 482.13 c 495.48 482.25 495.36 482.37 495.24 482.49 c 495.36 482.61 495.48 482.73 495.6 482.85 c 495.72 483.09 495.84 483.21 495.96 483.33 c h 496.68 482.37 m 497.04 482.13 497.28 481.89 497.4 481.65 c 497.28 481.53 497.16 481.53 497.04 481.41 c 496.92 481.29 496.8 481.17 496.8 481.05 c 496.56 481.29 496.32 481.53 496.08 481.65 c 496.32 481.89 496.44 482.01 496.44 482.13 c 496.56 482.25 496.68 482.37 496.68 482.37 c h f 
502.32 481.17 m 502.2 481.17 502.08 481.17 501.84 481.29 c 501.72 481.41 501.48 481.53 501.24 481.65 c 501 481.77 500.88 481.89 500.64 482.13 c 500.88 482.61 l 501 482.49 501.24 482.49 501.48 482.49 c 501.72 482.37 501.84 482.37 502.08 482.37 c 502.56 482.37 503.04 482.49 503.4 482.73 c 503.76 482.97 504.12 483.21 504.36 483.45 c 504 483.57 503.76 483.57 503.52 483.57 c 503.28 483.57 503.04 483.57 502.92 483.69 c 502.44 483.81 502.08 483.93 501.84 484.17 c 501.72 484.41 501.6 484.77 501.6 485.25 c 501.6 485.61 501.6 486.09 501.84 486.45 c 501.96 486.93 502.2 487.17 502.44 487.53 c 502.68 487.77 502.92 487.89 503.28 487.89 c 503.52 487.89 503.88 487.77 504.12 487.41 c 504.36 487.17 504.6 486.81 504.84 486.33 c 504.96 486.09 504.96 485.85 505.08 485.61 c 505.08 485.37 505.08 485.13 505.2 484.89 c 505.8 484.89 l 505.8 484.89 505.92 484.77 505.92 484.77 c 505.92 483.57 l 505.92 483.57 505.8 483.45 505.8 483.45 c 505.08 483.45 l 504.96 482.97 504.72 482.61 504.36 482.13 c 504.12 481.77 503.76 481.53 503.4 481.41 c 503.04 481.17 502.68 481.17 502.32 481.17 c h 504.36 484.89 m 504.36 485.25 504.12 485.49 504 485.73 c 503.88 485.97 503.76 486.21 503.52 486.33 c 503.4 486.45 503.16 486.45 503.04 486.45 c 502.8 486.45 502.68 486.45 502.56 486.33 c 502.44 486.33 502.32 486.21 502.32 486.09 c 502.2 485.97 502.2 485.85 502.2 485.73 c 502.2 485.49 502.32 485.37 502.44 485.25 c 502.68 485.13 502.92 485.01 503.28 484.89 c 503.4 484.89 503.52 484.89 503.76 484.89 c 503.88 484.89 504.12 484.89 504.36 484.89 c h f 
505.68 483.45 m 505.56 483.45 505.56 483.57 505.56 483.57 c 505.56 484.77 l 505.56 484.77 505.56 484.89 505.68 484.89 c 506.04 484.89 506.4 484.89 506.88 485.13 c 506.88 485.37 506.88 485.61 506.76 485.85 c 506.76 485.97 506.76 486.21 506.64 486.45 c 506.64 486.69 506.64 487.17 506.52 487.77 c 506.4 488.49 506.16 489.33 506.04 490.53 c 506.16 490.65 506.4 490.77 506.64 490.89 c 506.88 491.01 507.12 491.13 507.36 491.25 c 507.36 490.65 507.36 490.05 507.36 489.45 c 507.36 488.85 507.48 488.37 507.48 487.89 c 507.48 487.41 507.48 486.93 507.48 486.45 c 507.48 486.09 507.48 485.73 507.48 485.37 c 507.48 485.01 507.48 484.77 507.36 484.53 c 507.36 484.29 507.24 484.05 507 483.81 c 507 483.69 506.76 483.69 506.52 483.57 c 506.28 483.57 506.04 483.45 505.68 483.45 c h f 
510.36 481.17 m 510.36 481.17 510.12 481.17 510 481.29 c 509.76 481.41 509.64 481.53 509.4 481.65 c 509.16 481.77 508.92 481.89 508.8 482.13 c 508.92 482.61 l 509.16 482.49 509.4 482.49 509.52 482.49 c 509.76 482.37 510 482.37 510.24 482.37 c 510.72 482.37 511.08 482.49 511.56 482.73 c 511.92 482.97 512.16 483.21 512.4 483.45 c 512.04 483.57 511.8 483.57 511.56 483.57 c 511.32 483.57 511.2 483.57 510.96 483.69 c 510.6 483.81 510.24 483.93 510 484.17 c 509.76 484.41 509.64 484.77 509.64 485.25 c 509.64 485.61 509.76 486.09 509.88 486.45 c 510.12 486.93 510.24 487.17 510.6 487.53 c 510.84 487.77 511.08 487.89 511.32 487.89 c 511.68 487.89 511.92 487.77 512.28 487.41 c 512.52 487.17 512.76 486.81 512.88 486.33 c 513 486.09 513.12 485.85 513.12 485.61 c 513.24 485.37 513.24 485.13 513.24 484.89 c 513.84 484.89 l 513.96 484.89 513.96 484.77 513.96 484.77 c 513.96 483.57 l 513.96 483.57 513.96 483.45 513.84 483.45 c 513.12 483.45 l 513 482.97 512.76 482.61 512.52 482.13 c 512.16 481.77 511.92 481.53 511.44 481.41 c 511.08 481.17 510.72 481.17 510.36 481.17 c h 512.52 484.89 m 512.4 485.25 512.28 485.49 512.16 485.73 c 512.04 485.97 511.8 486.21 511.68 486.33 c 511.44 486.45 511.32 486.45 511.08 486.45 c 510.96 486.45 510.84 486.45 510.72 486.33 c 510.6 486.33 510.48 486.21 510.36 486.09 c 510.36 485.97 510.24 485.85 510.24 485.73 c 510.24 485.49 510.36 485.37 510.6 485.25 c 510.72 485.13 511.08 485.01 511.44 484.89 c 511.44 484.89 511.68 484.89 511.8 484.89 c 512.04 484.89 512.28 484.89 512.52 484.89 c h f 
513.72 483.45 m 513.72 483.45 513.72 483.57 513.72 483.57 c 513.72 484.77 l 513.72 484.77 513.72 484.89 513.72 484.89 c 514.32 484.89 514.68 485.01 514.92 485.13 c 515.04 485.25 515.04 485.37 515.16 485.49 c 515.28 485.61 515.28 485.73 515.4 485.97 c 515.52 486.21 515.64 486.33 515.76 486.45 c 515.88 486.45 516 486.57 516.12 486.57 c 516.24 486.57 516.36 486.45 516.48 486.33 c 516.48 486.21 516.36 485.97 516.24 485.73 c 516.24 485.61 516.12 485.37 516 485.13 c 516.24 485.01 516.36 485.01 516.6 484.89 c 516.84 484.89 516.96 484.89 517.2 484.89 c 517.32 484.89 517.32 484.77 517.32 484.77 c 517.32 483.57 l 517.32 483.57 517.32 483.45 517.2 483.45 c 516.6 483.45 516.12 483.81 515.52 484.29 c 515.52 484.17 515.52 484.17 515.4 484.05 c 515.4 484.05 515.4 483.93 515.28 483.93 c 515.16 483.81 515.04 483.69 514.8 483.57 c 514.44 483.57 514.2 483.45 513.72 483.45 c h 515.52 487.53 m 515.16 487.89 514.8 488.13 514.68 488.37 c 514.8 488.49 514.92 488.73 515.16 488.85 c 515.28 488.97 515.4 489.09 515.52 489.21 c 515.52 489.21 515.64 489.09 515.88 488.97 c 516 488.73 516.12 488.61 516.36 488.49 c 516.24 488.25 516.12 488.13 516 488.01 c 515.88 487.89 515.64 487.65 515.52 487.53 c h f 
517.08 483.45 m 517.08 483.45 517.08 483.57 517.08 483.57 c 517.08 484.77 l 517.08 484.77 517.08 484.89 517.08 484.89 c 518.16 484.89 518.88 484.89 519.48 485.01 c 519.96 485.01 520.44 485.13 520.68 485.25 c 520.56 485.37 520.44 485.61 520.2 485.85 c 520.08 485.97 519.84 486.21 519.6 486.45 c 519.48 486.57 519.24 486.69 519.12 486.81 c 518.88 486.93 518.64 487.05 518.4 487.17 c 518.04 487.41 517.68 487.65 517.56 487.77 c 517.32 488.01 517.2 488.25 517.2 488.37 c 517.2 488.61 517.32 488.73 517.32 488.85 c 517.44 488.97 517.56 489.09 517.56 489.21 c 517.68 489.33 517.8 489.33 518.04 489.45 c 518.28 489.57 518.64 489.69 519 489.93 c 519.24 490.05 519.6 490.17 520.08 490.41 c 520.44 490.53 520.8 490.77 521.16 490.89 c 521.52 491.01 521.76 491.13 522.12 491.25 c 522.24 491.13 522.36 490.89 522.36 490.65 c 522.36 490.53 522.24 490.29 522.12 490.17 c 522 489.93 521.88 489.81 521.64 489.69 c 521.4 489.57 521.04 489.45 520.8 489.33 c 520.44 489.21 520.08 489.09 519.72 488.85 c 519.36 488.73 518.76 488.61 518.16 488.37 c 518.64 488.25 519.24 488.01 519.6 487.65 c 520.08 487.41 520.44 487.05 520.8 486.57 c 521.04 486.21 521.28 485.73 521.28 485.37 c 521.28 485.37 521.16 485.25 521.16 485.25 c 521.64 485.01 522.12 484.89 522.6 484.89 c 522.72 484.89 522.72 484.77 522.72 484.77 c 522.72 483.57 l 522.72 483.57 522.72 483.45 522.6 483.45 c 522.24 483.45 521.88 483.57 521.64 483.69 c 521.28 483.81 521.04 484.05 520.8 484.41 c 520.68 484.29 520.56 484.17 520.56 484.17 c 520.44 484.05 520.32 484.05 520.2 483.93 c 519.48 483.69 518.52 483.45 517.08 483.45 c h f 
522.48 483.45 m 522.48 483.45 522.36 483.57 522.36 483.57 c 522.36 484.77 l 522.36 484.77 522.48 484.89 522.48 484.89 c 522.84 484.89 523.32 484.89 523.68 485.01 c 524.04 485.01 524.28 485.13 524.52 485.25 c 524.52 485.37 524.4 485.61 524.28 485.73 c 524.16 485.97 524.04 486.21 523.92 486.33 c 523.92 486.45 523.8 486.57 523.8 486.69 c 523.68 486.81 523.68 486.93 523.68 487.05 c 523.68 487.17 523.8 487.41 524.04 487.65 c 524.16 487.89 524.4 488.01 524.76 488.25 c 524.76 488.01 524.88 487.65 524.88 487.41 c 525 487.05 525 486.81 525.12 486.45 c 525.12 486.21 525.12 486.09 525.24 485.85 c 525.24 485.73 525.24 485.61 525.24 485.49 c 525.24 485.37 525.12 485.13 525.12 484.89 c 525 484.65 524.88 484.41 524.76 484.17 c 524.04 483.69 523.32 483.45 522.48 483.45 c h 524.88 488.85 m 524.76 488.97 524.64 489.09 524.4 489.21 c 524.28 489.33 524.16 489.45 524.04 489.57 c 524.28 489.69 524.4 489.81 524.52 489.93 c 524.64 490.05 524.76 490.17 524.88 490.41 c 524.88 490.29 525 490.17 525.12 490.05 c 525.24 489.93 525.48 489.81 525.6 489.69 c 525.36 489.33 525.12 489.09 524.88 488.85 c h 523.32 488.61 m 523.2 488.85 523.08 488.97 522.96 489.09 c 522.72 489.21 522.6 489.33 522.6 489.45 c 522.72 489.57 522.84 489.69 522.96 489.81 c 523.08 489.93 523.2 490.05 523.32 490.17 c 523.44 490.17 523.56 490.05 523.68 489.93 c 523.68 489.81 523.92 489.69 524.04 489.45 c 523.92 489.33 523.8 489.21 523.68 489.09 c 523.56 488.97 523.44 488.85 523.32 488.61 c h f 
0.992 0.941 0.918 sc 535.92 478.77 m 540 478.77 543.24 482.13 543.24 486.21 c 543.24 490.29 540 493.65 535.92 493.65 c 531.72 493.65 528.48 490.29 528.48 486.21 c 528.48 482.13 531.72 478.77 535.92 478.77 c h f 
q 0.12 0 0 -0.12 0 841.89 cm 4 w 1 J 0 j 4 M 0.933 0.114 0.145 SC 4466 3026 m 4500 3026 4527 2998 4527 2964 c 4527 2930 4500 2902 4466 2902 c 4431 2902 4404 2930 4404 2964 c 4404 2998 4431 3026 4466 3026 c S Q 
1 w 0.933 0.114 0.145 sc 533.16 482.13 m 533.16 487.53 l 533.16 487.77 533.16 488.01 533.16 488.25 c 533.16 488.49 533.16 488.73 533.16 488.97 c 533.04 488.97 533.04 488.85 532.92 488.73 c 532.92 488.73 532.8 488.61 532.8 488.61 c 532.68 488.49 532.44 488.25 532.32 488.13 c 532.08 488.01 531.96 487.77 531.72 487.65 c 531.12 488.49 l 533.28 490.29 l 534.24 490.29 l 534.24 482.13 l 533.16 482.13 l h f 
537.96 482.01 m 537.12 482.01 536.52 482.13 536.04 482.37 c 536.04 483.57 l 536.28 483.33 536.64 483.21 537 483.21 c 537.36 483.09 537.6 482.97 537.96 482.97 c 538.56 482.97 538.92 483.09 539.28 483.45 c 539.52 483.69 539.64 484.05 539.64 484.65 c 539.64 485.61 539.04 486.21 537.96 486.21 c 537.72 486.21 537.6 486.09 537.36 486.09 c 537.12 486.09 536.88 486.09 536.76 485.97 c 536.16 486.33 l 536.52 490.29 l 540.36 490.29 l 540.36 489.21 l 537.48 489.21 l 537.36 487.05 l 537.48 487.05 537.72 487.17 537.84 487.17 c 538.08 487.17 538.2 487.17 538.32 487.17 c 539.16 487.17 539.76 486.93 540.12 486.57 c 540.6 486.09 540.84 485.49 540.84 484.77 c 540.84 483.93 540.6 483.21 540.12 482.73 c 539.52 482.25 538.92 482.01 537.96 482.01 c h f 
0.141 0.125 0.129 sc 323.4 461.37 m 322.92 461.37 322.56 461.49 322.2 461.61 c 321.96 461.85 321.72 462.09 321.72 462.33 c 321.72 462.69 l 321.24 461.85 l 321 461.85 320.76 461.85 320.64 461.85 c 320.52 461.85 320.4 461.97 320.28 461.97 c 320.16 461.97 320.04 461.97 319.92 462.09 c 319.8 462.09 319.56 462.21 319.44 462.33 c 319.2 462.33 319.08 462.45 318.96 462.57 c 318.84 462.69 318.84 462.81 318.84 462.93 c 318.84 462.93 318.84 463.05 318.84 463.17 c 318.96 463.41 318.96 463.53 319.08 463.65 c 319.08 463.89 319.2 464.01 319.2 464.01 c 319.32 464.13 319.44 464.25 319.56 464.49 c 319.8 464.61 320.04 464.85 320.28 464.97 c 320.64 465.21 320.88 465.33 321.12 465.45 c 321.12 465.81 l 321.24 465.93 321.36 466.05 321.48 466.17 c 321.6 466.17 321.72 466.29 321.72 466.29 c 321.84 466.41 321.96 466.41 322.08 466.53 c 322.08 465.93 322.08 465.21 322.08 464.61 c 322.08 464.01 322.08 463.41 322.2 462.69 c 322.56 462.57 322.92 462.45 323.4 462.45 c 323.4 462.45 323.4 462.45 323.4 462.33 c 323.4 461.49 l 323.4 461.37 323.4 461.37 323.4 461.37 c h 321.6 462.93 m 321.6 463.17 321.48 463.41 321.48 463.77 c 321.36 464.01 321.36 464.37 321.24 464.61 c 320.4 464.37 319.8 464.01 319.44 463.53 c 319.68 463.29 319.92 463.17 320.16 463.17 c 320.4 463.05 320.64 462.93 320.88 462.93 c 321 462.93 321.12 462.93 321.24 462.93 c 321.36 462.93 321.48 462.93 321.6 462.93 c h 321.48 466.89 m 321.36 467.01 321.12 467.13 321 467.25 c 320.88 467.37 320.76 467.49 320.76 467.61 c 320.76 467.73 320.88 467.85 321 467.97 c 321.12 468.09 321.24 468.21 321.48 468.45 c 321.48 468.33 321.6 468.33 321.72 468.21 c 321.84 468.09 321.96 467.85 322.2 467.73 c 321.96 467.49 321.84 467.25 321.48 466.89 c h 319.8 466.77 m 319.68 466.89 319.56 467.01 319.32 467.13 c 319.2 467.25 319.08 467.37 319.08 467.49 c 319.2 467.61 319.32 467.73 319.44 467.85 c 319.56 467.97 319.68 468.09 319.8 468.21 c 319.92 468.21 319.92 468.09 320.04 467.97 c 320.16 467.85 320.28 467.73 320.52 467.61 c 320.4 467.49 320.4 467.25 320.28 467.13 c 320.16 467.01 319.92 466.89 319.8 466.77 c h f 
327.84 461.37 m 327.48 461.37 327.12 461.37 326.76 461.49 c 326.28 461.49 325.92 461.61 325.68 461.61 c 325.32 461.73 324.96 461.85 324.72 461.97 c 324.72 461.97 324.6 461.97 324.6 461.85 c 324.6 461.85 324.6 461.85 324.48 461.73 c 324.36 461.61 324.24 461.61 324 461.49 c 323.76 461.37 323.52 461.37 323.28 461.37 c 323.16 461.37 323.16 461.37 323.16 461.49 c 323.16 462.33 l 323.16 462.45 323.16 462.45 323.28 462.45 c 323.52 462.45 323.76 462.45 323.88 462.45 c 324 462.57 324.24 462.69 324.36 462.81 c 324.48 462.93 324.6 463.05 324.72 463.29 c 324.72 463.41 324.72 463.41 324.84 463.53 c 324.84 463.53 324.84 463.65 324.84 463.65 c 324.96 463.77 325.08 463.89 325.32 463.89 c 325.44 463.89 325.56 463.89 325.56 463.77 c 325.56 463.65 325.44 463.41 325.44 463.29 c 325.32 463.17 325.32 463.05 325.2 462.93 c 325.32 462.81 325.44 462.81 325.44 462.81 c 325.56 462.69 325.68 462.69 325.8 462.69 c 326.52 463.65 327.12 464.37 327.84 464.85 c 328.44 465.45 328.92 465.69 329.52 465.69 c 329.64 465.69 329.88 465.57 330 465.45 c 330.24 465.45 330.48 465.33 330.6 465.09 c 330.84 464.97 331.08 464.85 331.2 464.61 c 331.44 464.37 331.56 464.01 331.56 463.89 c 331.56 463.41 331.44 462.93 331.2 462.57 c 330.84 462.21 330.36 461.97 329.76 461.73 c 329.16 461.49 328.56 461.37 327.84 461.37 c h 327.96 462.33 m 328.44 462.33 328.92 462.45 329.52 462.57 c 330 462.69 330.48 462.93 331.08 463.29 c 330.72 463.65 330.48 464.01 330.12 464.25 c 329.88 464.49 329.52 464.49 329.16 464.49 c 328.8 464.49 328.44 464.37 327.96 464.01 c 327.48 463.65 326.88 463.17 326.4 462.57 c 326.64 462.45 326.88 462.45 327.24 462.45 c 327.48 462.33 327.72 462.33 327.96 462.33 c h f 
334.56 459.09 m 334.44 459.09 334.2 459.09 333.96 459.21 c 333.84 459.21 333.6 459.33 333.36 459.45 c 333.12 459.57 332.88 459.69 332.76 459.81 c 332.88 460.29 l 333.12 460.17 333.36 460.17 333.6 460.17 c 333.84 460.05 334.08 460.05 334.32 460.05 c 334.8 460.05 335.16 460.17 335.64 460.41 c 336 460.65 336.24 461.01 336.48 461.37 c 336.12 461.37 335.88 461.49 335.52 461.49 c 335.28 461.49 335.04 461.49 334.92 461.61 c 334.44 461.73 334.2 461.85 333.96 462.09 c 333.84 462.33 333.72 462.57 333.72 463.05 c 333.72 463.41 333.84 463.77 333.96 464.25 c 334.08 464.61 334.32 464.97 334.56 465.21 c 334.8 465.45 335.16 465.57 335.4 465.57 c 335.64 465.57 336 465.33 336.24 465.09 c 336.48 464.85 336.72 464.37 336.96 463.89 c 337.08 463.65 337.08 463.41 337.08 463.17 c 337.2 462.93 337.2 462.69 337.2 462.45 c 337.92 462.45 l 337.92 462.45 337.92 462.45 337.92 462.33 c 337.92 461.49 l 337.92 461.37 337.92 461.37 337.92 461.37 c 337.08 461.37 l 336.96 460.89 336.84 460.53 336.48 460.17 c 336.24 459.81 336 459.45 335.64 459.33 c 335.28 459.09 334.92 459.09 334.56 459.09 c h 336.6 462.45 m 336.6 462.81 336.48 463.17 336.36 463.41 c 336.12 463.77 336 464.01 335.76 464.13 c 335.64 464.37 335.4 464.37 335.16 464.37 c 335.04 464.37 334.92 464.37 334.68 464.25 c 334.56 464.13 334.44 464.01 334.32 463.89 c 334.32 463.65 334.2 463.53 334.2 463.41 c 334.2 463.17 334.32 462.93 334.56 462.81 c 334.68 462.69 335.04 462.57 335.4 462.57 c 335.52 462.57 335.64 462.45 335.88 462.45 c 336.12 462.45 336.36 462.45 336.6 462.45 c h f 
337.8 461.37 m 337.68 461.37 337.68 461.37 337.68 461.49 c 337.68 462.33 l 337.68 462.45 337.68 462.45 337.8 462.45 c 338.16 462.45 338.52 462.45 338.88 462.57 c 339.24 462.57 339.6 462.69 339.84 462.81 c 339.72 463.05 339.72 463.17 339.6 463.41 c 339.48 463.65 339.48 463.89 339.36 464.01 c 339.24 464.25 339.24 464.37 339.12 464.49 c 339.12 464.61 339.12 464.73 339.12 464.85 c 339.12 464.97 339.24 465.21 339.36 465.33 c 339.48 465.57 339.72 465.69 339.96 465.81 c 339.96 465.69 340.08 465.45 340.08 465.21 c 340.08 464.97 340.2 464.73 340.2 464.37 c 340.32 464.13 340.32 463.89 340.32 463.77 c 340.44 463.53 340.44 463.41 340.44 463.29 c 340.44 463.17 340.32 462.93 340.32 462.69 c 340.2 462.57 340.08 462.33 339.96 461.97 c 339.24 461.61 338.52 461.37 337.8 461.37 c h 339.36 458.97 m 339.24 459.09 339.12 459.21 338.88 459.33 c 338.76 459.45 338.64 459.57 338.52 459.69 c 338.76 459.81 338.88 460.05 339 460.17 c 339.12 460.29 339.24 460.41 339.36 460.53 c 339.6 460.29 339.84 460.05 340.2 459.81 c 340.08 459.69 339.96 459.57 339.84 459.33 c 339.72 459.21 339.6 459.09 339.36 458.97 c h f 
q 0.12 0 0 -0.12 0 841.89 cm 1 j 0.141 0.125 0.129 SC 2898 3171 m 2889 3171 l 2889 3117 l 2887 3119 2885 3121 2882 3123 c 2878 3125 2875 3126 2873 3127 c 2873 3119 l 2877 3117 2881 3114 2885 3111 c 2889 3108 2891 3105 2892 3102 c 2898 3102 l 2898 3171 l h S Q 
q 0.12 0 0 -0.12 0 841.89 cm 1 w 1 j 0.141 0.125 0.129 SC 2920 3153 m 2928 3152 l 2929 3156 2931 3160 2933 3162 c 2935 3164 2938 3165 2941 3165 c 2945 3165 2949 3164 2952 3161 c 2954 3158 2956 3155 2956 3151 c 2956 3147 2954 3144 2952 3141 c 2949 3139 2946 3137 2942 3137 c 2941 3137 2939 3138 2936 3138 c 2937 3131 l 2938 3131 2938 3131 2939 3131 c 2942 3131 2945 3130 2948 3128 c 2951 3126 2953 3123 2953 3120 c 2953 3116 2951 3114 2949 3112 c 2947 3110 2945 3109 2941 3109 c 2938 3109 2935 3110 2933 3112 c 2931 3114 2930 3117 2929 3121 c 2920 3120 l 2921 3114 2924 3110 2927 3107 c 2931 3103 2936 3102 2941 3102 c 2945 3102 2948 3103 2951 3104 c 2955 3106 2957 3108 2959 3111 c 2960 3114 2961 3117 2961 3120 c 2961 3123 2960 3125 2959 3128 c 2957 3130 2955 3132 2952 3134 c 2956 3135 2959 3137 2961 3140 c 2963 3143 2965 3146 2965 3151 c 2965 3157 2962 3162 2958 3166 c 2954 3170 2948 3172 2941 3172 c 2935 3172 2930 3170 2926 3167 c 2922 3163 2920 3159 2920 3153 c h S Q 
q 0.12 0 0 -0.12 0 841.89 cm 1 w 1 j 0.141 0.125 0.129 SC 2978 3171 m 2978 3161 l 2987 3161 l 2987 3171 l 2978 3171 l h S Q 
q 0.12 0 0 -0.12 0 841.89 cm 1 w 1 j 0.141 0.125 0.129 SC 3044 3163 m 3044 3171 l 2998 3171 l 2998 3169 2998 3167 2999 3165 c 3000 3162 3002 3159 3005 3156 c 3007 3153 3011 3150 3016 3146 c 3023 3140 3028 3135 3031 3131 c 3034 3127 3035 3124 3035 3121 c 3035 3118 3034 3115 3031 3112 c 3029 3110 3026 3109 3022 3109 c 3018 3109 3015 3110 3012 3113 c 3010 3115 3008 3118 3008 3123 c 3000 3122 l 3000 3115 3003 3110 3007 3107 c 3010 3104 3016 3102 3022 3102 c 3029 3102 3034 3104 3038 3107 c 3042 3111 3044 3116 3044 3121 c 3044 3124 3043 3127 3042 3129 c 3041 3132 3039 3135 3036 3138 c 3034 3141 3029 3145 3023 3150 c 3018 3154 3015 3157 3014 3158 c 3012 3160 3011 3161 3010 3163 c 3044 3163 l h S Q 
q 0.12 0 0 -0.12 0 841.89 cm 1 w 1 j 0.141 0.125 0.129 SC 3053 3153 m 3062 3152 l 3062 3157 3064 3160 3066 3162 c 3068 3164 3071 3165 3075 3165 c 3079 3165 3082 3164 3085 3161 c 3088 3158 3089 3154 3089 3149 c 3089 3144 3088 3140 3085 3137 c 3083 3134 3079 3133 3075 3133 c 3072 3133 3069 3134 3067 3135 c 3065 3136 3063 3138 3062 3140 c 3054 3138 l 3061 3103 l 3095 3103 l 3095 3111 l 3068 3111 l 3064 3130 l 3068 3127 3072 3125 3077 3125 c 3083 3125 3088 3127 3092 3132 c 3096 3136 3098 3141 3098 3148 c 3098 3154 3096 3159 3093 3164 c 3088 3169 3082 3172 3075 3172 c 3068 3172 3063 3170 3059 3167 c 3056 3163 3053 3159 3053 3153 c h S Q 
1 w 0.141 0.125 0.129 sc 347.76 461.37 m 346.68 461.37 l 346.68 467.85 l 346.44 467.61 346.2 467.37 345.84 467.13 c 345.36 466.89 345 466.77 344.76 466.65 c 344.76 467.61 l 345.24 467.85 345.72 468.21 346.2 468.57 c 346.68 468.93 346.92 469.29 347.04 469.65 c 347.76 469.65 l 347.76 461.37 l h f 
350.4 463.53 m 351.36 463.65 l 351.48 463.17 351.72 462.69 351.96 462.45 c 352.2 462.21 352.56 462.09 352.92 462.09 c 353.4 462.09 353.88 462.21 354.12 462.57 c 354.48 462.93 354.72 463.29 354.72 463.77 c 354.72 464.25 354.48 464.61 354.24 464.97 c 353.88 465.21 353.52 465.45 353.04 465.45 c 352.92 465.45 352.68 465.33 352.32 465.33 c 352.44 466.17 l 352.56 466.17 352.56 466.17 352.56 466.17 c 353.04 466.17 353.4 466.29 353.76 466.53 c 354.12 466.77 354.36 467.13 354.36 467.49 c 354.36 467.97 354.12 468.21 353.88 468.45 c 353.64 468.69 353.4 468.81 352.92 468.81 c 352.56 468.81 352.2 468.69 351.96 468.45 c 351.72 468.21 351.48 467.85 351.48 467.37 c 350.4 467.49 l 350.52 468.21 350.88 468.69 351.24 469.05 c 351.72 469.53 352.32 469.65 352.92 469.65 c 353.4 469.65 353.76 469.53 354.12 469.41 c 354.6 469.17 354.84 468.93 355.08 468.57 c 355.2 468.21 355.32 467.85 355.32 467.49 c 355.32 467.13 355.2 466.89 355.08 466.53 c 354.84 466.29 354.6 466.05 354.24 465.81 c 354.72 465.69 355.08 465.45 355.32 465.09 c 355.56 464.73 355.68 464.37 355.68 463.77 c 355.68 463.05 355.44 462.45 354.96 461.97 c 354.48 461.49 353.76 461.25 352.92 461.25 c 352.2 461.25 351.6 461.49 351.12 461.85 c 350.64 462.33 350.4 462.81 350.4 463.53 c h f 
357.24 462.57 m 358.44 462.57 l 358.44 461.37 l 357.24 461.37 l h f 
365.28 462.33 m 365.28 461.37 l 359.76 461.37 l 359.76 461.61 359.76 461.85 359.88 462.09 c 360 462.45 360.24 462.81 360.6 463.17 c 360.84 463.53 361.32 463.89 361.92 464.37 c 362.76 465.09 363.36 465.69 363.72 466.17 c 364.08 466.65 364.2 467.01 364.2 467.37 c 364.2 467.73 364.08 468.09 363.72 468.45 c 363.48 468.69 363.12 468.81 362.64 468.81 c 362.16 468.81 361.8 468.69 361.44 468.33 c 361.2 468.09 360.96 467.73 360.96 467.13 c 360 467.25 l 360 468.09 360.36 468.69 360.84 469.05 c 361.2 469.41 361.92 469.65 362.64 469.65 c 363.48 469.65 364.08 469.41 364.56 469.05 c 365.04 468.57 365.16 467.97 365.16 467.37 c 365.16 467.01 365.16 466.65 365.04 466.41 c 364.92 466.05 364.68 465.69 364.32 465.33 c 364.08 464.97 363.48 464.49 362.76 463.89 c 362.16 463.41 361.8 463.05 361.56 462.93 c 361.44 462.69 361.32 462.57 361.2 462.33 c 365.28 462.33 l h f 
366.36 463.53 m 367.32 463.65 l 367.44 463.05 367.68 462.69 367.92 462.45 c 368.16 462.21 368.52 462.09 369 462.09 c 369.48 462.09 369.84 462.21 370.2 462.57 c 370.56 462.93 370.68 463.41 370.68 464.01 c 370.68 464.61 370.56 465.09 370.2 465.45 c 369.96 465.81 369.48 465.93 369 465.93 c 368.64 465.93 368.28 465.81 368.04 465.69 c 367.8 465.57 367.56 465.33 367.44 465.09 c 366.48 465.33 l 367.32 469.53 l 371.4 469.53 l 371.4 468.57 l 368.16 468.57 l 367.68 466.29 l 368.16 466.65 368.64 466.89 369.24 466.89 c 369.96 466.89 370.56 466.65 371.04 466.05 c 371.52 465.57 371.76 464.97 371.76 464.13 c 371.76 463.41 371.52 462.81 371.16 462.21 c 370.56 461.61 369.84 461.25 369 461.25 c 368.16 461.25 367.56 461.49 367.08 461.85 c 366.6 462.33 366.36 462.81 366.36 463.53 c h f 
380.16 461.37 m 379.68 461.37 379.32 461.49 378.96 461.61 c 378.72 461.85 378.6 462.09 378.48 462.33 c 378.48 462.69 l 378 461.85 l 377.76 461.85 377.52 461.85 377.4 461.85 c 377.28 461.85 377.16 461.97 377.04 461.97 c 376.92 461.97 376.8 461.97 376.68 462.09 c 376.56 462.09 376.32 462.21 376.2 462.33 c 376.08 462.33 375.84 462.45 375.72 462.57 c 375.6 462.69 375.6 462.81 375.6 462.93 c 375.6 462.93 375.6 463.05 375.6 463.17 c 375.72 463.41 375.72 463.53 375.84 463.65 c 375.84 463.89 375.96 464.01 375.96 464.01 c 376.08 464.13 376.2 464.25 376.32 464.49 c 376.56 464.61 376.8 464.85 377.04 464.97 c 377.4 465.21 377.64 465.33 377.88 465.45 c 377.88 465.81 l 378 465.93 378.12 466.05 378.24 466.17 c 378.36 466.17 378.48 466.29 378.48 466.29 c 378.6 466.41 378.72 466.41 378.84 466.53 c 378.84 465.93 378.84 465.21 378.84 464.61 c 378.84 464.01 378.96 463.41 378.96 462.69 c 379.32 462.57 379.68 462.45 380.16 462.45 c 380.16 462.45 380.28 462.45 380.28 462.33 c 380.28 461.49 l 380.28 461.37 380.16 461.37 380.16 461.37 c h 378.36 462.93 m 378.36 463.17 378.24 463.41 378.24 463.77 c 378.12 464.01 378.12 464.37 378.12 464.61 c 377.16 464.37 376.56 464.01 376.2 463.53 c 376.44 463.29 376.68 463.17 376.92 463.17 c 377.16 463.05 377.4 462.93 377.64 462.93 c 377.76 462.93 377.88 462.93 378 462.93 c 378.12 462.93 378.24 462.93 378.36 462.93 c h f 
380.04 461.37 m 379.92 461.37 379.92 461.37 379.92 461.49 c 379.92 462.33 l 379.92 462.45 379.92 462.45 380.04 462.45 c 380.4 462.45 380.76 462.45 381.12 462.57 c 381.48 462.57 381.84 462.69 382.08 462.81 c 381.96 463.05 381.96 463.17 381.84 463.41 c 381.72 463.65 381.72 463.89 381.6 464.01 c 381.48 464.25 381.48 464.37 381.48 464.49 c 381.36 464.61 381.36 464.73 381.36 464.85 c 381.36 464.97 381.48 465.21 381.6 465.33 c 381.72 465.57 381.96 465.69 382.2 465.81 c 382.2 465.69 382.32 465.45 382.32 465.21 c 382.32 464.97 382.44 464.73 382.44 464.37 c 382.56 464.13 382.56 463.89 382.68 463.77 c 382.68 463.53 382.68 463.41 382.68 463.29 c 382.68 463.17 382.56 462.93 382.56 462.69 c 382.44 462.57 382.32 462.33 382.2 461.97 c 381.48 461.61 380.76 461.37 380.04 461.37 c h 381.6 458.97 m 381.48 459.09 381.36 459.21 381.12 459.33 c 381 459.45 380.88 459.57 380.76 459.69 c 381 459.81 381.12 460.05 381.24 460.17 c 381.36 460.29 381.48 460.41 381.6 460.53 c 381.84 460.29 382.2 460.05 382.44 459.81 c 382.32 459.69 382.2 459.57 382.08 459.33 c 381.96 459.21 381.84 459.09 381.6 458.97 c h f 
388.56 458.37 m 387.96 458.37 387.36 458.61 387 458.97 c 386.64 459.33 386.52 459.93 386.52 460.65 c 386.52 460.77 386.52 460.89 386.52 461.01 c 386.52 461.13 386.52 461.37 386.64 461.49 c 386.64 461.73 386.64 461.97 386.76 462.21 c 387.24 462.09 l 387.12 461.73 387 461.37 387 461.25 c 387 460.65 387.24 460.17 387.48 459.93 c 387.72 459.57 388.08 459.45 388.68 459.45 c 389.04 459.45 389.4 459.57 389.76 459.57 c 390.12 459.69 390.48 459.93 390.72 460.05 c 391.08 460.29 391.32 460.53 391.44 460.77 c 391.2 461.25 390.96 461.73 390.84 462.09 c 390.72 462.45 390.6 462.81 390.6 462.93 c 390.6 463.17 390.72 463.41 390.84 463.65 c 390.96 463.77 391.2 464.01 391.56 464.13 c 391.56 464.01 391.56 463.89 391.56 463.65 c 391.68 463.41 391.68 463.17 391.68 462.81 c 392.04 462.69 l 392.76 463.65 393.48 464.37 394.08 464.97 c 394.68 465.45 395.28 465.69 395.76 465.69 c 395.88 465.69 396.12 465.57 396.36 465.45 c 396.48 465.45 396.72 465.33 396.96 465.09 c 397.2 464.97 397.32 464.85 397.44 464.61 c 397.8 464.37 397.92 464.01 397.92 463.89 c 397.92 463.41 397.68 462.93 397.44 462.57 c 397.08 462.21 396.6 461.97 396 461.73 c 395.4 461.49 394.8 461.37 394.08 461.37 c 393.72 461.37 393.36 461.37 393 461.37 c 392.64 461.49 392.28 461.49 391.92 461.61 c 391.92 461.61 391.92 461.49 391.92 461.37 c 391.92 461.37 391.92 461.25 391.92 461.25 c 391.92 460.77 391.8 460.29 391.44 459.81 c 391.2 459.33 390.72 459.09 390.24 458.73 c 390 458.61 389.76 458.49 389.4 458.49 c 389.16 458.37 388.92 458.37 388.56 458.37 c h 394.2 462.33 m 394.68 462.33 395.28 462.45 395.76 462.57 c 396.24 462.69 396.72 462.93 397.32 463.29 c 397.08 463.65 396.72 464.01 396.36 464.25 c 396.12 464.49 395.76 464.49 395.52 464.49 c 395.16 464.49 394.92 464.49 394.56 464.25 c 394.32 464.13 393.96 463.89 393.6 463.53 c 393.24 463.29 393 462.93 392.64 462.57 c 392.88 462.45 393.24 462.45 393.48 462.45 c 393.72 462.33 393.96 462.33 394.2 462.33 c h f 
401.64 461.37 m 401.28 461.37 400.92 461.49 400.68 461.49 c 400.44 461.61 400.2 461.85 400.08 461.97 c 399.96 462.21 399.84 462.45 399.84 462.69 c 399.84 462.81 399.84 463.05 399.84 463.41 c 399.72 463.65 399.72 464.01 399.72 464.37 c 399.6 464.73 399.6 465.09 399.6 465.57 c 399.48 466.05 399.48 466.41 399.48 466.89 c 399.48 467.37 399.36 467.97 399.36 468.45 c 399.48 468.57 399.6 468.69 399.84 468.81 c 399.96 468.93 400.08 469.05 400.32 469.17 c 400.32 468.57 400.32 467.97 400.32 467.37 c 400.44 466.77 400.44 466.17 400.44 465.57 c 400.44 464.97 400.44 464.25 400.44 463.53 c 400.44 462.69 l 400.68 462.57 400.8 462.57 401.04 462.45 c 401.16 462.45 401.4 462.45 401.64 462.45 c 401.64 462.45 401.76 462.45 401.76 462.33 c 401.76 461.49 l 401.76 461.37 401.64 461.37 401.64 461.37 c h f 
401.52 461.37 m 401.4 461.37 401.4 461.37 401.4 461.49 c 401.4 462.33 l 401.4 462.45 401.4 462.45 401.52 462.45 c 402.12 462.45 402.72 462.45 403.2 462.57 c 403.68 462.57 404.16 462.69 404.52 462.81 c 404.88 462.93 405.12 463.05 405.24 463.17 c 405.48 463.17 405.6 463.29 405.84 463.29 c 405.72 463.29 405.48 463.41 405.36 463.53 c 405.24 463.53 405.12 463.65 405 463.77 c 404.76 463.89 404.52 464.13 404.28 464.13 c 404.16 464.25 403.92 464.25 403.68 464.25 c 403.44 464.25 403.32 464.25 403.08 464.25 c 402.96 464.13 402.72 464.01 402.48 463.89 c 402.36 463.89 402.36 464.01 402.24 464.13 c 402.24 464.13 402.24 464.25 402.24 464.37 c 402.24 464.73 402.36 464.97 402.6 465.09 c 402.96 465.33 403.2 465.45 403.68 465.45 c 403.92 465.45 404.16 465.33 404.4 465.33 c 404.64 465.21 404.88 464.97 405.24 464.85 c 405.6 464.49 405.96 464.37 406.2 464.25 c 406.56 464.01 406.8 464.01 407.16 463.89 c 407.28 463.89 407.52 463.77 407.76 463.77 c 407.88 463.77 408.24 463.77 408.48 463.77 c 408 462.81 l 408 462.81 407.88 462.93 407.76 462.93 c 407.64 462.93 407.52 462.93 407.4 462.93 c 407.28 462.93 407.16 462.93 407.16 462.93 c 407.16 462.81 407.28 462.69 407.4 462.69 c 407.52 462.57 407.64 462.57 407.76 462.57 c 407.88 462.45 408.12 462.45 408.36 462.45 c 408.6 462.45 408.84 462.45 409.2 462.45 c 409.32 462.45 409.32 462.45 409.32 462.33 c 409.32 461.49 l 409.32 461.37 409.32 461.37 409.2 461.37 c 408.84 461.37 408.6 461.37 408.24 461.49 c 408 461.49 407.76 461.49 407.52 461.61 c 407.28 461.73 407.16 461.73 407.04 461.85 c 406.92 461.97 406.8 462.09 406.68 462.21 c 406.56 462.45 406.56 462.57 406.44 462.81 c 406.32 462.81 406.2 462.69 405.96 462.69 c 405.84 462.57 405.72 462.45 405.6 462.45 c 405.48 462.33 405.36 462.21 405.12 462.09 c 404.88 461.97 404.64 461.85 404.4 461.73 c 404.16 461.61 403.8 461.61 403.56 461.49 c 403.32 461.49 402.96 461.49 402.72 461.37 c 402.36 461.37 402 461.37 401.52 461.37 c h 404.88 466.29 m 404.52 466.65 404.28 466.89 404.04 467.13 c 404.28 467.25 404.4 467.49 404.52 467.61 c 404.64 467.73 404.76 467.85 404.88 467.97 c 405 467.85 405.12 467.73 405.24 467.61 c 405.36 467.49 405.48 467.37 405.72 467.13 c 405.6 467.01 405.48 466.89 405.36 466.77 c 405.24 466.65 405.12 466.53 404.88 466.29 c h f 
409.08 461.37 m 409.08 461.37 409.08 461.37 409.08 461.49 c 409.08 462.33 l 409.08 462.45 409.08 462.45 409.08 462.45 c 409.56 462.45 409.92 462.57 410.4 462.69 c 410.4 463.05 410.28 463.29 410.28 463.53 c 410.28 463.77 410.28 464.01 410.16 464.37 c 410.16 464.85 410.04 465.45 410.04 466.17 c 409.92 466.89 409.8 467.61 409.68 468.45 c 409.8 468.57 409.92 468.69 410.16 468.81 c 410.28 468.93 410.52 469.05 410.64 469.17 c 410.64 468.69 410.64 468.09 410.76 467.61 c 410.76 467.01 410.76 466.41 410.76 465.81 c 410.88 465.33 410.88 464.85 410.88 464.37 c 410.88 463.89 410.88 463.41 410.88 463.05 c 410.88 462.81 410.88 462.69 410.76 462.45 c 410.76 462.21 410.64 461.97 410.52 461.73 c 410.4 461.61 410.28 461.61 410.04 461.49 c 409.8 461.37 409.44 461.37 409.08 461.37 c h f 
412.8 461.37 m 412.8 462.09 412.8 462.81 412.8 463.41 c 412.8 464.01 412.68 464.61 412.68 465.09 c 412.68 465.69 412.68 466.17 412.56 466.65 c 412.56 467.13 412.56 467.61 412.44 468.09 c 412.44 468.33 412.44 468.45 412.56 468.69 c 412.56 468.81 412.68 468.93 412.8 468.93 c 413.04 469.05 413.16 469.17 413.4 469.17 c 413.4 468.93 413.52 468.81 413.52 468.45 c 413.64 468.21 413.76 467.97 413.76 467.73 c 413.52 467.49 l 413.52 467.01 413.52 466.41 413.52 465.81 c 413.52 465.21 413.52 464.49 413.52 463.89 c 413.52 463.17 413.52 462.33 413.4 461.49 c 412.8 461.37 l h f 
420.6 461.37 m 419.76 461.37 419.04 461.49 418.56 461.85 c 418.08 462.21 417.84 462.81 417.84 463.53 c 417.84 463.89 417.84 464.37 417.96 464.73 c 418.44 464.73 l 418.44 464.73 418.44 464.61 418.44 464.49 c 418.44 464.37 418.44 464.25 418.44 464.13 c 418.44 463.77 418.56 463.41 418.68 463.17 c 418.8 462.93 419.16 462.69 419.52 462.57 c 419.64 462.57 419.88 462.45 420.12 462.45 c 420.36 462.45 420.6 462.45 420.96 462.45 c 421.68 462.45 422.28 462.45 423 462.57 c 423.72 462.69 424.32 462.93 424.8 463.17 c 424.68 463.41 424.68 463.53 424.56 463.77 c 424.44 464.01 424.44 464.25 424.32 464.37 c 424.2 464.61 424.2 464.73 424.2 464.85 c 424.08 464.97 424.08 465.09 424.08 465.21 c 424.08 465.33 424.2 465.57 424.32 465.69 c 424.44 465.93 424.68 466.05 424.92 466.17 c 425.04 465.81 425.16 465.33 425.16 465.09 c 425.28 464.73 425.28 464.49 425.28 464.25 c 425.4 464.01 425.4 463.77 425.4 463.65 c 425.4 463.53 425.28 463.29 425.28 463.05 c 425.16 462.93 425.04 462.69 424.92 462.33 c 424.68 462.21 424.2 461.97 423.84 461.85 c 423.36 461.73 422.88 461.61 422.28 461.49 c 421.8 461.37 421.2 461.37 420.6 461.37 c h 421.44 458.97 m 421.2 459.09 421.08 459.21 420.96 459.33 c 420.72 459.45 420.6 459.57 420.6 459.69 c 420.72 459.81 420.84 460.05 420.96 460.17 c 421.08 460.29 421.32 460.41 421.32 460.53 c 421.68 460.29 421.92 460.05 422.16 459.81 c 422.04 459.69 421.92 459.57 421.8 459.33 c 421.68 459.21 421.56 459.09 421.44 458.97 c h f 
428.28 459.09 m 428.16 459.09 427.92 459.09 427.68 459.21 c 427.44 459.21 427.32 459.33 427.08 459.45 c 426.84 459.57 426.6 459.69 426.48 459.81 c 426.6 460.29 l 426.84 460.17 427.08 460.17 427.32 460.17 c 427.56 460.05 427.8 460.05 428.04 460.05 c 428.52 460.05 428.88 460.17 429.24 460.41 c 429.72 460.65 429.96 461.01 430.2 461.37 c 429.84 461.37 429.6 461.49 429.24 461.49 c 429 461.49 428.76 461.49 428.64 461.61 c 428.16 461.73 427.92 461.85 427.68 462.09 c 427.56 462.33 427.44 462.57 427.44 463.05 c 427.44 463.41 427.56 463.77 427.68 464.25 c 427.8 464.61 428.04 464.97 428.28 465.21 c 428.52 465.45 428.88 465.57 429.12 465.57 c 429.36 465.57 429.72 465.33 429.96 465.09 c 430.2 464.85 430.44 464.37 430.68 463.89 c 430.68 463.65 430.8 463.41 430.8 463.17 c 430.92 462.93 430.92 462.69 430.92 462.45 c 431.64 462.45 l 431.64 462.45 431.64 462.45 431.64 462.33 c 431.64 461.49 l 431.64 461.37 431.64 461.37 431.64 461.37 c 430.8 461.37 l 430.68 460.89 430.44 460.53 430.2 460.17 c 429.96 459.81 429.72 459.45 429.36 459.33 c 429 459.09 428.64 459.09 428.28 459.09 c h 430.32 462.45 m 430.32 462.81 430.2 463.17 430.08 463.41 c 429.84 463.77 429.72 464.01 429.48 464.13 c 429.36 464.37 429.12 464.37 428.88 464.37 c 428.76 464.37 428.52 464.37 428.4 464.25 c 428.28 464.13 428.16 464.01 428.04 463.89 c 428.04 463.65 427.92 463.53 427.92 463.41 c 427.92 463.17 428.04 462.93 428.28 462.81 c 428.4 462.69 428.76 462.57 429.12 462.57 c 429.24 462.57 429.36 462.45 429.6 462.45 c 429.84 462.45 430.08 462.45 430.32 462.45 c h f 
434.04 461.37 m 433.92 461.37 433.68 461.37 433.44 461.49 c 433.08 461.49 432.96 461.61 432.72 461.73 c 432.6 461.61 432.48 461.49 432.24 461.49 c 432 461.37 431.76 461.37 431.52 461.37 c 431.4 461.37 431.4 461.37 431.4 461.49 c 431.4 462.33 l 431.4 462.45 431.4 462.45 431.52 462.45 c 431.76 462.45 432 462.45 432.12 462.45 c 432.24 462.57 432.36 462.57 432.48 462.69 c 432.6 462.81 432.72 462.81 432.72 462.93 c 432.72 462.93 432.84 463.05 432.84 463.17 c 432.96 463.29 432.96 463.41 433.08 463.53 c 433.2 463.65 433.2 463.65 433.32 463.77 c 433.32 463.77 433.44 463.77 433.56 463.77 c 433.68 463.77 433.68 463.77 433.8 463.65 c 433.68 463.41 433.56 463.17 433.56 462.93 c 433.44 462.69 433.32 462.57 433.32 462.57 c 433.44 462.45 433.56 462.45 433.68 462.45 c 433.8 462.45 434.04 462.45 434.16 462.45 c 434.4 462.45 434.52 462.45 434.64 462.45 c 434.76 462.45 435 462.45 435.12 462.57 c 435.12 462.57 435.24 462.69 435.24 462.93 c 435.36 463.05 435.36 463.29 435.48 463.53 c 435.48 463.65 435.6 463.89 435.72 464.13 c 435.72 464.25 435.72 464.25 435.84 464.37 c 435.96 464.37 436.08 464.37 436.2 464.37 c 436.32 464.37 436.44 464.37 436.44 464.37 c 436.44 464.13 436.32 464.01 436.2 463.77 c 436.2 463.53 436.08 463.17 435.96 462.81 c 436.2 462.81 436.44 462.69 436.68 462.57 c 436.92 462.57 437.04 462.45 437.28 462.45 c 437.52 462.45 437.76 462.45 438 462.33 c 438 462.57 437.88 462.69 437.88 462.93 c 437.76 463.17 437.64 463.29 437.64 463.53 c 437.52 463.77 437.4 463.89 437.4 464.01 c 437.4 464.25 437.28 464.37 437.28 464.37 c 437.28 464.61 437.4 464.73 437.52 464.97 c 437.76 465.09 437.88 465.33 438.12 465.45 c 438.24 465.09 438.24 464.73 438.36 464.37 c 438.48 464.13 438.48 463.77 438.6 463.53 c 438.6 463.29 438.6 463.05 438.6 462.81 c 438.6 462.81 438.6 462.57 438.6 462.45 c 438.48 462.21 438.48 462.09 438.36 461.85 c 438.36 461.61 438.24 461.49 438.12 461.37 c 437.64 461.37 437.28 461.37 436.8 461.49 c 436.44 461.61 436.08 461.73 435.6 461.85 c 435.6 461.85 435.6 461.73 435.48 461.73 c 435.48 461.61 435.36 461.49 435.24 461.49 c 435.12 461.49 434.88 461.37 434.64 461.37 c 434.52 461.37 434.28 461.37 434.04 461.37 c h f 
442.32 461.37 m 441.96 461.37 441.72 461.49 441.48 461.49 c 441.24 461.61 441 461.85 440.88 461.97 c 440.76 462.21 440.64 462.45 440.64 462.69 c 440.64 462.81 440.52 463.05 440.52 463.41 c 440.52 463.65 440.52 464.01 440.4 464.37 c 440.4 464.73 440.4 465.09 440.28 465.57 c 440.28 466.05 440.28 466.41 440.16 466.89 c 440.16 467.37 440.16 467.97 440.04 468.45 c 440.28 468.57 440.4 468.69 440.52 468.81 c 440.76 468.93 440.88 469.05 441.12 469.17 c 441.12 468.57 441.12 467.97 441.12 467.37 c 441.12 466.77 441.12 466.17 441.12 465.57 c 441.24 464.97 441.24 464.25 441.24 463.53 c 441.24 462.69 l 441.36 462.57 441.6 462.57 441.72 462.45 c 441.96 462.45 442.2 462.45 442.32 462.45 c 442.44 462.45 442.44 462.45 442.44 462.33 c 442.44 461.49 l 442.44 461.37 442.44 461.37 442.32 461.37 c h f 
442.2 461.37 m 442.2 461.37 442.2 461.37 442.2 461.49 c 442.2 462.33 l 442.2 462.45 442.2 462.45 442.2 462.45 c 442.92 462.45 443.52 462.45 444 462.57 c 444.48 462.57 444.96 462.69 445.32 462.81 c 445.56 462.93 445.8 463.05 446.04 463.17 c 446.28 463.17 446.4 463.29 446.52 463.29 c 446.4 463.29 446.28 463.41 446.16 463.53 c 446.04 463.53 445.92 463.65 445.8 463.77 c 445.44 463.89 445.2 464.13 445.08 464.13 c 444.84 464.25 444.72 464.25 444.48 464.25 c 444.24 464.25 444 464.25 443.88 464.25 c 443.64 464.13 443.4 464.01 443.16 463.89 c 443.16 463.89 443.04 464.01 443.04 464.13 c 443.04 464.13 443.04 464.25 443.04 464.37 c 443.04 464.73 443.16 464.97 443.4 465.09 c 443.64 465.33 444 465.45 444.48 465.45 c 444.72 465.45 444.96 465.33 445.2 465.33 c 445.44 465.21 445.68 464.97 446.04 464.85 c 446.4 464.49 446.76 464.37 447 464.25 c 447.24 464.01 447.6 464.01 447.96 463.89 c 448.08 463.89 448.2 463.77 448.44 463.77 c 448.68 463.77 448.92 463.77 449.28 463.77 c 448.8 462.81 l 448.68 462.81 448.56 462.93 448.56 462.93 c 448.44 462.93 448.32 462.93 448.2 462.93 c 448.08 462.93 447.96 462.93 447.84 462.93 c 447.96 462.81 448.08 462.69 448.2 462.69 c 448.2 462.57 448.32 462.57 448.44 462.57 c 448.68 462.45 448.8 462.45 449.04 462.45 c 449.4 462.45 449.64 462.45 450 462.45 c 450 462.45 450.12 462.45 450.12 462.33 c 450.12 461.49 l 450.12 461.37 450 461.37 450 461.37 c 449.64 461.37 449.28 461.37 449.04 461.49 c 448.8 461.49 448.44 461.49 448.32 461.61 c 448.08 461.73 447.84 461.73 447.72 461.85 c 447.6 461.97 447.48 462.09 447.48 462.21 c 447.36 462.45 447.24 462.57 447.12 462.81 c 447 462.81 446.88 462.69 446.76 462.69 c 446.64 462.57 446.52 462.45 446.4 462.45 c 446.16 462.33 446.04 462.21 445.92 462.09 c 445.56 461.97 445.32 461.85 445.08 461.73 c 444.84 461.61 444.6 461.61 444.36 461.49 c 444 461.49 443.76 461.49 443.4 461.37 c 443.04 461.37 442.68 461.37 442.2 461.37 c h f 
449.88 461.37 m 449.76 461.37 449.76 461.37 449.76 461.49 c 449.76 462.33 l 449.76 462.45 449.76 462.45 449.88 462.45 c 450.24 462.45 450.72 462.57 451.08 462.69 c 451.08 463.05 451.08 463.29 451.08 463.53 c 451.08 463.77 450.96 464.01 450.96 464.37 c 450.96 464.85 450.84 465.45 450.72 466.17 c 450.72 466.89 450.6 467.61 450.48 468.45 c 450.6 468.57 450.72 468.69 450.84 468.81 c 451.08 468.93 451.2 469.05 451.44 469.17 c 451.44 468.69 451.44 468.09 451.44 467.61 c 451.44 467.01 451.56 466.41 451.56 465.81 c 451.56 465.33 451.56 464.85 451.68 464.37 c 451.68 463.89 451.68 463.41 451.68 463.05 c 451.68 462.81 451.68 462.69 451.56 462.45 c 451.44 462.21 451.32 461.97 451.2 461.73 c 451.2 461.61 450.96 461.61 450.72 461.49 c 450.48 461.37 450.24 461.37 449.88 461.37 c h f 
453.6 461.37 m 453.6 462.09 453.6 462.81 453.48 463.41 c 453.48 464.01 453.48 464.61 453.48 465.09 c 453.48 465.69 453.36 466.17 453.36 466.65 c 453.36 467.13 453.24 467.61 453.24 468.09 c 453.24 468.33 453.24 468.45 453.24 468.69 c 453.36 468.81 453.48 468.93 453.6 468.93 c 453.72 469.05 453.96 469.17 454.2 469.17 c 454.2 468.93 454.2 468.81 454.32 468.45 c 454.44 468.21 454.44 467.97 454.56 467.73 c 454.2 467.49 l 454.2 467.01 454.32 466.41 454.32 465.81 c 454.32 465.21 454.32 464.49 454.32 463.89 c 454.2 463.17 454.2 462.33 454.2 461.49 c 453.6 461.37 l h f 
463.44 461.37 m 462.96 461.37 462.6 461.49 462.24 461.61 c 462 461.85 461.88 462.09 461.76 462.33 c 461.76 462.69 l 461.28 461.85 l 461.04 461.85 460.8 461.85 460.68 461.85 c 460.56 461.85 460.44 461.97 460.32 461.97 c 460.2 461.97 460.08 461.97 459.96 462.09 c 459.84 462.09 459.6 462.21 459.48 462.33 c 459.36 462.33 459.12 462.45 459 462.57 c 458.88 462.69 458.88 462.81 458.88 462.93 c 458.88 462.93 458.88 463.05 458.88 463.17 c 459 463.41 459 463.53 459.12 463.65 c 459.12 463.89 459.24 464.01 459.24 464.01 c 459.36 464.13 459.48 464.25 459.6 464.49 c 459.84 464.61 460.08 464.85 460.32 464.97 c 460.68 465.21 460.92 465.33 461.28 465.45 c 461.16 465.81 l 461.28 465.93 461.4 466.05 461.52 466.17 c 461.64 466.17 461.76 466.29 461.76 466.29 c 461.88 466.41 462 466.41 462.12 466.53 c 462.12 465.93 462.12 465.21 462.12 464.61 c 462.24 464.01 462.24 463.41 462.24 462.69 c 462.6 462.57 462.96 462.45 463.44 462.45 c 463.44 462.45 463.56 462.45 463.56 462.33 c 463.56 461.49 l 463.56 461.37 463.44 461.37 463.44 461.37 c h 461.64 462.93 m 461.64 463.17 461.52 463.41 461.52 463.77 c 461.52 464.01 461.4 464.37 461.4 464.61 c 460.56 464.37 459.84 464.01 459.48 463.53 c 459.72 463.29 459.96 463.17 460.2 463.17 c 460.44 463.05 460.68 462.93 460.92 462.93 c 461.04 462.93 461.16 462.93 461.28 462.93 c 461.4 462.93 461.52 462.93 461.64 462.93 c h 461.52 466.89 m 461.4 467.01 461.28 467.13 461.16 467.25 c 460.92 467.37 460.92 467.49 460.8 467.61 c 460.8 467.73 460.92 467.85 461.04 467.97 c 461.16 468.09 461.4 468.21 461.52 468.45 c 461.52 468.33 461.64 468.33 461.76 468.21 c 461.88 468.09 462 467.85 462.24 467.73 c 462.12 467.49 461.88 467.25 461.52 466.89 c h 459.84 466.77 m 459.72 466.89 459.6 467.01 459.48 467.13 c 459.24 467.25 459.24 467.37 459.12 467.49 c 459.24 467.61 459.36 467.73 459.48 467.85 c 459.6 467.97 459.72 468.09 459.84 468.21 c 459.96 468.21 459.96 468.09 460.08 467.97 c 460.2 467.85 460.44 467.73 460.56 467.61 c 460.44 467.49 460.44 467.25 460.32 467.13 c 460.2 467.01 460.08 466.89 459.84 466.77 c h f 
465.96 461.37 m 465.72 461.37 465.48 461.37 465.24 461.49 c 465 461.49 464.76 461.61 464.52 461.73 c 464.4 461.61 464.28 461.49 464.04 461.49 c 463.8 461.37 463.56 461.37 463.32 461.37 c 463.2 461.37 463.2 461.37 463.2 461.49 c 463.2 462.33 l 463.2 462.45 463.2 462.45 463.32 462.45 c 463.56 462.45 463.8 462.45 463.92 462.45 c 464.04 462.57 464.16 462.57 464.28 462.69 c 464.4 462.81 464.52 462.81 464.52 462.93 c 464.52 462.93 464.64 463.05 464.64 463.17 c 464.76 463.29 464.88 463.41 464.88 463.53 c 465 463.65 465 463.65 465.12 463.77 c 465.12 463.77 465.24 463.77 465.36 463.77 c 465.48 463.77 465.48 463.77 465.6 463.65 c 465.48 463.41 465.36 463.17 465.36 462.93 c 465.24 462.69 465.12 462.57 465.12 462.57 c 465.24 462.45 465.36 462.45 465.48 462.45 c 465.6 462.45 465.84 462.45 465.96 462.45 c 466.2 462.45 466.32 462.45 466.44 462.45 c 466.68 462.45 466.8 462.45 466.92 462.57 c 466.92 462.57 467.04 462.69 467.04 462.93 c 467.16 463.05 467.16 463.29 467.28 463.53 c 467.28 463.65 467.4 463.89 467.52 464.13 c 467.52 464.25 467.64 464.25 467.64 464.37 c 467.76 464.37 467.88 464.37 468 464.37 c 468.12 464.37 468.24 464.37 468.24 464.37 c 468.24 464.13 468.12 464.01 468.12 463.77 c 468 463.53 467.88 463.17 467.76 462.81 c 468 462.81 468.24 462.69 468.48 462.57 c 468.72 462.57 468.96 462.45 469.08 462.45 c 469.32 462.45 469.56 462.45 469.8 462.33 c 469.8 462.57 469.68 462.69 469.68 462.93 c 469.56 463.17 469.44 463.29 469.44 463.53 c 469.32 463.77 469.32 463.89 469.2 464.01 c 469.2 464.25 469.08 464.37 469.08 464.37 c 469.08 464.61 469.2 464.73 469.32 464.97 c 469.56 465.09 469.68 465.33 469.92 465.45 c 470.04 465.09 470.16 464.73 470.16 464.37 c 470.28 464.13 470.28 463.77 470.4 463.53 c 470.4 463.29 470.4 463.05 470.4 462.81 c 470.4 462.81 470.4 462.57 470.4 462.45 c 470.28 462.21 470.28 462.09 470.16 461.85 c 470.16 461.61 470.04 461.49 469.92 461.37 c 469.44 461.37 469.08 461.37 468.6 461.49 c 468.24 461.61 467.88 461.73 467.4 461.85 c 467.4 461.85 467.4 461.73 467.28 461.73 c 467.28 461.61 467.16 461.49 467.04 461.49 c 466.92 461.49 466.68 461.37 466.56 461.37 c 466.32 461.37 466.08 461.37 465.96 461.37 c h 466.68 465.21 m 466.56 465.33 466.32 465.45 466.2 465.57 c 466.08 465.69 466.08 465.69 465.96 465.81 c 466.08 465.93 466.2 466.05 466.32 466.17 c 466.44 466.29 466.56 466.41 466.68 466.53 c 466.68 466.53 466.8 466.41 466.92 466.29 c 467.04 466.17 467.16 466.05 467.28 465.93 c 467.16 465.81 467.16 465.69 467.04 465.57 c 466.92 465.45 466.8 465.33 466.68 465.21 c h 468.24 465.33 m 468.12 465.45 468 465.57 467.88 465.69 c 467.76 465.81 467.64 465.93 467.52 466.05 c 467.64 466.05 467.76 466.17 467.88 466.29 c 468 466.41 468.12 466.53 468.24 466.77 c 468.36 466.65 468.48 466.53 468.6 466.41 c 468.72 466.29 468.84 466.17 468.96 466.05 c 468.84 465.93 468.72 465.81 468.6 465.69 c 468.48 465.57 468.36 465.45 468.24 465.33 c h 467.52 466.29 m 467.4 466.41 467.28 466.53 467.16 466.53 c 467.04 466.65 466.92 466.77 466.8 466.89 c 466.92 467.01 467.04 467.13 467.16 467.25 c 467.28 467.37 467.4 467.49 467.4 467.49 c 467.52 467.49 467.64 467.37 467.76 467.25 c 467.76 467.13 467.88 467.01 468.12 466.89 c 468 466.77 467.88 466.65 467.76 466.53 c 467.64 466.41 467.52 466.41 467.52 466.29 c h f 
474.12 461.37 m 473.88 461.37 473.52 461.49 473.28 461.49 c 473.04 461.61 472.8 461.85 472.68 461.97 c 472.56 462.21 472.44 462.45 472.44 462.69 c 472.44 462.81 472.32 463.05 472.32 463.41 c 472.32 463.65 472.32 464.01 472.2 464.37 c 472.2 464.73 472.2 465.09 472.08 465.57 c 472.08 466.05 472.08 466.41 472.08 466.89 c 471.96 467.37 471.96 467.97 471.84 468.45 c 472.08 468.57 472.2 468.69 472.32 468.81 c 472.56 468.93 472.68 469.05 472.92 469.17 c 472.92 468.57 472.92 467.97 472.92 467.37 c 472.92 466.77 472.92 466.17 472.92 465.57 c 473.04 464.97 473.04 464.25 473.04 463.53 c 473.04 462.69 l 473.16 462.57 473.4 462.57 473.52 462.45 c 473.76 462.45 474 462.45 474.12 462.45 c 474.24 462.45 474.24 462.45 474.24 462.33 c 474.24 461.49 l 474.24 461.37 474.24 461.37 474.12 461.37 c h f 
476.64 461.37 m 476.52 461.37 476.28 461.37 475.92 461.49 c 475.68 461.49 475.44 461.61 475.32 461.73 c 475.2 461.61 474.96 461.49 474.84 461.49 c 474.6 461.37 474.36 461.37 474.12 461.37 c 474 461.37 474 461.37 474 461.49 c 474 462.33 l 474 462.45 474 462.45 474.12 462.45 c 474.36 462.45 474.48 462.45 474.72 462.45 c 474.84 462.57 474.96 462.57 475.08 462.69 c 475.2 462.81 475.2 462.81 475.32 462.93 c 475.32 462.93 475.44 463.05 475.44 463.17 c 475.56 463.29 475.56 463.41 475.68 463.53 c 475.68 463.65 475.8 463.65 475.8 463.77 c 475.92 463.77 476.04 463.77 476.04 463.77 c 476.16 463.77 476.28 463.77 476.4 463.65 c 476.28 463.41 476.16 463.17 476.04 462.93 c 476.04 462.69 475.92 462.57 475.92 462.57 c 475.92 462.45 476.04 462.45 476.28 462.45 c 476.4 462.45 476.64 462.45 476.76 462.45 c 477 462.45 477.12 462.45 477.24 462.45 c 477.36 462.45 477.48 462.45 477.6 462.57 c 477.72 462.57 477.72 462.69 477.84 462.93 c 477.84 463.05 477.96 463.29 478.08 463.53 c 478.08 463.65 478.2 463.89 478.2 464.13 c 478.32 464.25 478.32 464.25 478.44 464.37 c 478.56 464.37 478.56 464.37 478.68 464.37 c 478.8 464.37 478.92 464.37 479.04 464.37 c 479.04 464.13 478.92 464.01 478.8 463.77 c 478.8 463.53 478.68 463.17 478.56 462.81 c 478.8 462.81 479.04 462.69 479.28 462.57 c 479.4 462.57 479.64 462.45 479.88 462.45 c 480.12 462.45 480.36 462.45 480.6 462.33 c 480.6 462.57 480.48 462.69 480.36 462.93 c 480.36 463.17 480.24 463.29 480.12 463.53 c 480.12 463.77 480 463.89 480 464.01 c 479.88 464.25 479.88 464.37 479.88 464.37 c 479.88 464.61 480 464.73 480.12 464.97 c 480.24 465.09 480.48 465.33 480.72 465.45 c 480.84 465.09 480.84 464.73 480.96 464.37 c 481.08 464.13 481.08 463.77 481.08 463.53 c 481.2 463.29 481.2 463.05 481.2 462.81 c 481.2 462.81 481.2 462.57 481.08 462.45 c 481.08 462.21 481.08 462.09 480.96 461.85 c 480.84 461.61 480.84 461.49 480.72 461.37 c 480.24 461.37 479.88 461.37 479.4 461.49 c 479.04 461.61 478.68 461.73 478.2 461.85 c 478.2 461.85 478.2 461.73 478.08 461.73 c 478.08 461.61 477.96 461.49 477.84 461.49 c 477.6 461.49 477.48 461.37 477.24 461.37 c 477.12 461.37 476.88 461.37 476.64 461.37 c h 477.48 465.21 m 477.24 465.33 477.12 465.45 477 465.57 c 476.88 465.69 476.76 465.69 476.76 465.81 c 476.76 465.93 476.88 466.05 477 466.17 c 477.12 466.29 477.24 466.41 477.36 466.53 c 477.48 466.53 477.48 466.41 477.6 466.29 c 477.72 466.17 477.96 466.05 478.08 465.93 c 477.96 465.81 477.84 465.69 477.84 465.57 c 477.72 465.45 477.6 465.33 477.48 465.21 c h 479.04 465.33 m 478.92 465.45 478.8 465.57 478.68 465.69 c 478.56 465.81 478.44 465.93 478.32 466.05 c 478.44 466.05 478.56 466.17 478.68 466.29 c 478.8 466.41 478.92 466.53 479.04 466.77 c 479.16 466.65 479.16 466.53 479.28 466.41 c 479.4 466.29 479.52 466.17 479.76 466.05 c 479.64 465.93 479.52 465.81 479.4 465.69 c 479.28 465.57 479.16 465.45 479.04 465.33 c h 478.2 466.29 m 478.08 466.41 477.96 466.53 477.84 466.53 c 477.72 466.65 477.72 466.77 477.6 466.89 c 477.72 467.01 477.84 467.13 477.96 467.25 c 478.08 467.37 478.08 467.49 478.2 467.49 c 478.32 467.49 478.32 467.37 478.44 467.25 c 478.56 467.13 478.68 467.01 478.8 466.89 c 478.68 466.77 478.56 466.65 478.44 466.53 c 478.44 466.41 478.32 466.41 478.2 466.29 c h f 
487.2 458.37 m 486.6 458.37 486 458.61 485.64 458.97 c 485.28 459.33 485.16 459.93 485.16 460.65 c 485.16 460.77 485.16 460.89 485.16 461.01 c 485.16 461.13 485.16 461.37 485.16 461.49 c 485.28 461.73 485.28 461.97 485.4 462.21 c 485.76 462.09 l 485.76 461.73 485.64 461.37 485.64 461.25 c 485.64 460.65 485.76 460.17 486.12 459.93 c 486.36 459.57 486.72 459.45 487.2 459.45 c 487.68 459.45 488.04 459.57 488.4 459.57 c 488.76 459.69 489 459.93 489.36 460.05 c 489.6 460.29 489.84 460.53 490.08 460.77 c 489.84 461.25 489.6 461.73 489.48 462.09 c 489.36 462.45 489.24 462.81 489.24 462.93 c 489.24 463.17 489.24 463.41 489.48 463.65 c 489.6 463.77 489.84 464.01 490.08 464.13 c 490.08 464.01 490.2 463.89 490.2 463.65 c 490.2 463.41 490.32 463.17 490.32 462.81 c 490.68 462.69 l 491.4 463.65 492.12 464.37 492.72 464.97 c 493.32 465.45 493.92 465.69 494.4 465.69 c 494.52 465.69 494.76 465.57 494.88 465.45 c 495.12 465.45 495.36 465.33 495.6 465.09 c 495.72 464.97 495.96 464.85 496.08 464.61 c 496.32 464.37 496.44 464.01 496.44 463.89 c 496.44 463.41 496.32 462.93 495.96 462.57 c 495.72 462.21 495.24 461.97 494.64 461.73 c 494.04 461.49 493.44 461.37 492.72 461.37 c 492.36 461.37 492 461.37 491.64 461.37 c 491.28 461.49 490.92 461.49 490.56 461.61 c 490.56 461.61 490.56 461.49 490.56 461.37 c 490.56 461.37 490.56 461.25 490.56 461.25 c 490.56 460.77 490.44 460.29 490.08 459.81 c 489.84 459.33 489.36 459.09 488.88 458.73 c 488.64 458.61 488.28 458.49 488.04 458.49 c 487.8 458.37 487.44 458.37 487.2 458.37 c h 492.84 462.33 m 493.32 462.33 493.8 462.45 494.4 462.57 c 494.88 462.69 495.36 462.93 495.96 463.29 c 495.6 463.65 495.36 464.01 495 464.25 c 494.64 464.49 494.4 464.49 494.04 464.49 c 493.8 464.49 493.56 464.49 493.2 464.25 c 492.84 464.13 492.6 463.89 492.24 463.53 c 491.88 463.29 491.52 462.93 491.28 462.57 c 491.52 462.45 491.88 462.45 492.12 462.45 c 492.36 462.33 492.6 462.33 492.84 462.33 c h 492.72 466.65 m 492.36 466.89 492.12 467.13 491.88 467.37 c 492.12 467.61 492.24 467.73 492.36 467.85 c 492.6 468.09 492.6 468.21 492.72 468.33 c 492.84 468.21 492.96 467.97 493.08 467.85 c 493.2 467.73 493.32 467.61 493.56 467.49 c 493.44 467.37 493.32 467.25 493.2 467.13 c 493.08 466.89 492.96 466.77 492.72 466.65 c h f 
498.36 459.09 m 498.24 459.09 498 459.09 497.88 459.09 c 497.64 459.21 497.52 459.33 497.28 459.45 c 497.16 459.57 496.92 459.69 496.8 459.81 c 496.92 460.17 l 497.16 460.17 497.4 460.17 497.52 460.05 c 497.76 460.05 497.88 460.05 498 460.05 c 498.6 460.05 499.08 460.17 499.56 460.53 c 499.92 460.89 500.28 461.37 500.4 461.97 c 500.4 462.09 500.28 462.21 500.28 462.33 c 500.16 462.45 500.16 462.57 500.04 462.69 c 499.8 463.05 499.68 463.41 499.56 463.65 c 499.44 463.89 499.32 464.13 499.32 464.25 c 499.32 464.49 499.32 464.61 499.44 464.73 c 499.44 464.85 499.56 464.97 499.68 465.09 c 499.68 465.09 499.8 465.09 499.92 465.09 c 499.92 465.09 500.04 464.97 500.16 464.97 c 500.28 464.73 500.4 464.49 500.4 464.25 c 500.52 464.13 500.52 463.89 500.64 463.77 c 500.64 463.53 500.76 463.29 500.76 463.05 c 500.88 462.93 500.88 462.81 500.88 462.69 c 501.12 462.45 501.48 462.45 501.72 462.45 c 501.84 462.45 501.84 462.45 501.84 462.33 c 501.84 461.49 l 501.84 461.37 501.84 461.37 501.72 461.37 c 501.48 461.37 501.12 461.49 500.88 461.61 c 500.76 461.13 500.64 460.65 500.4 460.29 c 500.16 459.93 499.8 459.57 499.44 459.33 c 499.08 459.09 498.72 459.09 498.36 459.09 c h f 
501.72 461.37 m 501.6 461.37 501.6 461.37 501.6 461.49 c 501.6 462.33 l 501.6 462.45 501.6 462.45 501.72 462.45 c 501.84 462.45 502.08 462.45 502.32 462.45 c 502.56 462.45 502.68 462.45 502.92 462.45 c 502.8 462.57 502.68 462.69 502.56 462.93 c 502.44 463.05 502.44 463.29 502.44 463.53 c 502.44 463.65 502.44 463.89 502.56 464.13 c 502.56 464.49 502.68 464.61 502.92 464.85 c 503.04 465.09 503.16 465.33 503.4 465.45 c 503.64 465.69 504 465.81 504.24 465.81 c 504.48 465.81 504.84 465.69 505.08 465.57 c 505.32 465.45 505.56 465.21 505.92 464.85 c 505.68 464.49 l 505.44 464.61 505.2 464.61 505.08 464.73 c 504.84 464.73 504.72 464.73 504.6 464.73 c 504.36 464.73 504.12 464.73 503.88 464.61 c 503.64 464.61 503.4 464.49 503.16 464.37 c 503.16 464.01 503.16 463.77 503.28 463.53 c 503.4 463.17 503.64 463.05 504 462.81 c 504.12 462.69 504.48 462.69 504.72 462.57 c 504.96 462.69 505.32 462.69 505.44 462.69 c 505.68 462.81 505.92 462.81 506.16 462.93 c 506.4 463.05 506.76 463.17 507.12 463.29 c 507.12 463.17 507.12 463.17 507.24 463.05 c 507.24 462.93 507.24 462.93 507.24 462.81 c 507.24 462.57 507.24 462.45 507.12 462.45 c 507.12 462.33 507 462.21 506.88 462.09 c 506.88 462.09 506.76 462.09 506.52 462.09 c 506.4 461.97 506.16 461.97 506.04 461.85 c 505.32 461.73 504.6 461.61 503.88 461.49 c 503.28 461.49 502.44 461.37 501.72 461.37 c h f 
513.96 458.01 m 513.48 458.01 513 458.13 512.52 458.25 c 512.16 458.49 511.8 458.85 511.56 459.21 c 511.44 459.45 511.32 459.81 511.32 460.29 c 511.32 460.53 511.32 460.89 511.44 461.13 c 511.56 461.37 511.68 461.61 511.8 461.85 c 512.04 462.09 512.28 462.33 512.64 462.57 c 512.52 462.57 512.52 462.69 512.52 462.69 c 512.4 462.69 512.4 462.81 512.4 462.81 c 512.16 463.05 512.04 463.17 512.04 463.41 c 511.92 463.53 511.8 463.65 511.68 463.77 c 511.56 463.77 511.56 463.89 511.44 463.89 c 511.44 464.01 511.32 464.01 511.32 464.13 c 511.08 464.01 l 510.96 464.13 510.84 464.37 510.84 464.61 c 510.84 464.73 510.96 464.85 511.08 465.09 c 511.2 465.21 511.32 465.33 511.56 465.45 c 511.68 465.57 511.92 465.57 512.16 465.69 c 512.52 465.81 512.88 465.81 513.12 465.81 c 513.48 465.81 513.84 465.81 514.08 465.69 c 514.32 465.45 514.56 465.33 514.68 465.09 c 514.92 464.85 514.92 464.61 514.92 464.37 c 514.92 464.01 514.92 463.77 514.68 463.41 c 514.56 463.17 514.2 462.93 513.84 462.57 c 514.08 462.57 514.32 462.45 514.56 462.45 c 514.8 462.45 515.16 462.45 515.64 462.45 c 515.64 462.45 515.76 462.45 515.76 462.33 c 515.76 461.49 l 515.76 461.37 515.64 461.37 515.64 461.37 c 515.16 461.37 514.8 461.37 514.56 461.49 c 514.32 461.49 513.96 461.61 513.72 461.73 c 513.48 461.73 513.24 461.85 513 462.09 c 512.64 461.85 512.28 461.49 512.04 461.25 c 511.92 461.01 511.8 460.65 511.8 460.41 c 511.8 459.93 511.92 459.57 512.4 459.45 c 512.76 459.21 513.24 459.09 514.08 459.09 c 514.32 459.09 514.56 459.09 514.68 459.09 c 514.92 459.09 515.16 459.09 515.4 459.21 c 515.64 459.21 515.88 459.33 516.24 459.45 c 516.48 458.97 l 516 458.73 515.64 458.61 515.4 458.37 c 515.04 458.25 514.8 458.13 514.68 458.13 c 514.44 458.01 514.2 458.01 513.96 458.01 c h 513.24 463.05 m 513.36 463.17 513.48 463.29 513.6 463.41 c 513.72 463.41 513.84 463.53 513.84 463.65 c 513.96 463.77 513.96 463.89 513.96 464.13 c 513.96 464.25 513.96 464.49 513.84 464.61 c 513.6 464.73 513.48 464.73 513.24 464.73 c 513 464.73 512.76 464.73 512.52 464.73 c 512.28 464.61 512.16 464.61 511.92 464.49 c 511.92 464.37 512.04 464.37 512.04 464.25 c 512.16 464.25 512.16 464.13 512.28 464.13 c 512.4 464.01 512.52 463.89 512.64 463.77 c 512.64 463.65 512.76 463.53 513 463.29 c 513.24 463.05 l h 513 466.65 m 512.64 466.89 512.4 467.13 512.16 467.37 c 512.28 467.61 512.52 467.73 512.64 467.85 c 512.76 467.97 512.88 468.09 513 468.21 c 513.12 468.09 513.24 467.97 513.36 467.85 c 513.48 467.73 513.6 467.61 513.72 467.49 c 513.6 467.37 513.6 467.25 513.48 467.01 c 513.24 466.89 513.12 466.77 513 466.65 c h f 
515.52 461.37 m 515.52 461.37 515.4 461.37 515.4 461.49 c 515.4 462.33 l 515.4 462.45 515.52 462.45 515.52 462.45 c 515.76 462.45 516 462.45 516.12 462.45 c 516.36 462.57 516.6 462.57 516.72 462.69 c 516.72 463.17 516.6 463.77 516.6 464.49 c 516.48 465.09 516.36 465.93 516.36 466.89 c 516.36 467.13 516.24 467.37 516.24 467.73 c 516.24 467.97 516.24 468.21 516.24 468.45 c 516.36 468.57 516.48 468.69 516.6 468.81 c 516.84 468.93 516.96 469.05 517.2 469.17 c 517.2 468.81 517.2 468.45 517.2 467.85 c 517.2 467.37 517.2 466.89 517.2 466.29 c 517.2 465.57 517.2 464.97 517.2 464.25 c 517.2 464.01 517.2 463.65 517.2 463.41 c 517.2 463.17 517.2 462.93 517.2 462.69 c 517.56 462.57 517.92 462.45 518.4 462.45 c 518.52 462.45 518.52 462.45 518.52 462.33 c 518.52 461.49 l 518.52 461.37 518.52 461.37 518.4 461.37 c 517.92 461.37 517.44 461.49 517.08 461.85 c 516.84 461.61 516.6 461.61 516.36 461.49 c 516.12 461.37 515.88 461.37 515.52 461.37 c h f 
518.4 461.37 m 518.28 461.37 518.28 461.37 518.28 461.49 c 518.28 462.33 l 518.28 462.45 518.28 462.45 518.4 462.45 c 518.88 462.45 519.24 462.57 519.48 462.69 c 519.6 462.81 519.72 462.93 519.84 463.05 c 519.84 463.29 520.08 463.53 520.2 463.89 c 520.32 464.01 520.32 464.01 520.44 464.13 c 520.44 464.13 520.56 464.13 520.68 464.13 c 520.8 464.13 520.92 464.13 521.04 464.01 c 520.92 463.89 520.8 463.65 520.68 463.41 c 520.68 463.17 520.56 463.05 520.44 462.81 c 520.68 462.69 520.92 462.57 521.16 462.57 c 521.4 462.45 521.52 462.45 521.88 462.45 c 521.88 462.45 521.88 462.45 521.88 462.33 c 521.88 461.49 l 521.88 461.37 521.88 461.37 521.88 461.37 c 521.16 461.37 520.56 461.61 520.08 462.09 c 520.08 462.09 519.96 461.97 519.96 461.97 c 519.96 461.85 519.84 461.85 519.84 461.85 c 519.72 461.73 519.6 461.61 519.24 461.49 c 519 461.49 518.76 461.37 518.4 461.37 c h 520.2 458.97 m 520.08 459.09 519.96 459.21 519.72 459.33 c 519.6 459.45 519.48 459.57 519.36 459.69 c 519.6 459.81 519.72 460.05 519.84 460.17 c 519.96 460.29 520.08 460.41 520.2 460.53 c 520.44 460.29 520.8 460.05 521.04 459.81 c 520.92 459.69 520.8 459.57 520.68 459.33 c 520.56 459.21 520.44 459.09 520.2 458.97 c h f 
521.76 461.37 m 521.64 461.37 521.64 461.37 521.64 461.49 c 521.64 462.33 l 521.64 462.45 521.64 462.45 521.76 462.45 c 522.12 462.45 522.48 462.45 522.84 462.45 c 523.2 462.45 523.56 462.57 523.8 462.57 c 524.16 462.69 524.4 462.69 524.52 462.81 c 524.52 462.93 524.4 463.17 524.28 463.41 c 524.28 463.65 524.16 463.77 524.04 464.01 c 524.04 464.25 523.92 464.37 523.92 464.49 c 523.8 464.61 523.8 464.73 523.8 464.85 c 523.8 464.97 523.92 465.21 524.04 465.33 c 524.28 465.57 524.4 465.69 524.64 465.81 c 524.76 465.33 524.88 464.97 524.88 464.61 c 525 464.37 525 464.13 525.12 463.89 c 525.12 463.65 525.12 463.41 525.12 463.29 c 525.12 463.17 525.12 462.93 525 462.69 c 525 462.57 524.88 462.33 524.76 461.97 c 524.52 461.85 524.28 461.85 523.92 461.73 c 523.56 461.61 523.2 461.49 522.84 461.49 c 522.48 461.37 522.12 461.37 521.76 461.37 c h 524.52 459.21 m 524.16 459.45 523.92 459.69 523.68 459.93 c 523.92 460.05 524.16 460.41 524.52 460.77 c 524.52 460.65 524.64 460.65 524.76 460.53 c 524.88 460.41 525 460.17 525.24 460.05 c 525.12 459.93 525 459.81 524.88 459.69 c 524.76 459.45 524.64 459.33 524.52 459.21 c h 522.84 459.09 m 522.6 459.21 522.48 459.33 522.36 459.45 c 522.24 459.57 522.12 459.69 522.12 459.81 c 522.12 459.81 522.24 459.93 522.48 460.17 c 522.6 460.29 522.72 460.41 522.84 460.53 c 522.84 460.53 522.96 460.41 523.08 460.29 c 523.2 460.17 523.32 460.05 523.56 459.81 c 523.44 459.69 523.32 459.57 523.2 459.45 c 523.08 459.33 522.96 459.21 522.84 459.09 c h f 
331.92 436.29 m 331.08 436.29 330.48 436.53 330.12 436.89 c 329.64 437.25 329.4 437.85 329.4 438.57 c 329.4 438.69 329.4 438.93 329.4 439.05 c 329.52 439.17 329.52 439.29 329.52 439.53 c 329.52 439.65 329.64 439.89 329.64 440.13 c 330.12 440.01 l 330 439.65 330 439.41 330 439.17 c 330 438.57 330.12 438.21 330.48 437.85 c 330.84 437.61 331.32 437.49 331.92 437.49 c 332.52 437.49 333.12 437.49 333.48 437.49 c 333.96 437.61 334.32 437.73 334.68 437.85 c 334.92 437.85 335.04 437.97 335.28 438.09 c 335.4 438.09 335.52 438.21 335.64 438.33 c 335.4 438.45 335.16 438.57 334.92 438.69 c 334.68 438.81 334.56 438.93 334.32 439.05 c 334.2 439.17 333.96 439.29 333.96 439.29 c 333.72 439.53 333.6 439.53 333.6 439.65 c 333.6 439.65 333.6 439.77 333.72 439.89 c 333.72 440.01 333.72 440.13 333.84 440.25 c 333.84 440.37 333.96 440.37 333.96 440.49 c 334.08 440.61 334.08 440.61 334.08 440.61 c 334.44 440.49 334.8 440.49 335.16 440.49 c 335.64 440.37 336.12 440.37 336.6 440.37 c 336.72 440.37 336.72 440.37 336.72 440.25 c 336.72 439.53 l 336.72 439.41 336.72 439.41 336.6 439.41 c 336.48 439.41 336.24 439.41 336 439.41 c 335.88 439.41 335.64 439.41 335.4 439.41 c 335.16 439.53 335.04 439.53 334.8 439.53 c 335.04 439.53 335.16 439.41 335.28 439.29 c 335.4 439.29 335.52 439.17 335.64 439.17 c 335.76 439.05 335.88 439.05 335.88 438.93 c 336 438.93 336.12 438.81 336.12 438.69 c 336.12 438.57 336.12 438.45 336.12 438.33 c 336.12 438.09 336 437.97 335.88 437.73 c 335.64 437.49 335.4 437.37 335.04 437.13 c 334.68 436.89 334.32 436.77 333.84 436.65 c 333.12 436.41 332.52 436.29 331.92 436.29 c h f 
336.6 439.41 m 336.48 439.41 336.48 439.41 336.48 439.41 c 336.48 440.25 l 336.48 440.37 336.48 440.37 336.6 440.37 c 336.72 440.37 336.96 440.37 337.2 440.49 c 337.32 440.49 337.56 440.61 337.8 440.73 c 337.68 441.09 337.56 441.69 337.56 442.41 c 337.44 443.13 337.44 443.97 337.32 444.93 c 337.32 445.17 337.32 445.41 337.2 445.65 c 337.2 445.89 337.2 446.13 337.2 446.37 c 337.32 446.61 337.44 446.73 337.68 446.73 c 337.8 446.85 338.04 446.97 338.16 447.09 c 338.16 446.73 338.16 446.37 338.16 445.89 c 338.16 445.41 338.16 444.81 338.16 444.21 c 338.16 443.61 338.16 442.89 338.16 442.17 c 338.16 441.93 338.16 441.69 338.28 441.45 c 338.28 441.21 338.28 440.97 338.28 440.73 c 338.52 440.49 339 440.37 339.48 440.37 c 339.48 440.37 339.6 440.37 339.6 440.25 c 339.6 439.41 l 339.6 439.41 339.48 439.41 339.48 439.41 c 338.88 439.41 338.4 439.53 338.04 439.77 c 337.8 439.65 337.56 439.53 337.44 439.41 c 337.2 439.41 336.84 439.41 336.6 439.41 c h f 
339.36 439.41 m 339.36 439.41 339.24 439.41 339.24 439.41 c 339.24 440.25 l 339.24 440.37 339.36 440.37 339.36 440.37 c 339.6 440.37 339.84 440.37 339.96 440.37 c 340.2 440.37 340.44 440.37 340.56 440.37 c 340.44 440.49 340.32 440.73 340.2 440.85 c 340.08 441.09 340.08 441.21 340.08 441.45 c 340.08 441.69 340.08 441.93 340.2 442.17 c 340.32 442.41 340.44 442.65 340.56 442.89 c 340.68 443.13 340.92 443.25 341.04 443.37 c 341.4 443.61 341.64 443.73 342 443.73 c 342.24 443.73 342.48 443.73 342.72 443.49 c 342.96 443.37 343.32 443.13 343.56 442.89 c 343.44 442.41 l 343.08 442.53 342.84 442.65 342.72 442.65 c 342.6 442.65 342.36 442.77 342.24 442.77 c 342 442.77 341.76 442.65 341.52 442.65 c 341.28 442.53 341.04 442.41 340.8 442.29 c 340.8 441.93 340.92 441.69 341.04 441.45 c 341.16 441.21 341.4 440.97 341.64 440.85 c 341.88 440.73 342.12 440.61 342.48 440.61 c 342.72 440.61 342.96 440.61 343.2 440.73 c 343.44 440.73 343.68 440.85 343.92 440.85 c 344.16 440.97 344.4 441.09 344.76 441.21 c 344.76 441.21 344.88 441.09 344.88 440.97 c 344.88 440.97 344.88 440.85 344.88 440.73 c 344.88 440.61 344.88 440.49 344.88 440.37 c 344.76 440.25 344.64 440.13 344.64 440.13 c 344.52 440.13 344.4 440.01 344.28 440.01 c 344.04 440.01 343.92 439.89 343.68 439.89 c 342.96 439.65 342.24 439.53 341.64 439.53 c 340.92 439.41 340.2 439.41 339.36 439.41 c h f 
353.4 439.41 m 352.92 439.41 352.56 439.41 352.2 439.65 c 351.96 439.77 351.84 440.01 351.72 440.37 c 351.72 440.61 l 351.24 439.77 l 351 439.77 350.88 439.77 350.64 439.89 c 350.52 439.89 350.4 439.89 350.28 439.89 c 350.16 439.89 350.04 440.01 349.92 440.01 c 349.8 440.13 349.68 440.13 349.44 440.25 c 349.32 440.37 349.08 440.49 348.96 440.61 c 348.84 440.73 348.84 440.73 348.84 440.85 c 348.84 440.97 348.84 441.09 348.84 441.21 c 348.96 441.33 348.96 441.45 349.08 441.69 c 349.08 441.81 349.2 441.93 349.2 442.05 c 349.32 442.17 349.44 442.29 349.56 442.41 c 349.8 442.65 350.04 442.77 350.28 443.01 c 350.64 443.13 350.88 443.37 351.24 443.49 c 351.12 443.85 l 351.24 443.97 351.36 443.97 351.48 444.09 c 351.6 444.21 351.72 444.21 351.84 444.33 c 351.84 444.33 351.96 444.45 352.08 444.45 c 352.08 443.85 352.08 443.25 352.08 442.65 c 352.2 441.93 352.2 441.33 352.2 440.73 c 352.56 440.49 352.92 440.37 353.4 440.37 c 353.4 440.37 353.52 440.37 353.52 440.25 c 353.52 439.41 l 353.52 439.41 353.4 439.41 353.4 439.41 c h 351.6 440.85 m 351.6 441.09 351.48 441.33 351.48 441.69 c 351.48 441.93 351.36 442.29 351.36 442.65 c 350.52 442.29 349.8 441.93 349.44 441.45 c 349.68 441.33 349.92 441.21 350.16 441.09 c 350.4 440.97 350.64 440.97 350.88 440.97 c 351 440.85 351.12 440.85 351.24 440.85 c 351.36 440.85 351.48 440.85 351.6 440.85 c h 351.48 444.93 m 351.36 445.05 351.24 445.17 351.12 445.29 c 351 445.41 350.88 445.53 350.76 445.65 c 350.76 445.65 350.88 445.77 351 445.89 c 351.12 446.01 351.36 446.25 351.48 446.37 c 351.6 446.37 351.6 446.25 351.72 446.13 c 351.84 446.01 351.96 445.89 352.2 445.65 c 352.08 445.41 351.84 445.17 351.48 444.93 c h 349.8 444.69 m 349.68 444.81 349.56 444.93 349.44 445.05 c 349.32 445.17 349.2 445.29 349.08 445.41 c 349.2 445.53 349.32 445.65 349.44 445.77 c 349.56 445.89 349.68 446.01 349.8 446.25 c 349.92 446.13 349.92 446.13 350.04 446.01 c 350.16 445.89 350.4 445.65 350.52 445.53 c 350.4 445.41 350.4 445.29 350.28 445.17 c 350.16 445.05 350.04 444.93 349.8 444.69 c h f 
357.84 439.29 m 357.48 439.29 357.12 439.29 356.76 439.41 c 356.4 439.41 356.04 439.53 355.68 439.65 c 355.32 439.77 354.96 439.77 354.72 440.01 c 354.72 439.89 354.72 439.89 354.6 439.89 c 354.6 439.77 354.6 439.77 354.6 439.77 c 354.36 439.65 354.24 439.53 354 439.41 c 353.76 439.41 353.52 439.41 353.28 439.41 c 353.16 439.41 353.16 439.41 353.16 439.41 c 353.16 440.25 l 353.16 440.37 353.16 440.37 353.28 440.37 c 353.52 440.37 353.76 440.37 353.88 440.49 c 354.12 440.49 354.24 440.61 354.36 440.73 c 354.48 440.85 354.6 441.09 354.72 441.33 c 354.72 441.33 354.72 441.45 354.84 441.45 c 354.84 441.45 354.84 441.57 354.96 441.57 c 354.96 441.81 355.08 441.81 355.32 441.81 c 355.44 441.81 355.56 441.81 355.56 441.69 c 355.56 441.57 355.44 441.33 355.44 441.21 c 355.32 441.09 355.32 440.97 355.2 440.85 c 355.32 440.85 355.44 440.73 355.56 440.73 c 355.56 440.73 355.68 440.73 355.8 440.61 c 356.52 441.69 357.24 442.41 357.84 442.89 c 358.44 443.37 359.04 443.61 359.52 443.61 c 359.64 443.61 359.88 443.61 360 443.49 c 360.24 443.37 360.48 443.25 360.72 443.13 c 360.84 442.89 361.08 442.77 361.2 442.53 c 361.44 442.29 361.68 442.05 361.68 441.81 c 361.68 441.33 361.44 440.85 361.2 440.49 c 360.84 440.13 360.36 439.89 359.76 439.65 c 359.16 439.41 358.56 439.29 357.84 439.29 c h 357.96 440.37 m 358.44 440.37 359.04 440.37 359.52 440.61 c 360 440.73 360.48 440.97 361.08 441.21 c 360.84 441.69 360.48 441.93 360.12 442.17 c 359.88 442.41 359.52 442.53 359.16 442.53 c 358.8 442.53 358.44 442.29 357.96 442.05 c 357.48 441.69 357 441.21 356.4 440.49 c 356.64 440.49 357 440.37 357.24 440.37 c 357.48 440.37 357.72 440.37 357.96 440.37 c h 357.84 444.57 m 357.48 444.81 357.24 445.17 357 445.41 c 357.24 445.53 357.36 445.77 357.48 445.89 c 357.6 446.01 357.72 446.13 357.84 446.25 c 357.96 446.13 358.08 446.01 358.2 445.89 c 358.32 445.77 358.44 445.65 358.56 445.41 c 358.56 445.29 358.44 445.17 358.32 445.05 c 358.2 444.93 357.96 444.69 357.84 444.57 c h f 
364.56 437.01 m 364.44 437.01 364.2 437.01 364.08 437.13 c 363.84 437.25 363.6 437.25 363.36 437.49 c 363.12 437.61 363 437.73 362.76 437.85 c 363 438.21 l 363.12 438.21 363.36 438.09 363.6 438.09 c 363.84 438.09 364.08 438.09 364.32 438.09 c 364.92 438.09 365.4 438.21 365.76 438.57 c 366.24 438.81 366.6 439.29 366.72 439.89 c 366.72 440.01 l 366.48 439.77 366.24 439.65 366 439.53 c 365.76 439.41 365.52 439.29 365.16 439.29 c 364.8 439.29 364.44 439.41 364.2 439.77 c 363.84 440.01 363.72 440.37 363.72 440.85 c 363.72 441.21 363.84 441.69 363.96 442.05 c 364.2 442.41 364.32 442.77 364.56 443.01 c 364.92 443.25 365.16 443.37 365.4 443.37 c 365.76 443.37 366 443.25 366.24 442.89 c 366.6 442.65 366.84 442.29 366.96 441.81 c 367.08 441.45 367.08 441.21 367.2 440.97 c 367.2 440.73 367.2 440.49 367.2 440.25 c 367.2 439.89 367.2 439.53 367.08 439.17 c 366.96 438.81 366.84 438.45 366.6 438.21 c 366.36 437.85 366.12 437.61 365.88 437.49 c 365.52 437.13 365.04 437.01 364.56 437.01 c h 365.52 440.37 m 365.64 440.37 365.88 440.37 366 440.37 c 366.12 440.49 366.36 440.49 366.6 440.61 c 366.48 440.97 366.36 441.21 366.24 441.45 c 366.12 441.69 365.88 441.93 365.76 442.05 c 365.52 442.17 365.4 442.29 365.16 442.29 c 365.04 442.29 364.92 442.17 364.68 442.05 c 364.56 441.93 364.44 441.81 364.32 441.57 c 364.32 441.45 364.2 441.33 364.2 441.21 c 364.2 440.97 364.32 440.73 364.56 440.61 c 364.8 440.49 365.04 440.37 365.52 440.37 c h f 
369.12 437.01 m 369 437.01 368.88 437.01 368.64 437.13 c 368.52 437.13 368.28 437.25 368.04 437.37 c 367.92 437.49 367.68 437.61 367.56 437.73 c 367.68 438.21 l 367.92 438.09 368.16 438.09 368.28 438.09 c 368.52 438.09 368.64 437.97 368.76 437.97 c 369.36 437.97 369.84 438.21 370.32 438.57 c 370.68 438.81 371.04 439.29 371.16 439.89 c 371.16 440.01 371.04 440.13 371.04 440.25 c 370.92 440.37 370.92 440.49 370.8 440.61 c 370.56 441.09 370.44 441.33 370.32 441.57 c 370.2 441.93 370.08 442.05 370.08 442.29 c 370.08 442.41 370.08 442.53 370.2 442.65 c 370.2 442.77 370.32 442.89 370.44 443.01 c 370.44 443.01 370.56 443.01 370.68 443.01 c 370.68 443.01 370.8 443.01 370.92 442.89 c 371.04 442.65 371.16 442.41 371.16 442.29 c 371.28 442.05 371.28 441.93 371.4 441.69 c 371.4 441.45 371.52 441.21 371.52 441.09 c 371.64 440.85 371.64 440.73 371.64 440.61 c 371.88 440.49 372.24 440.37 372.6 440.37 c 372.6 440.37 372.6 440.37 372.6 440.25 c 372.6 439.41 l 372.6 439.41 372.6 439.41 372.6 439.41 c 372.24 439.41 371.88 439.41 371.64 439.65 c 371.52 439.05 371.4 438.69 371.16 438.21 c 370.92 437.85 370.56 437.49 370.2 437.37 c 369.84 437.13 369.48 437.01 369.12 437.01 c h f 
372.48 439.41 m 372.36 439.41 372.36 439.41 372.36 439.41 c 372.36 440.25 l 372.36 440.37 372.36 440.37 372.48 440.37 c 372.84 440.37 373.2 440.37 373.56 440.49 c 373.92 440.49 374.16 440.49 374.4 440.61 c 374.28 440.85 l 374.04 441.09 373.92 441.21 373.8 441.33 c 373.8 441.57 373.68 441.57 373.56 441.69 c 373.56 441.81 373.44 441.81 373.44 441.93 c 373.32 441.93 373.32 442.05 373.2 442.05 c 373.08 441.93 l 372.84 442.17 372.84 442.29 372.84 442.53 c 372.84 442.65 372.84 442.89 372.96 443.01 c 373.08 443.13 373.2 443.25 373.44 443.37 c 373.68 443.49 373.8 443.61 374.04 443.61 c 374.4 443.73 374.76 443.85 375.12 443.85 c 375.48 443.85 375.72 443.73 375.96 443.61 c 376.32 443.49 376.44 443.25 376.68 443.01 c 376.8 442.89 376.92 442.53 376.92 442.29 c 376.92 441.93 376.8 441.69 376.56 441.33 c 376.44 441.09 376.2 440.85 375.84 440.61 c 376.08 440.49 376.32 440.49 376.56 440.49 c 376.8 440.37 377.04 440.37 377.4 440.37 c 377.52 440.37 377.52 440.37 377.52 440.25 c 377.52 439.41 l 377.52 439.41 377.52 439.41 377.4 439.41 c 376.92 439.41 376.44 439.41 376.08 439.53 c 375.6 439.65 375.36 439.77 375 440.01 c 374.64 439.77 374.16 439.65 373.8 439.53 c 373.32 439.41 372.96 439.41 372.48 439.41 c h 375.24 440.97 m 375.48 441.09 375.6 441.33 375.72 441.45 c 375.84 441.69 375.96 441.93 375.96 442.05 c 375.96 442.29 375.84 442.41 375.72 442.53 c 375.6 442.65 375.36 442.77 375.12 442.77 c 374.88 442.77 374.64 442.77 374.52 442.65 c 374.28 442.65 374.04 442.53 373.8 442.41 c 373.92 442.29 374.16 442.17 374.28 442.05 c 374.52 441.81 374.64 441.57 374.88 441.33 c 374.88 441.21 375 441.21 375 441.09 c 375.12 441.09 375.12 441.09 375.24 440.97 c h f 
381 439.29 m 380.52 439.29 380.16 439.41 379.8 439.41 c 379.44 439.53 379.08 439.65 378.84 439.77 c 378.48 439.53 378.24 439.53 378 439.41 c 377.76 439.41 377.52 439.41 377.28 439.41 c 377.28 439.41 377.28 439.41 377.28 439.41 c 377.28 440.25 l 377.28 440.37 377.28 440.37 377.28 440.37 c 377.4 440.37 377.52 440.37 377.64 440.37 c 377.76 440.49 377.88 440.49 378 440.49 c 378 440.49 378 440.61 378 440.61 c 378 440.73 378 440.73 378 440.73 c 378 440.97 378 441.21 378.12 441.57 c 378.24 441.81 378.36 442.05 378.6 442.29 c 378.72 442.53 378.96 442.77 379.2 442.89 c 379.56 443.25 379.8 443.37 380.16 443.37 c 380.28 443.37 380.4 443.25 380.4 443.13 c 380.52 443.01 380.64 442.89 380.76 442.77 c 380.76 442.65 380.88 442.53 380.88 442.29 c 380.88 442.17 381 442.05 381 441.93 c 381.12 441.57 381.24 441.33 381.36 441.21 c 381.48 440.97 381.6 440.73 381.72 440.61 c 381.84 440.49 381.96 440.37 382.08 440.37 c 382.2 440.37 382.32 440.37 382.32 440.25 c 382.32 439.53 l 382.32 439.41 382.2 439.41 382.08 439.41 c 381.72 439.41 381.36 439.53 381.12 439.89 c 381 439.29 l h 380.76 440.25 m 380.64 440.49 380.52 440.85 380.4 441.21 c 380.28 441.57 380.16 441.93 380.16 442.29 c 379.92 442.29 379.68 442.17 379.56 442.05 c 379.32 441.81 379.08 441.69 378.96 441.57 c 378.84 441.33 378.72 441.21 378.6 441.09 c 378.84 440.85 379.08 440.73 379.44 440.49 c 379.8 440.37 380.28 440.37 380.76 440.25 c h f 
382.08 439.41 m 381.96 439.41 381.96 439.41 381.96 439.41 c 381.96 440.25 l 381.96 440.37 381.96 440.37 382.08 440.37 c 382.44 440.37 382.92 440.49 383.28 440.73 c 383.28 440.97 383.28 441.21 383.28 441.45 c 383.16 441.81 383.16 442.05 383.16 442.29 c 383.16 442.89 383.04 443.49 382.92 444.21 c 382.92 444.81 382.8 445.65 382.68 446.37 c 382.8 446.49 382.92 446.61 383.04 446.73 c 383.28 446.85 383.4 446.97 383.64 447.09 c 383.64 446.61 383.64 446.13 383.64 445.53 c 383.64 445.05 383.76 444.45 383.76 443.85 c 383.76 443.25 383.76 442.77 383.88 442.29 c 383.88 441.81 383.88 441.45 383.88 440.97 c 383.88 440.85 383.76 440.61 383.76 440.37 c 383.64 440.13 383.52 440.01 383.4 439.77 c 383.4 439.65 383.16 439.53 382.92 439.41 c 382.68 439.41 382.44 439.41 382.08 439.41 c h f 
385.8 439.41 m 385.8 440.13 385.8 440.73 385.68 441.33 c 385.68 441.93 385.68 442.53 385.68 443.13 c 385.56 443.61 385.56 444.09 385.56 444.69 c 385.56 445.17 385.44 445.65 385.44 446.13 c 385.44 446.25 385.44 446.49 385.44 446.61 c 385.56 446.73 385.68 446.85 385.8 446.97 c 385.92 446.97 386.16 447.09 386.28 447.09 c 386.4 446.97 386.4 446.73 386.52 446.49 c 386.64 446.25 386.64 446.01 386.76 445.77 c 386.4 445.41 l 386.4 444.93 386.4 444.33 386.4 443.73 c 386.52 443.13 386.52 442.53 386.4 441.81 c 386.4 441.09 386.4 440.37 386.4 439.41 c 385.8 439.41 l h f 
392.16 439.29 m 391.8 439.29 391.44 439.41 391.2 439.77 c 390.84 440.01 390.72 440.37 390.72 440.85 c 390.72 441.21 390.84 441.45 391.08 441.81 c 391.2 442.17 391.44 442.53 391.92 442.89 c 391.68 443.01 391.68 443.13 391.68 443.25 c 391.56 443.25 391.56 443.37 391.56 443.49 c 391.56 443.61 391.56 443.73 391.68 443.85 c 391.68 443.97 391.8 444.09 391.92 444.09 c 392.28 443.97 392.64 443.73 393 443.49 c 393.36 443.25 393.6 442.89 393.84 442.41 c 394.08 442.05 394.2 441.69 394.2 441.45 c 394.2 441.33 394.08 441.09 394.08 440.97 c 393.96 440.73 393.96 440.61 393.84 440.37 c 393.84 440.25 393.72 440.13 393.6 439.89 c 393.48 439.77 393.48 439.65 393.36 439.65 c 393.24 439.53 393 439.41 392.88 439.41 c 392.64 439.41 392.4 439.29 392.16 439.29 c h 392.28 440.37 m 392.52 440.37 392.76 440.37 393 440.49 c 393.24 440.61 393.36 440.73 393.48 440.85 c 393.48 441.21 393.24 441.45 393.12 441.81 c 392.88 442.17 392.52 442.41 392.28 442.65 c 392.04 442.41 391.8 442.17 391.68 441.93 c 391.44 441.57 391.44 441.33 391.44 441.21 c 391.44 440.97 391.44 440.73 391.68 440.61 c 391.8 440.37 392.04 440.37 392.28 440.37 c h 393 444.93 m 392.88 445.05 392.64 445.17 392.52 445.29 c 392.4 445.41 392.28 445.53 392.28 445.65 c 392.28 445.65 392.4 445.77 392.52 445.89 c 392.64 446.01 392.76 446.13 393 446.37 c 393 446.37 393.12 446.25 393.24 446.13 c 393.36 446.01 393.48 445.89 393.72 445.65 c 393.48 445.41 393.24 445.17 393 444.93 c h 391.32 444.69 m 391.2 444.81 390.96 444.93 390.84 445.05 c 390.72 445.17 390.6 445.29 390.6 445.41 c 390.72 445.53 390.84 445.65 390.96 445.77 c 391.08 445.89 391.2 446.01 391.32 446.25 c 391.32 446.13 391.44 446.01 391.56 445.89 c 391.68 445.77 391.8 445.65 392.04 445.53 c 391.92 445.41 391.8 445.29 391.68 445.17 c 391.68 445.05 391.44 444.81 391.32 444.69 c h f 
396 437.01 m 395.88 437.01 395.76 437.01 395.52 437.13 c 395.4 437.13 395.16 437.25 395.04 437.37 c 394.8 437.49 394.56 437.61 394.44 437.73 c 394.56 438.21 l 394.8 438.09 395.04 438.09 395.16 438.09 c 395.4 438.09 395.52 437.97 395.76 437.97 c 396.24 437.97 396.84 438.21 397.2 438.57 c 397.56 438.81 397.92 439.29 398.16 439.89 c 398.04 440.01 398.04 440.13 397.92 440.25 c 397.92 440.37 397.8 440.49 397.68 440.61 c 397.44 441.09 397.32 441.45 397.2 441.69 c 396.96 442.05 396.96 442.29 396.96 442.53 c 396.96 442.65 396.96 442.89 397.2 443.01 c 397.32 443.13 397.44 443.25 397.68 443.37 c 397.68 443.25 397.8 443.13 397.8 442.89 c 397.92 442.77 397.92 442.53 398.04 442.41 c 398.16 442.17 398.16 442.05 398.28 441.81 c 398.28 441.57 398.4 441.33 398.52 440.97 c 398.52 440.73 398.64 440.49 398.64 440.25 c 398.64 439.65 398.52 439.17 398.28 438.57 c 398.04 438.09 397.68 437.73 397.32 437.49 c 396.96 437.13 396.48 437.01 396 437.01 c h f 
401.4 437.01 m 401.28 437.01 401.04 437.01 400.8 437.13 c 400.56 437.25 400.44 437.25 400.2 437.49 c 399.96 437.61 399.72 437.73 399.6 437.85 c 399.72 438.21 l 399.96 438.21 400.2 438.09 400.44 438.09 c 400.68 438.09 400.92 438.09 401.16 438.09 c 401.64 438.09 402 438.09 402.36 438.33 c 402.72 438.57 403.08 438.93 403.32 439.41 c 402.96 439.41 402.6 439.41 402.36 439.41 c 402.12 439.53 401.88 439.53 401.76 439.53 c 401.28 439.65 401.04 439.77 400.8 440.01 c 400.68 440.25 400.56 440.61 400.56 440.97 c 400.56 441.45 400.68 441.81 400.8 442.17 c 400.92 442.53 401.16 442.89 401.4 443.13 c 401.64 443.37 401.88 443.49 402.24 443.49 c 402.48 443.49 402.84 443.37 403.08 443.01 c 403.32 442.77 403.56 442.41 403.8 441.93 c 403.8 441.69 403.92 441.45 403.92 441.21 c 404.04 440.97 404.04 440.61 404.04 440.37 c 404.64 440.37 l 404.76 440.37 404.76 440.37 404.76 440.25 c 404.76 439.41 l 404.76 439.41 404.76 439.41 404.64 439.41 c 403.92 439.41 l 403.8 438.93 403.56 438.45 403.32 438.09 c 403.08 437.73 402.72 437.49 402.36 437.25 c 402.12 437.13 401.76 437.01 401.4 437.01 c h 403.44 440.37 m 403.44 440.85 403.32 441.09 403.08 441.45 c 402.96 441.69 402.84 441.93 402.6 442.17 c 402.36 442.29 402.24 442.41 402 442.41 c 401.88 442.41 401.64 442.29 401.52 442.17 c 401.4 442.17 401.28 441.93 401.16 441.81 c 401.04 441.69 401.04 441.57 401.04 441.33 c 401.04 441.09 401.16 440.97 401.4 440.85 c 401.52 440.61 401.76 440.61 402.12 440.49 c 402.36 440.49 402.48 440.49 402.72 440.49 c 402.96 440.49 403.2 440.37 403.44 440.37 c h f 
409.2 439.29 m 408.84 439.29 408.48 439.29 408.12 439.41 c 407.64 439.41 407.28 439.53 406.92 439.65 c 406.68 439.77 406.32 439.77 406.08 440.01 c 406.08 439.89 405.96 439.89 405.96 439.89 c 405.96 439.77 405.96 439.77 405.84 439.77 c 405.72 439.65 405.6 439.53 405.36 439.41 c 405.12 439.41 404.88 439.41 404.64 439.41 c 404.52 439.41 404.52 439.41 404.52 439.41 c 404.52 440.25 l 404.52 440.37 404.52 440.37 404.64 440.37 c 404.88 440.37 405 440.37 405.24 440.49 c 405.36 440.49 405.6 440.61 405.72 440.73 c 405.84 440.85 405.96 441.09 406.08 441.33 c 406.08 441.33 406.08 441.45 406.2 441.45 c 406.2 441.57 406.2 441.57 406.2 441.57 c 406.32 441.81 406.44 441.81 406.68 441.81 c 406.8 441.81 406.8 441.81 406.92 441.69 c 406.92 441.57 406.8 441.33 406.68 441.21 c 406.68 441.09 406.56 440.97 406.56 440.85 c 406.68 440.85 406.8 440.73 406.8 440.73 c 406.92 440.73 407.04 440.73 407.16 440.61 c 407.88 441.69 408.6 442.41 409.2 442.89 c 409.8 443.37 410.28 443.61 410.88 443.61 c 411 443.61 411.12 443.61 411.36 443.49 c 411.6 443.37 411.84 443.25 411.96 443.13 c 412.2 442.89 412.44 442.77 412.56 442.53 c 412.8 442.29 412.92 442.05 412.92 441.81 c 412.92 441.45 412.8 441.09 412.56 440.73 c 412.8 440.61 413.04 440.49 413.28 440.49 c 413.4 440.37 413.64 440.37 413.88 440.37 c 414 440.37 414 440.37 414 440.25 c 414 439.41 l 414 439.41 414 439.41 413.88 439.41 c 413.52 439.41 413.28 439.41 412.92 439.53 c 412.56 439.65 412.32 439.89 412.08 440.13 c 411.84 440.01 411.6 439.89 411.24 439.77 c 411 439.65 410.64 439.53 410.28 439.41 c 410.16 439.41 409.92 439.41 409.8 439.41 c 409.56 439.29 409.32 439.29 409.2 439.29 c h 409.32 440.37 m 409.8 440.37 410.28 440.37 410.88 440.61 c 411.36 440.73 411.84 440.97 412.32 441.21 c 412.08 441.69 411.84 441.93 411.48 442.17 c 411.12 442.41 410.88 442.53 410.52 442.53 c 410.16 442.53 409.8 442.29 409.32 442.05 c 408.84 441.69 408.24 441.21 407.76 440.49 c 408 440.49 408.24 440.37 408.48 440.37 c 408.84 440.37 409.08 440.37 409.32 440.37 c h f 
413.76 439.41 m 413.76 439.41 413.64 439.41 413.64 439.41 c 413.64 440.25 l 413.64 440.37 413.76 440.37 413.76 440.37 c 414.24 440.37 414.6 440.49 415.08 440.73 c 414.96 440.97 414.96 441.21 414.96 441.45 c 414.96 441.81 414.96 442.05 414.84 442.29 c 414.84 442.89 414.72 443.49 414.72 444.21 c 414.6 444.81 414.48 445.65 414.36 446.37 c 414.48 446.49 414.6 446.61 414.84 446.73 c 414.96 446.85 415.2 446.97 415.32 447.09 c 415.32 446.61 415.32 446.13 415.44 445.53 c 415.44 445.05 415.44 444.45 415.44 443.85 c 415.56 443.25 415.56 442.77 415.56 442.29 c 415.56 441.81 415.56 441.45 415.56 440.97 c 415.56 440.85 415.56 440.61 415.44 440.37 c 415.44 440.13 415.32 440.01 415.2 439.77 c 415.08 439.65 414.96 439.53 414.72 439.41 c 414.48 439.41 414.12 439.41 413.76 439.41 c h f 
417.48 439.41 m 417.48 440.13 417.48 440.73 417.48 441.33 c 417.48 441.93 417.36 442.53 417.36 443.13 c 417.36 443.61 417.36 444.09 417.24 444.69 c 417.24 445.17 417.24 445.65 417.12 446.13 c 417.12 446.25 417.12 446.49 417.24 446.61 c 417.24 446.73 417.36 446.85 417.48 446.97 c 417.72 446.97 417.84 447.09 418.08 447.09 c 418.08 446.97 418.2 446.73 418.2 446.49 c 418.32 446.25 418.44 446.01 418.44 445.77 c 418.2 445.41 l 418.2 444.93 418.2 444.33 418.2 443.73 c 418.2 443.13 418.2 442.53 418.2 441.81 c 418.2 441.09 418.2 440.37 418.08 439.41 c 417.48 439.41 l h f 
424.8 439.41 m 424.56 439.41 424.2 439.41 423.96 439.53 c 423.72 439.65 423.48 439.77 423.36 440.01 c 423.24 440.13 423.12 440.37 423.12 440.61 c 423.12 440.85 423 441.09 423 441.33 c 423 441.57 423 441.93 422.88 442.29 c 422.88 442.65 422.88 443.13 422.88 443.49 c 422.76 443.97 422.76 444.45 422.76 444.93 c 422.64 445.41 422.64 445.89 422.64 446.37 c 422.76 446.49 422.88 446.61 423 446.73 c 423.24 446.85 423.36 446.97 423.6 447.09 c 423.6 446.49 423.6 445.89 423.6 445.29 c 423.6 444.81 423.6 444.21 423.72 443.49 c 423.72 442.89 423.72 442.29 423.72 441.57 c 423.72 440.73 l 423.84 440.61 424.08 440.49 424.2 440.49 c 424.44 440.37 424.68 440.37 424.8 440.37 c 424.92 440.37 424.92 440.37 424.92 440.25 c 424.92 439.41 l 424.92 439.41 424.92 439.41 424.8 439.41 c h f 
428.88 439.29 m 428.64 439.29 428.28 439.41 427.92 439.41 c 427.56 439.41 427.2 439.53 426.96 439.65 c 426.6 439.77 426.36 439.89 426.12 440.01 c 425.88 439.77 425.76 439.65 425.52 439.53 c 425.28 439.41 425.04 439.41 424.8 439.41 c 424.68 439.41 424.68 439.41 424.68 439.41 c 424.68 440.25 l 424.68 440.37 424.68 440.37 424.8 440.37 c 425.04 440.37 425.28 440.49 425.52 440.61 c 425.76 440.73 425.88 440.97 426 441.21 c 426.12 441.45 426.24 441.69 426.36 441.81 c 426.48 442.05 426.48 442.17 426.6 442.29 c 426.6 442.41 426.72 442.53 426.84 442.65 c 426.96 442.89 427.2 443.13 427.44 443.13 c 427.56 443.25 427.8 443.37 428.04 443.37 c 428.28 443.37 428.52 443.25 428.76 442.89 c 429 442.65 429.12 442.29 429.24 441.81 c 429.48 441.45 429.48 440.97 429.48 440.61 c 429.48 440.37 429.48 440.13 429.36 439.89 c 429.24 439.65 429.12 439.53 428.88 439.29 c h 428.64 440.37 m 428.64 440.61 428.52 440.97 428.4 441.33 c 428.4 441.57 428.28 441.81 428.16 442.05 c 428.04 442.17 427.92 442.17 427.8 442.17 c 427.56 442.17 427.32 442.05 427.2 441.81 c 427.08 441.69 426.96 441.57 426.96 441.45 c 426.84 441.33 426.72 441.09 426.6 440.85 c 426.84 440.73 427.2 440.61 427.56 440.49 c 427.8 440.49 428.16 440.37 428.64 440.37 c h f 
431.28 439.41 m 431.28 440.13 431.28 440.73 431.28 441.33 c 431.28 441.93 431.16 442.53 431.16 443.13 c 431.16 443.61 431.16 444.09 431.04 444.69 c 431.04 445.17 431.04 445.65 430.92 446.13 c 430.92 446.25 430.92 446.49 431.04 446.61 c 431.04 446.73 431.16 446.85 431.28 446.97 c 431.52 446.97 431.64 447.09 431.88 447.09 c 431.88 446.97 432 446.73 432 446.49 c 432.12 446.25 432.24 446.01 432.24 445.77 c 432 445.41 l 432 444.93 432 444.33 432 443.73 c 432 443.13 432 442.53 432 441.81 c 432 441.09 432 440.37 431.88 439.41 c 431.28 439.41 l h 430.8 447.45 m 430.68 447.93 l 431.16 448.17 l 430.92 448.29 430.8 448.41 430.8 448.65 c 430.8 448.77 430.8 448.89 430.92 449.01 c 430.92 449.25 431.04 449.37 431.16 449.37 c 431.28 449.49 431.52 449.61 431.64 449.61 c 431.88 449.61 432 449.37 432 449.13 c 432 449.01 432 448.89 432 448.77 c 431.76 448.89 l 431.76 448.89 l 431.76 448.89 431.76 449.01 431.76 449.01 c 431.64 449.01 431.64 449.01 431.64 449.01 c 431.52 449.01 431.4 449.01 431.28 448.89 c 431.28 448.89 431.16 448.77 431.16 448.65 c 431.28 448.53 431.4 448.41 431.64 448.41 c 431.76 448.41 431.76 448.41 431.88 448.41 c 432 448.41 432.12 448.41 432.24 448.41 c 432.12 448.05 l 431.88 447.93 431.64 447.81 431.4 447.81 c 431.16 447.69 431.04 447.57 430.8 447.45 c h f 
436.8 438.69 m 436.56 438.69 436.44 438.81 436.2 438.93 c 436.08 439.05 436.08 439.29 436.08 439.53 c 436.08 439.77 436.08 440.01 436.2 440.25 c 436.32 440.49 436.44 440.73 436.56 440.97 c 436.8 441.33 437.04 441.57 437.28 441.81 c 437.64 441.45 l 437.52 441.33 437.4 441.21 437.28 440.97 c 437.28 440.85 437.16 440.61 437.16 440.49 c 437.04 440.25 437.04 440.13 437.04 440.01 c 437.04 439.89 437.04 439.77 437.16 439.77 c 437.28 439.65 437.52 439.65 437.64 439.53 c 437.64 439.29 437.52 439.05 437.4 438.93 c 437.28 438.69 437.04 438.69 436.8 438.69 c h f 
443.76 439.41 m 443.28 439.41 442.92 439.41 442.68 439.65 c 442.32 439.77 442.2 440.01 442.08 440.37 c 442.08 440.61 l 441.6 439.77 l 441.36 439.77 441.24 439.77 441 439.89 c 440.88 439.89 440.76 439.89 440.64 439.89 c 440.52 439.89 440.4 440.01 440.28 440.01 c 440.16 440.13 440.04 440.13 439.8 440.25 c 439.68 440.37 439.56 440.49 439.32 440.61 c 439.2 440.73 439.2 440.73 439.2 440.85 c 439.2 440.97 439.2 441.09 439.32 441.21 c 439.32 441.33 439.32 441.45 439.44 441.69 c 439.56 441.81 439.56 441.93 439.56 442.05 c 439.68 442.17 439.8 442.29 439.92 442.41 c 440.16 442.65 440.4 442.77 440.64 443.01 c 441 443.13 441.24 443.37 441.6 443.49 c 441.48 443.85 l 441.6 443.97 441.72 443.97 441.84 444.09 c 441.96 444.21 442.08 444.21 442.2 444.33 c 442.32 444.33 442.32 444.45 442.44 444.45 c 442.44 443.85 442.44 443.25 442.56 442.65 c 442.56 441.93 442.56 441.33 442.56 440.73 c 442.92 440.49 443.28 440.37 443.76 440.37 c 443.76 440.37 443.88 440.37 443.88 440.25 c 443.88 439.41 l 443.88 439.41 443.76 439.41 443.76 439.41 c h 441.96 440.85 m 441.96 441.09 441.96 441.33 441.84 441.69 c 441.84 441.93 441.72 442.29 441.72 442.65 c 440.88 442.29 440.28 441.93 439.8 441.45 c 440.04 441.33 440.28 441.21 440.52 441.09 c 440.76 440.97 441 440.97 441.24 440.97 c 441.36 440.85 441.48 440.85 441.6 440.85 c 441.72 440.85 441.84 440.85 441.96 440.85 c h 441.84 444.93 m 441.72 445.05 441.6 445.17 441.48 445.29 c 441.36 445.41 441.24 445.53 441.12 445.65 c 441.24 445.65 441.24 445.77 441.36 445.89 c 441.6 446.01 441.72 446.25 441.84 446.37 c 441.96 446.37 441.96 446.25 442.08 446.13 c 442.2 446.01 442.44 445.89 442.56 445.65 c 442.44 445.41 442.2 445.17 441.84 444.93 c h 440.28 444.69 m 440.04 444.81 439.92 444.93 439.8 445.05 c 439.68 445.17 439.56 445.29 439.44 445.41 c 439.56 445.53 439.68 445.65 439.8 445.77 c 439.92 445.89 440.04 446.01 440.16 446.25 c 440.28 446.13 440.4 446.13 440.52 446.01 c 440.52 445.89 440.76 445.65 440.88 445.53 c 440.88 445.41 440.76 445.29 440.64 445.17 c 440.52 445.05 440.4 444.93 440.28 444.69 c h f 
448.2 439.29 m 447.84 439.29 447.48 439.29 447.12 439.41 c 446.76 439.41 446.4 439.53 446.04 439.65 c 445.68 439.77 445.32 439.77 445.08 440.01 c 445.08 439.89 445.08 439.89 445.08 439.89 c 444.96 439.77 444.96 439.77 444.96 439.77 c 444.84 439.65 444.6 439.53 444.36 439.41 c 444.12 439.41 443.88 439.41 443.64 439.41 c 443.64 439.41 443.52 439.41 443.52 439.41 c 443.52 440.25 l 443.52 440.37 443.64 440.37 443.64 440.37 c 443.88 440.37 444.12 440.37 444.24 440.49 c 444.48 440.49 444.6 440.61 444.72 440.73 c 444.84 440.85 444.96 441.09 445.08 441.33 c 445.08 441.33 445.2 441.45 445.2 441.45 c 445.2 441.45 445.2 441.57 445.32 441.57 c 445.32 441.81 445.56 441.81 445.68 441.81 c 445.8 441.81 445.92 441.81 446.04 441.69 c 445.92 441.57 445.8 441.33 445.8 441.21 c 445.68 441.09 445.68 440.97 445.68 440.85 c 445.68 440.85 445.8 440.73 445.92 440.73 c 445.92 440.73 446.04 440.73 446.16 440.61 c 446.88 441.69 447.6 442.41 448.2 442.89 c 448.8 443.37 449.4 443.61 449.88 443.61 c 450 443.61 450.24 443.61 450.48 443.49 c 450.6 443.37 450.84 443.25 451.08 443.13 c 451.32 442.89 451.44 442.77 451.68 442.53 c 451.92 442.29 452.04 442.05 452.04 441.81 c 452.04 441.33 451.8 440.85 451.56 440.49 c 451.2 440.13 450.72 439.89 450.12 439.65 c 449.52 439.41 448.92 439.29 448.2 439.29 c h 448.32 440.37 m 448.92 440.37 449.4 440.37 449.88 440.61 c 450.36 440.73 450.84 440.97 451.44 441.21 c 451.2 441.69 450.84 441.93 450.6 442.17 c 450.24 442.41 449.88 442.53 449.64 442.53 c 449.28 442.53 448.8 442.29 448.32 442.05 c 447.84 441.69 447.36 441.21 446.76 440.49 c 447 440.49 447.36 440.37 447.6 440.37 c 447.84 440.37 448.08 440.37 448.32 440.37 c h f 
454.92 437.01 m 454.8 437.01 454.68 437.01 454.44 437.13 c 454.2 437.25 453.96 437.25 453.72 437.49 c 453.48 437.61 453.36 437.73 453.12 437.85 c 453.36 438.21 l 453.6 438.21 453.72 438.09 453.96 438.09 c 454.2 438.09 454.44 438.09 454.68 438.09 c 455.16 438.09 455.64 438.09 456 438.33 c 456.36 438.57 456.72 438.93 456.84 439.41 c 456.48 439.41 456.24 439.41 456 439.41 c 455.64 439.53 455.52 439.53 455.28 439.53 c 454.92 439.65 454.56 439.77 454.44 440.01 c 454.2 440.25 454.2 440.61 454.2 440.97 c 454.2 441.45 454.2 441.81 454.32 442.17 c 454.56 442.53 454.68 442.89 455.04 443.13 c 455.28 443.37 455.52 443.49 455.76 443.49 c 456.12 443.49 456.36 443.37 456.6 443.01 c 456.96 442.77 457.2 442.41 457.32 441.93 c 457.44 441.69 457.44 441.45 457.56 441.21 c 457.56 440.97 457.56 440.61 457.56 440.37 c 458.28 440.37 l 458.28 440.37 458.4 440.37 458.4 440.25 c 458.4 439.41 l 458.4 439.41 458.28 439.41 458.28 439.41 c 457.44 439.41 l 457.32 438.93 457.2 438.45 456.96 438.09 c 456.72 437.73 456.36 437.49 456 437.25 c 455.64 437.13 455.28 437.01 454.92 437.01 c h 457.08 440.37 m 456.96 440.85 456.84 441.09 456.72 441.45 c 456.6 441.69 456.36 441.93 456.24 442.17 c 456 442.29 455.76 442.41 455.52 442.41 c 455.4 442.41 455.28 442.29 455.16 442.17 c 454.92 442.17 454.8 441.93 454.8 441.81 c 454.68 441.69 454.68 441.57 454.68 441.33 c 454.68 441.09 454.68 440.97 454.92 440.85 c 455.16 440.61 455.4 440.61 455.76 440.49 c 455.88 440.49 456.12 440.49 456.24 440.49 c 456.48 440.49 456.72 440.37 457.08 440.37 c h f 
458.16 439.41 m 458.16 439.41 458.04 439.41 458.04 439.41 c 458.04 440.25 l 458.04 440.37 458.16 440.37 458.16 440.37 c 458.52 440.37 458.88 440.49 459.24 440.49 c 459.6 440.61 459.96 440.73 460.2 440.85 c 460.2 440.97 460.08 441.21 459.96 441.33 c 459.96 441.57 459.84 441.81 459.72 442.05 c 459.72 442.17 459.6 442.29 459.6 442.53 c 459.48 442.65 459.48 442.65 459.48 442.77 c 459.48 442.89 459.6 443.13 459.72 443.37 c 459.96 443.49 460.08 443.73 460.32 443.85 c 460.44 443.61 460.44 443.49 460.44 443.25 c 460.56 443.01 460.56 442.65 460.68 442.29 c 460.68 442.05 460.8 441.93 460.8 441.69 c 460.8 441.57 460.8 441.33 460.8 441.21 c 460.8 441.09 460.8 440.97 460.68 440.73 c 460.56 440.49 460.56 440.25 460.44 440.01 c 459.72 439.53 459 439.41 458.16 439.41 c h 459.84 436.89 m 459.6 437.01 459.48 437.13 459.36 437.25 c 459.24 437.37 459.12 437.49 459 437.61 c 459.12 437.85 459.24 437.97 459.36 438.09 c 459.6 438.21 459.72 438.45 459.84 438.57 c 460.08 438.21 460.32 437.97 460.56 437.73 c 460.44 437.61 460.32 437.49 460.2 437.37 c 460.08 437.25 459.96 437.01 459.84 436.89 c h f 
q 0.12 0 0 -0.12 0 841.89 cm 1 j 0.141 0.125 0.129 SC 3901 3355 m 3893 3355 l 3893 3301 l 3891 3303 3888 3305 3885 3307 c 3882 3309 3879 3310 3876 3311 c 3876 3303 l 3881 3301 3885 3298 3888 3295 c 3892 3292 3894 3289 3896 3286 c 3901 3286 l 3901 3355 l h S Q 
q 0.12 0 0 -0.12 0 841.89 cm 1 w 1 j 0.141 0.125 0.129 SC 3923 3321 m 3923 3313 3924 3306 3925 3301 c 3927 3296 3930 3292 3933 3290 c 3936 3287 3940 3286 3945 3286 c 3949 3286 3952 3286 3955 3288 c 3958 3289 3960 3291 3962 3294 c 3964 3297 3965 3300 3966 3304 c 3967 3308 3968 3314 3968 3321 c 3968 3329 3967 3335 3965 3340 c 3963 3345 3961 3349 3958 3352 c 3954 3355 3950 3356 3945 3356 c 3939 3356 3933 3353 3930 3349 c 3925 3343 3923 3334 3923 3321 c S Q 
q 0.12 0 0 -0.12 0 841.89 cm 1 w 1 j 0.141 0.125 0.129 SC 3932 3321 m 3932 3332 3933 3340 3935 3343 c 3938 3347 3941 3349 3945 3349 c 3949 3349 3952 3347 3955 3343 c 3958 3340 3959 3332 3959 3321 c 3959 3309 3958 3302 3955 3298 c 3952 3294 3949 3293 3945 3293 c 3941 3293 3938 3294 3936 3298 c 3933 3302 3932 3309 3932 3321 c S Q 
q 0.12 0 0 -0.12 0 841.89 cm 1 w 1 j 0.141 0.125 0.129 SC 3981 3355 m 3981 3345 l 3990 3345 l 3990 3355 l 3981 3355 l h S Q 
q 0.12 0 0 -0.12 0 841.89 cm 1 w 1 j 0.141 0.125 0.129 SC 4047 3303 m 4038 3303 l 4037 3300 4036 3298 4035 3296 c 4033 3294 4030 3292 4027 3292 c 4024 3292 4021 3293 4019 3295 c 4017 3297 4015 3300 4013 3303 c 4012 3307 4011 3312 4011 3319 c 4013 3316 4015 3314 4018 3312 c 4021 3311 4024 3310 4027 3310 c 4033 3310 4038 3312 4042 3316 c 4046 3320 4048 3326 4048 3332 c 4048 3337 4047 3341 4045 3344 c 4043 3348 4040 3351 4037 3353 c 4034 3355 4030 3356 4026 3356 c 4019 3356 4013 3353 4009 3348 c 4005 3343 4002 3334 4002 3322 c 4002 3309 4005 3299 4010 3293 c 4014 3288 4020 3286 4027 3286 c 4032 3286 4037 3287 4040 3290 c 4044 3293 4046 3297 4047 3303 c h S Q 
q 0.12 0 0 -0.12 0 841.89 cm 1 w 1 j 0.141 0.125 0.129 SC 4012 3332 m 4012 3335 4013 3338 4014 3341 c 4015 3343 4017 3345 4019 3347 c 4021 3348 4024 3349 4026 3349 c 4030 3349 4033 3347 4035 3345 c 4038 3342 4039 3338 4039 3333 c 4039 3328 4038 3324 4035 3322 c 4033 3319 4030 3317 4026 3317 c 4022 3317 4019 3319 4016 3322 c 4013 3324 4012 3328 4012 3332 c S Q 
1 w 0.141 0.125 0.129 sc 468.12 439.29 m 467.16 439.29 l 467.16 445.77 l 466.92 445.53 466.56 445.29 466.2 445.05 c 465.84 444.81 465.48 444.69 465.12 444.57 c 465.12 445.53 l 465.72 445.77 466.2 446.13 466.56 446.49 c 467.04 446.85 467.28 447.21 467.52 447.57 c 468.12 447.57 l 468.12 439.29 l h f 
470.76 443.37 m 470.76 444.33 470.88 445.17 471 445.77 c 471.24 446.37 471.6 446.85 471.96 447.09 c 472.32 447.45 472.8 447.57 473.4 447.57 c 473.88 447.57 474.24 447.57 474.6 447.33 c 474.96 447.21 475.2 446.97 475.44 446.61 c 475.68 446.25 475.8 445.89 475.92 445.41 c 476.04 444.93 476.16 444.21 476.16 443.37 c 476.16 442.41 476.04 441.69 475.8 441.09 c 475.56 440.49 475.32 440.01 474.96 439.65 c 474.48 439.29 474 439.17 473.4 439.17 c 472.68 439.17 471.96 439.53 471.6 440.01 c 471 440.73 470.76 441.81 470.76 443.37 c h 471.72 443.37 m 471.72 442.05 471.96 441.09 472.2 440.73 c 472.56 440.25 472.92 440.01 473.4 440.01 c 473.88 440.01 474.24 440.25 474.6 440.73 c 474.96 441.09 475.08 442.05 475.08 443.37 c 475.08 444.81 474.96 445.65 474.6 446.13 c 474.24 446.61 473.88 446.73 473.4 446.73 c 472.92 446.73 472.56 446.61 472.32 446.13 c 471.96 445.65 471.72 444.81 471.72 443.37 c h f 
477.72 440.49 m 478.92 440.49 l 478.92 439.29 l 477.72 439.29 l h f 
485.64 445.53 m 484.56 445.53 l 484.44 445.89 484.32 446.13 484.2 446.37 c 483.96 446.61 483.6 446.85 483.24 446.85 c 482.88 446.85 482.52 446.73 482.28 446.49 c 482.04 446.25 481.8 445.89 481.56 445.53 c 481.44 445.05 481.32 444.45 481.32 443.61 c 481.56 443.97 481.8 444.21 482.16 444.45 c 482.52 444.57 482.88 444.69 483.24 444.69 c 483.96 444.69 484.56 444.45 485.04 443.97 c 485.52 443.49 485.76 442.77 485.76 442.05 c 485.76 441.45 485.64 440.97 485.4 440.61 c 485.16 440.13 484.8 439.77 484.44 439.53 c 484.08 439.29 483.6 439.17 483.12 439.17 c 482.28 439.17 481.56 439.53 481.08 440.13 c 480.6 440.73 480.24 441.81 480.24 443.25 c 480.24 444.81 480.6 446.01 481.2 446.73 c 481.68 447.33 482.4 447.57 483.24 447.57 c 483.84 447.57 484.44 447.45 484.8 447.09 c 485.28 446.73 485.52 446.25 485.64 445.53 c h 481.44 442.05 m 481.44 441.69 481.56 441.33 481.68 440.97 c 481.8 440.73 482.04 440.49 482.28 440.25 c 482.52 440.13 482.88 440.01 483.12 440.01 c 483.6 440.01 483.96 440.25 484.2 440.49 c 484.56 440.85 484.68 441.33 484.68 441.93 c 484.68 442.53 484.56 443.01 484.2 443.25 c 483.96 443.61 483.6 443.85 483.12 443.85 c 482.64 443.85 482.28 443.61 481.92 443.25 c 481.56 443.01 481.44 442.53 481.44 442.05 c h f 
491.88 439.41 m 491.52 439.41 491.28 439.41 491.04 439.53 c 490.8 439.65 490.56 439.77 490.44 440.01 c 490.32 440.13 490.2 440.37 490.2 440.61 c 490.2 440.85 490.08 441.09 490.08 441.33 c 490.08 441.57 490.08 441.93 489.96 442.29 c 489.96 442.65 489.96 443.13 489.84 443.49 c 489.84 443.97 489.84 444.45 489.72 444.93 c 489.72 445.41 489.72 445.89 489.6 446.37 c 489.84 446.49 489.96 446.61 490.08 446.73 c 490.32 446.85 490.44 446.97 490.68 447.09 c 490.68 446.49 490.68 445.89 490.68 445.29 c 490.68 444.81 490.68 444.21 490.68 443.49 c 490.8 442.89 490.8 442.29 490.8 441.57 c 490.8 440.73 l 490.92 440.61 491.16 440.49 491.28 440.49 c 491.52 440.37 491.76 440.37 491.88 440.37 c 492 440.37 492 440.37 492 440.25 c 492 439.41 l 492 439.41 492 439.41 491.88 439.41 c h f 
494.76 437.01 m 494.16 437.01 493.68 437.13 493.32 437.49 c 492.96 437.85 492.72 438.33 492.6 439.05 c 492.24 438.81 l 492.12 439.41 l 491.88 439.41 l 491.76 439.41 491.76 439.41 491.76 439.41 c 491.76 440.25 l 491.76 440.37 491.76 440.37 491.88 440.37 c 492 440.37 492.12 440.37 492.24 440.37 c 492.36 440.37 492.48 440.37 492.6 440.49 c 492.84 441.81 493.56 443.13 494.76 444.33 c 495.24 444.21 l 495.24 443.97 495.24 443.85 495.24 443.61 c 495.36 443.37 495.36 443.13 495.36 442.77 c 495.48 442.53 495.48 442.29 495.48 442.17 c 495.6 441.93 495.6 441.81 495.6 441.69 c 495.6 441.33 495.48 441.09 495.36 440.85 c 495.12 440.61 495 440.49 494.76 440.25 c 495.12 440.37 495.36 440.37 495.6 440.37 c 495.84 440.37 496.08 440.37 496.32 440.37 c 496.44 440.37 496.44 440.37 496.44 440.25 c 496.44 439.53 l 496.44 439.41 496.44 439.41 496.32 439.41 c 496.08 439.41 495.72 439.29 495.48 439.29 c 495.72 439.17 495.84 439.05 495.96 438.93 c 496.08 438.81 496.2 438.57 496.2 438.45 c 496.2 438.33 496.2 438.33 496.08 438.09 c 496.08 437.97 495.96 437.85 495.96 437.61 c 495.84 437.49 495.84 437.37 495.72 437.37 c 495.72 437.25 495.6 437.13 495.36 437.13 c 495.24 437.01 495 437.01 494.76 437.01 c h 494.88 437.85 m 495 437.85 495.12 437.97 495.24 437.97 c 495.36 437.97 495.48 438.09 495.6 438.21 c 495.48 438.45 495.36 438.57 495.24 438.81 c 495 438.93 494.76 439.05 494.52 439.17 c 494.28 439.29 494.04 439.41 493.8 439.41 c 493.8 439.41 493.68 439.41 493.68 439.29 c 493.56 439.29 493.44 439.29 493.44 439.29 c 493.56 438.81 493.68 438.45 493.92 438.21 c 494.16 437.97 494.52 437.85 494.88 437.85 c h 493.32 440.37 m 493.68 440.37 493.92 440.49 494.16 440.61 c 494.4 440.73 494.64 440.85 494.88 440.97 c 494.76 441.57 l 494.64 441.93 494.64 442.17 494.52 442.41 c 494.52 442.65 494.52 442.89 494.52 443.01 c 494.04 442.41 493.8 441.93 493.68 441.57 c 493.44 441.09 493.44 440.73 493.32 440.37 c h f 
496.32 439.41 m 496.2 439.41 496.2 439.41 496.2 439.41 c 496.2 440.25 l 496.2 440.37 496.2 440.37 496.32 440.37 c 496.44 440.37 496.68 440.37 496.92 440.37 c 497.16 440.37 497.28 440.37 497.52 440.37 c 497.4 440.49 497.28 440.73 497.16 440.85 c 497.04 441.09 496.92 441.21 496.92 441.45 c 496.92 441.69 497.04 441.93 497.16 442.17 c 497.16 442.41 497.28 442.65 497.4 442.89 c 497.64 443.13 497.76 443.25 498 443.37 c 498.24 443.61 498.6 443.73 498.84 443.73 c 499.08 443.73 499.32 443.73 499.68 443.49 c 499.92 443.37 500.16 443.13 500.52 442.89 c 500.28 442.41 l 500.04 442.53 499.8 442.65 499.68 442.65 c 499.44 442.65 499.32 442.77 499.08 442.77 c 498.84 442.77 498.6 442.65 498.36 442.65 c 498.12 442.53 497.88 442.41 497.64 442.29 c 497.64 441.93 497.76 441.69 497.88 441.45 c 498 441.21 498.24 440.97 498.48 440.85 c 498.72 440.73 499.08 440.61 499.32 440.61 c 499.56 440.61 499.8 440.61 500.04 440.73 c 500.28 440.73 500.52 440.85 500.76 440.85 c 501 440.97 501.36 441.09 501.6 441.21 c 501.72 441.21 501.72 441.09 501.72 440.97 c 501.84 440.97 501.84 440.85 501.84 440.73 c 501.84 440.61 501.84 440.49 501.72 440.37 c 501.72 440.25 501.6 440.13 501.48 440.13 c 501.48 440.13 501.36 440.01 501.12 440.01 c 501 440.01 500.76 439.89 500.52 439.89 c 499.8 439.65 499.2 439.53 498.48 439.53 c 497.76 439.41 497.04 439.41 496.32 439.41 c h f 
505.32 439.41 m 504.96 439.41 504.6 439.41 504.36 439.53 c 504.12 439.65 503.88 439.77 503.76 440.01 c 503.64 440.13 503.52 440.37 503.52 440.61 c 503.52 440.85 503.52 441.09 503.4 441.33 c 503.4 441.57 503.4 441.93 503.28 442.29 c 503.28 442.65 503.28 443.13 503.28 443.49 c 503.16 443.97 503.16 444.45 503.16 444.93 c 503.04 445.41 503.04 445.89 503.04 446.37 c 503.16 446.49 503.28 446.61 503.4 446.73 c 503.64 446.85 503.76 446.97 504 447.09 c 504 446.49 504 445.89 504 445.29 c 504 444.81 504 444.21 504.12 443.49 c 504.12 442.89 504.12 442.29 504.12 441.57 c 504.12 440.73 l 504.36 440.61 504.48 440.49 504.72 440.49 c 504.84 440.37 505.08 440.37 505.32 440.37 c 505.32 440.37 505.32 440.37 505.32 440.25 c 505.32 439.41 l 505.32 439.41 505.32 439.41 505.32 439.41 c h f 
505.2 439.41 m 505.08 439.41 505.08 439.41 505.08 439.41 c 505.08 440.25 l 505.08 440.37 505.08 440.37 505.2 440.37 c 505.32 440.37 505.56 440.37 505.68 440.37 c 505.8 440.37 505.92 440.37 506.04 440.49 c 505.92 440.73 505.8 440.97 505.8 441.33 c 505.8 441.45 505.8 441.57 505.8 441.69 c 505.8 441.93 505.8 442.05 505.92 442.17 c 505.92 442.29 505.92 442.41 505.92 442.53 c 506.04 442.77 506.28 443.01 506.52 443.13 c 506.64 443.37 506.88 443.49 507.12 443.61 c 507.36 443.73 507.6 443.73 507.84 443.73 c 507.96 443.73 508.2 443.61 508.44 443.49 c 508.56 443.25 508.8 443.01 508.92 442.65 c 509.04 442.29 509.04 441.93 509.04 441.57 c 509.04 441.21 508.92 440.85 508.68 440.49 c 508.8 440.37 508.92 440.37 509.16 440.37 c 509.28 440.37 509.52 440.37 509.76 440.37 c 509.88 440.37 509.88 440.37 509.88 440.25 c 509.88 439.41 l 509.88 439.41 509.88 439.41 509.76 439.41 c 508.8 439.41 508.08 439.53 507.36 439.77 c 507.12 439.65 506.76 439.53 506.4 439.41 c 506.04 439.41 505.68 439.41 505.2 439.41 c h 507.36 440.61 m 507.84 440.73 508.2 440.97 508.56 441.21 c 508.56 441.45 508.44 441.69 508.32 441.93 c 508.2 442.05 508.08 442.29 507.96 442.41 c 507.84 442.53 507.84 442.65 507.72 442.65 c 507.6 442.65 507.36 442.53 507.24 442.41 c 507 442.29 506.88 442.17 506.76 442.05 c 506.52 441.81 506.4 441.57 506.28 441.33 c 506.4 441.21 506.52 441.09 506.76 440.97 c 507 440.73 507.12 440.73 507.36 440.61 c h 507.6 444.45 m 507.24 444.81 507 445.05 506.76 445.29 c 506.88 445.53 507.12 445.65 507.24 445.77 c 507.36 445.89 507.48 446.01 507.6 446.13 c 507.72 446.01 507.84 445.89 507.96 445.77 c 508.08 445.65 508.2 445.53 508.32 445.41 c 508.2 445.29 508.2 445.17 507.96 444.93 c 507.84 444.81 507.72 444.69 507.6 444.45 c h f 
509.64 439.41 m 509.64 439.41 509.64 439.41 509.64 439.41 c 509.64 440.25 l 509.64 440.37 509.64 440.37 509.64 440.37 c 510 440.37 510.48 440.49 510.84 440.49 c 511.2 440.61 511.44 440.73 511.68 440.85 c 511.68 440.97 511.56 441.21 511.56 441.33 c 511.44 441.57 511.32 441.81 511.32 442.05 c 511.2 442.17 511.08 442.29 511.08 442.41 c 511.08 442.65 511.08 442.65 511.08 442.77 c 511.08 442.89 511.08 443.13 511.32 443.37 c 511.44 443.49 511.68 443.73 511.92 443.85 c 511.92 443.61 511.92 443.49 512.04 443.25 c 512.04 443.01 512.16 442.65 512.16 442.29 c 512.28 442.05 512.28 441.93 512.28 441.69 c 512.28 441.57 512.28 441.33 512.28 441.21 c 512.28 441.09 512.28 440.97 512.16 440.73 c 512.16 440.49 512.04 440.25 511.92 440.01 c 511.2 439.53 510.48 439.41 509.64 439.41 c h 512.04 444.45 m 511.92 444.69 511.8 444.81 511.68 444.93 c 511.56 445.05 511.44 445.17 511.32 445.17 c 511.44 445.29 511.56 445.41 511.68 445.53 c 511.8 445.65 511.92 445.77 512.04 446.01 c 512.16 446.01 512.16 445.89 512.28 445.77 c 512.4 445.65 512.64 445.53 512.76 445.29 c 512.64 445.05 512.4 444.81 512.04 444.45 c h 510.48 444.33 m 510.24 444.45 510.12 444.57 510 444.69 c 509.88 444.81 509.76 444.93 509.64 445.05 c 509.76 445.17 509.88 445.29 510 445.41 c 510.12 445.53 510.24 445.65 510.48 445.89 c 510.48 445.77 510.6 445.65 510.72 445.53 c 510.84 445.41 510.96 445.29 511.08 445.17 c 511.08 445.05 510.96 444.93 510.84 444.81 c 510.72 444.57 510.6 444.45 510.48 444.33 c h f 
514.08 437.01 m 513.96 437.01 513.84 437.01 513.72 437.13 c 513.48 437.13 513.36 437.25 513.12 437.37 c 512.88 437.49 512.76 437.61 512.52 437.73 c 512.76 438.21 l 513 438.09 513.12 438.09 513.36 438.09 c 513.48 438.09 513.72 437.97 513.84 437.97 c 514.44 437.97 514.92 438.21 515.28 438.57 c 515.76 438.81 516 439.29 516.24 439.89 c 516.12 440.01 516.12 440.13 516 440.25 c 516 440.37 515.88 440.49 515.88 440.61 c 515.64 441.09 515.4 441.45 515.28 441.69 c 515.16 442.05 515.04 442.29 515.04 442.53 c 515.04 442.65 515.16 442.89 515.28 443.01 c 515.4 443.13 515.64 443.25 515.88 443.37 c 515.88 443.25 515.88 443.13 516 442.89 c 516 442.77 516.12 442.53 516.12 442.41 c 516.24 442.17 516.24 442.05 516.36 441.81 c 516.48 441.57 516.48 441.33 516.6 440.97 c 516.72 440.73 516.72 440.49 516.72 440.25 c 516.72 439.65 516.6 439.17 516.36 438.57 c 516.12 438.09 515.88 437.73 515.4 437.49 c 515.04 437.13 514.56 437.01 514.08 437.01 c h f 
518.52 439.41 m 518.52 440.13 518.52 440.73 518.4 441.33 c 518.4 441.93 518.4 442.53 518.4 443.13 c 518.4 443.61 518.28 444.09 518.28 444.69 c 518.28 445.17 518.16 445.65 518.16 446.13 c 518.16 446.25 518.16 446.49 518.16 446.61 c 518.28 446.73 518.4 446.85 518.52 446.97 c 518.64 446.97 518.88 447.09 519.12 447.09 c 519.12 446.97 519.12 446.73 519.24 446.49 c 519.36 446.25 519.36 446.01 519.48 445.77 c 519.12 445.41 l 519.12 444.93 519.24 444.33 519.24 443.73 c 519.24 443.13 519.24 442.53 519.24 441.81 c 519.12 441.09 519.12 440.37 519.12 439.41 c 518.52 439.41 l h f 
522.36 437.01 m 522.24 437.01 522.12 437.01 521.88 437.13 c 521.64 437.25 521.4 437.25 521.16 437.49 c 520.92 437.61 520.8 437.73 520.68 437.85 c 520.8 438.21 l 521.04 438.21 521.16 438.09 521.4 438.09 c 521.64 438.09 521.88 438.09 522.12 438.09 c 522.72 438.09 523.2 438.21 523.68 438.57 c 524.04 438.81 524.4 439.29 524.52 439.89 c 524.52 440.01 l 524.4 439.77 524.16 439.65 523.8 439.53 c 523.56 439.41 523.32 439.29 523.08 439.29 c 522.6 439.29 522.24 439.41 522 439.77 c 521.76 440.01 521.64 440.37 521.64 440.85 c 521.64 441.21 521.64 441.69 521.88 442.05 c 522 442.41 522.24 442.77 522.48 443.01 c 522.72 443.25 522.96 443.37 523.2 443.37 c 523.56 443.37 523.8 443.25 524.16 442.89 c 524.4 442.65 524.64 442.29 524.76 441.81 c 524.88 441.45 525 441.21 525 440.97 c 525 440.73 525.12 440.49 525.12 440.25 c 525.12 439.89 525 439.53 524.88 439.17 c 524.76 438.81 524.64 438.45 524.4 438.21 c 524.28 437.85 524.04 437.61 523.68 437.49 c 523.32 437.13 522.84 437.01 522.36 437.01 c h 523.32 440.37 m 523.44 440.37 523.68 440.37 523.8 440.37 c 524.04 440.49 524.16 440.49 524.4 440.61 c 524.4 440.97 524.28 441.21 524.04 441.45 c 523.92 441.69 523.68 441.93 523.56 442.05 c 523.32 442.17 523.2 442.29 523.08 442.29 c 522.84 442.29 522.72 442.17 522.6 442.05 c 522.36 441.93 522.24 441.81 522.24 441.57 c 522.12 441.45 522.12 441.33 522.12 441.21 c 522.12 440.97 522.24 440.73 522.36 440.61 c 522.6 440.49 522.96 440.37 523.32 440.37 c h f 
312.48 416.61 m 312.24 416.73 312.12 416.85 311.88 416.97 c 311.76 417.09 311.64 417.09 311.4 417.21 c 311.52 417.33 311.52 417.45 311.64 417.45 c 311.64 417.57 311.64 417.69 311.76 417.69 c 311.76 417.81 311.76 417.93 311.88 417.93 c 311.88 418.05 312 418.17 312 418.17 c 312.24 418.17 312.36 418.05 312.48 417.93 c 312.6 417.81 312.72 417.69 312.84 417.69 c 312.96 417.57 312.96 417.57 312.96 417.45 c 312.96 417.33 312.84 417.09 312.48 416.61 c h f 
318.96 417.33 m 318.6 417.33 318.24 417.45 317.88 417.57 c 317.64 417.69 317.4 417.93 317.4 418.29 c 317.28 418.53 l 316.92 417.69 l 316.68 417.81 316.44 417.81 316.32 417.81 c 316.2 417.81 316.08 417.81 315.96 417.93 c 315.84 417.93 315.72 417.93 315.6 417.93 c 315.48 418.05 315.24 418.17 315.12 418.17 c 314.88 418.29 314.76 418.41 314.64 418.53 c 314.52 418.65 314.4 418.77 314.4 418.89 c 314.4 418.89 314.52 419.01 314.52 419.13 c 314.64 419.25 314.64 419.49 314.76 419.61 c 314.76 419.73 314.88 419.85 314.88 419.97 c 315 420.09 315 420.21 315.24 420.33 c 315.48 420.57 315.72 420.81 315.96 420.93 c 316.32 421.17 316.56 421.29 316.8 421.41 c 316.8 421.77 l 316.92 421.89 317.04 422.01 317.16 422.01 c 317.28 422.13 317.28 422.25 317.4 422.25 c 317.52 422.37 317.64 422.37 317.76 422.49 c 317.76 421.89 317.76 421.17 317.76 420.57 c 317.76 419.97 317.76 419.25 317.76 418.65 c 318.12 418.41 318.6 418.41 318.96 418.41 c 319.08 418.41 319.08 418.29 319.08 418.29 c 319.08 417.45 l 319.08 417.33 319.08 417.33 318.96 417.33 c h 317.28 418.77 m 317.28 419.13 317.16 419.37 317.16 419.61 c 317.04 419.97 317.04 420.21 316.92 420.57 c 316.08 420.33 315.48 419.85 315.12 419.49 c 315.36 419.25 315.6 419.13 315.84 419.01 c 315.96 419.01 316.2 418.89 316.56 418.89 c 316.68 418.89 316.8 418.89 316.92 418.89 c 317.04 418.89 317.16 418.77 317.28 418.77 c h 317.16 422.85 m 317.04 422.97 316.8 423.09 316.68 423.21 c 316.56 423.33 316.44 423.45 316.44 423.57 c 316.44 423.69 316.56 423.69 316.68 423.81 c 316.8 424.05 316.92 424.17 317.16 424.41 c 317.16 424.29 317.28 424.17 317.4 424.05 c 317.52 423.93 317.64 423.81 317.88 423.69 c 317.64 423.45 317.4 423.09 317.16 422.85 c h 315.48 422.73 m 315.36 422.85 315.12 422.97 315 423.09 c 314.88 423.21 314.76 423.33 314.76 423.45 c 314.88 423.57 315 423.69 315.12 423.81 c 315.24 423.93 315.36 424.05 315.48 424.17 c 315.48 424.17 315.6 424.05 315.72 423.93 c 315.84 423.81 315.96 423.69 316.2 423.45 c 316.08 423.33 315.96 423.21 315.84 423.09 c 315.72 422.97 315.6 422.85 315.48 422.73 c h f 
323.52 417.33 m 323.16 417.33 322.8 417.33 322.44 417.33 c 321.96 417.45 321.6 417.45 321.24 417.57 c 321 417.69 320.64 417.81 320.4 417.93 c 320.4 417.93 320.28 417.81 320.28 417.81 c 320.28 417.81 320.28 417.69 320.16 417.69 c 320.04 417.57 319.92 417.45 319.68 417.45 c 319.44 417.33 319.2 417.33 318.96 417.33 c 318.84 417.33 318.84 417.33 318.84 417.45 c 318.84 418.29 l 318.84 418.29 318.84 418.41 318.96 418.41 c 319.2 418.41 319.32 418.41 319.56 418.41 c 319.68 418.53 319.8 418.53 319.92 418.65 c 320.04 418.77 320.28 419.01 320.4 419.25 c 320.4 419.25 320.4 419.37 320.4 419.37 c 320.52 419.49 320.52 419.49 320.52 419.61 c 320.64 419.73 320.76 419.85 321 419.85 c 321.12 419.85 321.12 419.73 321.24 419.73 c 321.24 419.49 321.12 419.37 321 419.25 c 321 419.01 320.88 418.89 320.88 418.77 c 321 418.77 321.12 418.77 321.12 418.65 c 321.24 418.65 321.36 418.65 321.48 418.65 c 322.2 419.61 322.8 420.33 323.52 420.81 c 324.12 421.29 324.6 421.53 325.2 421.53 c 325.32 421.53 325.44 421.53 325.68 421.41 c 325.92 421.29 326.16 421.17 326.28 421.05 c 326.52 420.93 326.76 420.69 326.88 420.57 c 327.12 420.21 327.24 419.97 327.24 419.73 c 327.24 419.25 327.12 418.89 326.76 418.53 c 326.52 418.17 326.04 417.81 325.44 417.57 c 324.84 417.45 324.24 417.33 323.52 417.33 c h 323.64 418.29 m 324.12 418.29 324.6 418.41 325.2 418.53 c 325.68 418.65 326.16 418.89 326.64 419.25 c 326.4 419.61 326.16 419.97 325.8 420.21 c 325.44 420.33 325.2 420.45 324.84 420.45 c 324.48 420.45 324.12 420.33 323.64 419.97 c 323.16 419.61 322.56 419.13 322.08 418.41 c 322.32 418.41 322.56 418.41 322.8 418.29 c 323.16 418.29 323.4 418.29 323.64 418.29 c h f 
330.24 414.93 m 330.12 414.93 329.88 415.05 329.64 415.05 c 329.4 415.17 329.28 415.29 329.04 415.41 c 328.8 415.53 328.56 415.65 328.44 415.77 c 328.56 416.25 l 328.8 416.13 329.04 416.13 329.28 416.01 c 329.52 416.01 329.76 416.01 330 416.01 c 330.48 416.01 330.84 416.13 331.2 416.37 c 331.68 416.61 331.92 416.85 332.16 417.33 c 331.8 417.33 331.44 417.33 331.2 417.45 c 330.96 417.45 330.72 417.45 330.6 417.57 c 330.12 417.57 329.88 417.81 329.64 418.05 c 329.52 418.17 329.4 418.53 329.4 419.01 c 329.4 419.37 329.52 419.73 329.64 420.21 c 329.76 420.57 330 420.81 330.24 421.05 c 330.48 421.29 330.72 421.41 331.08 421.41 c 331.32 421.41 331.68 421.29 331.92 421.05 c 332.16 420.69 332.4 420.33 332.64 419.85 c 332.64 419.61 332.76 419.37 332.76 419.13 c 332.88 418.89 332.88 418.65 332.88 418.41 c 333.6 418.41 l 333.6 418.41 333.6 418.29 333.6 418.29 c 333.6 417.45 l 333.6 417.33 333.6 417.33 333.6 417.33 c 332.76 417.33 l 332.64 416.85 332.4 416.49 332.16 416.13 c 331.92 415.77 331.56 415.41 331.2 415.29 c 330.96 415.05 330.6 414.93 330.24 414.93 c h 332.28 418.41 m 332.28 418.77 332.16 419.13 331.92 419.37 c 331.8 419.73 331.68 419.97 331.44 420.09 c 331.32 420.21 331.08 420.33 330.84 420.33 c 330.72 420.33 330.48 420.33 330.36 420.21 c 330.24 420.09 330.12 419.97 330 419.85 c 330 419.61 329.88 419.49 329.88 419.37 c 329.88 419.13 330 418.89 330.24 418.77 c 330.36 418.65 330.72 418.53 330.96 418.41 c 331.2 418.41 331.32 418.41 331.56 418.41 c 331.8 418.41 332.04 418.41 332.28 418.41 c h f 
333.48 417.33 m 333.36 417.33 333.36 417.33 333.36 417.45 c 333.36 418.29 l 333.36 418.29 333.36 418.41 333.48 418.41 c 333.84 418.41 334.2 418.41 334.56 418.53 c 334.92 418.53 335.28 418.65 335.52 418.77 c 335.4 418.89 335.4 419.13 335.28 419.37 c 335.16 419.61 335.04 419.73 335.04 419.97 c 334.92 420.21 334.92 420.33 334.8 420.45 c 334.8 420.57 334.8 420.69 334.8 420.69 c 334.8 420.93 334.8 421.05 335.04 421.29 c 335.16 421.53 335.4 421.65 335.64 421.77 c 335.64 421.65 335.64 421.41 335.76 421.17 c 335.76 420.93 335.88 420.69 335.88 420.33 c 336 420.09 336 419.85 336 419.61 c 336.12 419.49 336.12 419.37 336.12 419.25 c 336.12 419.13 336 418.89 336 418.65 c 335.88 418.41 335.76 418.17 335.64 417.93 c 334.92 417.57 334.2 417.33 333.48 417.33 c h 335.04 414.81 m 334.92 414.93 334.68 415.17 334.56 415.29 c 334.44 415.41 334.32 415.53 334.2 415.65 c 334.44 415.77 334.56 415.89 334.68 416.13 c 334.8 416.25 334.92 416.37 335.04 416.49 c 335.28 416.25 335.52 416.01 335.88 415.65 c 335.76 415.53 335.64 415.41 335.52 415.29 c 335.4 415.17 335.28 415.05 335.04 414.81 c h f 
q 0.12 0 0 -0.12 0 841.89 cm 1 j 0.141 0.125 0.129 SC 2857 3538 m 2857 3522 l 2827 3522 l 2827 3514 l 2859 3469 l 2866 3469 l 2866 3514 l 2875 3514 l 2875 3522 l 2866 3522 l 2866 3538 l 2857 3538 l h S Q 
q 0.12 0 0 -0.12 0 841.89 cm 1 w 1 j 0.141 0.125 0.129 SC 2857 3514 m 2857 3483 l 2836 3514 l 2857 3514 l h S Q 
q 0.12 0 0 -0.12 0 841.89 cm 1 w 1 j 0.141 0.125 0.129 SC 2928 3530 m 2928 3538 l 2882 3538 l 2882 3536 2882 3534 2883 3532 c 2884 3529 2886 3526 2889 3523 c 2891 3520 2895 3517 2900 3513 c 2907 3507 2912 3502 2915 3498 c 2918 3495 2919 3491 2919 3488 c 2919 3485 2918 3482 2915 3480 c 2913 3477 2910 3476 2906 3476 c 2902 3476 2899 3477 2896 3480 c 2894 3482 2892 3486 2892 3490 c 2884 3489 l 2884 3483 2887 3478 2891 3474 c 2894 3471 2900 3469 2906 3469 c 2913 3469 2918 3471 2922 3475 c 2926 3478 2928 3483 2928 3488 c 2928 3491 2927 3494 2926 3496 c 2925 3499 2923 3502 2920 3505 c 2918 3508 2913 3512 2907 3517 c 2902 3521 2899 3524 2898 3526 c 2896 3527 2895 3529 2894 3530 c 2928 3530 l h S Q 
q 0.12 0 0 -0.12 0 841.89 cm 1 w 1 j 0.141 0.125 0.129 SC 2941 3538 m 2941 3529 l 2951 3529 l 2951 3538 l 2941 3538 l h S Q 
q 0.12 0 0 -0.12 0 841.89 cm 1 w 1 j 0.141 0.125 0.129 SC 2990 3538 m 2990 3522 l 2960 3522 l 2960 3514 l 2992 3469 l 2999 3469 l 2999 3514 l 3008 3514 l 3008 3522 l 2999 3522 l 2999 3538 l 2990 3538 l h S Q 
q 0.12 0 0 -0.12 0 841.89 cm 1 w 1 j 0.141 0.125 0.129 SC 2990 3514 m 2990 3483 l 2969 3514 l 2990 3514 l h S Q 
1 w 0.141 0.125 0.129 sc 342.84 417.33 m 342.84 419.25 l 339.24 419.25 l 339.24 420.21 l 343.08 425.61 l 343.92 425.61 l 343.92 420.21 l 345 420.21 l 345 419.25 l 343.92 419.25 l 343.92 417.33 l 342.84 417.33 l h 342.84 420.21 m 342.84 423.93 l 340.32 420.21 l 342.84 420.21 l h f 
351.36 418.29 m 351.36 417.33 l 345.84 417.33 l 345.84 417.57 345.84 417.81 345.96 418.05 c 346.08 418.41 346.32 418.77 346.68 419.13 c 346.92 419.49 347.4 419.85 348 420.33 c 348.84 421.05 349.44 421.65 349.8 422.13 c 350.16 422.49 350.28 422.97 350.28 423.33 c 350.28 423.69 350.16 424.05 349.8 424.29 c 349.56 424.65 349.2 424.77 348.72 424.77 c 348.24 424.77 347.88 424.65 347.52 424.29 c 347.28 424.05 347.04 423.57 347.04 423.09 c 346.08 423.21 l 346.08 423.93 346.44 424.53 346.92 425.01 c 347.28 425.37 348 425.61 348.72 425.61 c 349.56 425.61 350.16 425.37 350.64 424.89 c 351.12 424.53 351.36 423.93 351.36 423.33 c 351.36 422.97 351.24 422.61 351.12 422.37 c 351 422.01 350.76 421.65 350.4 421.29 c 350.16 420.93 349.56 420.45 348.84 419.85 c 348.24 419.37 347.88 419.01 347.64 418.77 c 347.52 418.65 347.4 418.41 347.28 418.29 c 351.36 418.29 l h f 
352.92 418.41 m 354.12 418.41 l 354.12 417.21 l 352.92 417.21 l h f 
358.8 417.33 m 358.8 419.25 l 355.2 419.25 l 355.2 420.21 l 359.04 425.61 l 359.88 425.61 l 359.88 420.21 l 360.96 420.21 l 360.96 419.25 l 359.88 419.25 l 359.88 417.33 l 358.8 417.33 l h 358.8 420.21 m 358.8 423.93 l 356.28 420.21 l 358.8 420.21 l h f 
367.2 417.33 m 366.84 417.33 366.6 417.33 366.24 417.45 c 366 417.57 365.88 417.69 365.64 417.93 c 365.52 418.05 365.52 418.29 365.4 418.53 c 365.4 418.77 365.4 419.01 365.4 419.25 c 365.4 419.61 365.28 419.97 365.28 420.33 c 365.28 420.69 365.16 421.05 365.16 421.53 c 365.16 421.89 365.04 422.37 365.04 422.85 c 365.04 423.33 364.92 423.81 364.92 424.41 c 365.04 424.53 365.28 424.65 365.4 424.77 c 365.52 424.89 365.76 425.01 365.88 425.01 c 365.88 424.53 366 423.93 366 423.33 c 366 422.73 366 422.13 366 421.53 c 366 420.93 366 420.21 366 419.49 c 366.12 418.65 l 366.24 418.53 366.36 418.53 366.6 418.41 c 366.84 418.41 366.96 418.41 367.2 418.41 c 367.2 418.41 367.32 418.29 367.32 418.29 c 367.32 417.45 l 367.32 417.33 367.2 417.33 367.2 417.33 c h f 
370.08 414.93 m 369.48 414.93 369 415.17 368.64 415.53 c 368.16 415.89 367.92 416.37 367.8 416.97 c 367.44 416.85 l 367.32 417.33 l 367.08 417.33 l 367.08 417.33 366.96 417.33 366.96 417.45 c 366.96 418.29 l 366.96 418.29 367.08 418.41 367.08 418.41 c 367.2 418.41 367.32 418.41 367.44 418.41 c 367.56 418.41 367.8 418.41 367.92 418.41 c 368.04 419.85 368.76 421.05 370.08 422.25 c 370.44 422.13 l 370.44 422.01 370.56 421.77 370.56 421.53 c 370.56 421.29 370.68 421.05 370.68 420.81 c 370.68 420.45 370.8 420.21 370.8 420.09 c 370.8 419.85 370.8 419.73 370.8 419.61 c 370.8 419.37 370.8 419.13 370.56 418.89 c 370.44 418.65 370.2 418.41 369.96 418.29 c 370.32 418.29 370.68 418.29 370.92 418.29 c 371.16 418.41 371.4 418.41 371.64 418.41 c 371.64 418.41 371.76 418.29 371.76 418.29 c 371.76 417.45 l 371.76 417.33 371.64 417.33 371.64 417.33 c 371.28 417.33 371.04 417.33 370.8 417.21 c 370.92 417.21 371.16 417.09 371.28 416.85 c 371.4 416.73 371.4 416.61 371.4 416.37 c 371.4 416.37 371.4 416.25 371.4 416.13 c 371.28 415.89 371.28 415.77 371.16 415.65 c 371.16 415.53 371.04 415.41 371.04 415.29 c 370.92 415.17 370.8 415.17 370.68 415.05 c 370.44 415.05 370.32 414.93 370.08 414.93 c h 370.2 415.89 m 370.32 415.89 370.44 415.89 370.56 415.89 c 370.68 416.01 370.8 416.01 370.92 416.13 c 370.8 416.37 370.68 416.61 370.44 416.73 c 370.32 416.97 370.08 417.09 369.84 417.21 c 369.6 417.33 369.36 417.33 369 417.33 c 369 417.33 369 417.33 368.88 417.33 c 368.88 417.33 368.76 417.33 368.64 417.21 c 368.76 416.85 369 416.49 369.24 416.25 c 369.48 416.01 369.72 415.89 370.2 415.89 c h 368.64 418.29 m 368.88 418.41 369.24 418.41 369.48 418.53 c 369.72 418.65 369.96 418.77 370.2 419.01 c 370.08 419.49 l 369.96 419.85 369.84 420.09 369.84 420.33 c 369.84 420.57 369.72 420.81 369.72 420.93 c 369.36 420.45 369.12 419.97 368.88 419.49 c 368.76 419.13 368.64 418.65 368.64 418.29 c h f 
371.52 417.33 m 371.52 417.33 371.4 417.33 371.4 417.45 c 371.4 418.29 l 371.4 418.29 371.52 418.41 371.52 418.41 c 371.76 418.41 372 418.41 372.12 418.41 c 372.36 418.41 372.6 418.41 372.84 418.41 c 372.6 418.53 372.48 418.65 372.36 418.89 c 372.24 419.01 372.24 419.25 372.24 419.37 c 372.24 419.61 372.24 419.85 372.36 420.09 c 372.48 420.33 372.6 420.57 372.72 420.81 c 372.84 421.05 373.08 421.17 373.2 421.41 c 373.56 421.65 373.8 421.77 374.16 421.77 c 374.4 421.77 374.64 421.65 374.88 421.53 c 375.12 421.41 375.48 421.17 375.72 420.81 c 375.6 420.45 l 375.24 420.57 375 420.57 374.88 420.69 c 374.76 420.69 374.52 420.69 374.4 420.69 c 374.16 420.69 373.92 420.69 373.68 420.57 c 373.44 420.57 373.2 420.45 372.96 420.21 c 372.96 419.97 373.08 419.61 373.2 419.37 c 373.32 419.13 373.56 419.01 373.8 418.77 c 374.04 418.65 374.28 418.53 374.64 418.53 c 374.88 418.53 375.12 418.65 375.36 418.65 c 375.6 418.77 375.84 418.77 376.08 418.89 c 376.32 418.89 376.56 419.01 376.92 419.13 c 376.92 419.13 377.04 419.01 377.04 419.01 c 377.04 418.89 377.04 418.77 377.04 418.65 c 377.04 418.53 377.04 418.41 377.04 418.29 c 376.92 418.17 376.8 418.17 376.8 418.05 c 376.68 418.05 376.56 418.05 376.44 417.93 c 376.32 417.93 376.08 417.93 375.84 417.81 c 375.12 417.69 374.4 417.57 373.8 417.45 c 373.08 417.33 372.36 417.33 371.52 417.33 c h f 
380.52 417.33 m 380.16 417.33 379.92 417.33 379.68 417.45 c 379.32 417.57 379.2 417.69 379.08 417.93 c 378.84 418.05 378.84 418.29 378.72 418.53 c 378.72 418.77 378.72 419.01 378.72 419.25 c 378.72 419.61 378.6 419.97 378.6 420.33 c 378.6 420.69 378.48 421.05 378.48 421.53 c 378.48 421.89 378.36 422.37 378.36 422.85 c 378.36 423.33 378.24 423.81 378.24 424.41 c 378.36 424.53 378.6 424.65 378.72 424.77 c 378.84 424.89 379.08 425.01 379.2 425.01 c 379.2 424.53 379.32 423.93 379.32 423.33 c 379.32 422.73 379.32 422.13 379.32 421.53 c 379.32 420.93 379.32 420.21 379.32 419.49 c 379.44 418.65 l 379.56 418.53 379.8 418.53 379.92 418.41 c 380.16 418.41 380.28 418.41 380.52 418.41 c 380.64 418.41 380.64 418.29 380.64 418.29 c 380.64 417.45 l 380.64 417.33 380.64 417.33 380.52 417.33 c h f 
380.4 417.33 m 380.4 417.33 380.28 417.33 380.28 417.45 c 380.28 418.29 l 380.28 418.29 380.4 418.41 380.4 418.41 c 380.64 418.41 380.76 418.41 381 418.41 c 381.12 418.41 381.24 418.41 381.36 418.41 c 381.12 418.65 381 418.89 381 419.25 c 381 419.37 381 419.49 381 419.61 c 381.12 419.85 381.12 419.97 381.12 420.09 c 381.12 420.33 381.24 420.33 381.24 420.45 c 381.36 420.69 381.48 420.93 381.72 421.05 c 381.96 421.29 382.2 421.41 382.32 421.53 c 382.56 421.65 382.8 421.77 383.04 421.77 c 383.28 421.77 383.52 421.65 383.64 421.41 c 383.88 421.17 384 420.93 384.12 420.57 c 384.24 420.21 384.36 419.85 384.36 419.61 c 384.36 419.13 384.24 418.77 383.88 418.41 c 384 418.41 384.24 418.41 384.36 418.41 c 384.6 418.41 384.84 418.41 385.08 418.41 c 385.08 418.41 385.2 418.29 385.2 418.29 c 385.2 417.45 l 385.2 417.33 385.08 417.33 385.08 417.33 c 384.12 417.33 383.28 417.45 382.68 417.69 c 382.44 417.57 382.08 417.45 381.72 417.45 c 381.36 417.33 380.88 417.33 380.4 417.33 c h 382.68 418.53 m 383.16 418.77 383.52 418.89 383.76 419.25 c 383.76 419.37 383.76 419.61 383.64 419.85 c 383.52 420.09 383.4 420.21 383.28 420.33 c 383.16 420.57 383.04 420.57 382.92 420.57 c 382.8 420.57 382.68 420.57 382.44 420.45 c 382.32 420.33 382.2 420.21 381.96 419.97 c 381.84 419.85 381.6 419.61 381.48 419.37 c 381.72 419.13 381.84 419.01 382.08 418.89 c 382.2 418.77 382.44 418.65 382.68 418.53 c h 382.8 422.49 m 382.44 422.73 382.2 422.97 381.96 423.21 c 382.2 423.45 382.32 423.57 382.44 423.69 c 382.68 423.93 382.68 424.05 382.8 424.17 c 382.92 424.05 383.04 423.93 383.16 423.69 c 383.28 423.57 383.4 423.45 383.64 423.33 c 383.52 423.21 383.4 423.09 383.28 422.97 c 383.16 422.73 383.04 422.61 382.8 422.49 c h f 
384.96 417.33 m 384.96 417.33 384.84 417.33 384.84 417.45 c 384.84 418.29 l 384.84 418.29 384.96 418.41 384.96 418.41 c 385.32 418.41 385.68 418.41 386.04 418.53 c 386.4 418.53 386.76 418.65 387 418.77 c 386.88 418.89 386.88 419.13 386.76 419.37 c 386.64 419.61 386.64 419.73 386.52 419.97 c 386.52 420.21 386.4 420.33 386.4 420.45 c 386.28 420.57 386.28 420.69 386.28 420.69 c 386.28 420.93 386.4 421.05 386.52 421.29 c 386.64 421.53 386.88 421.65 387.12 421.77 c 387.12 421.65 387.24 421.41 387.24 421.17 c 387.36 420.93 387.36 420.69 387.48 420.33 c 387.48 420.09 387.48 419.85 387.6 419.61 c 387.6 419.49 387.6 419.37 387.6 419.25 c 387.6 419.13 387.6 418.89 387.48 418.65 c 387.36 418.41 387.36 418.17 387.12 417.93 c 386.52 417.57 385.68 417.33 384.96 417.33 c h 387.36 422.49 m 387.24 422.61 387 422.73 386.88 422.85 c 386.76 422.97 386.64 423.09 386.64 423.21 c 386.64 423.21 386.76 423.33 386.88 423.45 c 387 423.57 387.12 423.81 387.36 423.93 c 387.36 423.93 387.48 423.81 387.6 423.69 c 387.72 423.57 387.84 423.45 388.08 423.21 c 387.84 422.97 387.72 422.73 387.36 422.49 c h 385.68 422.37 m 385.56 422.49 385.44 422.61 385.2 422.73 c 385.08 422.85 384.96 422.97 384.96 422.97 c 385.08 423.09 385.2 423.21 385.32 423.33 c 385.44 423.45 385.56 423.69 385.68 423.81 c 385.8 423.69 385.8 423.69 385.92 423.57 c 386.04 423.45 386.16 423.33 386.4 423.09 c 386.28 422.97 386.16 422.85 386.16 422.73 c 386.04 422.61 385.8 422.49 385.68 422.37 c h f 
389.4 414.93 m 389.28 414.93 389.16 415.05 388.92 415.05 c 388.8 415.17 388.56 415.29 388.32 415.41 c 388.2 415.41 387.96 415.53 387.84 415.65 c 387.96 416.13 l 388.2 416.13 388.44 416.01 388.56 416.01 c 388.8 416.01 388.92 416.01 389.16 416.01 c 389.64 416.01 390.12 416.13 390.6 416.49 c 390.96 416.85 391.32 417.33 391.44 417.93 c 391.44 418.05 391.44 418.17 391.32 418.29 c 391.2 418.41 391.2 418.53 391.08 418.65 c 390.84 419.01 390.72 419.37 390.48 419.73 c 390.36 419.97 390.36 420.21 390.36 420.45 c 390.36 420.69 390.36 420.81 390.48 420.93 c 390.72 421.17 390.84 421.29 391.08 421.41 c 391.08 421.29 391.2 421.05 391.2 420.93 c 391.32 420.69 391.32 420.57 391.44 420.33 c 391.56 420.09 391.56 419.97 391.56 419.85 c 391.68 419.49 391.8 419.25 391.92 419.01 c 391.92 418.77 391.92 418.53 391.92 418.29 c 391.92 417.69 391.92 417.09 391.68 416.61 c 391.44 416.13 391.08 415.65 390.72 415.41 c 390.36 415.17 389.88 414.93 389.4 414.93 c h f 
393.84 417.33 m 393.72 418.05 393.72 418.65 393.72 419.37 c 393.72 419.97 393.72 420.45 393.6 421.05 c 393.6 421.53 393.6 422.13 393.48 422.61 c 393.48 423.09 393.48 423.57 393.36 424.05 c 393.36 424.29 393.48 424.41 393.48 424.53 c 393.6 424.77 393.6 424.77 393.84 424.89 c 393.96 425.01 394.08 425.01 394.32 425.01 c 394.32 424.89 394.44 424.65 394.56 424.41 c 394.56 424.17 394.68 423.93 394.8 423.69 c 394.44 423.45 l 394.44 422.85 394.44 422.37 394.44 421.77 c 394.44 421.17 394.44 420.45 394.44 419.73 c 394.44 419.01 394.44 418.29 394.44 417.45 c 393.84 417.33 l h f 
397.68 414.93 m 397.56 414.93 397.32 415.05 397.08 415.05 c 396.96 415.17 396.72 415.29 396.48 415.41 c 396.24 415.53 396 415.65 395.88 415.77 c 396 416.25 l 396.24 416.13 396.48 416.13 396.72 416.01 c 396.96 416.01 397.2 416.01 397.44 416.01 c 398.04 416.01 398.52 416.13 398.88 416.49 c 399.36 416.85 399.6 417.33 399.84 417.93 c 399.84 417.93 l 399.6 417.81 399.36 417.57 399.12 417.45 c 398.88 417.33 398.52 417.33 398.28 417.33 c 397.8 417.33 397.44 417.45 397.2 417.69 c 396.96 417.93 396.84 418.29 396.84 418.77 c 396.84 419.25 396.96 419.61 397.08 419.97 c 397.2 420.45 397.44 420.69 397.68 420.93 c 397.92 421.17 398.28 421.29 398.52 421.29 c 398.76 421.29 399.12 421.17 399.36 420.93 c 399.6 420.57 399.84 420.21 400.08 419.73 c 400.2 419.49 400.2 419.25 400.32 419.01 c 400.32 418.77 400.32 418.53 400.32 418.29 c 400.32 417.93 400.32 417.57 400.2 417.21 c 400.08 416.85 399.84 416.49 399.72 416.13 c 399.48 415.89 399.24 415.65 399 415.41 c 398.52 415.17 398.16 414.93 397.68 414.93 c h 398.52 418.29 m 398.76 418.29 398.88 418.41 399.12 418.41 c 399.24 418.41 399.48 418.53 399.72 418.53 c 399.6 418.89 399.48 419.13 399.36 419.49 c 399.24 419.73 399 419.85 398.76 419.97 c 398.64 420.09 398.52 420.21 398.28 420.21 c 398.16 420.21 398.04 420.09 397.8 419.97 c 397.68 419.97 397.56 419.73 397.44 419.61 c 397.44 419.49 397.32 419.25 397.32 419.13 c 397.32 418.89 397.44 418.65 397.68 418.53 c 397.92 418.41 398.16 418.29 398.52 418.29 c h f 
409.08 417.33 m 408.6 417.33 408.24 417.45 408 417.57 c 407.64 417.69 407.52 417.93 407.52 418.29 c 407.4 418.53 l 406.92 417.69 l 406.68 417.81 406.56 417.81 406.44 417.81 c 406.2 417.81 406.08 417.81 405.96 417.93 c 405.84 417.93 405.72 417.93 405.6 417.93 c 405.48 418.05 405.36 418.17 405.12 418.17 c 405 418.29 404.88 418.41 404.76 418.53 c 404.64 418.65 404.52 418.77 404.52 418.89 c 404.52 418.89 404.52 419.01 404.64 419.13 c 404.64 419.25 404.76 419.49 404.76 419.61 c 404.88 419.73 404.88 419.85 405 419.97 c 405 420.09 405.12 420.21 405.24 420.33 c 405.48 420.57 405.72 420.81 406.08 420.93 c 406.32 421.17 406.68 421.29 406.92 421.41 c 406.8 421.77 l 407.04 421.89 407.04 422.01 407.16 422.01 c 407.28 422.13 407.4 422.25 407.52 422.25 c 407.64 422.37 407.76 422.37 407.76 422.49 c 407.88 421.89 407.88 421.17 407.88 420.57 c 407.88 419.97 407.88 419.25 407.88 418.65 c 408.24 418.41 408.6 418.41 409.08 418.41 c 409.2 418.41 409.2 418.29 409.2 418.29 c 409.2 417.45 l 409.2 417.33 409.2 417.33 409.08 417.33 c h 407.4 418.77 m 407.28 419.13 407.28 419.37 407.16 419.61 c 407.16 419.97 407.04 420.21 407.04 420.57 c 406.2 420.33 405.6 419.85 405.12 419.49 c 405.36 419.25 405.6 419.13 405.84 419.01 c 406.08 419.01 406.32 418.89 406.56 418.89 c 406.68 418.89 406.8 418.89 406.92 418.89 c 407.04 418.89 407.16 418.77 407.4 418.77 c h 407.28 422.85 m 407.04 422.97 406.92 423.09 406.8 423.21 c 406.68 423.33 406.56 423.45 406.44 423.57 c 406.56 423.69 406.68 423.69 406.8 423.81 c 406.92 424.05 407.04 424.17 407.16 424.41 c 407.28 424.29 407.4 424.17 407.52 424.05 c 407.64 423.93 407.76 423.81 407.88 423.69 c 407.76 423.45 407.52 423.09 407.28 422.85 c h 405.6 422.73 m 405.36 422.85 405.24 422.97 405.12 423.09 c 405 423.21 404.88 423.33 404.76 423.45 c 404.88 423.57 405 423.69 405.12 423.81 c 405.24 423.93 405.36 424.05 405.6 424.17 c 405.6 424.17 405.72 424.05 405.84 423.93 c 405.96 423.81 406.08 423.69 406.2 423.45 c 406.2 423.33 406.08 423.21 405.96 423.09 c 405.84 422.97 405.72 422.85 405.6 422.73 c h f 
413.52 417.33 m 413.16 417.33 412.8 417.33 412.44 417.33 c 412.08 417.45 411.72 417.45 411.36 417.57 c 411 417.69 410.76 417.81 410.4 417.93 c 410.4 417.93 410.4 417.81 410.4 417.81 c 410.28 417.81 410.28 417.69 410.28 417.69 c 410.16 417.57 409.92 417.45 409.68 417.45 c 409.56 417.33 409.32 417.33 408.96 417.33 c 408.96 417.33 408.84 417.33 408.84 417.45 c 408.84 418.29 l 408.84 418.29 408.96 418.41 408.96 418.41 c 409.2 418.41 409.44 418.41 409.56 418.41 c 409.8 418.53 409.92 418.53 410.04 418.65 c 410.16 418.77 410.28 419.01 410.4 419.25 c 410.52 419.25 410.52 419.37 410.52 419.37 c 410.52 419.49 410.64 419.49 410.64 419.61 c 410.76 419.73 410.88 419.85 411 419.85 c 411.12 419.85 411.24 419.73 411.36 419.73 c 411.24 419.49 411.24 419.37 411.12 419.25 c 411.12 419.01 411 418.89 411 418.77 c 411 418.77 411.12 418.77 411.24 418.65 c 411.36 418.65 411.36 418.65 411.48 418.65 c 412.2 419.61 412.92 420.33 413.52 420.81 c 414.12 421.29 414.72 421.53 415.2 421.53 c 415.32 421.53 415.56 421.53 415.8 421.41 c 415.92 421.29 416.16 421.17 416.4 421.05 c 416.64 420.93 416.76 420.69 417 420.57 c 417.24 420.21 417.36 419.97 417.36 419.73 c 417.36 419.25 417.24 418.89 416.88 418.53 c 416.52 418.17 416.16 417.81 415.56 417.57 c 414.84 417.45 414.24 417.33 413.52 417.33 c h 413.64 418.29 m 414.24 418.29 414.72 418.41 415.2 418.53 c 415.68 418.65 416.28 418.89 416.76 419.25 c 416.52 419.61 416.16 419.97 415.92 420.21 c 415.56 420.33 415.2 420.45 414.96 420.45 c 414.6 420.45 414.12 420.33 413.64 419.97 c 413.16 419.61 412.68 419.13 412.08 418.41 c 412.44 418.41 412.68 418.41 412.92 418.29 c 413.16 418.29 413.4 418.29 413.64 418.29 c h f 
420.24 414.93 m 420.12 414.93 420 415.05 419.76 415.05 c 419.52 415.17 419.28 415.29 419.04 415.41 c 418.8 415.53 418.68 415.65 418.56 415.77 c 418.68 416.25 l 418.92 416.13 419.04 416.13 419.28 416.01 c 419.52 416.01 419.76 416.01 420 416.01 c 420.48 416.01 420.96 416.13 421.32 416.37 c 421.68 416.61 422.04 416.85 422.28 417.33 c 421.92 417.33 421.56 417.33 421.32 417.45 c 421.08 417.45 420.84 417.45 420.6 417.57 c 420.24 417.57 419.88 417.81 419.76 418.05 c 419.52 418.17 419.52 418.53 419.52 419.01 c 419.52 419.37 419.52 419.73 419.76 420.21 c 419.88 420.57 420.12 420.81 420.36 421.05 c 420.6 421.29 420.84 421.41 421.08 421.41 c 421.44 421.41 421.68 421.29 422.04 421.05 c 422.28 420.69 422.52 420.33 422.64 419.85 c 422.76 419.61 422.88 419.37 422.88 419.13 c 422.88 418.89 423 418.65 423 418.41 c 423.6 418.41 l 423.72 418.41 423.72 418.29 423.72 418.29 c 423.72 417.45 l 423.72 417.33 423.72 417.33 423.6 417.33 c 422.88 417.33 l 422.76 416.85 422.52 416.49 422.28 416.13 c 422.04 415.77 421.68 415.41 421.32 415.29 c 420.96 415.05 420.6 414.93 420.24 414.93 c h 422.4 418.41 m 422.28 418.77 422.16 419.13 422.04 419.37 c 421.92 419.73 421.68 419.97 421.56 420.09 c 421.32 420.21 421.08 420.33 420.96 420.33 c 420.72 420.33 420.6 420.33 420.48 420.21 c 420.36 420.09 420.24 419.97 420.12 419.85 c 420 419.61 420 419.49 420 419.37 c 420 419.13 420.12 418.89 420.24 418.77 c 420.48 418.65 420.72 418.53 421.08 418.41 c 421.2 418.41 421.44 418.41 421.68 418.41 c 421.8 418.41 422.04 418.41 422.4 418.41 c h f 
423.48 417.33 m 423.48 417.33 423.36 417.33 423.36 417.45 c 423.36 418.29 l 423.36 418.29 423.48 418.41 423.48 418.41 c 423.84 418.41 424.2 418.41 424.56 418.53 c 425.04 418.53 425.28 418.65 425.52 418.77 c 425.52 418.89 425.4 419.13 425.28 419.37 c 425.28 419.61 425.16 419.73 425.04 419.97 c 425.04 420.21 424.92 420.33 424.92 420.45 c 424.92 420.57 424.8 420.69 424.8 420.69 c 424.8 420.93 424.92 421.05 425.04 421.29 c 425.28 421.53 425.4 421.65 425.64 421.77 c 425.76 421.65 425.76 421.41 425.76 421.17 c 425.88 420.93 425.88 420.69 426 420.33 c 426 420.09 426.12 419.85 426.12 419.61 c 426.12 419.49 426.12 419.37 426.12 419.25 c 426.12 419.13 426.12 418.89 426 418.65 c 426 418.41 425.88 418.17 425.76 417.93 c 425.04 417.57 424.32 417.33 423.48 417.33 c h 425.16 414.81 m 424.92 414.93 424.8 415.17 424.68 415.29 c 424.56 415.41 424.44 415.53 424.32 415.65 c 424.44 415.77 424.56 415.89 424.8 416.13 c 424.92 416.25 425.04 416.37 425.16 416.49 c 425.4 416.25 425.64 416.01 425.88 415.65 c 425.76 415.53 425.76 415.41 425.52 415.29 c 425.4 415.17 425.28 415.05 425.16 414.81 c h f 
q 0.12 0 0 -0.12 0 841.89 cm 1 j 0.141 0.125 0.129 SC 3581 3520 m 3590 3520 l 3590 3524 3592 3527 3594 3529 c 3596 3531 3599 3533 3603 3533 c 3607 3533 3610 3531 3613 3528 c 3616 3525 3617 3521 3617 3516 c 3617 3511 3616 3507 3613 3504 c 3611 3502 3607 3500 3603 3500 c 3600 3500 3598 3501 3595 3502 c 3593 3503 3592 3505 3590 3507 c 3582 3506 l 3589 3470 l 3623 3470 l 3623 3478 l 3596 3478 l 3592 3497 l 3596 3494 3600 3493 3605 3493 c 3611 3493 3616 3495 3620 3499 c 3624 3503 3626 3508 3626 3515 c 3626 3521 3624 3527 3621 3531 c 3616 3537 3610 3539 3603 3539 c 3597 3539 3591 3538 3588 3534 c 3584 3531 3581 3526 3581 3520 c h S Q 
q 0.12 0 0 -0.12 0 841.89 cm 1 w 1 j 0.141 0.125 0.129 SC 3634 3520 m 3642 3519 l 3643 3524 3645 3527 3647 3529 c 3650 3531 3653 3532 3656 3532 c 3660 3532 3663 3531 3666 3528 c 3669 3526 3670 3522 3670 3518 c 3670 3514 3669 3511 3666 3508 c 3664 3506 3661 3505 3657 3505 c 3655 3505 3653 3505 3651 3506 c 3652 3498 l 3652 3498 3653 3498 3653 3498 c 3657 3498 3660 3497 3663 3496 c 3666 3494 3667 3491 3667 3487 c 3667 3484 3666 3481 3664 3479 c 3662 3477 3659 3476 3656 3476 c 3652 3476 3650 3477 3648 3479 c 3645 3481 3644 3484 3643 3489 c 3635 3487 l 3636 3481 3638 3477 3642 3474 c 3646 3471 3650 3469 3656 3469 c 3659 3469 3663 3470 3666 3472 c 3669 3473 3671 3475 3673 3478 c 3675 3481 3676 3484 3676 3487 c 3676 3490 3675 3493 3673 3495 c 3672 3498 3669 3500 3666 3501 c 3670 3502 3673 3504 3676 3507 c 3678 3510 3679 3513 3679 3518 c 3679 3524 3677 3529 3672 3533 c 3668 3537 3663 3539 3656 3539 c 3650 3539 3645 3538 3641 3534 c 3637 3530 3635 3526 3634 3520 c h S Q 
1 w 0.141 0.125 0.129 sc 429.72 419.49 m 430.8 419.49 l 430.8 419.01 431.04 418.65 431.28 418.41 c 431.52 418.17 431.88 417.93 432.36 417.93 c 432.84 417.93 433.2 418.17 433.56 418.53 c 433.92 418.89 434.04 419.37 434.04 419.97 c 434.04 420.57 433.92 421.05 433.56 421.41 c 433.32 421.65 432.84 421.89 432.36 421.89 c 432 421.89 431.76 421.77 431.4 421.65 c 431.16 421.53 431.04 421.29 430.8 421.05 c 429.84 421.17 l 430.68 425.49 l 434.76 425.49 l 434.76 424.53 l 431.52 424.53 l 431.04 422.25 l 431.52 422.61 432 422.73 432.6 422.73 c 433.32 422.73 433.92 422.49 434.4 422.01 c 434.88 421.53 435.12 420.93 435.12 420.09 c 435.12 419.37 434.88 418.65 434.52 418.17 c 433.92 417.45 433.2 417.21 432.36 417.21 c 431.64 417.21 430.92 417.33 430.56 417.81 c 430.08 418.17 429.72 418.77 429.72 419.49 c h f 
436.08 419.49 m 437.04 419.61 l 437.16 419.01 437.4 418.65 437.64 418.41 c 438 418.17 438.36 418.05 438.72 418.05 c 439.2 418.05 439.56 418.17 439.92 418.53 c 440.28 418.77 440.4 419.25 440.4 419.73 c 440.4 420.21 440.28 420.57 439.92 420.93 c 439.68 421.17 439.32 421.29 438.84 421.29 c 438.6 421.29 438.36 421.29 438.12 421.17 c 438.24 422.13 l 438.24 422.13 438.36 422.13 438.36 422.13 c 438.84 422.13 439.2 422.25 439.56 422.37 c 439.92 422.61 440.04 422.97 440.04 423.45 c 440.04 423.81 439.92 424.17 439.68 424.41 c 439.44 424.65 439.08 424.77 438.72 424.77 c 438.24 424.77 438 424.65 437.76 424.41 c 437.4 424.17 437.28 423.81 437.16 423.21 c 436.2 423.45 l 436.32 424.17 436.56 424.65 437.04 425.01 c 437.52 425.37 438 425.61 438.72 425.61 c 439.08 425.61 439.56 425.49 439.92 425.25 c 440.28 425.13 440.52 424.89 440.76 424.53 c 441 424.17 441.12 423.81 441.12 423.45 c 441.12 423.09 441 422.73 440.76 422.49 c 440.64 422.13 440.28 421.89 439.92 421.77 c 440.4 421.65 440.76 421.41 441.12 421.05 c 441.36 420.69 441.48 420.33 441.48 419.73 c 441.48 419.01 441.24 418.41 440.64 417.93 c 440.16 417.45 439.56 417.21 438.72 417.21 c 438 417.21 437.4 417.33 436.92 417.81 c 436.44 418.29 436.2 418.77 436.08 419.49 c h f 
447.72 417.33 m 447.36 417.33 447 417.33 446.76 417.45 c 446.52 417.57 446.28 417.69 446.16 417.93 c 446.04 418.05 445.92 418.29 445.92 418.53 c 445.92 418.77 445.92 419.01 445.8 419.25 c 445.8 419.61 445.8 419.97 445.8 420.33 c 445.68 420.69 445.68 421.05 445.68 421.53 c 445.56 421.89 445.56 422.37 445.56 422.85 c 445.44 423.33 445.44 423.81 445.44 424.41 c 445.56 424.53 445.68 424.65 445.92 424.77 c 446.04 424.89 446.16 425.01 446.4 425.01 c 446.4 424.53 446.4 423.93 446.4 423.33 c 446.4 422.73 446.52 422.13 446.52 421.53 c 446.52 420.93 446.52 420.21 446.52 419.49 c 446.52 418.65 l 446.76 418.53 446.88 418.53 447.12 418.41 c 447.24 418.41 447.48 418.41 447.72 418.41 c 447.72 418.41 447.72 418.29 447.72 418.29 c 447.72 417.45 l 447.72 417.33 447.72 417.33 447.72 417.33 c h f 
450.6 414.93 m 450 414.93 449.4 415.17 449.04 415.53 c 448.68 415.89 448.44 416.37 448.32 416.97 c 447.96 416.85 l 447.84 417.33 l 447.6 417.33 l 447.48 417.33 447.48 417.33 447.48 417.45 c 447.48 418.29 l 447.48 418.29 447.48 418.41 447.6 418.41 c 447.72 418.41 447.84 418.41 447.96 418.41 c 448.08 418.41 448.2 418.41 448.32 418.41 c 448.56 419.85 449.28 421.05 450.48 422.25 c 450.96 422.13 l 450.96 422.01 450.96 421.77 451.08 421.53 c 451.08 421.29 451.08 421.05 451.2 420.81 c 451.2 420.45 451.2 420.21 451.32 420.09 c 451.32 419.85 451.32 419.73 451.32 419.61 c 451.32 419.37 451.2 419.13 451.08 418.89 c 450.96 418.65 450.72 418.41 450.48 418.29 c 450.84 418.29 451.08 418.29 451.32 418.29 c 451.56 418.41 451.8 418.41 452.04 418.41 c 452.16 418.41 452.28 418.29 452.28 418.29 c 452.28 417.45 l 452.28 417.33 452.16 417.33 452.04 417.33 c 451.8 417.33 451.56 417.33 451.32 417.21 c 451.44 417.21 451.56 417.09 451.68 416.85 c 451.92 416.73 451.92 416.61 451.92 416.37 c 451.92 416.37 451.92 416.25 451.8 416.13 c 451.8 415.89 451.68 415.77 451.68 415.65 c 451.56 415.53 451.56 415.41 451.56 415.29 c 451.44 415.17 451.32 415.17 451.08 415.05 c 450.96 415.05 450.72 414.93 450.6 414.93 c h 450.6 415.89 m 450.72 415.89 450.96 415.89 451.08 415.89 c 451.2 416.01 451.32 416.01 451.32 416.13 c 451.32 416.37 451.08 416.61 450.96 416.73 c 450.72 416.97 450.48 417.09 450.24 417.21 c 450 417.33 449.76 417.33 449.52 417.33 c 449.52 417.33 449.52 417.33 449.4 417.33 c 449.28 417.33 449.28 417.33 449.16 417.21 c 449.28 416.85 449.4 416.49 449.64 416.25 c 450 416.01 450.24 415.89 450.6 415.89 c h 449.16 418.29 m 449.4 418.41 449.64 418.41 449.88 418.53 c 450.24 418.65 450.48 418.77 450.6 419.01 c 450.48 419.49 l 450.48 419.85 450.36 420.09 450.36 420.33 c 450.24 420.57 450.24 420.81 450.24 420.93 c 449.88 420.45 449.52 419.97 449.4 419.49 c 449.28 419.13 449.16 418.65 449.16 418.29 c h f 
456.6 417.33 m 456.24 417.33 455.88 417.33 455.52 417.33 c 455.16 417.45 454.68 417.45 454.44 417.57 c 454.08 417.69 453.72 417.81 453.48 417.93 c 453.48 417.93 453.48 417.81 453.36 417.81 c 453.36 417.81 453.36 417.69 453.24 417.69 c 453.12 417.57 453 417.45 452.76 417.45 c 452.52 417.33 452.28 417.33 452.04 417.33 c 451.92 417.33 451.92 417.33 451.92 417.45 c 451.92 418.29 l 451.92 418.29 451.92 418.41 452.04 418.41 c 452.28 418.41 452.52 418.41 452.64 418.41 c 452.76 418.53 453 418.53 453.12 418.65 c 453.24 418.77 453.36 419.01 453.48 419.25 c 453.48 419.25 453.48 419.37 453.6 419.37 c 453.6 419.49 453.6 419.49 453.6 419.61 c 453.72 419.73 453.84 419.85 454.08 419.85 c 454.2 419.85 454.32 419.73 454.32 419.73 c 454.32 419.49 454.2 419.37 454.2 419.25 c 454.08 419.01 454.08 418.89 453.96 418.77 c 454.08 418.77 454.2 418.77 454.2 418.65 c 454.32 418.65 454.44 418.65 454.56 418.65 c 455.28 419.61 456 420.33 456.6 420.81 c 457.2 421.29 457.8 421.53 458.28 421.53 c 458.4 421.53 458.64 421.53 458.76 421.41 c 459 421.29 459.24 421.17 459.48 421.05 c 459.6 420.93 459.84 420.69 459.96 420.57 c 460.2 420.21 460.32 419.97 460.32 419.73 c 460.32 419.25 460.2 418.89 459.96 418.53 c 459.6 418.17 459.12 417.81 458.52 417.57 c 457.92 417.45 457.32 417.33 456.6 417.33 c h 456.72 418.29 m 457.2 418.29 457.68 418.41 458.28 418.53 c 458.76 418.65 459.24 418.89 459.84 419.25 c 459.48 419.61 459.24 419.97 458.88 420.21 c 458.64 420.33 458.28 420.45 457.92 420.45 c 457.56 420.45 457.2 420.33 456.72 419.97 c 456.24 419.61 455.76 419.13 455.16 418.41 c 455.4 418.41 455.64 418.41 456 418.29 c 456.24 418.29 456.48 418.29 456.72 418.29 c h 456.6 422.61 m 456.24 422.85 456 423.09 455.76 423.33 c 455.88 423.57 456.12 423.69 456.24 423.81 c 456.36 423.93 456.48 424.05 456.6 424.17 c 456.72 424.05 456.84 423.93 456.96 423.81 c 457.08 423.69 457.2 423.57 457.32 423.45 c 457.32 423.33 457.2 423.21 457.08 422.97 c 456.84 422.85 456.72 422.73 456.6 422.61 c h f 
462.36 414.93 m 462.24 414.93 462.12 415.05 461.88 415.05 c 461.76 415.17 461.52 415.29 461.28 415.41 c 461.16 415.41 460.92 415.53 460.8 415.65 c 460.92 416.13 l 461.16 416.13 461.4 416.01 461.52 416.01 c 461.76 416.01 461.88 416.01 462.12 416.01 c 462.6 416.01 463.08 416.13 463.56 416.49 c 463.92 416.85 464.28 417.33 464.4 417.93 c 464.4 418.05 464.4 418.17 464.28 418.29 c 464.16 418.41 464.16 418.53 464.04 418.65 c 463.8 419.01 463.68 419.37 463.56 419.61 c 463.44 419.85 463.32 420.09 463.32 420.21 c 463.32 420.45 463.32 420.57 463.44 420.69 c 463.44 420.81 463.56 420.93 463.68 420.93 c 463.8 421.05 463.8 421.05 463.92 420.93 c 463.92 420.93 464.04 420.93 464.16 420.93 c 464.28 420.69 464.4 420.45 464.4 420.21 c 464.52 419.97 464.52 419.85 464.64 419.73 c 464.64 419.37 464.76 419.25 464.76 419.01 c 464.88 418.89 464.88 418.65 464.88 418.65 c 465.12 418.41 465.48 418.41 465.84 418.41 c 465.84 418.41 465.84 418.29 465.84 418.29 c 465.84 417.45 l 465.84 417.33 465.84 417.33 465.84 417.33 c 465.48 417.33 465.12 417.45 464.88 417.57 c 464.76 417.09 464.64 416.61 464.4 416.25 c 464.16 415.77 463.8 415.53 463.56 415.29 c 463.2 415.05 462.72 414.93 462.36 414.93 c h f 
465.72 417.33 m 465.6 417.33 465.6 417.33 465.6 417.45 c 465.6 418.29 l 465.6 418.29 465.6 418.41 465.72 418.41 c 465.96 418.41 466.08 418.41 466.32 418.41 c 466.56 418.41 466.68 418.41 466.92 418.41 c 466.8 418.53 466.68 418.65 466.56 418.89 c 466.44 419.01 466.44 419.25 466.44 419.37 c 466.44 419.61 466.44 419.85 466.56 420.09 c 466.56 420.33 466.68 420.57 466.92 420.81 c 467.04 421.05 467.16 421.17 467.4 421.41 c 467.64 421.65 468 421.77 468.24 421.77 c 468.6 421.77 468.84 421.65 469.08 421.53 c 469.32 421.41 469.56 421.17 469.92 420.81 c 469.68 420.45 l 469.44 420.57 469.2 420.57 469.08 420.69 c 468.84 420.69 468.72 420.69 468.6 420.69 c 468.36 420.69 468.12 420.69 467.88 420.57 c 467.64 420.57 467.4 420.45 467.16 420.21 c 467.16 419.97 467.16 419.61 467.28 419.37 c 467.52 419.13 467.64 419.01 468 418.77 c 468.24 418.65 468.48 418.53 468.72 418.53 c 469.08 418.53 469.32 418.65 469.56 418.65 c 469.68 418.77 469.92 418.77 470.28 418.89 c 470.52 418.89 470.76 419.01 471.12 419.13 c 471.12 419.13 471.12 419.01 471.24 419.01 c 471.24 418.89 471.24 418.77 471.24 418.65 c 471.24 418.53 471.24 418.41 471.12 418.29 c 471.12 418.17 471 418.17 470.88 418.05 c 470.88 418.05 470.76 418.05 470.64 417.93 c 470.4 417.93 470.28 417.93 470.04 417.81 c 469.32 417.69 468.6 417.57 467.88 417.45 c 467.28 417.33 466.44 417.33 465.72 417.33 c h f 
478.08 413.97 m 477.48 413.97 477 414.09 476.52 414.21 c 476.16 414.45 475.8 414.69 475.68 415.05 c 475.44 415.41 475.32 415.77 475.32 416.25 c 475.32 416.49 475.32 416.73 475.44 416.97 c 475.56 417.33 475.68 417.45 475.8 417.69 c 476.04 417.93 476.28 418.17 476.64 418.41 c 476.52 418.53 476.52 418.53 476.52 418.65 c 476.4 418.65 476.4 418.77 476.4 418.77 c 476.28 419.01 476.16 419.13 476.04 419.25 c 475.92 419.49 475.8 419.61 475.68 419.61 c 475.68 419.73 475.56 419.85 475.56 419.85 c 475.44 419.97 475.32 419.97 475.32 419.97 c 475.08 419.85 l 474.96 420.09 474.84 420.33 474.84 420.45 c 474.84 420.69 474.96 420.81 475.08 420.93 c 475.2 421.17 475.32 421.29 475.56 421.29 c 475.68 421.41 475.92 421.53 476.16 421.65 c 476.52 421.77 476.88 421.77 477.12 421.77 c 477.48 421.77 477.84 421.65 478.08 421.53 c 478.32 421.41 478.56 421.29 478.68 421.05 c 478.92 420.81 478.92 420.57 478.92 420.21 c 478.92 419.97 478.92 419.61 478.68 419.37 c 478.56 419.13 478.32 418.77 477.84 418.53 c 478.08 418.53 478.32 418.41 478.56 418.41 c 478.92 418.41 479.16 418.41 479.64 418.41 c 479.76 418.41 479.76 418.29 479.76 418.29 c 479.76 417.45 l 479.76 417.33 479.76 417.33 479.64 417.33 c 479.28 417.33 478.92 417.33 478.56 417.33 c 478.32 417.45 477.96 417.45 477.72 417.57 c 477.48 417.69 477.24 417.81 477 418.05 c 476.64 417.69 476.28 417.45 476.16 417.21 c 475.92 416.85 475.8 416.61 475.8 416.25 c 475.8 415.89 476.04 415.53 476.4 415.29 c 476.76 415.05 477.36 415.05 478.08 415.05 c 478.32 415.05 478.56 415.05 478.68 415.05 c 478.92 415.05 479.16 415.05 479.4 415.17 c 479.64 415.17 479.88 415.29 480.24 415.41 c 480.48 414.93 l 480 414.69 479.64 414.45 479.4 414.33 c 479.16 414.21 478.92 414.09 478.68 413.97 c 478.44 413.97 478.2 413.97 478.08 413.97 c h 477.24 419.01 m 477.36 419.01 477.48 419.13 477.6 419.25 c 477.72 419.37 477.84 419.49 477.84 419.61 c 477.96 419.73 478.08 419.85 478.08 419.97 c 478.08 420.21 477.96 420.45 477.84 420.57 c 477.6 420.69 477.48 420.69 477.24 420.69 c 477 420.69 476.76 420.69 476.52 420.69 c 476.4 420.57 476.16 420.45 475.92 420.45 c 475.92 420.33 476.04 420.33 476.04 420.21 c 476.16 420.21 476.28 420.09 476.28 419.97 c 476.4 419.97 476.52 419.85 476.64 419.73 c 476.76 419.61 476.88 419.49 477 419.25 c 477.24 419.01 l h 477 422.49 m 476.64 422.85 476.4 423.09 476.16 423.33 c 476.4 423.45 476.52 423.69 476.64 423.81 c 476.76 423.93 476.88 424.05 477 424.17 c 477.12 424.05 477.24 423.93 477.36 423.81 c 477.48 423.69 477.6 423.57 477.72 423.45 c 477.72 423.33 477.6 423.09 477.48 422.97 c 477.36 422.85 477.12 422.73 477 422.49 c h f 
479.52 417.33 m 479.52 417.33 479.52 417.33 479.52 417.45 c 479.52 418.29 l 479.52 418.29 479.52 418.41 479.52 418.41 c 479.76 418.41 480 418.41 480.12 418.41 c 480.36 418.53 480.6 418.53 480.72 418.65 c 480.72 419.13 480.6 419.73 480.6 420.33 c 480.48 421.05 480.48 421.89 480.36 422.85 c 480.36 423.09 480.24 423.33 480.24 423.57 c 480.24 423.81 480.24 424.17 480.24 424.41 c 480.36 424.53 480.48 424.65 480.72 424.77 c 480.84 424.89 480.96 425.01 481.2 425.01 c 481.2 424.77 481.2 424.29 481.2 423.81 c 481.2 423.33 481.2 422.73 481.2 422.13 c 481.2 421.53 481.2 420.93 481.2 420.21 c 481.2 419.85 481.2 419.61 481.2 419.37 c 481.2 419.13 481.2 418.89 481.2 418.65 c 481.56 418.41 482.04 418.41 482.52 418.41 c 482.52 418.41 482.52 418.29 482.52 418.29 c 482.52 417.45 l 482.52 417.33 482.52 417.33 482.52 417.33 c 481.92 417.33 481.44 417.45 481.08 417.69 c 480.84 417.57 480.6 417.45 480.36 417.45 c 480.12 417.33 479.88 417.33 479.52 417.33 c h f 
482.4 417.33 m 482.28 417.33 482.28 417.33 482.28 417.45 c 482.28 418.29 l 482.28 418.29 482.28 418.41 482.4 418.41 c 482.88 418.41 483.36 418.41 483.6 418.65 c 483.6 418.77 483.72 418.89 483.84 419.01 c 483.96 419.25 484.08 419.49 484.2 419.73 c 484.32 419.85 484.32 419.97 484.44 419.97 c 484.44 420.09 484.56 420.09 484.68 420.09 c 484.8 420.09 484.92 420.09 485.04 419.97 c 484.92 419.73 484.8 419.61 484.8 419.37 c 484.68 419.13 484.56 419.01 484.44 418.77 c 484.68 418.65 484.92 418.53 485.16 418.41 c 485.4 418.41 485.64 418.41 485.88 418.41 c 485.88 418.41 485.88 418.29 485.88 418.29 c 485.88 417.45 l 485.88 417.33 485.88 417.33 485.88 417.33 c 485.16 417.33 484.56 417.57 484.08 418.05 c 484.08 417.93 483.96 417.93 483.96 417.93 c 483.96 417.81 483.96 417.81 483.84 417.81 c 483.72 417.69 483.6 417.57 483.36 417.45 c 483 417.33 482.76 417.33 482.4 417.33 c h 484.32 414.81 m 484.08 414.93 483.96 415.17 483.84 415.29 c 483.6 415.41 483.48 415.53 483.48 415.65 c 483.6 415.77 483.72 415.89 483.84 416.13 c 483.96 416.25 484.08 416.37 484.2 416.49 c 484.44 416.25 484.8 416.01 485.04 415.65 c 484.92 415.53 484.8 415.41 484.68 415.29 c 484.56 415.17 484.44 415.05 484.32 414.81 c h f 
485.76 417.33 m 485.64 417.33 485.64 417.33 485.64 417.45 c 485.64 418.29 l 485.64 418.29 485.64 418.41 485.76 418.41 c 486.12 418.41 486.6 418.41 486.84 418.41 c 487.2 418.41 487.44 418.53 487.56 418.65 c 487.68 418.65 487.8 418.77 487.92 419.01 c 488.04 419.13 488.16 419.37 488.4 419.73 c 488.4 419.85 488.52 419.97 488.52 419.97 c 488.64 420.09 488.76 420.09 488.76 420.09 c 488.88 420.09 489 420.09 489.12 419.97 c 489.12 419.85 489 419.73 489 419.49 c 488.88 419.37 488.76 419.25 488.76 419.01 c 488.64 418.89 488.64 418.77 488.64 418.77 c 488.88 418.65 489.12 418.53 489.24 418.41 c 489.48 418.41 489.72 418.41 489.96 418.41 c 490.08 418.41 490.08 418.29 490.08 418.29 c 490.08 417.45 l 490.08 417.33 490.08 417.33 489.96 417.33 c 489.36 417.33 488.76 417.57 488.16 418.05 c 488.04 417.81 l 487.92 417.69 487.8 417.69 487.56 417.57 c 487.32 417.45 487.08 417.45 486.72 417.33 c 486.48 417.33 486.12 417.33 485.76 417.33 c h 488.76 415.17 m 488.52 415.41 488.16 415.65 488.04 415.89 c 488.28 416.01 488.52 416.25 488.76 416.61 c 488.76 416.61 488.88 416.49 489 416.37 c 489.12 416.25 489.24 416.13 489.48 415.89 c 489.36 415.77 489.36 415.65 489.24 415.53 c 489.12 415.41 489 415.29 488.76 415.17 c h 487.08 414.93 m 486.96 415.17 486.84 415.29 486.72 415.41 c 486.6 415.53 486.48 415.65 486.36 415.65 c 486.48 415.77 486.6 415.89 486.72 416.01 c 486.84 416.13 486.96 416.37 487.08 416.49 c 487.2 416.49 487.2 416.37 487.32 416.25 c 487.44 416.13 487.68 416.01 487.8 415.77 c 487.8 415.65 487.68 415.53 487.56 415.41 c 487.44 415.29 487.32 415.17 487.08 414.93 c h f 
489.84 417.33 m 489.84 417.33 489.84 417.33 489.84 417.45 c 489.84 418.29 l 489.84 418.29 489.84 418.41 489.84 418.41 c 490.68 418.41 491.4 418.41 492 418.53 c 492.6 418.53 493.08 418.77 493.56 418.89 c 493.56 419.01 493.56 419.13 493.56 419.25 c 493.44 419.37 493.44 419.49 493.44 419.73 c 493.2 419.49 492.96 419.37 492.72 419.25 c 492.48 419.13 492.12 419.13 491.88 419.13 c 491.52 419.13 491.16 419.25 491.04 419.49 c 490.8 419.73 490.68 419.97 490.68 420.45 c 490.68 420.81 490.8 421.17 490.92 421.53 c 491.04 421.89 491.16 422.13 491.4 422.25 c 491.52 422.37 491.64 422.49 491.76 422.49 c 491.88 422.61 492 422.61 492.12 422.61 c 492.48 422.61 492.84 422.49 493.2 422.13 c 493.44 421.89 493.68 421.41 493.92 420.93 c 493.92 420.69 494.04 420.33 494.04 420.09 c 494.16 419.85 494.16 419.49 494.16 419.25 c 494.16 419.13 494.16 419.01 494.16 418.89 c 494.16 418.77 494.04 418.65 494.04 418.53 c 493.92 418.29 493.92 418.17 493.8 418.05 c 493.56 417.93 493.32 417.81 492.96 417.69 c 492.6 417.57 492.12 417.57 491.64 417.45 c 491.04 417.33 490.56 417.33 489.84 417.33 c h 492.12 419.97 m 492.48 419.97 492.84 420.09 493.2 420.21 c 493.08 420.57 492.96 420.93 492.72 421.17 c 492.48 421.41 492.24 421.53 492 421.53 c 491.76 421.53 491.52 421.41 491.4 421.17 c 491.28 421.05 491.16 420.81 491.16 420.57 c 491.16 420.45 491.28 420.21 491.4 420.09 c 491.52 419.97 491.76 419.97 492.12 419.97 c h 492.12 423.33 m 491.76 423.57 491.52 423.81 491.28 424.05 c 491.52 424.29 491.64 424.41 491.76 424.53 c 491.88 424.77 492 424.89 492.12 425.01 c 492.24 424.89 492.36 424.77 492.48 424.53 c 492.6 424.41 492.72 424.29 492.84 424.17 c 492.84 424.05 492.72 423.93 492.6 423.81 c 492.48 423.69 492.24 423.45 492.12 423.33 c h f 
501.84 417.33 m 501.48 417.33 501.24 417.33 500.88 417.33 c 500.52 417.33 500.28 417.33 500.04 417.33 c 499.68 417.45 499.56 417.45 499.44 417.45 c 499.32 417.45 499.08 417.57 498.96 417.69 c 498.72 417.69 498.48 417.81 498.24 417.93 c 498.12 418.17 497.88 418.29 497.76 418.41 c 497.88 418.77 l 498.12 418.77 498.36 418.77 498.48 418.65 c 498.6 418.65 498.6 418.65 498.72 418.65 c 498.72 418.65 498.84 418.65 498.84 418.65 c 498.84 418.65 498.96 418.65 498.96 418.53 c 498.96 418.53 499.08 418.53 499.2 418.53 c 499.32 418.53 499.44 418.53 499.68 418.41 c 499.8 418.53 499.8 418.77 499.92 418.89 c 500.04 419.01 500.16 419.13 500.28 419.25 c 500.16 419.49 500.16 419.85 500.04 420.21 c 500.04 420.57 499.92 420.81 499.92 421.17 c 499.8 421.41 499.8 421.77 499.68 422.01 c 499.68 422.37 499.56 422.73 499.56 422.97 c 499.56 423.33 499.44 423.57 499.44 423.81 c 499.44 423.81 499.44 423.93 499.44 423.93 c 499.44 423.93 499.44 424.05 499.44 424.05 c 499.44 424.29 499.56 424.53 499.68 424.77 c 499.8 424.89 500.04 425.01 500.28 425.01 c 500.4 424.89 500.4 424.65 500.52 424.41 c 500.64 424.17 500.64 423.93 500.76 423.69 c 500.4 423.45 l 500.52 422.85 500.52 422.37 500.52 422.01 c 500.64 421.65 500.64 421.41 500.64 421.17 c 500.64 420.93 500.64 420.69 500.76 420.57 c 500.76 420.33 500.76 420.09 500.76 419.85 c 501.84 420.93 502.8 421.53 503.52 421.53 c 503.64 421.53 503.88 421.53 504 421.41 c 504.24 421.41 504.48 421.17 504.6 421.05 c 504.84 420.93 505.08 420.69 505.2 420.57 c 505.44 420.21 505.56 419.97 505.56 419.73 c 505.56 419.61 505.56 419.37 505.56 419.25 c 505.44 419.01 505.44 418.89 505.32 418.65 c 505.68 418.53 506.04 418.41 506.52 418.41 c 506.64 418.41 506.64 418.29 506.64 418.29 c 506.64 417.45 l 506.64 417.33 506.64 417.33 506.52 417.33 c 506.16 417.33 505.8 417.45 505.56 417.57 c 505.2 417.69 504.96 417.81 504.72 418.05 c 504.48 417.93 504.24 417.81 503.88 417.69 c 503.52 417.57 503.28 417.45 502.92 417.33 c 502.56 417.33 502.2 417.33 501.84 417.33 c h 501.96 418.29 m 502.44 418.29 502.92 418.41 503.52 418.53 c 504 418.65 504.48 418.89 505.08 419.25 c 504.72 419.61 504.48 419.97 504.12 420.21 c 503.88 420.33 503.52 420.45 503.16 420.45 c 502.8 420.45 502.44 420.33 501.96 419.97 c 501.36 419.61 500.88 419.01 500.28 418.41 c 500.52 418.29 500.88 418.29 501.12 418.29 c 501.36 418.29 501.72 418.29 501.96 418.29 c h f 
506.4 417.33 m 506.4 417.33 506.28 417.33 506.28 417.45 c 506.28 418.29 l 506.28 418.29 506.4 418.41 506.4 418.41 c 506.76 418.41 507.12 418.41 507.48 418.53 c 507.84 418.53 508.2 418.65 508.44 418.77 c 508.44 418.89 508.32 419.13 508.2 419.37 c 508.2 419.61 508.08 419.73 507.96 419.97 c 507.96 420.21 507.84 420.33 507.84 420.45 c 507.72 420.57 507.72 420.69 507.72 420.69 c 507.72 420.93 507.84 421.05 507.96 421.29 c 508.2 421.53 508.32 421.65 508.56 421.77 c 508.68 421.65 508.68 421.41 508.68 421.17 c 508.8 420.93 508.8 420.69 508.92 420.33 c 508.92 420.09 509.04 419.85 509.04 419.61 c 509.04 419.49 509.04 419.37 509.04 419.25 c 509.04 419.13 509.04 418.89 508.92 418.65 c 508.92 418.41 508.8 418.17 508.68 417.93 c 507.96 417.57 507.24 417.33 506.4 417.33 c h 507.12 422.13 m 507.12 422.73 l 507.6 422.97 l 507.24 423.09 507.12 423.21 507.12 423.45 c 507.12 423.69 507.24 423.81 507.24 423.93 c 507.36 424.17 507.48 424.29 507.6 424.41 c 507.84 424.41 507.96 424.53 508.08 424.53 c 508.44 424.53 508.56 424.29 508.56 424.05 c 508.56 423.93 508.56 423.81 508.56 423.69 c 508.2 423.69 l 508.32 423.81 l 508.32 423.81 508.2 423.81 508.2 423.81 c 508.2 423.93 508.2 423.93 508.08 423.93 c 507.96 423.93 507.84 423.93 507.72 423.81 c 507.72 423.69 507.6 423.57 507.48 423.45 c 507.72 423.33 507.96 423.21 508.2 423.21 c 508.2 423.21 508.32 423.21 508.44 423.21 c 508.56 423.21 508.68 423.33 508.8 423.33 c 508.68 422.73 l 508.44 422.73 508.08 422.61 507.84 422.49 c 507.72 422.37 507.36 422.25 507.12 422.13 c h f 
512.76 417.33 m 512.4 417.33 512.16 417.33 511.92 417.45 c 511.56 417.57 511.44 417.69 511.32 417.93 c 511.08 418.05 511.08 418.29 510.96 418.53 c 510.96 418.77 510.96 419.01 510.96 419.25 c 510.96 419.61 510.84 419.97 510.84 420.33 c 510.84 420.69 510.84 421.05 510.72 421.53 c 510.72 421.89 510.72 422.37 510.6 422.85 c 510.6 423.33 510.6 423.81 510.48 424.41 c 510.6 424.53 510.84 424.65 510.96 424.77 c 511.08 424.89 511.32 425.01 511.44 425.01 c 511.56 424.53 511.56 423.93 511.56 423.33 c 511.56 422.73 511.56 422.13 511.56 421.53 c 511.56 420.93 511.56 420.21 511.56 419.49 c 511.68 418.65 l 511.8 418.53 512.04 418.53 512.16 418.41 c 512.4 418.41 512.52 418.41 512.76 418.41 c 512.88 418.41 512.88 418.29 512.88 418.29 c 512.88 417.45 l 512.88 417.33 512.88 417.33 512.76 417.33 c h f 
512.64 417.33 m 512.64 417.33 512.64 417.33 512.64 417.45 c 512.64 418.29 l 512.64 418.29 512.64 418.41 512.64 418.41 c 513.36 418.41 513.96 418.41 514.44 418.41 c 514.92 418.53 515.28 418.65 515.76 418.77 c 516 418.89 516.24 419.01 516.48 419.01 c 516.6 419.13 516.84 419.13 516.96 419.25 c 516.84 419.25 516.72 419.37 516.6 419.37 c 516.48 419.49 516.24 419.61 516.12 419.73 c 515.88 419.85 515.64 419.97 515.52 420.09 c 515.28 420.21 515.04 420.21 514.92 420.21 c 514.68 420.21 514.44 420.21 514.32 420.09 c 514.08 420.09 513.84 419.97 513.6 419.73 c 513.6 419.85 513.48 419.97 513.48 419.97 c 513.36 420.09 513.36 420.21 513.36 420.33 c 513.36 420.57 513.48 420.93 513.84 421.05 c 514.08 421.29 514.44 421.29 514.8 421.29 c 515.04 421.29 515.28 421.29 515.52 421.17 c 515.76 421.17 516.12 420.93 516.36 420.69 c 516.84 420.45 517.08 420.33 517.44 420.09 c 517.68 419.97 518.04 419.85 518.28 419.85 c 518.52 419.73 518.64 419.73 518.88 419.73 c 519.12 419.73 519.36 419.73 519.6 419.73 c 519.12 418.77 l 519.12 418.77 519 418.77 518.88 418.77 c 518.76 418.77 518.64 418.77 518.64 418.89 c 518.52 418.89 518.4 418.89 518.28 418.89 c 518.4 418.77 518.52 418.65 518.52 418.53 c 518.64 418.53 518.76 418.53 518.88 418.41 c 519 418.41 519.24 418.41 519.48 418.41 c 519.72 418.41 520.08 418.41 520.44 418.41 c 520.44 418.41 520.44 418.29 520.44 418.29 c 520.44 417.45 l 520.44 417.33 520.44 417.33 520.44 417.33 c 520.08 417.33 519.72 417.33 519.48 417.33 c 519.12 417.45 518.88 417.45 518.64 417.57 c 518.52 417.57 518.28 417.69 518.16 417.81 c 518.04 417.93 517.92 418.05 517.8 418.17 c 517.8 418.41 517.68 418.53 517.56 418.77 c 517.44 418.65 517.32 418.65 517.2 418.53 c 517.08 418.53 516.96 418.41 516.72 418.29 c 516.6 418.29 516.48 418.17 516.36 418.05 c 516 417.93 515.76 417.81 515.52 417.69 c 515.28 417.57 515.04 417.45 514.8 417.45 c 514.44 417.45 514.2 417.33 513.84 417.33 c 513.48 417.33 513.12 417.33 512.64 417.33 c h f 
520.32 417.33 m 520.2 417.33 520.2 417.33 520.2 417.45 c 520.2 418.29 l 520.2 418.29 520.2 418.41 520.32 418.41 c 520.68 418.41 521.16 418.41 521.52 418.65 c 521.52 418.89 521.52 419.25 521.52 419.49 c 521.4 419.73 521.4 419.97 521.4 420.21 c 521.28 420.81 521.28 421.41 521.16 422.13 c 521.04 422.85 520.92 423.57 520.8 424.41 c 521.04 424.53 521.16 424.65 521.28 424.77 c 521.52 424.89 521.64 425.01 521.88 425.01 c 521.88 424.53 521.88 424.05 521.88 423.57 c 521.88 422.97 522 422.37 522 421.77 c 522 421.17 522 420.69 522 420.21 c 522 419.85 522.12 419.37 522.12 419.01 c 522.12 418.77 522 418.65 522 418.41 c 521.88 418.17 521.76 417.93 521.64 417.69 c 521.64 417.57 521.4 417.45 521.16 417.45 c 520.92 417.33 520.68 417.33 520.32 417.33 c h f 
524.04 417.33 m 524.04 418.05 523.92 418.65 523.92 419.37 c 523.92 419.97 523.92 420.45 523.92 421.05 c 523.8 421.53 523.8 422.13 523.8 422.61 c 523.68 423.09 523.68 423.57 523.68 424.05 c 523.68 424.29 523.68 424.41 523.68 424.53 c 523.8 424.77 523.92 424.77 524.04 424.89 c 524.16 425.01 524.4 425.01 524.52 425.01 c 524.64 424.89 524.64 424.65 524.76 424.41 c 524.76 424.17 524.88 423.93 525 423.69 c 524.64 423.45 l 524.64 422.85 524.64 422.37 524.64 421.77 c 524.64 421.17 524.64 420.45 524.64 419.73 c 524.64 419.01 524.64 418.29 524.64 417.45 c 524.04 417.33 l h f 
433.2 396.45 m 432.6 396.81 l 432.72 396.93 432.72 397.05 432.72 397.17 c 432.72 397.29 432.72 397.29 432.72 397.41 c 432.72 397.53 432.6 397.65 432.48 397.77 c 432.48 397.89 432.36 397.89 432.24 398.01 c 432.12 398.01 432 398.13 431.88 398.25 c 431.28 398.61 431.04 398.97 431.04 399.57 c 431.04 399.93 431.04 400.29 431.28 400.65 c 431.52 401.01 431.76 401.37 432.12 401.49 c 432.48 401.73 432.84 401.85 433.2 401.85 c 433.68 401.85 434.16 401.73 434.52 401.37 c 434.64 401.25 434.64 401.13 434.64 400.89 c 434.64 400.65 434.52 400.41 434.28 400.17 c 434.04 400.41 433.92 400.53 433.68 400.65 c 433.56 400.77 433.32 400.77 433.08 400.77 c 432.72 400.77 432.36 400.65 432.12 400.41 c 431.76 400.17 431.52 399.93 431.4 399.57 c 431.64 399.45 431.88 399.33 432.12 399.33 c 432.36 399.21 432.48 399.09 432.72 398.97 c 432.84 398.85 433.08 398.73 433.2 398.61 c 433.32 398.49 433.44 398.37 433.44 398.25 c 433.56 398.13 433.56 398.01 433.56 397.77 c 433.56 397.41 433.44 397.05 433.2 396.45 c h 432.84 394.53 m 432.72 394.65 432.48 394.77 432.36 394.89 c 432.24 394.89 432 395.01 431.88 395.13 c 431.88 395.25 432 395.37 432 395.37 c 432.12 395.49 432.12 395.61 432.12 395.61 c 432.24 395.73 432.24 395.85 432.24 395.85 c 432.36 395.97 432.36 396.09 432.48 396.09 c 432.6 395.97 432.72 395.97 432.84 395.85 c 432.96 395.73 433.08 395.73 433.2 395.61 c 433.32 395.49 433.44 395.37 433.44 395.37 c 433.44 395.25 433.2 395.01 432.84 394.53 c h f 
440.64 392.25 m 440.04 392.25 439.56 392.49 439.08 392.85 c 438.72 393.21 438.6 393.81 438.6 394.53 c 438.6 394.65 438.6 394.77 438.6 394.89 c 438.6 395.13 438.6 395.25 438.72 395.37 c 438.72 395.61 438.72 395.85 438.84 396.09 c 439.32 395.97 l 439.2 395.61 439.2 395.25 439.2 395.13 c 439.2 394.53 439.32 394.17 439.56 393.81 c 439.8 393.57 440.16 393.33 440.76 393.33 c 441.12 393.33 441.48 393.45 441.84 393.57 c 442.2 393.69 442.56 393.81 442.8 393.93 c 443.16 394.17 443.4 394.41 443.52 394.65 c 443.28 395.25 443.04 395.61 442.92 395.97 c 442.8 396.45 442.68 396.69 442.68 396.81 c 442.68 397.05 442.8 397.29 442.92 397.53 c 443.04 397.65 443.28 397.89 443.64 398.01 c 443.64 397.89 443.64 397.77 443.64 397.65 c 443.64 397.41 443.76 397.29 443.76 397.05 c 443.76 396.93 443.76 396.69 443.88 396.45 c 443.88 396.21 444 395.97 444 395.73 c 444 395.49 444 395.25 444 395.13 c 444 394.65 443.88 394.17 443.52 393.69 c 443.28 393.33 442.92 392.97 442.32 392.61 c 442.08 392.49 441.84 392.49 441.48 392.37 c 441.24 392.25 441 392.25 440.64 392.25 c h 441 398.01 m 440.64 398.25 440.4 398.49 440.16 398.73 c 440.4 398.97 440.52 399.09 440.64 399.33 c 440.76 399.45 440.88 399.57 441 399.69 c 441.12 399.57 441.24 399.45 441.36 399.33 c 441.48 399.21 441.6 398.97 441.72 398.85 c 441.72 398.73 441.6 398.61 441.48 398.49 c 441.36 398.37 441.12 398.13 441 398.01 c h f 
447.72 395.25 m 447.36 395.25 447.12 395.37 446.88 395.49 c 446.64 395.49 446.4 395.73 446.28 395.85 c 446.16 396.09 446.04 396.33 446.04 396.57 c 446.04 396.69 445.92 396.93 445.92 397.29 c 445.92 397.53 445.92 397.89 445.8 398.25 c 445.8 398.61 445.8 398.97 445.68 399.45 c 445.68 399.93 445.68 400.29 445.56 400.77 c 445.56 401.37 445.56 401.85 445.44 402.33 c 445.68 402.45 445.8 402.57 445.92 402.69 c 446.16 402.81 446.28 402.93 446.52 403.05 c 446.52 402.45 446.52 401.85 446.52 401.25 c 446.52 400.65 446.52 400.05 446.52 399.45 c 446.64 398.85 446.64 398.13 446.64 397.41 c 446.64 396.57 l 446.76 396.57 447 396.45 447.12 396.45 c 447.36 396.33 447.6 396.33 447.72 396.33 c 447.84 396.33 447.84 396.33 447.84 396.21 c 447.84 395.37 l 447.84 395.37 447.84 395.25 447.72 395.25 c h f 
450.6 392.97 m 450 392.97 449.52 393.09 449.16 393.45 c 448.8 393.81 448.56 394.29 448.44 395.01 c 447.96 394.77 l 447.96 395.25 l 447.72 395.25 l 447.6 395.25 447.6 395.37 447.6 395.37 c 447.6 396.21 l 447.6 396.33 447.6 396.33 447.72 396.33 c 447.84 396.33 447.96 396.33 448.08 396.33 c 448.2 396.33 448.32 396.33 448.44 396.33 c 448.68 397.77 449.4 399.09 450.6 400.29 c 451.08 400.17 l 451.08 399.93 451.08 399.81 451.08 399.57 c 451.2 399.33 451.2 398.97 451.2 398.73 c 451.32 398.49 451.32 398.25 451.32 398.01 c 451.44 397.89 451.44 397.65 451.44 397.65 c 451.44 397.29 451.32 397.05 451.2 396.81 c 450.96 396.57 450.84 396.33 450.6 396.21 c 450.96 396.33 451.2 396.33 451.44 396.33 c 451.68 396.33 451.92 396.33 452.16 396.33 c 452.28 396.33 452.28 396.33 452.28 396.21 c 452.28 395.37 l 452.28 395.37 452.28 395.25 452.16 395.25 c 451.92 395.25 451.56 395.25 451.32 395.25 c 451.56 395.13 451.68 395.01 451.8 394.89 c 451.92 394.65 452.04 394.53 452.04 394.41 c 452.04 394.29 451.92 394.17 451.92 394.05 c 451.92 393.93 451.8 393.69 451.8 393.57 c 451.68 393.45 451.68 393.33 451.56 393.33 c 451.56 393.21 451.32 393.09 451.2 393.09 c 451.08 392.97 450.84 392.97 450.6 392.97 c h 450.72 393.81 m 450.84 393.81 450.96 393.81 451.08 393.93 c 451.2 393.93 451.32 394.05 451.44 394.17 c 451.32 394.29 451.2 394.53 451.08 394.77 c 450.84 394.89 450.6 395.01 450.36 395.13 c 450.12 395.25 449.88 395.25 449.64 395.25 c 449.64 395.25 449.52 395.25 449.52 395.25 c 449.4 395.25 449.28 395.25 449.28 395.25 c 449.4 394.77 449.52 394.41 449.76 394.17 c 450 393.93 450.36 393.81 450.72 393.81 c h 449.16 396.33 m 449.52 396.33 449.76 396.45 450 396.45 c 450.24 396.57 450.48 396.81 450.72 396.93 c 450.6 397.53 l 450.48 397.77 450.48 398.13 450.36 398.37 c 450.36 398.61 450.36 398.73 450.36 398.97 c 449.88 398.37 449.64 397.89 449.52 397.53 c 449.28 397.05 449.16 396.69 449.16 396.33 c h f 
452.04 395.25 m 452.04 395.25 452.04 395.37 452.04 395.37 c 452.04 396.21 l 452.04 396.33 452.04 396.33 452.04 396.33 c 452.4 396.33 452.88 396.33 453.24 396.45 c 453.6 396.57 453.84 396.57 454.08 396.69 c 454.08 396.93 453.96 397.05 453.96 397.29 c 453.84 397.53 453.72 397.77 453.72 397.89 c 453.6 398.13 453.48 398.25 453.48 398.37 c 453.48 398.49 453.48 398.61 453.48 398.73 c 453.48 398.85 453.48 399.09 453.72 399.21 c 453.84 399.45 454.08 399.57 454.32 399.69 c 454.32 399.57 454.32 399.33 454.44 399.09 c 454.44 398.85 454.56 398.61 454.56 398.25 c 454.68 398.01 454.68 397.77 454.68 397.65 c 454.68 397.41 454.68 397.29 454.68 397.17 c 454.68 397.05 454.68 396.81 454.56 396.69 c 454.56 396.45 454.44 396.21 454.32 395.97 c 453.6 395.49 452.88 395.25 452.04 395.25 c h 453.72 392.85 m 453.6 392.97 453.36 393.09 453.24 393.21 c 453.12 393.33 453 393.45 452.88 393.57 c 453 393.81 453.24 393.93 453.36 394.05 c 453.48 394.17 453.6 394.29 453.72 394.41 c 453.96 394.17 454.2 393.93 454.44 393.69 c 454.44 393.57 454.32 393.45 454.2 393.21 c 454.08 393.09 453.84 392.97 453.72 392.85 c h f 
458.4 395.25 m 458.04 395.25 457.8 395.37 457.44 395.49 c 457.2 395.49 457.08 395.73 456.96 395.85 c 456.72 396.09 456.72 396.33 456.6 396.57 c 456.6 396.69 456.6 396.93 456.6 397.29 c 456.6 397.53 456.48 397.89 456.48 398.25 c 456.48 398.61 456.36 398.97 456.36 399.45 c 456.36 399.93 456.24 400.29 456.24 400.77 c 456.24 401.37 456.12 401.85 456.12 402.33 c 456.24 402.45 456.48 402.57 456.6 402.69 c 456.72 402.81 456.96 402.93 457.08 403.05 c 457.08 402.45 457.2 401.85 457.2 401.25 c 457.2 400.65 457.2 400.05 457.2 399.45 c 457.2 398.85 457.2 398.13 457.2 397.41 c 457.32 396.57 l 457.44 396.57 457.68 396.45 457.8 396.45 c 458.04 396.33 458.16 396.33 458.4 396.33 c 458.52 396.33 458.52 396.33 458.52 396.21 c 458.52 395.37 l 458.52 395.37 458.52 395.25 458.4 395.25 c h f 
460.92 395.25 m 460.68 395.25 460.44 395.25 460.2 395.37 c 459.96 395.37 459.72 395.49 459.6 395.61 c 459.48 395.49 459.24 395.49 459 395.37 c 458.76 395.37 458.52 395.25 458.28 395.25 c 458.28 395.25 458.16 395.37 458.16 395.37 c 458.16 396.21 l 458.16 396.33 458.28 396.33 458.28 396.33 c 458.52 396.33 458.76 396.33 458.88 396.45 c 459.12 396.45 459.24 396.45 459.36 396.57 c 459.48 396.69 459.48 396.81 459.6 396.93 c 459.72 397.05 459.72 397.17 459.96 397.41 c 459.96 397.53 460.08 397.53 460.08 397.65 c 460.2 397.65 460.2 397.65 460.32 397.65 c 460.44 397.65 460.56 397.65 460.68 397.53 c 460.56 397.29 460.44 397.05 460.32 396.93 c 460.2 396.69 460.2 396.57 460.08 396.45 c 460.2 396.33 460.32 396.33 460.44 396.33 c 460.68 396.33 460.8 396.33 461.04 396.33 c 461.16 396.33 461.28 396.33 461.52 396.33 c 461.64 396.33 461.76 396.33 461.88 396.45 c 462 396.45 462 396.57 462.12 396.81 c 462.12 396.93 462.24 397.17 462.24 397.41 c 462.36 397.65 462.36 397.77 462.48 398.01 c 462.48 398.13 462.6 398.25 462.72 398.25 c 462.72 398.25 462.84 398.37 462.96 398.37 c 463.08 398.37 463.2 398.25 463.32 398.25 c 463.2 398.13 463.2 397.89 463.08 397.65 c 462.96 397.29 462.84 396.93 462.72 396.45 c 462.72 396.33 462.84 396.33 462.96 396.33 c 462.96 396.33 463.08 396.33 463.2 396.33 c 463.44 396.33 463.68 396.33 463.92 396.45 c 463.92 396.45 463.92 396.57 464.04 396.69 c 464.04 396.81 464.16 396.93 464.16 397.17 c 464.28 397.41 464.28 397.53 464.4 397.65 c 464.4 397.89 464.52 398.01 464.64 398.13 c 464.64 398.25 464.64 398.37 464.76 398.37 c 464.88 398.37 464.88 398.37 465 398.37 c 465.12 398.37 465.24 398.37 465.36 398.37 c 465.24 398.25 465.24 398.01 465.12 397.77 c 465 397.53 464.88 397.17 464.76 396.69 c 465 396.57 465.24 396.45 465.48 396.45 c 465.6 396.33 465.84 396.33 466.2 396.33 c 466.2 396.33 466.2 396.33 466.2 396.21 c 466.2 395.37 l 466.2 395.37 466.2 395.25 466.2 395.25 c 465.84 395.25 465.6 395.37 465.24 395.49 c 464.88 395.61 464.64 395.73 464.52 395.97 c 464.4 395.85 464.4 395.73 464.4 395.73 c 464.4 395.61 464.28 395.61 464.16 395.49 c 464.16 395.37 463.92 395.37 463.8 395.37 c 463.56 395.25 463.44 395.25 463.2 395.25 c 462.96 395.25 462.6 395.37 462.36 395.49 c 462.24 395.49 462.12 395.37 462 395.37 c 461.76 395.37 461.64 395.25 461.4 395.25 c 461.28 395.25 461.04 395.25 460.92 395.25 c h 461.64 399.09 m 461.52 399.21 461.4 399.33 461.28 399.45 c 461.16 399.57 461.04 399.69 460.92 399.69 c 461.04 399.81 461.16 399.93 461.28 400.05 c 461.4 400.17 461.52 400.29 461.64 400.53 c 461.64 400.41 461.76 400.29 461.88 400.17 c 462 400.17 462.12 399.93 462.36 399.81 c 462.24 399.69 462.12 399.57 462 399.45 c 461.88 399.33 461.76 399.21 461.64 399.09 c h 463.32 399.21 m 463.2 399.33 462.96 399.45 462.84 399.57 c 462.72 399.69 462.72 399.81 462.6 399.93 c 462.6 399.93 462.72 400.05 462.84 400.17 c 462.96 400.29 463.08 400.41 463.32 400.65 c 463.32 400.53 463.44 400.41 463.56 400.29 c 463.68 400.17 463.8 400.05 463.92 399.93 c 463.8 399.81 463.8 399.69 463.68 399.57 c 463.56 399.45 463.44 399.33 463.32 399.21 c h 462.48 400.17 m 462.36 400.29 462.24 400.41 462.12 400.53 c 462 400.53 461.88 400.65 461.76 400.77 c 461.88 400.89 462 401.01 462.12 401.13 c 462.24 401.25 462.36 401.37 462.48 401.49 c 462.48 401.37 462.6 401.25 462.72 401.13 c 462.84 401.01 462.96 400.89 463.08 400.77 c 462.96 400.65 462.84 400.53 462.72 400.41 c 462.6 400.29 462.48 400.29 462.48 400.17 c h f 
466.08 395.25 m 465.96 395.25 465.96 395.37 465.96 395.37 c 465.96 396.21 l 465.96 396.33 465.96 396.33 466.08 396.33 c 466.44 396.33 466.92 396.33 467.16 396.33 c 467.52 396.45 467.76 396.45 467.88 396.57 c 468 396.69 468.12 396.81 468.24 396.93 c 468.36 397.05 468.48 397.41 468.72 397.77 c 468.72 397.89 468.84 397.89 468.84 398.01 c 468.96 398.01 469.08 398.01 469.08 398.01 c 469.2 398.01 469.32 398.01 469.44 397.89 c 469.44 397.77 469.32 397.65 469.32 397.53 c 469.2 397.29 469.08 397.17 469.08 397.05 c 468.96 396.93 468.96 396.81 468.96 396.69 c 469.2 396.57 469.44 396.45 469.56 396.45 c 469.8 396.33 470.04 396.33 470.28 396.33 c 470.4 396.33 470.4 396.33 470.4 396.21 c 470.4 395.37 l 470.4 395.37 470.4 395.25 470.28 395.25 c 469.68 395.25 469.08 395.49 468.48 395.97 c 468.36 395.73 l 468.24 395.73 468.12 395.61 467.88 395.49 c 467.64 395.49 467.4 395.37 467.04 395.37 c 466.68 395.37 466.44 395.25 466.08 395.25 c h 469.08 399.09 m 468.96 399.21 468.84 399.33 468.72 399.45 c 468.6 399.57 468.48 399.69 468.36 399.81 c 468.48 399.81 468.48 399.93 468.6 400.05 c 468.72 400.17 468.96 400.41 469.08 400.53 c 469.2 400.53 469.2 400.41 469.32 400.29 c 469.44 400.17 469.68 400.05 469.8 399.81 c 469.68 399.57 469.44 399.33 469.08 399.09 c h 467.4 398.85 m 467.28 398.97 467.16 399.09 467.04 399.33 c 466.92 399.45 466.8 399.45 466.68 399.57 c 466.8 399.69 466.92 399.81 467.04 399.93 c 467.16 400.05 467.28 400.17 467.4 400.41 c 467.52 400.29 467.52 400.29 467.64 400.17 c 467.76 400.05 468 399.81 468.12 399.69 c 468.12 399.57 468 399.45 467.88 399.33 c 467.76 399.21 467.64 399.09 467.4 398.85 c h f 
474.36 395.25 m 474 395.25 473.64 395.25 473.4 395.37 c 473.04 395.37 472.68 395.49 472.32 395.61 c 472.08 395.73 471.72 395.85 471.48 395.97 c 471.36 395.73 471.12 395.49 471 395.49 c 470.76 395.37 470.52 395.25 470.16 395.25 c 470.16 395.25 470.04 395.37 470.04 395.37 c 470.04 396.21 l 470.04 396.33 470.16 396.33 470.16 396.33 c 470.52 396.33 470.76 396.45 471 396.57 c 471.12 396.69 471.36 396.93 471.48 397.17 c 471.6 397.41 471.72 397.65 471.84 397.77 c 471.84 397.89 471.96 398.13 471.96 398.25 c 472.08 398.37 472.2 398.49 472.2 398.61 c 472.44 398.85 472.68 398.97 472.8 399.09 c 473.04 399.21 473.16 399.33 473.4 399.33 c 473.64 399.33 473.88 399.09 474.12 398.85 c 474.36 398.61 474.6 398.25 474.72 397.77 c 474.84 397.29 474.96 396.93 474.96 396.45 c 474.96 396.21 474.96 396.09 474.84 395.85 c 474.72 395.61 474.6 395.37 474.36 395.25 c h 474 396.21 m 474 396.57 474 396.93 473.88 397.17 c 473.76 397.53 473.64 397.77 473.52 397.89 c 473.4 398.13 473.4 398.13 473.28 398.13 c 473.04 398.13 472.8 398.01 472.56 397.77 c 472.56 397.65 472.44 397.53 472.32 397.41 c 472.32 397.17 472.2 397.05 472.08 396.81 c 472.32 396.69 472.56 396.57 472.92 396.45 c 473.28 396.33 473.64 396.33 474 396.21 c h f 
480.96 392.25 m 480.24 392.25 479.76 392.49 479.4 392.85 c 479.04 393.21 478.8 393.81 478.8 394.53 c 478.8 394.65 478.8 394.77 478.8 394.89 c 478.8 395.13 478.92 395.25 478.92 395.37 c 478.92 395.61 479.04 395.85 479.04 396.09 c 479.52 395.97 l 479.4 395.61 479.4 395.25 479.4 395.13 c 479.4 394.53 479.52 394.17 479.76 393.81 c 480 393.57 480.48 393.33 480.96 393.33 c 481.32 393.33 481.68 393.45 482.04 393.57 c 482.4 393.69 482.76 393.81 483 393.93 c 483.36 394.17 483.6 394.41 483.72 394.65 c 483.48 395.25 483.24 395.61 483.12 395.97 c 483 396.45 482.88 396.69 482.88 396.81 c 482.88 397.05 483 397.29 483.12 397.53 c 483.24 397.65 483.48 397.89 483.84 398.01 c 483.84 397.89 483.84 397.77 483.84 397.65 c 483.96 397.41 483.96 397.29 483.96 397.05 c 483.96 396.93 484.08 396.69 484.08 396.45 c 484.08 396.21 484.2 395.97 484.2 395.73 c 484.2 395.49 484.2 395.25 484.2 395.13 c 484.2 394.65 484.08 394.17 483.84 393.69 c 483.48 393.33 483.12 392.97 482.52 392.61 c 482.28 392.49 482.04 392.49 481.8 392.37 c 481.44 392.25 481.2 392.25 480.96 392.25 c h 481.2 398.01 m 480.84 398.25 480.6 398.49 480.36 398.73 c 480.6 398.97 480.72 399.09 480.84 399.33 c 480.96 399.45 481.08 399.57 481.2 399.69 c 481.32 399.57 481.44 399.45 481.56 399.33 c 481.68 399.21 481.8 398.97 482.04 398.85 c 481.92 398.73 481.8 398.61 481.68 398.49 c 481.56 398.37 481.44 398.13 481.2 398.01 c h f 
488.4 396.45 m 488.28 396.81 488.04 397.17 487.92 397.53 c 487.68 397.77 487.56 398.13 487.32 398.37 c 487.2 398.73 486.96 398.97 486.72 399.09 c 486.6 399.33 486.36 399.57 486.12 399.81 c 485.76 399.81 l 485.52 399.93 485.4 400.17 485.4 400.29 c 485.28 400.41 485.28 400.65 485.28 400.77 c 485.28 401.01 485.28 401.13 485.4 401.25 c 485.52 401.37 485.64 401.49 485.76 401.49 c 486 401.37 486.24 401.13 486.48 400.89 c 486.72 400.65 486.96 400.41 487.08 400.05 c 487.32 399.81 487.56 399.45 487.68 399.21 c 487.92 398.85 488.04 398.61 488.16 398.25 c 488.16 398.13 488.28 398.01 488.4 397.77 c 488.4 397.53 488.52 397.41 488.52 397.17 c 488.64 396.93 488.76 396.81 488.76 396.57 c 488.4 396.45 l h f 
485.52 395.25 m 485.52 395.73 l 485.88 395.85 486.24 395.97 486.6 395.97 c 486.96 396.09 487.2 396.21 487.56 396.33 c 487.8 396.45 488.04 396.57 488.16 396.81 c 488.4 396.93 488.64 397.17 488.76 397.41 c 488.88 397.65 489.12 397.89 489.24 398.25 c 489.36 398.61 489.36 398.97 489.48 399.45 c 489.6 399.81 489.6 400.29 489.72 400.77 c 489.72 401.25 489.72 401.85 489.72 402.33 c 489.96 402.45 490.08 402.57 490.2 402.69 c 490.32 402.81 490.56 402.93 490.68 403.05 c 490.68 402.81 490.68 402.57 490.68 402.33 c 490.68 402.09 490.68 401.85 490.68 401.61 c 490.68 401.37 490.68 401.13 490.68 400.89 c 490.68 400.53 490.68 400.29 490.8 400.05 c 490.8 399.93 490.8 399.69 490.8 399.45 c 490.8 399.21 490.8 398.97 490.8 398.61 c 490.8 398.37 490.8 398.13 490.8 397.89 c 490.8 397.65 490.8 397.41 490.8 397.29 c 490.8 397.05 490.8 396.81 490.8 396.69 c 490.92 396.57 490.92 396.57 491.04 396.57 c 491.16 396.45 491.16 396.45 491.28 396.45 c 491.4 396.45 491.52 396.33 491.64 396.33 c 491.76 396.33 491.88 396.33 492 396.33 c 492.12 396.33 492.12 396.33 492.12 396.21 c 492.12 395.37 l 492.12 395.37 492.12 395.25 492 395.25 c 491.76 395.25 491.52 395.37 491.28 395.37 c 491.04 395.49 490.8 395.61 490.68 395.73 c 490.44 395.85 490.44 396.09 490.32 396.33 c 490.32 396.69 490.32 396.93 490.2 397.29 c 490.2 397.65 490.2 398.01 490.2 398.25 c 490.2 398.37 490.2 398.49 490.08 398.73 c 490.08 398.97 490.08 399.09 490.08 399.33 c 490.08 399.57 490.08 399.69 490.08 399.81 c 490.08 399.57 489.96 399.33 489.96 399.09 c 489.96 398.85 489.96 398.73 489.84 398.49 c 489.84 398.25 489.84 398.13 489.84 397.89 c 489.72 397.77 489.72 397.53 489.72 397.41 c 489.6 397.17 489.48 396.93 489.48 396.69 c 489.36 396.45 489.24 396.33 489.12 396.21 c 488.76 395.73 488.4 395.49 487.92 395.37 c 487.56 395.37 487.08 395.37 486.72 395.37 c 486.36 395.25 485.88 395.25 485.52 395.25 c h f 
491.88 395.25 m 491.88 395.25 491.88 395.37 491.88 395.37 c 491.88 396.21 l 491.88 396.33 491.88 396.33 491.88 396.33 c 492.84 396.33 493.68 396.45 494.28 396.57 c 494.76 396.69 495 396.81 495.36 396.93 c 495.24 397.17 495.12 397.41 495 397.53 c 494.76 397.77 494.64 398.01 494.4 398.25 c 494.16 398.37 494.04 398.49 493.8 398.61 c 493.56 398.73 493.32 398.97 493.08 399.09 c 492.72 399.21 492.36 399.45 492.24 399.57 c 492.12 399.69 492 399.93 492 400.17 c 492 400.29 492 400.41 492 400.53 c 492.12 400.65 492.12 400.77 492.24 400.77 c 492.36 400.89 492.48 401.01 492.6 401.01 c 492.84 401.13 493.08 401.25 493.32 401.37 c 493.56 401.49 493.92 401.73 494.28 401.85 c 494.64 401.97 495 402.21 495.48 402.33 c 495.84 402.57 496.32 402.69 496.8 402.93 c 496.92 402.81 496.92 402.57 496.92 402.45 c 496.92 402.21 496.92 402.09 496.8 401.97 c 496.68 401.85 496.56 401.73 496.44 401.61 c 496.08 401.49 495.6 401.37 495.24 401.13 c 494.88 401.01 494.4 400.77 494.04 400.65 c 493.56 400.53 493.08 400.29 492.6 400.17 c 493.2 399.93 493.68 399.69 494.16 399.45 c 494.76 399.09 495.12 398.73 495.36 398.37 c 495.72 397.89 495.84 397.53 495.84 397.17 c 495.84 397.05 495.84 396.93 495.84 396.81 c 496.2 396.45 496.8 396.33 497.28 396.33 c 497.4 396.33 497.4 396.33 497.4 396.21 c 497.4 395.37 l 497.4 395.37 497.4 395.25 497.28 395.25 c 496.92 395.25 496.68 395.37 496.32 395.49 c 495.96 395.61 495.72 395.85 495.36 396.09 c 495.36 396.09 495.24 395.97 495.24 395.97 c 495.12 395.97 495 395.85 495 395.85 c 494.28 395.49 493.32 395.25 491.88 395.25 c h f 
499.8 395.25 m 499.68 395.25 499.44 395.25 499.2 395.37 c 498.84 395.37 498.72 395.49 498.48 395.61 c 498.36 395.49 498.24 395.49 498 395.37 c 497.76 395.37 497.52 395.25 497.28 395.25 c 497.16 395.25 497.16 395.37 497.16 395.37 c 497.16 396.21 l 497.16 396.33 497.16 396.33 497.28 396.33 c 497.52 396.33 497.76 396.33 497.88 396.45 c 498 396.45 498.12 396.45 498.24 396.57 c 498.36 396.69 498.48 396.81 498.48 396.93 c 498.6 397.05 498.72 397.17 498.84 397.41 c 498.96 397.53 498.96 397.53 499.08 397.65 c 499.08 397.65 499.2 397.65 499.32 397.65 c 499.32 397.65 499.44 397.65 499.56 397.53 c 499.44 397.29 499.32 397.05 499.32 396.93 c 499.2 396.69 499.08 396.57 499.08 396.45 c 499.2 396.33 499.32 396.33 499.44 396.33 c 499.56 396.33 499.8 396.33 499.92 396.33 c 500.16 396.33 500.28 396.33 500.4 396.33 c 500.52 396.33 500.64 396.33 500.88 396.45 c 500.88 396.45 500.88 396.57 501 396.81 c 501 396.93 501.12 397.17 501.24 397.41 c 501.24 397.65 501.36 397.77 501.36 398.01 c 501.48 398.13 501.48 398.25 501.6 398.25 c 501.72 398.25 501.84 398.37 501.96 398.37 c 502.08 398.37 502.08 398.25 502.2 398.25 c 502.2 398.13 502.08 397.89 501.96 397.65 c 501.96 397.29 501.72 396.93 501.6 396.45 c 501.72 396.33 501.84 396.33 501.84 396.33 c 501.96 396.33 502.08 396.33 502.08 396.33 c 502.32 396.33 502.56 396.33 502.8 396.45 c 502.8 396.45 502.92 396.57 502.92 396.69 c 503.04 396.81 503.04 396.93 503.16 397.17 c 503.16 397.41 503.28 397.53 503.28 397.65 c 503.4 397.89 503.4 398.01 503.52 398.13 c 503.52 398.25 503.64 398.37 503.64 398.37 c 503.76 398.37 503.88 398.37 504 398.37 c 504.12 398.37 504.24 398.37 504.24 398.37 c 504.24 398.25 504.12 398.01 504 397.77 c 504 397.53 503.88 397.17 503.76 396.69 c 504 396.57 504.12 396.45 504.36 396.45 c 504.6 396.33 504.84 396.33 505.08 396.33 c 505.2 396.33 505.2 396.33 505.2 396.21 c 505.2 395.37 l 505.2 395.37 505.2 395.25 505.08 395.25 c 504.84 395.25 504.48 395.37 504.12 395.49 c 503.88 395.61 503.64 395.73 503.4 395.97 c 503.4 395.85 503.4 395.73 503.28 395.73 c 503.28 395.61 503.16 395.61 503.16 395.49 c 503.04 395.37 502.92 395.37 502.68 395.37 c 502.56 395.25 502.32 395.25 502.2 395.25 c 501.84 395.25 501.6 395.37 501.24 395.49 c 501.12 395.49 501.12 395.37 500.88 395.37 c 500.76 395.37 500.52 395.25 500.4 395.25 c 500.16 395.25 500.04 395.25 499.8 395.25 c h 500.64 399.09 m 500.4 399.21 500.28 399.33 500.16 399.45 c 500.04 399.57 499.92 399.69 499.92 399.69 c 500.04 399.81 500.04 399.93 500.16 400.05 c 500.28 400.17 500.4 400.29 500.64 400.53 c 500.64 400.41 500.76 400.29 500.76 400.17 c 500.88 400.17 501.12 399.93 501.24 399.81 c 501.12 399.69 501.12 399.57 501 399.45 c 500.88 399.33 500.76 399.21 500.64 399.09 c h 502.2 399.21 m 502.08 399.33 501.96 399.45 501.84 399.57 c 501.72 399.69 501.6 399.81 501.48 399.93 c 501.6 399.93 501.72 400.05 501.84 400.17 c 501.96 400.29 502.08 400.41 502.2 400.65 c 502.32 400.53 502.44 400.41 502.44 400.29 c 502.56 400.17 502.68 400.05 502.92 399.93 c 502.8 399.81 502.68 399.69 502.56 399.57 c 502.44 399.45 502.32 399.33 502.2 399.21 c h 501.36 400.17 m 501.24 400.29 501.12 400.41 501 400.53 c 500.88 400.53 500.88 400.65 500.76 400.77 c 500.88 400.89 501 401.01 501.12 401.13 c 501.24 401.25 501.24 401.37 501.36 401.49 c 501.48 401.37 501.48 401.25 501.6 401.13 c 501.72 401.01 501.84 400.89 501.96 400.77 c 501.84 400.65 501.72 400.53 501.72 400.41 c 501.6 400.29 501.48 400.29 501.36 400.17 c h f 
504.96 395.25 m 504.96 395.25 504.84 395.37 504.84 395.37 c 504.84 396.21 l 504.84 396.33 504.96 396.33 504.96 396.33 c 505.44 396.33 505.8 396.45 506.28 396.57 c 506.16 396.93 506.16 397.17 506.16 397.41 c 506.16 397.65 506.16 398.01 506.04 398.25 c 506.04 398.73 505.92 399.45 505.92 400.05 c 505.8 400.77 505.68 401.49 505.56 402.33 c 505.68 402.45 505.8 402.57 506.04 402.69 c 506.16 402.81 506.28 402.93 506.52 403.05 c 506.52 402.57 506.52 402.09 506.52 401.49 c 506.64 400.89 506.64 400.29 506.64 399.69 c 506.76 399.21 506.76 398.73 506.76 398.25 c 506.76 397.77 506.76 397.29 506.76 396.93 c 506.76 396.81 506.76 396.57 506.64 396.33 c 506.52 396.09 506.52 395.85 506.4 395.73 c 506.28 395.61 506.16 395.49 505.92 395.37 c 505.68 395.37 505.32 395.25 504.96 395.25 c h f 
508.68 395.25 m 508.68 395.97 508.68 396.69 508.68 397.29 c 508.56 397.89 508.56 398.49 508.56 398.97 c 508.56 399.57 508.44 400.05 508.44 400.53 c 508.44 401.01 508.32 401.49 508.32 401.97 c 508.32 402.21 508.32 402.45 508.44 402.57 c 508.44 402.69 508.56 402.81 508.68 402.93 c 508.8 402.93 509.04 403.05 509.28 403.05 c 509.28 402.81 509.4 402.69 509.4 402.45 c 509.52 402.21 509.64 401.85 509.64 401.61 c 509.28 401.37 l 509.4 400.89 509.4 400.29 509.4 399.69 c 509.4 399.09 509.4 398.49 509.4 397.77 c 509.4 397.05 509.28 396.21 509.28 395.37 c 508.68 395.25 l h f 
515.76 392.25 m 515.04 392.25 514.56 392.49 514.2 392.85 c 513.84 393.21 513.72 393.81 513.72 394.53 c 513.72 394.65 513.72 394.77 513.72 394.89 c 513.72 395.13 513.72 395.25 513.72 395.37 c 513.84 395.61 513.84 395.85 513.96 396.09 c 514.32 395.97 l 514.32 395.61 514.2 395.37 514.2 395.13 c 514.2 394.53 514.32 394.17 514.68 393.81 c 514.92 393.57 515.28 393.33 515.76 393.33 c 516.12 393.33 516.6 393.45 516.96 393.57 c 517.32 393.69 517.68 393.81 517.92 394.05 c 518.16 394.17 518.4 394.41 518.64 394.65 c 518.28 396.33 l 518.16 397.05 518.04 397.77 517.92 398.37 c 517.92 398.97 517.8 399.57 517.68 400.05 c 517.68 400.29 517.68 400.53 517.56 400.65 c 517.56 400.89 517.56 401.13 517.56 401.25 c 517.56 401.49 517.44 401.61 517.44 401.73 c 517.44 401.85 517.44 401.97 517.44 402.09 c 517.44 402.33 517.56 402.57 517.68 402.69 c 517.8 402.93 518.04 403.05 518.4 403.05 c 518.4 402.81 518.52 402.57 518.52 402.33 c 518.64 402.09 518.76 401.85 518.76 401.61 c 518.52 401.37 l 518.64 400.17 518.76 399.09 518.76 398.37 c 518.88 397.53 519 396.93 519 396.57 c 519.24 396.45 519.6 396.33 519.84 396.33 c 519.96 396.33 519.96 396.33 519.96 396.21 c 519.96 395.37 l 519.96 395.37 519.96 395.25 519.84 395.25 c 519.72 395.25 519.6 395.25 519.48 395.37 c 519.36 395.37 519.24 395.37 519.12 395.49 c 519.12 395.13 l 519.12 394.65 518.88 394.17 518.64 393.69 c 518.28 393.33 517.92 392.97 517.44 392.61 c 517.08 392.49 516.84 392.49 516.6 392.37 c 516.36 392.25 516 392.25 515.76 392.25 c h f 
524.52 395.13 m 523.92 395.13 523.44 395.25 523.08 395.37 c 522.6 395.49 522.24 395.61 521.88 395.73 c 521.52 395.61 521.28 395.49 520.92 395.37 c 520.56 395.37 520.2 395.25 519.84 395.25 c 519.72 395.25 519.72 395.37 519.72 395.37 c 519.72 396.21 l 519.72 396.33 519.72 396.33 519.84 396.33 c 519.96 396.33 520.2 396.33 520.44 396.33 c 520.68 396.33 520.8 396.45 520.92 396.45 c 520.56 396.81 520.32 397.29 520.32 397.65 c 520.32 397.89 520.44 398.13 520.44 398.37 c 520.56 398.61 520.68 398.85 520.8 399.09 c 521.04 399.33 521.16 399.45 521.4 399.57 c 521.64 400.41 l 522.24 400.29 522.84 399.93 523.44 399.57 c 523.92 399.21 524.28 398.73 524.64 398.25 c 524.88 397.65 525.12 397.17 525.12 396.57 c 525.12 396.45 525 396.21 524.88 395.97 c 524.76 395.61 524.64 395.37 524.52 395.13 c h 521.88 396.81 m 522.12 396.93 522.24 397.05 522.36 397.29 c 522.48 397.53 522.48 397.65 522.48 398.01 c 522.48 398.13 522.48 398.37 522.24 398.49 c 522.12 398.73 522 398.73 521.88 398.73 c 521.76 398.73 521.64 398.73 521.52 398.61 c 521.28 398.61 521.16 398.37 521.04 398.25 c 521.04 398.13 521.04 398.13 520.92 398.01 c 520.92 397.89 520.92 397.77 520.8 397.65 c 521.04 397.53 521.16 397.41 521.4 397.17 c 521.52 397.05 521.76 396.93 521.88 396.81 c h 524.4 396.09 m 524.4 396.45 524.28 396.69 524.16 397.05 c 524.04 397.41 523.92 397.77 523.68 398.01 c 523.56 398.13 523.44 398.25 523.32 398.37 c 523.2 398.61 523.08 398.61 522.96 398.73 c 523.08 398.49 523.2 398.25 523.2 397.89 c 523.2 397.41 523.08 396.93 522.72 396.45 c 522.96 396.33 523.2 396.33 523.44 396.21 c 523.8 396.21 524.16 396.09 524.4 396.09 c h f 
311.88 370.29 m 311.16 370.29 310.44 370.41 310.08 370.77 c 309.6 371.25 309.36 371.73 309.36 372.45 c 309.36 372.57 309.48 372.81 309.48 372.93 c 309.48 373.05 309.48 373.17 309.48 373.41 c 309.6 373.53 309.6 373.77 309.6 374.01 c 310.08 373.89 l 309.96 373.53 309.96 373.29 309.96 373.05 c 309.96 372.57 310.2 372.09 310.44 371.73 c 310.8 371.49 311.28 371.37 312 371.37 c 312.6 371.37 313.08 371.37 313.56 371.49 c 313.92 371.49 314.4 371.61 314.76 371.73 c 314.88 371.73 315.12 371.85 315.24 371.97 c 315.36 371.97 315.6 372.09 315.72 372.21 c 315.48 372.33 315.12 372.45 315 372.57 c 314.76 372.69 314.52 372.81 314.28 372.93 c 314.16 373.05 314.04 373.17 313.92 373.29 c 313.68 373.41 313.68 373.53 313.68 373.53 c 313.68 373.65 313.68 373.65 313.68 373.77 c 313.68 373.89 313.8 374.01 313.8 374.13 c 313.92 374.25 313.92 374.25 313.92 374.37 c 314.04 374.49 314.04 374.49 314.16 374.49 c 314.4 374.49 314.76 374.37 315.24 374.37 c 315.6 374.37 316.08 374.25 316.56 374.25 c 316.68 374.25 316.68 374.25 316.68 374.13 c 316.68 373.41 l 316.68 373.29 316.68 373.29 316.56 373.29 c 316.44 373.29 316.2 373.29 316.08 373.29 c 315.84 373.29 315.6 373.29 315.36 373.41 c 315.24 373.41 315 373.41 314.88 373.41 c 315 373.41 315.24 373.29 315.36 373.17 c 315.48 373.17 315.6 373.05 315.6 373.05 c 315.72 372.93 315.84 372.93 315.96 372.81 c 316.08 372.81 316.08 372.69 316.08 372.57 c 316.08 372.45 316.2 372.33 316.2 372.21 c 316.2 371.97 316.08 371.85 315.84 371.61 c 315.72 371.37 315.36 371.25 315 371.01 c 314.76 370.89 314.28 370.65 313.8 370.53 c 313.2 370.29 312.48 370.29 311.88 370.29 c h f 
316.56 373.29 m 316.44 373.29 316.44 373.29 316.44 373.29 c 316.44 374.25 l 316.44 374.25 316.44 374.25 316.56 374.25 c 316.92 374.25 317.4 374.37 317.76 374.61 c 317.76 374.85 317.76 375.09 317.76 375.45 c 317.64 375.69 317.64 375.93 317.64 376.17 c 317.64 376.77 317.52 377.37 317.4 378.09 c 317.28 378.69 317.28 379.53 317.16 380.37 c 317.28 380.49 317.4 380.61 317.52 380.73 c 317.76 380.73 317.88 380.85 318.12 380.97 c 318.12 380.49 318.12 380.01 318.12 379.41 c 318.12 378.93 318.24 378.33 318.24 377.73 c 318.24 377.13 318.24 376.65 318.24 376.17 c 318.36 375.69 318.36 375.33 318.36 374.85 c 318.36 374.73 318.24 374.49 318.24 374.25 c 318.12 374.13 318 373.89 317.88 373.65 c 317.88 373.53 317.64 373.41 317.4 373.41 c 317.16 373.29 316.92 373.29 316.56 373.29 c h f 
320.28 373.29 m 320.28 374.01 320.28 374.61 320.16 375.21 c 320.16 375.81 320.16 376.41 320.16 377.01 c 320.04 377.49 320.04 378.09 320.04 378.57 c 319.92 379.05 319.92 379.53 319.92 380.01 c 319.92 380.25 319.92 380.37 319.92 380.49 c 320.04 380.61 320.16 380.73 320.28 380.85 c 320.4 380.97 320.64 380.97 320.76 380.97 c 320.88 380.85 320.88 380.61 321 380.37 c 321 380.13 321.12 379.89 321.24 379.65 c 320.88 379.29 l 320.88 378.81 320.88 378.21 320.88 377.61 c 321 377.01 320.88 376.41 320.88 375.69 c 320.88 374.97 320.88 374.25 320.88 373.29 c 320.28 373.29 l h 319.92 370.41 m 319.92 370.89 l 320.28 371.13 l 320.04 371.25 319.92 371.37 319.92 371.61 c 319.92 371.73 319.92 371.97 320.04 372.09 c 320.16 372.21 320.28 372.33 320.4 372.45 c 320.52 372.45 320.64 372.57 320.76 372.57 c 321 372.57 321.24 372.33 321.24 372.09 c 321.24 371.97 321.12 371.85 321.12 371.73 c 320.88 371.85 l 320.88 371.85 l 320.88 371.97 320.88 371.97 320.76 371.97 c 320.64 371.97 320.52 371.97 320.52 371.85 c 320.4 371.85 320.28 371.73 320.28 371.61 c 320.4 371.49 320.52 371.37 320.76 371.37 c 320.88 371.37 321 371.37 321 371.37 c 321.12 371.37 321.24 371.49 321.36 371.49 c 321.36 371.01 l 321.12 371.01 320.88 370.89 320.76 370.89 c 320.64 370.77 320.52 370.77 320.4 370.65 c 320.28 370.65 320.04 370.53 319.92 370.41 c h f 
328.2 373.17 m 327.24 373.17 326.64 373.41 326.16 373.77 c 325.68 374.13 325.44 374.61 325.44 375.33 c 325.44 375.81 325.44 376.17 325.56 376.65 c 326.04 376.65 l 326.04 376.53 326.04 376.53 326.04 376.41 c 326.04 376.29 325.92 376.17 325.92 376.05 c 325.92 375.57 326.04 375.21 326.28 374.97 c 326.4 374.73 326.64 374.61 327 374.49 c 327.24 374.37 327.48 374.37 327.72 374.37 c 327.96 374.25 328.2 374.25 328.44 374.25 c 329.16 374.25 329.88 374.37 330.6 374.49 c 331.2 374.61 331.8 374.85 332.4 375.09 c 332.28 375.21 332.28 375.45 332.16 375.57 c 332.04 375.81 331.92 376.05 331.92 376.29 c 331.8 376.41 331.8 376.65 331.68 376.77 c 331.68 376.89 331.68 377.01 331.68 377.01 c 331.68 377.25 331.68 377.37 331.92 377.61 c 332.04 377.73 332.28 377.97 332.52 378.09 c 332.64 377.61 332.64 377.25 332.76 376.89 c 332.76 376.53 332.88 376.29 332.88 376.05 c 332.88 375.81 332.88 375.69 332.88 375.45 c 332.88 375.33 332.88 375.21 332.88 374.97 c 332.76 374.73 332.64 374.49 332.52 374.25 c 332.16 374.01 331.8 373.89 331.32 373.65 c 330.84 373.53 330.36 373.41 329.88 373.29 c 329.4 373.29 328.8 373.17 328.2 373.17 c h 328.92 370.77 m 328.8 370.89 328.56 371.01 328.44 371.13 c 328.32 371.37 328.2 371.49 328.08 371.61 c 328.32 371.73 328.44 371.85 328.56 371.97 c 328.68 372.21 328.8 372.33 328.92 372.45 c 329.16 372.21 329.4 371.85 329.76 371.61 c 329.64 371.49 329.52 371.37 329.4 371.25 c 329.28 371.13 329.16 370.89 328.92 370.77 c h f 
335.76 370.89 m 335.64 370.89 335.52 371.01 335.28 371.01 c 335.04 371.13 334.8 371.25 334.56 371.37 c 334.44 371.49 334.2 371.61 334.08 371.73 c 334.2 372.09 l 334.44 372.09 334.68 371.97 334.8 371.97 c 335.04 371.97 335.28 371.97 335.52 371.97 c 336 371.97 336.48 372.09 336.84 372.21 c 337.2 372.45 337.56 372.81 337.8 373.29 c 337.44 373.29 337.08 373.29 336.84 373.29 c 336.6 373.41 336.36 373.41 336.12 373.41 c 335.76 373.53 335.52 373.77 335.28 373.89 c 335.16 374.13 335.04 374.49 335.04 374.85 c 335.04 375.33 335.04 375.69 335.28 376.05 c 335.4 376.53 335.64 376.77 335.88 377.01 c 336.12 377.25 336.36 377.37 336.6 377.37 c 336.96 377.37 337.2 377.25 337.56 377.01 c 337.8 376.65 338.04 376.29 338.16 375.81 c 338.28 375.57 338.4 375.33 338.4 375.09 c 338.4 374.85 338.52 374.61 338.52 374.25 c 339.12 374.25 l 339.24 374.25 339.24 374.25 339.24 374.25 c 339.24 373.29 l 339.24 373.29 339.24 373.29 339.12 373.29 c 338.4 373.29 l 338.28 372.81 338.04 372.33 337.8 371.97 c 337.56 371.61 337.2 371.37 336.84 371.13 c 336.48 371.01 336.24 370.89 335.76 370.89 c h 337.92 374.25 m 337.8 374.73 337.68 375.09 337.56 375.33 c 337.44 375.57 337.2 375.81 337.08 376.05 c 336.84 376.17 336.72 376.29 336.48 376.29 c 336.24 376.29 336.12 376.17 336 376.17 c 335.88 376.05 335.76 375.93 335.64 375.69 c 335.52 375.57 335.52 375.45 335.52 375.33 c 335.52 374.97 335.64 374.85 335.76 374.73 c 336 374.61 336.24 374.49 336.6 374.37 c 336.72 374.37 336.96 374.37 337.2 374.37 c 337.32 374.37 337.68 374.37 337.92 374.25 c h f 
341.64 373.17 m 341.4 373.17 341.16 373.29 340.92 373.29 c 340.68 373.41 340.44 373.53 340.32 373.53 c 340.2 373.53 339.96 373.41 339.72 373.29 c 339.48 373.29 339.24 373.29 339 373.29 c 339 373.29 339 373.29 339 373.29 c 339 374.25 l 339 374.25 339 374.25 339 374.25 c 339.36 374.25 339.48 374.37 339.72 374.37 c 339.84 374.37 339.96 374.49 340.08 374.61 c 340.2 374.61 340.2 374.73 340.32 374.73 c 340.32 374.85 340.32 374.85 340.44 374.97 c 340.44 375.09 340.56 375.21 340.68 375.45 c 340.68 375.45 340.8 375.57 340.8 375.57 c 340.92 375.57 340.92 375.69 341.04 375.69 c 341.16 375.69 341.28 375.57 341.4 375.57 c 341.28 375.21 341.16 374.97 341.04 374.85 c 341.04 374.61 340.92 374.49 340.92 374.37 c 340.92 374.37 341.04 374.37 341.28 374.25 c 341.4 374.25 341.52 374.25 341.76 374.25 c 341.88 374.25 342.12 374.25 342.24 374.25 c 342.36 374.37 342.48 374.37 342.6 374.37 c 342.72 374.49 342.72 374.61 342.84 374.73 c 342.84 374.97 342.96 375.09 342.96 375.33 c 343.08 375.57 343.2 375.81 343.2 375.93 c 343.32 376.05 343.32 376.17 343.44 376.17 c 343.44 376.29 343.56 376.29 343.68 376.29 c 343.8 376.29 343.92 376.29 344.04 376.17 c 343.92 376.05 343.92 375.81 343.8 375.57 c 343.68 375.33 343.68 375.09 343.56 374.73 c 343.8 374.61 344.04 374.49 344.16 374.49 c 344.4 374.37 344.64 374.37 344.88 374.37 c 345.12 374.25 345.36 374.25 345.6 374.25 c 345.6 374.37 345.48 374.61 345.36 374.73 c 345.36 374.97 345.24 375.21 345.12 375.45 c 345.12 375.57 345 375.81 345 375.93 c 344.88 376.05 344.88 376.17 344.88 376.29 c 344.88 376.41 345 376.65 345.12 376.77 c 345.24 377.01 345.48 377.13 345.72 377.25 c 345.84 376.89 345.84 376.65 345.96 376.29 c 345.96 375.93 346.08 375.69 346.08 375.33 c 346.2 375.09 346.2 374.85 346.2 374.73 c 346.2 374.61 346.2 374.49 346.08 374.25 c 346.08 374.13 345.96 373.89 345.96 373.77 c 345.84 373.53 345.84 373.41 345.72 373.17 c 345.24 373.17 344.76 373.29 344.4 373.29 c 344.04 373.41 343.56 373.53 343.2 373.77 c 343.2 373.65 343.08 373.65 343.08 373.53 c 343.08 373.41 342.96 373.41 342.84 373.41 c 342.6 373.29 342.48 373.29 342.24 373.29 c 342 373.29 341.88 373.17 341.64 373.17 c h f 
349.92 373.29 m 349.56 373.29 349.32 373.29 348.96 373.41 c 348.72 373.53 348.6 373.65 348.36 373.89 c 348.24 374.01 348.24 374.25 348.12 374.49 c 348.12 374.73 348.12 374.97 348.12 375.21 c 348 375.57 348 375.81 348 376.17 c 348 376.53 347.88 377.01 347.88 377.37 c 347.88 377.85 347.76 378.33 347.76 378.81 c 347.76 379.29 347.64 379.77 347.64 380.37 c 347.76 380.49 348 380.61 348.12 380.73 c 348.24 380.73 348.48 380.85 348.6 380.97 c 348.6 380.37 348.72 379.77 348.72 379.29 c 348.72 378.69 348.72 378.09 348.72 377.37 c 348.72 376.77 348.72 376.17 348.72 375.45 c 348.84 374.61 l 348.96 374.49 349.08 374.37 349.32 374.37 c 349.56 374.37 349.68 374.25 349.92 374.25 c 349.92 374.25 350.04 374.25 350.04 374.25 c 350.04 373.29 l 350.04 373.29 349.92 373.29 349.92 373.29 c h f 
349.8 373.29 m 349.8 373.29 349.68 373.29 349.68 373.29 c 349.68 374.25 l 349.68 374.25 349.8 374.25 349.8 374.25 c 350.52 374.25 351 374.37 351.48 374.37 c 352.08 374.49 352.44 374.61 352.92 374.73 c 353.16 374.85 353.4 374.97 353.64 374.97 c 353.76 375.09 354 375.09 354.12 375.09 c 354 375.21 353.88 375.21 353.76 375.33 c 353.52 375.45 353.4 375.57 353.28 375.57 c 353.04 375.81 352.8 375.93 352.56 376.05 c 352.44 376.17 352.2 376.17 352.08 376.17 c 351.84 376.17 351.6 376.17 351.36 376.05 c 351.24 376.05 351 375.93 350.76 375.69 c 350.64 375.81 350.64 375.81 350.64 375.93 c 350.52 376.05 350.52 376.17 350.52 376.29 c 350.52 376.53 350.64 376.77 351 377.01 c 351.24 377.13 351.6 377.25 351.96 377.25 c 352.2 377.25 352.44 377.25 352.68 377.13 c 352.92 377.01 353.28 376.89 353.52 376.65 c 353.88 376.41 354.24 376.17 354.6 376.05 c 354.84 375.93 355.08 375.81 355.44 375.69 c 355.56 375.69 355.8 375.69 356.04 375.69 c 356.28 375.57 356.52 375.57 356.76 375.57 c 356.28 374.73 l 356.28 374.73 356.16 374.73 356.04 374.73 c 355.92 374.73 355.8 374.73 355.68 374.73 c 355.56 374.73 355.56 374.73 355.44 374.73 c 355.56 374.73 355.56 374.61 355.68 374.49 c 355.8 374.49 355.92 374.37 356.04 374.37 c 356.16 374.37 356.4 374.37 356.64 374.37 c 356.88 374.25 357.24 374.25 357.48 374.25 c 357.6 374.25 357.6 374.25 357.6 374.25 c 357.6 373.29 l 357.6 373.29 357.6 373.29 357.48 373.29 c 357.24 373.29 356.88 373.29 356.64 373.29 c 356.28 373.29 356.04 373.41 355.8 373.41 c 355.56 373.53 355.44 373.65 355.32 373.77 c 355.2 373.77 355.08 374.01 354.96 374.13 c 354.84 374.25 354.84 374.49 354.72 374.61 c 354.6 374.61 354.48 374.61 354.36 374.49 c 354.24 374.49 354 374.37 353.88 374.25 c 353.76 374.13 353.64 374.13 353.4 374.01 c 353.16 373.89 352.92 373.65 352.68 373.65 c 352.44 373.53 352.2 373.41 351.84 373.41 c 351.6 373.29 351.36 373.29 351 373.29 c 350.64 373.29 350.28 373.29 349.8 373.29 c h f 
357.48 373.29 m 357.36 373.29 357.36 373.29 357.36 373.29 c 357.36 374.25 l 357.36 374.25 357.36 374.25 357.48 374.25 c 357.84 374.25 358.32 374.37 358.68 374.61 c 358.68 374.85 358.68 375.09 358.56 375.45 c 358.56 375.69 358.56 375.93 358.56 376.17 c 358.44 376.77 358.44 377.37 358.32 378.09 c 358.2 378.69 358.08 379.53 357.96 380.37 c 358.08 380.49 358.32 380.61 358.44 380.73 c 358.56 380.73 358.8 380.85 358.92 380.97 c 358.92 380.49 359.04 380.01 359.04 379.41 c 359.04 378.93 359.04 378.33 359.16 377.73 c 359.16 377.13 359.16 376.65 359.16 376.17 c 359.16 375.69 359.16 375.33 359.16 374.85 c 359.16 374.73 359.16 374.49 359.04 374.25 c 359.04 374.13 358.92 373.89 358.8 373.65 c 358.68 373.53 358.56 373.41 358.32 373.41 c 358.08 373.29 357.84 373.29 357.48 373.29 c h f 
361.2 373.29 m 361.08 374.01 361.08 374.61 361.08 375.21 c 361.08 375.81 361.08 376.41 360.96 377.01 c 360.96 377.49 360.96 378.09 360.96 378.57 c 360.84 379.05 360.84 379.53 360.72 380.01 c 360.72 380.25 360.84 380.37 360.84 380.49 c 360.96 380.61 361.08 380.73 361.2 380.85 c 361.32 380.97 361.44 380.97 361.68 380.97 c 361.68 380.85 361.8 380.61 361.92 380.37 c 361.92 380.13 362.04 379.89 362.16 379.65 c 361.8 379.29 l 361.8 378.81 361.8 378.21 361.8 377.61 c 361.8 377.01 361.8 376.41 361.8 375.69 c 361.8 374.97 361.8 374.25 361.8 373.29 c 361.2 373.29 l h f 
370.92 373.29 m 370.56 373.29 370.08 373.29 369.84 373.53 c 369.6 373.65 369.36 373.89 369.36 374.25 c 369.24 374.49 l 368.88 373.65 l 368.64 373.65 368.4 373.77 368.28 373.77 c 368.16 373.77 367.92 373.77 367.92 373.77 c 367.8 373.89 367.68 373.89 367.56 373.89 c 367.32 374.01 367.2 374.01 367.08 374.13 c 366.84 374.25 366.72 374.37 366.6 374.49 c 366.48 374.61 366.36 374.73 366.36 374.73 c 366.36 374.85 366.48 374.97 366.48 375.09 c 366.48 375.21 366.6 375.33 366.6 375.57 c 366.72 375.69 366.72 375.81 366.84 375.93 c 366.84 376.05 366.96 376.17 367.2 376.29 c 367.32 376.53 367.56 376.65 367.92 376.89 c 368.16 377.13 368.52 377.25 368.76 377.37 c 368.76 377.73 l 368.88 377.85 369 377.97 369.12 377.97 c 369.12 378.09 369.24 378.09 369.36 378.21 c 369.48 378.21 369.6 378.33 369.72 378.45 c 369.72 377.73 369.72 377.13 369.72 376.53 c 369.72 375.81 369.72 375.21 369.72 374.61 c 370.08 374.37 370.56 374.25 370.92 374.25 c 371.04 374.25 371.04 374.25 371.04 374.25 c 371.04 373.29 l 371.04 373.29 371.04 373.29 370.92 373.29 c h 369.24 374.73 m 369.12 374.97 369.12 375.33 369.12 375.57 c 369 375.93 369 376.17 368.88 376.53 c 368.04 376.17 367.44 375.81 367.08 375.33 c 367.32 375.21 367.44 375.09 367.68 374.97 c 367.92 374.85 368.16 374.85 368.4 374.85 c 368.52 374.85 368.64 374.73 368.88 374.73 c 369 374.73 369.12 374.73 369.24 374.73 c h 369.12 378.81 m 368.88 378.93 368.76 379.05 368.64 379.17 c 368.52 379.29 368.4 379.41 368.28 379.53 c 368.4 379.53 368.52 379.65 368.64 379.77 c 368.76 379.89 368.88 380.13 369.12 380.25 c 369.12 380.25 369.24 380.13 369.36 380.01 c 369.48 379.89 369.6 379.77 369.84 379.53 c 369.6 379.29 369.36 379.05 369.12 378.81 c h 367.44 378.57 m 367.32 378.81 367.08 378.93 366.96 379.05 c 366.84 379.17 366.72 379.29 366.72 379.29 c 366.72 379.41 366.84 379.53 366.96 379.65 c 367.2 379.77 367.32 380.01 367.44 380.13 c 367.44 380.01 367.56 380.01 367.68 379.89 c 367.8 379.77 367.92 379.53 368.16 379.41 c 368.04 379.29 367.92 379.17 367.8 379.05 c 367.68 378.93 367.56 378.81 367.44 378.57 c h f 
373.44 373.17 m 373.2 373.17 373.08 373.29 372.72 373.29 c 372.48 373.41 372.24 373.53 372.12 373.53 c 372 373.53 371.76 373.41 371.52 373.29 c 371.4 373.29 371.16 373.29 370.8 373.29 c 370.8 373.29 370.8 373.29 370.8 373.29 c 370.8 374.25 l 370.8 374.25 370.8 374.25 370.8 374.25 c 371.16 374.25 371.28 374.37 371.52 374.37 c 371.64 374.37 371.76 374.49 371.88 374.61 c 372 374.61 372 374.73 372.12 374.73 c 372.12 374.85 372.12 374.85 372.24 374.97 c 372.24 375.09 372.36 375.21 372.48 375.45 c 372.48 375.45 372.6 375.57 372.6 375.57 c 372.72 375.57 372.84 375.69 372.84 375.69 c 372.96 375.69 373.08 375.57 373.2 375.57 c 373.08 375.21 372.96 374.97 372.84 374.85 c 372.84 374.61 372.72 374.49 372.72 374.37 c 372.72 374.37 372.84 374.37 373.08 374.25 c 373.2 374.25 373.32 374.25 373.56 374.25 c 373.68 374.25 373.92 374.25 374.04 374.25 c 374.16 374.37 374.28 374.37 374.4 374.37 c 374.52 374.49 374.52 374.61 374.64 374.73 c 374.64 374.97 374.76 375.09 374.76 375.33 c 374.88 375.57 375 375.81 375 375.93 c 375.12 376.05 375.12 376.17 375.24 376.17 c 375.24 376.29 375.36 376.29 375.48 376.29 c 375.6 376.29 375.72 376.29 375.84 376.17 c 375.72 376.05 375.72 375.81 375.6 375.57 c 375.48 375.33 375.48 375.09 375.36 374.73 c 375.6 374.61 375.84 374.49 376.08 374.49 c 376.2 374.37 376.44 374.37 376.68 374.37 c 376.92 374.25 377.16 374.25 377.4 374.25 c 377.4 374.37 377.28 374.61 377.16 374.73 c 377.16 374.97 377.04 375.21 376.92 375.45 c 376.92 375.57 376.8 375.81 376.8 375.93 c 376.68 376.05 376.68 376.17 376.68 376.29 c 376.68 376.41 376.8 376.65 376.92 376.77 c 377.04 377.01 377.28 377.13 377.52 377.25 c 377.64 376.89 377.64 376.65 377.76 376.29 c 377.76 375.93 377.88 375.69 377.88 375.33 c 378 375.09 378 374.85 378 374.73 c 378 374.61 378 374.49 377.88 374.25 c 377.88 374.13 377.88 373.89 377.76 373.77 c 377.64 373.53 377.64 373.41 377.52 373.17 c 377.04 373.17 376.56 373.29 376.2 373.29 c 375.84 373.41 375.36 373.53 375 373.77 c 375 373.65 374.88 373.65 374.88 373.53 c 374.88 373.41 374.76 373.41 374.64 373.41 c 374.4 373.29 374.28 373.29 374.04 373.29 c 373.8 373.29 373.68 373.17 373.44 373.17 c h 374.16 377.01 m 374.04 377.13 373.92 377.25 373.8 377.37 c 373.68 377.49 373.56 377.61 373.56 377.73 c 373.56 377.85 373.68 377.97 373.8 378.09 c 373.92 378.21 374.04 378.33 374.16 378.45 c 374.28 378.33 374.28 378.33 374.4 378.21 c 374.52 378.09 374.64 377.97 374.88 377.73 c 374.76 377.61 374.64 377.49 374.52 377.37 c 374.52 377.25 374.4 377.13 374.16 377.01 c h 375.84 377.25 m 375.72 377.25 375.6 377.37 375.48 377.49 c 375.36 377.61 375.24 377.73 375.12 377.85 c 375.24 377.97 375.36 378.09 375.48 378.21 c 375.6 378.33 375.72 378.45 375.84 378.57 c 375.96 378.45 375.96 378.45 376.08 378.33 c 376.2 378.21 376.32 378.09 376.44 377.97 c 376.44 377.85 376.32 377.73 376.2 377.61 c 376.08 377.49 375.96 377.37 375.84 377.25 c h 375 378.21 m 374.88 378.21 374.76 378.33 374.64 378.45 c 374.52 378.57 374.4 378.69 374.4 378.69 c 374.52 378.93 374.64 379.05 374.76 379.05 c 374.76 379.17 374.88 379.29 375 379.41 c 375 379.29 375.12 379.17 375.24 379.05 c 375.36 378.93 375.48 378.93 375.6 378.69 c 375.48 378.57 375.36 378.45 375.24 378.45 c 375.12 378.33 375.12 378.21 375 378.21 c h f 
381.72 373.29 m 381.36 373.29 381.12 373.29 380.88 373.41 c 380.52 373.53 380.4 373.65 380.28 373.89 c 380.04 374.01 380.04 374.25 379.92 374.49 c 379.92 374.73 379.92 374.97 379.92 375.21 c 379.92 375.57 379.8 375.81 379.8 376.17 c 379.8 376.53 379.68 377.01 379.68 377.37 c 379.68 377.85 379.56 378.33 379.56 378.81 c 379.56 379.29 379.44 379.77 379.44 380.37 c 379.56 380.49 379.8 380.61 379.92 380.73 c 380.04 380.73 380.28 380.85 380.4 380.97 c 380.4 380.37 380.52 379.77 380.52 379.29 c 380.52 378.69 380.52 378.09 380.52 377.37 c 380.52 376.77 380.52 376.17 380.52 375.45 c 380.64 374.61 l 380.76 374.49 381 374.37 381.12 374.37 c 381.36 374.37 381.48 374.25 381.72 374.25 c 381.84 374.25 381.84 374.25 381.84 374.25 c 381.84 373.29 l 381.84 373.29 381.84 373.29 381.72 373.29 c h f 
384.24 373.17 m 384 373.17 383.76 373.29 383.52 373.29 c 383.28 373.41 383.04 373.53 382.92 373.53 c 382.8 373.53 382.56 373.41 382.32 373.29 c 382.08 373.29 381.84 373.29 381.6 373.29 c 381.6 373.29 381.48 373.29 381.48 373.29 c 381.48 374.25 l 381.48 374.25 381.6 374.25 381.6 374.25 c 381.84 374.25 382.08 374.37 382.2 374.37 c 382.44 374.37 382.56 374.49 382.68 374.61 c 382.68 374.61 382.8 374.73 382.8 374.73 c 382.92 374.85 382.92 374.85 383.04 374.97 c 383.04 375.09 383.16 375.21 383.28 375.45 c 383.28 375.45 383.4 375.57 383.4 375.57 c 383.52 375.57 383.52 375.69 383.64 375.69 c 383.76 375.69 383.88 375.57 384 375.57 c 383.88 375.21 383.76 374.97 383.64 374.85 c 383.52 374.61 383.52 374.49 383.4 374.37 c 383.52 374.37 383.64 374.37 383.76 374.25 c 384 374.25 384.12 374.25 384.36 374.25 c 384.48 374.25 384.72 374.25 384.84 374.25 c 384.96 374.37 385.08 374.37 385.2 374.37 c 385.32 374.49 385.32 374.61 385.44 374.73 c 385.44 374.97 385.56 375.09 385.56 375.33 c 385.68 375.57 385.68 375.81 385.8 375.93 c 385.8 376.05 385.92 376.17 386.04 376.17 c 386.04 376.29 386.16 376.29 386.28 376.29 c 386.4 376.29 386.52 376.29 386.64 376.17 c 386.52 376.05 386.52 375.81 386.4 375.57 c 386.28 375.33 386.16 375.09 386.16 374.73 c 386.4 374.61 386.64 374.49 386.76 374.49 c 387 374.37 387.24 374.37 387.48 374.37 c 387.72 374.25 387.96 374.25 388.2 374.25 c 388.08 374.37 388.08 374.61 387.96 374.73 c 387.84 374.97 387.84 375.21 387.72 375.45 c 387.6 375.57 387.6 375.81 387.48 375.93 c 387.48 376.05 387.48 376.17 387.48 376.29 c 387.48 376.41 387.48 376.65 387.72 376.77 c 387.84 377.01 388.08 377.13 388.32 377.25 c 388.32 376.89 388.44 376.65 388.56 376.29 c 388.56 375.93 388.68 375.69 388.68 375.33 c 388.68 375.09 388.8 374.85 388.8 374.73 c 388.8 374.61 388.68 374.49 388.68 374.25 c 388.68 374.13 388.56 373.89 388.56 373.77 c 388.44 373.53 388.32 373.41 388.32 373.17 c 387.84 373.17 387.36 373.29 387 373.29 c 386.64 373.41 386.16 373.53 385.8 373.77 c 385.68 373.65 385.68 373.65 385.68 373.53 c 385.56 373.41 385.56 373.41 385.32 373.41 c 385.2 373.29 385.08 373.29 384.84 373.29 c 384.6 373.29 384.48 373.17 384.24 373.17 c h 384.96 377.01 m 384.84 377.13 384.72 377.25 384.6 377.37 c 384.48 377.49 384.36 377.61 384.24 377.73 c 384.36 377.85 384.48 377.97 384.6 378.09 c 384.72 378.21 384.84 378.33 384.96 378.45 c 384.96 378.33 385.08 378.33 385.2 378.21 c 385.32 378.09 385.44 377.97 385.68 377.73 c 385.56 377.61 385.44 377.49 385.32 377.37 c 385.2 377.25 385.08 377.13 384.96 377.01 c h 386.64 377.25 m 386.52 377.25 386.28 377.37 386.16 377.49 c 386.04 377.61 386.04 377.73 385.92 377.85 c 385.92 377.97 386.04 378.09 386.16 378.21 c 386.28 378.33 386.4 378.45 386.64 378.57 c 386.64 378.45 386.76 378.45 386.88 378.33 c 387 378.21 387.12 378.09 387.24 377.97 c 387.12 377.85 387.12 377.73 387 377.61 c 386.88 377.49 386.76 377.37 386.64 377.25 c h 385.8 378.21 m 385.68 378.21 385.56 378.33 385.44 378.45 c 385.32 378.57 385.2 378.69 385.08 378.69 c 385.2 378.93 385.32 379.05 385.44 379.05 c 385.56 379.17 385.68 379.29 385.8 379.41 c 385.8 379.29 385.92 379.17 386.04 379.05 c 386.16 378.93 386.28 378.93 386.4 378.69 c 386.28 378.57 386.16 378.45 386.04 378.45 c 385.92 378.33 385.8 378.21 385.8 378.21 c h f 
397.2 373.29 m 396.72 373.29 396.36 373.29 396.12 373.53 c 395.88 373.65 395.64 373.89 395.64 374.25 c 395.52 374.49 l 395.16 373.65 l 394.92 373.65 394.68 373.77 394.56 373.77 c 394.32 373.77 394.2 373.77 394.2 373.77 c 394.08 373.89 393.96 373.89 393.84 373.89 c 393.6 374.01 393.48 374.01 393.36 374.13 c 393.12 374.25 393 374.37 392.88 374.49 c 392.76 374.61 392.64 374.73 392.64 374.73 c 392.64 374.85 392.64 374.97 392.76 375.09 c 392.76 375.21 392.88 375.33 392.88 375.57 c 393 375.69 393 375.81 393.12 375.93 c 393.12 376.05 393.24 376.17 393.48 376.29 c 393.6 376.53 393.84 376.65 394.2 376.89 c 394.44 377.13 394.8 377.25 395.04 377.37 c 395.04 377.73 l 395.16 377.85 395.28 377.97 395.4 377.97 c 395.4 378.09 395.52 378.09 395.64 378.21 c 395.76 378.21 395.88 378.33 396 378.45 c 396 377.73 396 377.13 396 376.53 c 396 375.81 396 375.21 396 374.61 c 396.36 374.37 396.84 374.25 397.2 374.25 c 397.32 374.25 397.32 374.25 397.32 374.25 c 397.32 373.29 l 397.32 373.29 397.32 373.29 397.2 373.29 c h 395.52 374.73 m 395.4 374.97 395.4 375.33 395.4 375.57 c 395.28 375.93 395.28 376.17 395.16 376.53 c 394.32 376.17 393.72 375.81 393.36 375.33 c 393.48 375.21 393.72 375.09 393.96 374.97 c 394.2 374.85 394.44 374.85 394.68 374.85 c 394.8 374.85 394.92 374.73 395.04 374.73 c 395.28 374.73 395.4 374.73 395.52 374.73 c h f 
397.2 373.29 m 397.08 373.29 397.08 373.29 397.08 373.29 c 397.08 374.25 l 397.08 374.25 397.08 374.25 397.2 374.25 c 397.56 374.25 397.92 374.37 398.28 374.37 c 398.64 374.49 398.88 374.61 399.12 374.73 c 399.12 374.85 399 375.09 399 375.33 c 398.88 375.45 398.76 375.69 398.76 375.93 c 398.64 376.05 398.52 376.29 398.52 376.41 c 398.52 376.53 398.52 376.65 398.52 376.65 c 398.52 376.89 398.52 377.01 398.76 377.25 c 398.88 377.37 399.12 377.61 399.36 377.73 c 399.36 377.61 399.36 377.37 399.48 377.13 c 399.48 376.89 399.6 376.53 399.6 376.29 c 399.72 375.93 399.72 375.81 399.72 375.57 c 399.72 375.45 399.72 375.21 399.72 375.09 c 399.72 374.97 399.72 374.85 399.6 374.61 c 399.6 374.37 399.48 374.13 399.36 373.89 c 398.64 373.41 397.92 373.29 397.2 373.29 c h 398.76 370.77 m 398.64 370.89 398.4 371.01 398.28 371.13 c 398.16 371.37 398.04 371.49 397.92 371.61 c 398.04 371.73 398.28 371.85 398.4 371.97 c 398.52 372.21 398.64 372.33 398.76 372.45 c 399 372.21 399.24 371.85 399.48 371.61 c 399.48 371.49 399.36 371.37 399.24 371.25 c 399.12 371.13 398.88 370.89 398.76 370.77 c h f 
403.44 373.29 m 403.08 373.29 402.84 373.29 402.6 373.41 c 402.24 373.53 402.12 373.65 402 373.89 c 401.76 374.01 401.76 374.25 401.64 374.49 c 401.64 374.73 401.64 374.97 401.64 375.21 c 401.64 375.57 401.52 375.81 401.52 376.17 c 401.52 376.53 401.4 377.01 401.4 377.37 c 401.4 377.85 401.28 378.33 401.28 378.81 c 401.28 379.29 401.28 379.77 401.16 380.37 c 401.28 380.49 401.52 380.61 401.64 380.73 c 401.76 380.73 402 380.85 402.12 380.97 c 402.12 380.37 402.24 379.77 402.24 379.29 c 402.24 378.69 402.24 378.09 402.24 377.37 c 402.24 376.77 402.24 376.17 402.24 375.45 c 402.36 374.61 l 402.48 374.49 402.72 374.37 402.84 374.37 c 403.08 374.37 403.2 374.25 403.44 374.25 c 403.56 374.25 403.56 374.25 403.56 374.25 c 403.56 373.29 l 403.56 373.29 403.56 373.29 403.44 373.29 c h f 
405.96 373.17 m 405.72 373.17 405.48 373.29 405.24 373.29 c 405 373.41 404.76 373.41 404.64 373.53 c 404.52 373.53 404.28 373.41 404.04 373.29 c 403.8 373.29 403.56 373.29 403.32 373.29 c 403.32 373.29 403.2 373.29 403.2 373.29 c 403.2 374.25 l 403.2 374.25 403.32 374.25 403.32 374.25 c 403.56 374.25 403.8 374.37 403.92 374.37 c 404.16 374.37 404.28 374.49 404.4 374.61 c 404.52 374.73 404.52 374.73 404.64 374.85 c 404.76 374.97 404.88 375.21 405 375.45 c 405 375.45 405.12 375.57 405.12 375.57 c 405.24 375.57 405.24 375.69 405.36 375.69 c 405.48 375.69 405.6 375.57 405.72 375.57 c 405.6 375.33 405.48 375.09 405.36 374.85 c 405.24 374.61 405.24 374.49 405.12 374.37 c 405.24 374.37 405.36 374.37 405.48 374.25 c 405.72 374.25 405.84 374.25 406.08 374.25 c 406.2 374.25 406.32 374.25 406.56 374.25 c 406.68 374.25 406.8 374.37 406.92 374.37 c 407.04 374.49 407.04 374.61 407.16 374.73 c 407.16 374.97 407.28 375.09 407.28 375.33 c 407.4 375.57 407.4 375.81 407.52 375.93 c 407.52 376.05 407.64 376.17 407.76 376.17 c 407.76 376.29 407.88 376.29 408 376.29 c 408.12 376.29 408.24 376.29 408.36 376.17 c 408.24 376.05 408.24 375.93 408.12 375.57 c 408 375.33 407.88 374.85 407.76 374.37 c 407.76 374.37 407.88 374.25 408 374.25 c 408 374.25 408.12 374.25 408.24 374.25 c 408.48 374.25 408.72 374.25 408.96 374.37 c 408.96 374.49 408.96 374.49 409.08 374.61 c 409.08 374.73 409.2 374.97 409.2 375.09 c 409.32 375.33 409.32 375.45 409.44 375.69 c 409.44 375.81 409.56 376.05 409.68 376.17 c 409.68 376.17 409.68 376.29 409.8 376.29 c 409.92 376.41 409.92 376.41 410.04 376.41 c 410.16 376.41 410.28 376.41 410.4 376.29 c 410.28 376.17 410.28 375.93 410.16 375.69 c 410.04 375.45 409.92 375.09 409.8 374.61 c 410.04 374.49 410.28 374.49 410.52 374.37 c 410.64 374.37 410.88 374.25 411.24 374.25 c 411.24 374.25 411.24 374.25 411.24 374.25 c 411.24 373.29 l 411.24 373.29 411.24 373.29 411.24 373.29 c 410.88 373.29 410.64 373.29 410.28 373.41 c 409.92 373.53 409.68 373.77 409.56 373.89 c 409.56 373.77 409.44 373.77 409.44 373.65 c 409.44 373.53 409.32 373.53 409.2 373.41 c 409.2 373.41 409.08 373.29 408.84 373.29 c 408.6 373.29 408.48 373.17 408.24 373.17 c 408 373.17 407.64 373.29 407.4 373.53 c 407.28 373.41 407.16 373.41 407.04 373.29 c 406.92 373.29 406.68 373.29 406.44 373.29 c 406.32 373.29 406.08 373.17 405.96 373.17 c h 406.68 377.01 m 406.56 377.13 406.44 377.25 406.32 377.37 c 406.2 377.49 406.08 377.61 405.96 377.73 c 406.08 377.85 406.2 377.97 406.32 378.09 c 406.44 378.21 406.56 378.33 406.68 378.45 c 406.68 378.33 406.8 378.33 406.92 378.21 c 407.04 378.09 407.16 377.97 407.4 377.73 c 407.28 377.61 407.16 377.49 407.04 377.37 c 406.92 377.25 406.8 377.13 406.68 377.01 c h 408.36 377.25 m 408.24 377.25 408 377.37 407.88 377.49 c 407.76 377.61 407.76 377.73 407.64 377.85 c 407.64 377.97 407.76 378.09 407.88 378.21 c 408 378.33 408.12 378.45 408.36 378.57 c 408.36 378.45 408.48 378.45 408.6 378.33 c 408.72 378.21 408.84 378.09 408.96 377.97 c 408.84 377.85 408.84 377.73 408.72 377.61 c 408.6 377.49 408.48 377.37 408.36 377.25 c h 407.52 378.21 m 407.4 378.21 407.28 378.33 407.16 378.45 c 407.04 378.57 406.92 378.69 406.8 378.69 c 406.92 378.93 407.04 379.05 407.16 379.05 c 407.28 379.17 407.4 379.29 407.52 379.41 c 407.52 379.29 407.64 379.17 407.76 379.05 c 407.88 378.93 408 378.93 408.12 378.69 c 408 378.57 407.88 378.45 407.76 378.45 c 407.64 378.33 407.52 378.21 407.52 378.21 c h f 
411.12 373.29 m 411 373.29 411 373.29 411 373.29 c 411 374.25 l 411 374.25 411 374.25 411.12 374.25 c 411.48 374.25 411.84 374.37 412.2 374.37 c 412.56 374.49 412.92 374.61 413.16 374.73 c 413.04 374.85 413.04 375.09 412.92 375.33 c 412.8 375.45 412.8 375.69 412.68 375.93 c 412.56 376.05 412.56 376.29 412.44 376.41 c 412.44 376.53 412.44 376.65 412.44 376.65 c 412.44 376.89 412.56 377.01 412.68 377.25 c 412.8 377.37 413.04 377.61 413.28 377.73 c 413.28 377.61 413.28 377.37 413.4 377.13 c 413.4 376.89 413.52 376.53 413.52 376.29 c 413.64 375.93 413.64 375.81 413.64 375.57 c 413.76 375.45 413.76 375.21 413.76 375.09 c 413.76 374.97 413.64 374.85 413.64 374.61 c 413.52 374.37 413.4 374.13 413.28 373.89 c 412.56 373.41 411.84 373.29 411.12 373.29 c h 413.52 378.45 m 413.28 378.57 413.16 378.69 413.04 378.81 c 412.92 378.93 412.8 379.05 412.68 379.17 c 412.8 379.17 412.92 379.29 413.04 379.41 c 413.16 379.53 413.28 379.77 413.52 379.89 c 413.52 379.89 413.64 379.77 413.76 379.65 c 413.88 379.53 414 379.41 414.24 379.17 c 414 378.93 413.76 378.69 413.52 378.45 c h 411.84 378.21 m 411.6 378.33 411.48 378.45 411.36 378.57 c 411.24 378.69 411.12 378.81 411 378.93 c 411.12 379.05 411.24 379.17 411.36 379.29 c 411.48 379.41 411.72 379.53 411.84 379.77 c 411.84 379.65 411.96 379.53 412.08 379.41 c 412.2 379.41 412.32 379.17 412.56 379.05 c 412.44 378.93 412.32 378.81 412.2 378.69 c 412.08 378.57 411.96 378.33 411.84 378.21 c h f 
422.4 373.29 m 421.92 373.29 421.56 373.29 421.32 373.53 c 420.96 373.65 420.84 373.89 420.84 374.25 c 420.72 374.49 l 420.24 373.65 l 420.12 373.65 419.88 373.77 419.76 373.77 c 419.52 373.77 419.4 373.77 419.28 373.77 c 419.16 373.89 419.04 373.89 418.92 373.89 c 418.8 374.01 418.68 374.01 418.44 374.13 c 418.32 374.25 418.2 374.37 418.08 374.49 c 417.96 374.61 417.84 374.73 417.84 374.73 c 417.84 374.85 417.84 374.97 417.96 375.09 c 417.96 375.21 418.08 375.33 418.08 375.57 c 418.2 375.69 418.2 375.81 418.32 375.93 c 418.32 376.05 418.44 376.17 418.56 376.29 c 418.8 376.53 419.04 376.65 419.4 376.89 c 419.64 377.13 420 377.25 420.24 377.37 c 420.24 377.73 l 420.36 377.85 420.36 377.97 420.48 377.97 c 420.6 378.09 420.72 378.09 420.84 378.21 c 420.96 378.21 421.08 378.33 421.08 378.45 c 421.2 377.73 421.2 377.13 421.2 376.53 c 421.2 375.81 421.2 375.21 421.2 374.61 c 421.56 374.37 421.92 374.25 422.4 374.25 c 422.52 374.25 422.52 374.25 422.52 374.25 c 422.52 373.29 l 422.52 373.29 422.52 373.29 422.4 373.29 c h 420.72 374.73 m 420.6 374.97 420.6 375.33 420.48 375.57 c 420.48 375.93 420.36 376.17 420.36 376.53 c 419.52 376.17 418.92 375.81 418.44 375.33 c 418.68 375.21 418.92 375.09 419.16 374.97 c 419.4 374.85 419.64 374.85 419.88 374.85 c 420 374.85 420.12 374.73 420.24 374.73 c 420.36 374.73 420.48 374.73 420.72 374.73 c h 420.6 378.81 m 420.36 378.93 420.24 379.05 420.12 379.17 c 420 379.29 419.88 379.41 419.76 379.53 c 419.88 379.53 420 379.65 420.12 379.77 c 420.24 379.89 420.36 380.13 420.48 380.25 c 420.6 380.25 420.72 380.13 420.84 380.01 c 420.96 379.89 421.08 379.77 421.2 379.53 c 421.08 379.29 420.84 379.05 420.6 378.81 c h 418.92 378.57 m 418.68 378.81 418.56 378.93 418.44 379.05 c 418.32 379.17 418.2 379.29 418.08 379.29 c 418.2 379.41 418.32 379.53 418.44 379.65 c 418.56 379.77 418.68 380.01 418.92 380.13 c 418.92 380.01 419.04 380.01 419.16 379.89 c 419.28 379.77 419.4 379.53 419.52 379.41 c 419.52 379.29 419.4 379.17 419.28 379.05 c 419.16 378.93 419.04 378.81 418.92 378.57 c h f 
422.28 373.29 m 422.28 373.29 422.16 373.29 422.16 373.29 c 422.16 374.25 l 422.16 374.25 422.28 374.25 422.28 374.25 c 422.88 374.25 423.24 374.37 423.48 374.61 c 423.6 374.61 423.6 374.73 423.72 374.97 c 423.84 375.09 423.96 375.33 424.2 375.69 c 424.2 375.81 424.32 375.93 424.32 375.93 c 424.44 376.05 424.56 376.05 424.56 376.05 c 424.68 376.05 424.8 375.93 424.92 375.93 c 424.8 375.69 424.8 375.45 424.68 375.33 c 424.56 375.09 424.56 374.85 424.44 374.73 c 424.68 374.49 424.92 374.49 425.04 374.37 c 425.28 374.37 425.52 374.25 425.76 374.25 c 425.88 374.25 425.88 374.25 425.88 374.25 c 425.88 373.29 l 425.88 373.29 425.88 373.29 425.76 373.29 c 425.16 373.29 424.56 373.53 423.96 374.01 c 423.96 373.89 423.96 373.89 423.96 373.77 c 423.84 373.77 423.84 373.77 423.84 373.65 c 423.72 373.53 423.48 373.53 423.24 373.41 c 423 373.29 422.64 373.29 422.28 373.29 c h 424.2 370.77 m 424.08 370.89 423.84 371.01 423.72 371.13 c 423.6 371.37 423.48 371.49 423.36 371.61 c 423.48 371.73 423.72 371.85 423.84 371.97 c 423.96 372.21 424.08 372.33 424.2 372.45 c 424.44 372.21 424.68 371.85 424.92 371.61 c 424.92 371.49 424.8 371.37 424.68 371.25 c 424.56 371.13 424.32 370.89 424.2 370.77 c h f 
428.28 373.17 m 428.04 373.17 427.8 373.29 427.56 373.29 c 427.32 373.41 427.08 373.41 426.96 373.53 c 426.84 373.53 426.6 373.41 426.36 373.29 c 426.12 373.29 425.88 373.29 425.64 373.29 c 425.64 373.29 425.52 373.29 425.52 373.29 c 425.52 374.25 l 425.52 374.25 425.64 374.25 425.64 374.25 c 425.88 374.25 426.12 374.37 426.24 374.37 c 426.48 374.37 426.6 374.49 426.72 374.61 c 426.84 374.73 426.84 374.73 426.96 374.85 c 427.08 374.97 427.2 375.21 427.32 375.45 c 427.32 375.45 427.44 375.57 427.44 375.57 c 427.56 375.57 427.56 375.69 427.68 375.69 c 427.8 375.69 427.92 375.57 428.04 375.57 c 427.92 375.33 427.8 375.09 427.68 374.85 c 427.56 374.61 427.56 374.49 427.44 374.37 c 427.56 374.37 427.68 374.37 427.8 374.25 c 428.04 374.25 428.16 374.25 428.4 374.25 c 428.52 374.25 428.64 374.25 428.88 374.25 c 429 374.25 429.12 374.37 429.24 374.37 c 429.36 374.49 429.36 374.61 429.48 374.73 c 429.48 374.97 429.6 375.09 429.6 375.33 c 429.72 375.57 429.72 375.81 429.84 375.93 c 429.84 376.05 429.96 376.17 430.08 376.17 c 430.08 376.29 430.2 376.29 430.32 376.29 c 430.44 376.29 430.56 376.29 430.68 376.17 c 430.56 376.05 430.56 375.93 430.44 375.57 c 430.32 375.33 430.2 374.85 430.08 374.37 c 430.08 374.37 430.2 374.25 430.32 374.25 c 430.32 374.25 430.44 374.25 430.56 374.25 c 430.8 374.25 431.04 374.25 431.28 374.37 c 431.28 374.49 431.28 374.49 431.4 374.61 c 431.4 374.73 431.52 374.97 431.52 375.09 c 431.64 375.33 431.64 375.45 431.76 375.69 c 431.76 375.81 431.88 376.05 432 376.17 c 432 376.17 432 376.29 432.12 376.29 c 432.24 376.41 432.24 376.41 432.36 376.41 c 432.48 376.41 432.6 376.41 432.72 376.29 c 432.6 376.17 432.6 375.93 432.48 375.69 c 432.36 375.45 432.24 375.09 432.12 374.61 c 432.36 374.49 432.6 374.49 432.84 374.37 c 432.96 374.37 433.2 374.25 433.56 374.25 c 433.56 374.25 433.56 374.25 433.56 374.25 c 433.56 373.29 l 433.56 373.29 433.56 373.29 433.56 373.29 c 433.2 373.29 432.96 373.29 432.6 373.41 c 432.24 373.53 432 373.77 431.88 373.89 c 431.88 373.77 431.76 373.77 431.76 373.65 c 431.76 373.53 431.64 373.53 431.52 373.41 c 431.52 373.41 431.4 373.29 431.16 373.29 c 430.92 373.29 430.8 373.17 430.56 373.17 c 430.32 373.17 429.96 373.29 429.72 373.53 c 429.6 373.41 429.48 373.41 429.36 373.29 c 429.24 373.29 429 373.29 428.76 373.29 c 428.64 373.29 428.4 373.17 428.28 373.17 c h f 
433.44 373.29 m 433.32 373.29 433.32 373.29 433.32 373.29 c 433.32 374.25 l 433.32 374.25 433.32 374.25 433.44 374.25 c 433.8 374.25 434.16 374.37 434.52 374.37 c 434.88 374.49 435.24 374.61 435.48 374.73 c 435.36 374.85 435.36 375.09 435.24 375.33 c 435.12 375.45 435.12 375.69 435 375.93 c 434.88 376.05 434.88 376.29 434.76 376.41 c 434.76 376.53 434.76 376.65 434.76 376.65 c 434.76 376.89 434.88 377.01 435 377.25 c 435.12 377.37 435.36 377.61 435.6 377.73 c 435.6 377.61 435.6 377.37 435.72 377.13 c 435.72 376.89 435.84 376.53 435.84 376.29 c 435.96 375.93 435.96 375.81 435.96 375.57 c 436.08 375.45 436.08 375.21 436.08 375.09 c 436.08 374.97 435.96 374.85 435.96 374.61 c 435.84 374.37 435.72 374.13 435.6 373.89 c 434.88 373.41 434.16 373.29 433.44 373.29 c h 435 378.45 m 434.64 378.69 434.4 379.05 434.16 379.29 c 434.28 379.41 434.52 379.65 434.64 379.77 c 434.76 379.89 434.88 380.01 435 380.13 c 435.12 380.01 435.24 379.89 435.36 379.77 c 435.48 379.65 435.6 379.41 435.72 379.29 c 435.72 379.17 435.6 379.05 435.48 378.93 c 435.36 378.81 435.12 378.57 435 378.45 c h f 
442.32 373.29 m 441.96 373.29 441.6 373.29 441.36 373.41 c 441.12 373.53 440.88 373.65 440.76 373.89 c 440.64 374.01 440.52 374.25 440.52 374.49 c 440.52 374.73 440.52 374.97 440.4 375.21 c 440.4 375.57 440.4 375.81 440.28 376.17 c 440.28 376.53 440.28 377.01 440.28 377.37 c 440.16 377.85 440.16 378.33 440.16 378.81 c 440.04 379.29 440.04 379.77 440.04 380.37 c 440.16 380.49 440.28 380.61 440.4 380.73 c 440.64 380.73 440.76 380.85 441 380.97 c 441 380.37 441 379.77 441 379.29 c 441 378.69 441 378.09 441.12 377.37 c 441.12 376.77 441.12 376.17 441.12 375.45 c 441.12 374.61 l 441.36 374.49 441.48 374.37 441.72 374.37 c 441.84 374.37 442.08 374.25 442.32 374.25 c 442.32 374.25 442.32 374.25 442.32 374.25 c 442.32 373.29 l 442.32 373.29 442.32 373.29 442.32 373.29 c h f 
445.8 373.17 m 445.32 373.17 444.96 373.29 444.6 373.29 c 444.24 373.41 444 373.53 443.64 373.65 c 443.28 373.53 443.04 373.41 442.8 373.29 c 442.68 373.29 442.44 373.29 442.2 373.29 c 442.08 373.29 442.08 373.29 442.08 373.29 c 442.08 374.25 l 442.08 374.25 442.08 374.25 442.2 374.25 c 442.32 374.25 442.44 374.25 442.56 374.37 c 442.56 374.37 442.68 374.37 442.8 374.37 c 442.8 374.49 442.8 374.49 442.8 374.49 c 442.8 374.61 442.8 374.61 442.8 374.73 c 442.8 374.85 442.92 375.21 443.04 375.45 c 443.04 375.69 443.28 375.93 443.4 376.17 c 443.64 376.41 443.76 376.65 444 376.89 c 444.36 377.13 444.6 377.25 444.96 377.25 c 445.08 377.25 445.2 377.13 445.32 377.01 c 445.32 377.01 445.44 376.77 445.56 376.65 c 445.56 376.53 445.68 376.41 445.68 376.29 c 445.8 376.05 445.8 375.93 445.92 375.81 c 446.04 375.45 446.04 375.33 446.16 375.09 c 446.28 374.85 446.4 374.73 446.52 374.49 c 446.64 374.37 446.76 374.25 447 374.25 c 447 374.25 447.12 374.25 447.12 374.13 c 447.12 373.41 l 447.12 373.29 447 373.29 447 373.29 c 446.64 373.29 446.28 373.41 445.92 373.77 c 445.8 373.17 l h 445.56 374.13 m 445.44 374.37 445.32 374.73 445.2 375.09 c 445.08 375.45 444.96 375.81 444.96 376.29 c 444.72 376.17 444.6 376.05 444.36 375.93 c 444.12 375.81 444 375.57 443.76 375.45 c 443.64 375.21 443.52 375.09 443.4 374.97 c 443.64 374.73 444 374.61 444.36 374.49 c 444.72 374.37 445.08 374.25 445.56 374.13 c h f 
446.88 373.29 m 446.88 373.29 446.76 373.29 446.76 373.41 c 446.76 374.13 l 446.76 374.25 446.88 374.25 446.88 374.25 c 447.72 374.25 448.44 374.37 449.04 374.37 c 449.64 374.49 450.12 374.61 450.6 374.85 c 450.6 374.97 450.6 375.09 450.48 375.21 c 450.48 375.33 450.48 375.45 450.48 375.57 c 450.24 375.45 450 375.33 449.76 375.21 c 449.52 375.09 449.16 374.97 448.92 374.97 c 448.56 374.97 448.2 375.09 448.08 375.45 c 447.84 375.69 447.72 375.93 447.72 376.29 c 447.72 376.77 447.72 377.13 447.96 377.37 c 448.08 377.73 448.2 377.97 448.44 378.21 c 448.56 378.33 448.68 378.45 448.8 378.45 c 448.92 378.45 449.04 378.57 449.16 378.57 c 449.52 378.57 449.88 378.33 450.24 378.09 c 450.48 377.73 450.72 377.37 450.96 376.77 c 450.96 376.53 451.08 376.29 451.08 376.05 c 451.2 375.81 451.2 375.45 451.2 375.21 c 451.2 375.09 451.2 374.97 451.2 374.85 c 451.2 374.73 451.08 374.61 451.08 374.37 c 450.96 374.25 450.96 374.13 450.72 374.01 c 450.6 373.89 450.36 373.77 450 373.65 c 449.64 373.53 449.16 373.41 448.68 373.41 c 448.08 373.29 447.6 373.29 446.88 373.29 c h 449.16 375.93 m 449.52 375.93 449.88 375.93 450.24 376.17 c 450.12 376.53 450 376.89 449.76 377.13 c 449.52 377.37 449.28 377.37 449.04 377.37 c 448.8 377.37 448.56 377.37 448.44 377.13 c 448.32 377.01 448.2 376.77 448.2 376.53 c 448.2 376.29 448.32 376.17 448.44 376.05 c 448.56 375.93 448.8 375.93 449.16 375.93 c h 449.16 379.29 m 448.8 379.53 448.56 379.77 448.32 380.01 c 448.56 380.25 448.68 380.37 448.8 380.49 c 448.92 380.61 449.04 380.73 449.16 380.85 c 449.28 380.73 449.4 380.61 449.52 380.49 c 449.64 380.37 449.76 380.25 449.88 380.13 c 449.88 380.01 449.76 379.89 449.64 379.65 c 449.52 379.53 449.28 379.41 449.16 379.29 c h f 
455.64 372.57 m 455.4 372.57 455.16 372.69 455.04 372.81 c 454.92 372.93 454.8 373.17 454.8 373.41 c 454.8 373.65 454.92 373.89 454.92 374.13 c 455.04 374.37 455.16 374.61 455.4 374.85 c 455.52 375.21 455.76 375.45 456.12 375.69 c 456.48 375.45 l 456.36 375.21 456.24 375.09 456.12 374.85 c 456 374.73 456 374.49 455.88 374.37 c 455.88 374.13 455.76 374.01 455.76 373.89 c 455.76 373.77 455.88 373.65 456 373.65 c 456.12 373.53 456.24 373.53 456.48 373.41 c 456.36 373.17 456.36 372.93 456.12 372.81 c 456 372.69 455.76 372.57 455.64 372.57 c h f 
459.84 370.29 m 459.12 370.29 458.64 370.41 458.28 370.77 c 457.92 371.25 457.68 371.73 457.68 372.45 c 457.68 372.57 457.68 372.81 457.68 372.93 c 457.68 373.05 457.8 373.17 457.8 373.41 c 457.8 373.53 457.92 373.77 457.92 374.01 c 458.4 373.89 l 458.28 373.53 458.28 373.29 458.28 373.05 c 458.28 372.45 458.4 372.09 458.64 371.73 c 458.88 371.49 459.36 371.37 459.84 371.37 c 460.2 371.37 460.56 371.37 460.92 371.49 c 461.28 371.61 461.64 371.73 461.88 371.97 c 462.24 372.09 462.48 372.33 462.6 372.69 c 462.36 373.17 462.12 373.65 462 374.01 c 461.88 374.37 461.76 374.61 461.76 374.85 c 461.76 375.09 461.88 375.21 462 375.45 c 462.12 375.69 462.36 375.81 462.72 376.05 c 462.72 375.93 462.72 375.69 462.84 375.45 c 462.84 375.21 462.84 374.85 462.96 374.49 c 463.2 374.37 463.44 374.25 463.8 374.25 c 463.8 374.25 463.92 374.25 463.92 374.25 c 463.92 373.29 l 463.92 373.29 463.8 373.29 463.8 373.29 c 463.68 373.29 463.56 373.29 463.44 373.29 c 463.32 373.29 463.2 373.29 463.08 373.41 c 463.08 373.05 l 463.08 372.57 462.96 372.09 462.72 371.73 c 462.36 371.25 462 370.89 461.4 370.65 c 461.16 370.53 460.92 370.41 460.68 370.29 c 460.32 370.29 460.08 370.29 459.84 370.29 c h 460.08 375.93 m 459.72 376.29 459.48 376.53 459.24 376.77 c 459.48 376.89 459.6 377.13 459.72 377.25 c 459.84 377.37 459.96 377.49 460.08 377.61 c 460.2 377.49 460.32 377.37 460.44 377.25 c 460.56 377.13 460.68 377.01 460.92 376.89 c 460.8 376.77 460.68 376.53 460.56 376.41 c 460.44 376.29 460.32 376.17 460.08 375.93 c h f 
463.68 373.29 m 463.68 373.29 463.56 373.29 463.56 373.29 c 463.56 374.25 l 463.56 374.25 463.68 374.25 463.68 374.25 c 464.16 374.25 464.52 374.37 464.88 374.37 c 465.12 374.37 465.36 374.49 465.6 374.49 c 465.72 374.61 465.72 374.73 465.84 374.85 c 465.96 375.09 466.08 375.33 466.32 375.69 c 466.44 375.81 466.44 375.93 466.56 375.93 c 466.56 376.05 466.68 376.05 466.8 376.05 c 466.92 376.05 467.04 375.93 467.16 375.93 c 467.04 375.81 467.04 375.57 466.92 375.45 c 466.8 375.33 466.8 375.09 466.68 374.97 c 466.68 374.85 466.56 374.73 466.56 374.73 c 466.8 374.49 467.04 374.49 467.28 374.37 c 467.4 374.37 467.64 374.25 467.88 374.25 c 468 374.25 468 374.25 468 374.25 c 468 373.29 l 468 373.29 468 373.29 467.88 373.29 c 467.28 373.29 466.68 373.53 466.2 374.01 c 465.96 373.77 l 465.96 373.65 465.72 373.53 465.48 373.53 c 465.36 373.41 465 373.41 464.76 373.29 c 464.4 373.29 464.04 373.29 463.68 373.29 c h 466.8 371.13 m 466.44 371.37 466.2 371.61 465.96 371.73 c 466.2 371.97 466.44 372.21 466.8 372.57 c 466.8 372.57 466.8 372.45 466.92 372.33 c 467.04 372.21 467.28 372.09 467.4 371.85 c 467.4 371.73 467.28 371.61 467.16 371.49 c 467.04 371.37 466.92 371.25 466.8 371.13 c h 465.12 370.89 m 464.88 371.01 464.76 371.13 464.64 371.25 c 464.52 371.37 464.4 371.49 464.28 371.61 c 464.4 371.73 464.52 371.85 464.64 371.97 c 464.76 372.09 464.88 372.21 465.12 372.45 c 465.12 372.33 465.24 372.33 465.36 372.21 c 465.48 372.09 465.6 371.85 465.84 371.73 c 465.72 371.61 465.6 371.49 465.48 371.37 c 465.36 371.13 465.24 371.01 465.12 370.89 c h f 
470.76 370.89 m 470.16 370.89 469.68 371.13 469.32 371.49 c 468.96 371.73 468.72 372.33 468.6 372.93 c 468.24 372.81 l 468.12 373.29 l 467.88 373.29 l 467.76 373.29 467.76 373.29 467.76 373.29 c 467.76 374.25 l 467.76 374.25 467.76 374.25 467.88 374.25 c 468 374.25 468.12 374.25 468.24 374.37 c 468.36 374.37 468.48 374.37 468.6 374.37 c 468.84 375.69 469.56 377.01 470.76 378.21 c 471.24 378.09 l 471.24 377.97 471.24 377.73 471.24 377.49 c 471.36 377.25 471.36 377.01 471.36 376.65 c 471.48 376.41 471.48 376.17 471.48 376.05 c 471.6 375.81 471.6 375.69 471.6 375.57 c 471.6 375.33 471.48 374.97 471.36 374.73 c 471.12 374.49 471 374.37 470.76 374.13 c 471.12 374.25 471.36 374.25 471.6 374.25 c 471.84 374.25 472.08 374.25 472.32 374.25 c 472.44 374.25 472.44 374.25 472.44 374.13 c 472.44 373.41 l 472.44 373.29 472.44 373.29 472.32 373.29 c 472.08 373.29 471.72 373.17 471.48 373.17 c 471.72 373.05 471.84 372.93 471.96 372.81 c 472.08 372.69 472.2 372.45 472.2 372.33 c 472.2 372.33 472.2 372.21 472.08 371.97 c 472.08 371.85 471.96 371.73 471.96 371.61 c 471.84 371.37 471.84 371.25 471.72 371.25 c 471.72 371.13 471.6 371.13 471.36 371.01 c 471.24 370.89 471 370.89 470.76 370.89 c h 470.88 371.85 m 471 371.85 471.12 371.85 471.24 371.85 c 471.36 371.97 471.48 371.97 471.6 372.09 c 471.48 372.33 471.36 372.45 471.24 372.69 c 471 372.81 470.76 373.05 470.52 373.05 c 470.28 373.17 470.04 373.29 469.8 373.29 c 469.8 373.29 469.68 373.29 469.68 373.29 c 469.56 373.17 469.56 373.17 469.44 373.17 c 469.56 372.69 469.68 372.33 469.92 372.21 c 470.16 371.97 470.52 371.85 470.88 371.85 c h 469.32 374.25 m 469.68 374.25 469.92 374.37 470.16 374.49 c 470.4 374.61 470.64 374.73 470.88 374.85 c 470.76 375.45 l 470.64 375.81 470.64 376.05 470.52 376.29 c 470.52 376.53 470.52 376.77 470.52 376.89 c 470.04 376.29 469.8 375.81 469.68 375.45 c 469.44 375.09 469.44 374.61 469.32 374.25 c h f 
472.32 373.29 m 472.2 373.29 472.2 373.29 472.2 373.29 c 472.2 374.25 l 472.2 374.25 472.2 374.25 472.32 374.25 c 472.68 374.25 473.04 374.37 473.4 374.37 c 473.76 374.49 474 374.61 474.36 374.73 c 474.24 374.85 474.12 375.09 474.12 375.33 c 474 375.45 473.88 375.69 473.88 375.93 c 473.76 376.05 473.76 376.29 473.64 376.41 c 473.64 376.53 473.64 376.65 473.64 376.65 c 473.64 376.89 473.64 377.01 473.88 377.25 c 474 377.37 474.24 377.61 474.48 377.73 c 474.48 377.61 474.48 377.37 474.6 377.13 c 474.6 376.89 474.72 376.53 474.72 376.29 c 474.84 375.93 474.84 375.81 474.84 375.57 c 474.84 375.45 474.84 375.21 474.84 375.09 c 474.84 374.97 474.84 374.85 474.84 374.61 c 474.72 374.37 474.6 374.13 474.48 373.89 c 473.76 373.41 473.04 373.29 472.32 373.29 c h 473.88 370.77 m 473.76 370.89 473.52 371.01 473.4 371.13 c 473.28 371.37 473.16 371.49 473.04 371.61 c 473.16 371.73 473.4 371.85 473.52 371.97 c 473.64 372.21 473.76 372.33 473.88 372.45 c 474.12 372.21 474.36 371.85 474.6 371.61 c 474.6 371.49 474.48 371.37 474.36 371.25 c 474.24 371.13 474.12 370.89 473.88 370.77 c h f 
478.56 373.29 m 478.2 373.29 477.96 373.29 477.72 373.41 c 477.36 373.53 477.24 373.65 477.12 373.89 c 476.88 374.01 476.88 374.25 476.76 374.49 c 476.76 374.73 476.76 374.97 476.76 375.21 c 476.76 375.57 476.64 375.81 476.64 376.17 c 476.64 376.53 476.64 377.01 476.52 377.37 c 476.52 377.85 476.52 378.33 476.4 378.81 c 476.4 379.29 476.4 379.77 476.28 380.37 c 476.4 380.49 476.64 380.61 476.76 380.73 c 476.88 380.73 477.12 380.85 477.24 380.97 c 477.36 380.37 477.36 379.77 477.36 379.29 c 477.36 378.69 477.36 378.09 477.36 377.37 c 477.36 376.77 477.36 376.17 477.36 375.45 c 477.48 374.61 l 477.6 374.49 477.84 374.37 477.96 374.37 c 478.2 374.37 478.32 374.25 478.56 374.25 c 478.68 374.25 478.68 374.25 478.68 374.25 c 478.68 373.29 l 478.68 373.29 478.68 373.29 478.56 373.29 c h f 
481.08 373.17 m 480.84 373.17 480.6 373.29 480.36 373.29 c 480.12 373.41 479.88 373.41 479.76 373.53 c 479.64 373.53 479.4 373.41 479.16 373.29 c 478.92 373.29 478.68 373.29 478.44 373.29 c 478.44 373.29 478.44 373.29 478.44 373.29 c 478.44 374.25 l 478.44 374.25 478.44 374.25 478.44 374.25 c 478.68 374.25 478.92 374.37 479.04 374.37 c 479.28 374.37 479.4 374.49 479.52 374.61 c 479.64 374.73 479.76 374.73 479.76 374.85 c 479.88 374.97 480 375.21 480.12 375.45 c 480.12 375.45 480.24 375.57 480.24 375.57 c 480.36 375.57 480.36 375.69 480.48 375.69 c 480.6 375.69 480.72 375.57 480.84 375.57 c 480.72 375.33 480.6 375.09 480.48 374.85 c 480.48 374.61 480.36 374.49 480.36 374.37 c 480.36 374.37 480.48 374.37 480.6 374.25 c 480.84 374.25 480.96 374.25 481.2 374.25 c 481.32 374.25 481.56 374.25 481.68 374.25 c 481.8 374.25 481.92 374.37 482.04 374.37 c 482.16 374.49 482.16 374.61 482.28 374.73 c 482.28 374.97 482.4 375.09 482.4 375.33 c 482.52 375.57 482.52 375.81 482.64 375.93 c 482.64 376.05 482.76 376.17 482.88 376.17 c 482.88 376.29 483 376.29 483.12 376.29 c 483.24 376.29 483.36 376.29 483.48 376.17 c 483.36 376.05 483.36 375.93 483.24 375.57 c 483.12 375.33 483 374.85 482.88 374.37 c 483 374.37 483 374.25 483.12 374.25 c 483.12 374.25 483.24 374.25 483.36 374.25 c 483.6 374.25 483.84 374.25 484.08 374.37 c 484.08 374.49 484.08 374.49 484.2 374.61 c 484.2 374.73 484.32 374.97 484.32 375.09 c 484.44 375.33 484.44 375.45 484.56 375.69 c 484.68 375.81 484.68 376.05 484.8 376.17 c 484.8 376.17 484.8 376.29 484.92 376.29 c 485.04 376.41 485.04 376.41 485.16 376.41 c 485.28 376.41 485.4 376.41 485.52 376.29 c 485.4 376.17 485.4 375.93 485.28 375.69 c 485.16 375.45 485.04 375.09 484.92 374.61 c 485.16 374.49 485.4 374.49 485.64 374.37 c 485.76 374.37 486 374.25 486.36 374.25 c 486.36 374.25 486.36 374.25 486.36 374.25 c 486.36 373.29 l 486.36 373.29 486.36 373.29 486.36 373.29 c 486 373.29 485.76 373.29 485.4 373.41 c 485.16 373.53 484.8 373.77 484.68 373.89 c 484.68 373.77 484.56 373.77 484.56 373.65 c 484.56 373.53 484.44 373.53 484.32 373.41 c 484.32 373.41 484.2 373.29 483.96 373.29 c 483.84 373.29 483.6 373.17 483.36 373.17 c 483.12 373.17 482.76 373.29 482.52 373.53 c 482.4 373.41 482.28 373.41 482.16 373.29 c 482.04 373.29 481.8 373.29 481.68 373.29 c 481.44 373.29 481.2 373.17 481.08 373.17 c h 481.8 377.01 m 481.68 377.13 481.56 377.25 481.44 377.37 c 481.32 377.49 481.2 377.61 481.08 377.73 c 481.2 377.85 481.32 377.97 481.44 378.09 c 481.56 378.21 481.68 378.33 481.8 378.45 c 481.92 378.33 481.92 378.33 482.04 378.21 c 482.16 378.09 482.28 377.97 482.52 377.73 c 482.4 377.61 482.28 377.49 482.16 377.37 c 482.04 377.25 481.92 377.13 481.8 377.01 c h 483.48 377.25 m 483.36 377.25 483.24 377.37 483.12 377.49 c 483 377.61 482.88 377.73 482.76 377.85 c 482.88 377.97 482.88 378.09 483 378.21 c 483.12 378.33 483.24 378.45 483.48 378.57 c 483.48 378.45 483.6 378.45 483.72 378.33 c 483.84 378.21 483.96 378.09 484.08 377.97 c 484.08 377.85 483.96 377.73 483.84 377.61 c 483.72 377.49 483.6 377.37 483.48 377.25 c h 482.64 378.21 m 482.52 378.21 482.4 378.33 482.28 378.45 c 482.16 378.57 482.04 378.69 481.92 378.69 c 482.04 378.93 482.16 379.05 482.28 379.05 c 482.4 379.17 482.52 379.29 482.64 379.41 c 482.64 379.29 482.76 379.17 482.88 379.05 c 483 378.93 483.12 378.93 483.24 378.69 c 483.12 378.57 483 378.45 482.88 378.45 c 482.76 378.33 482.76 378.21 482.64 378.21 c h f 
486.24 373.29 m 486.12 373.29 486.12 373.29 486.12 373.29 c 486.12 374.25 l 486.12 374.25 486.12 374.25 486.24 374.25 c 486.6 374.25 487.08 374.37 487.32 374.37 c 487.68 374.37 487.92 374.49 488.04 374.49 c 488.16 374.61 488.28 374.73 488.4 374.85 c 488.52 375.09 488.64 375.33 488.88 375.69 c 488.88 375.81 489 375.93 489 375.93 c 489.12 376.05 489.24 376.05 489.24 376.05 c 489.36 376.05 489.48 375.93 489.6 375.93 c 489.6 375.81 489.48 375.57 489.48 375.45 c 489.36 375.33 489.36 375.09 489.24 374.97 c 489.24 374.85 489.12 374.73 489.12 374.73 c 489.36 374.49 489.6 374.49 489.72 374.37 c 489.96 374.37 490.2 374.25 490.44 374.25 c 490.56 374.25 490.56 374.25 490.56 374.25 c 490.56 373.29 l 490.56 373.29 490.56 373.29 490.44 373.29 c 489.84 373.29 489.24 373.53 488.64 374.01 c 488.52 373.77 l 488.4 373.65 488.28 373.53 488.04 373.53 c 487.8 373.41 487.56 373.41 487.2 373.29 c 486.96 373.29 486.6 373.29 486.24 373.29 c h 489.24 377.01 m 489.12 377.13 489 377.25 488.88 377.37 c 488.76 377.49 488.64 377.61 488.52 377.73 c 488.64 377.85 488.64 377.85 488.76 378.09 c 488.88 378.21 489.12 378.33 489.24 378.57 c 489.36 378.45 489.36 378.33 489.48 378.21 c 489.6 378.09 489.84 377.97 489.96 377.85 c 489.84 377.61 489.6 377.25 489.24 377.01 c h 487.68 376.89 m 487.44 377.01 487.32 377.13 487.2 377.25 c 487.08 377.37 486.96 377.49 486.84 377.61 c 486.96 377.73 487.08 377.85 487.2 377.97 c 487.32 378.09 487.44 378.21 487.56 378.33 c 487.68 378.33 487.8 378.21 487.92 378.09 c 487.92 377.97 488.16 377.85 488.28 377.61 c 488.28 377.49 488.16 377.37 488.04 377.25 c 487.92 377.13 487.8 377.01 487.68 376.89 c h f 
494.52 373.17 m 494.16 373.17 493.92 373.29 493.56 373.29 c 493.2 373.41 492.84 373.41 492.6 373.53 c 492.24 373.65 492 373.77 491.76 373.89 c 491.52 373.65 491.28 373.53 491.16 373.41 c 490.92 373.29 490.68 373.29 490.32 373.29 c 490.32 373.29 490.32 373.29 490.32 373.29 c 490.32 374.25 l 490.32 374.25 490.32 374.25 490.32 374.25 c 490.68 374.25 490.92 374.37 491.16 374.49 c 491.28 374.61 491.52 374.85 491.64 375.09 c 491.76 375.33 491.88 375.57 492 375.69 c 492 375.93 492.12 376.05 492.24 376.17 c 492.24 376.29 492.36 376.41 492.48 376.53 c 492.6 376.77 492.84 377.01 492.96 377.13 c 493.2 377.25 493.44 377.25 493.56 377.25 c 493.8 377.25 494.04 377.13 494.28 376.77 c 494.52 376.53 494.76 376.17 494.88 375.69 c 495 375.33 495.12 374.85 495.12 374.49 c 495.12 374.25 495.12 374.01 495 373.77 c 494.88 373.53 494.76 373.41 494.52 373.17 c h 494.16 374.25 m 494.16 374.61 494.16 374.85 494.04 375.21 c 493.92 375.45 493.8 375.69 493.68 375.93 c 493.68 376.05 493.56 376.05 493.44 376.05 c 493.2 376.05 492.96 375.93 492.72 375.69 c 492.72 375.57 492.6 375.45 492.48 375.33 c 492.48 375.21 492.36 374.97 492.24 374.73 c 492.48 374.61 492.72 374.49 493.08 374.49 c 493.44 374.37 493.8 374.25 494.16 374.25 c h f 
501.36 373.29 m 501 373.29 500.76 373.29 500.4 373.41 c 500.16 373.53 500.04 373.65 499.8 373.89 c 499.68 374.01 499.68 374.25 499.56 374.49 c 499.56 374.73 499.56 374.97 499.56 375.21 c 499.44 375.57 499.44 375.81 499.44 376.17 c 499.44 376.53 499.32 377.01 499.32 377.37 c 499.32 377.85 499.2 378.33 499.2 378.81 c 499.2 379.29 499.08 379.77 499.08 380.37 c 499.2 380.49 499.32 380.61 499.56 380.73 c 499.68 380.73 499.92 380.85 500.04 380.97 c 500.04 380.37 500.04 379.77 500.16 379.29 c 500.16 378.69 500.16 378.09 500.16 377.37 c 500.16 376.77 500.16 376.17 500.16 375.45 c 500.28 374.61 l 500.4 374.49 500.52 374.37 500.76 374.37 c 501 374.37 501.12 374.25 501.36 374.25 c 501.36 374.25 501.48 374.25 501.48 374.25 c 501.48 373.29 l 501.48 373.29 501.36 373.29 501.36 373.29 c h f 
501.24 373.29 m 501.24 373.29 501.12 373.29 501.12 373.29 c 501.12 374.25 l 501.12 374.25 501.24 374.25 501.24 374.25 c 501.6 374.25 501.96 374.37 502.32 374.37 c 502.68 374.49 503.04 374.61 503.28 374.73 c 503.28 374.85 503.16 375.09 503.04 375.33 c 503.04 375.45 502.92 375.69 502.8 375.93 c 502.8 376.05 502.68 376.29 502.68 376.41 c 502.56 376.53 502.56 376.65 502.56 376.65 c 502.56 376.89 502.68 377.01 502.8 377.25 c 502.92 377.37 503.16 377.61 503.4 377.73 c 503.4 377.61 503.52 377.37 503.52 377.13 c 503.64 376.89 503.64 376.53 503.76 376.29 c 503.76 375.93 503.88 375.81 503.88 375.57 c 503.88 375.45 503.88 375.21 503.88 375.09 c 503.88 374.97 503.88 374.85 503.76 374.61 c 503.64 374.37 503.64 374.13 503.4 373.89 c 502.8 373.41 502.08 373.29 501.24 373.29 c h 502.8 378.45 m 502.44 378.69 502.2 379.05 501.96 379.29 c 502.2 379.41 502.32 379.65 502.44 379.77 c 502.56 379.89 502.68 380.01 502.8 380.13 c 502.92 380.01 503.04 379.89 503.16 379.77 c 503.28 379.65 503.4 379.41 503.64 379.29 c 503.52 379.17 503.4 379.05 503.28 378.93 c 503.16 378.81 503.04 378.57 502.8 378.45 c h f 
507.6 373.29 m 507.24 373.29 506.88 373.29 506.64 373.41 c 506.4 373.53 506.16 373.65 506.04 373.89 c 505.92 374.01 505.8 374.25 505.8 374.49 c 505.8 374.73 505.8 374.97 505.68 375.21 c 505.68 375.57 505.68 375.81 505.68 376.17 c 505.56 376.53 505.56 377.01 505.56 377.37 c 505.44 377.85 505.44 378.33 505.44 378.81 c 505.32 379.29 505.32 379.77 505.32 380.37 c 505.44 380.49 505.56 380.61 505.8 380.73 c 505.92 380.73 506.04 380.85 506.28 380.97 c 506.28 380.37 506.28 379.77 506.28 379.29 c 506.28 378.69 506.4 378.09 506.4 377.37 c 506.4 376.77 506.4 376.17 506.4 375.45 c 506.4 374.61 l 506.64 374.49 506.76 374.37 507 374.37 c 507.12 374.37 507.36 374.25 507.6 374.25 c 507.6 374.25 507.6 374.25 507.6 374.25 c 507.6 373.29 l 507.6 373.29 507.6 373.29 507.6 373.29 c h f 
507.48 373.29 m 507.36 373.29 507.36 373.29 507.36 373.29 c 507.36 374.25 l 507.36 374.25 507.36 374.25 507.48 374.25 c 507.96 374.25 508.44 374.37 508.8 374.37 c 509.28 374.37 509.52 374.49 509.88 374.49 c 510 374.61 510.24 374.61 510.36 374.73 c 510.6 374.73 510.72 374.85 510.84 374.85 c 510.84 375.09 510.72 375.33 510.6 375.45 c 510.36 375.69 510.24 375.93 510 376.05 c 509.88 376.17 509.64 376.41 509.4 376.53 c 509.16 376.65 508.92 376.89 508.56 377.01 c 508.44 377.01 508.32 377.01 508.32 377.01 c 508.08 377.01 507.84 377.01 507.72 377.25 c 507.6 377.37 507.48 377.49 507.48 377.73 c 507.48 377.85 507.48 377.97 507.6 378.09 c 507.6 378.21 507.6 378.33 507.6 378.45 c 507.72 378.57 507.72 378.69 507.72 378.81 c 507.72 378.93 507.84 378.93 507.84 378.93 c 508.32 379.17 508.8 379.41 509.16 379.65 c 509.52 379.77 509.88 380.01 510.12 380.13 c 510.48 380.25 510.72 380.37 510.96 380.49 c 511.32 380.61 511.56 380.73 511.92 380.85 c 512.04 380.73 512.16 380.61 512.16 380.37 c 512.16 380.13 512.04 380.01 512.04 379.89 c 511.92 379.77 511.8 379.65 511.56 379.65 c 511.08 379.41 510.72 379.17 510.24 379.05 c 509.88 378.93 509.52 378.69 509.16 378.57 c 508.8 378.45 508.44 378.21 508.08 378.09 c 508.56 377.97 509.16 377.73 509.64 377.37 c 510.24 377.13 510.6 376.77 510.96 376.29 c 511.2 375.93 511.44 375.57 511.44 375.09 c 511.44 374.49 511.08 374.01 510.36 373.77 c 510 373.53 509.64 373.41 509.16 373.41 c 508.68 373.29 508.08 373.29 507.48 373.29 c h f 
516.12 373.29 m 516.12 374.01 516.12 374.61 516.12 375.21 c 516 375.81 516 376.41 516 377.01 c 516 377.49 515.88 378.09 515.88 378.57 c 515.88 379.05 515.76 379.53 515.76 380.01 c 515.76 380.25 515.76 380.37 515.88 380.49 c 515.88 380.61 516 380.73 516.12 380.85 c 516.24 380.97 516.48 380.97 516.72 380.97 c 516.72 380.85 516.72 380.61 516.84 380.37 c 516.96 380.13 516.96 379.89 517.08 379.65 c 516.72 379.29 l 516.72 378.81 516.84 378.21 516.84 377.61 c 516.84 377.01 516.84 376.41 516.84 375.69 c 516.84 374.97 516.72 374.25 516.72 373.29 c 516.12 373.29 l h f 
519.6 373.17 m 518.64 373.17 518.16 373.53 518.16 374.01 c 518.16 374.13 518.16 374.25 518.28 374.37 c 518.28 374.49 518.4 374.61 518.4 374.73 c 518.64 374.61 518.88 374.49 519.12 374.37 c 519.36 374.25 519.6 374.25 519.96 374.25 c 520.44 374.25 521.04 374.37 521.52 374.49 c 521.4 374.73 521.4 374.85 521.28 375.09 c 521.16 375.21 521.04 375.45 521.04 375.57 c 520.8 375.81 520.68 376.17 520.56 376.29 c 520.44 376.53 520.44 376.65 520.32 376.77 c 520.32 376.89 520.32 377.01 520.32 377.13 c 520.32 377.37 520.32 377.49 520.44 377.73 c 520.56 377.85 520.8 377.97 521.04 377.97 c 521.04 377.85 521.16 377.61 521.28 377.37 c 521.28 377.25 521.4 377.01 521.52 376.77 c 521.64 376.53 521.64 376.41 521.76 376.29 c 521.88 375.93 522 375.69 522 375.45 c 522.12 375.33 522.12 375.09 522.12 374.85 c 522.12 374.85 522.12 374.73 522.12 374.61 c 522 374.37 522 374.25 521.88 374.13 c 521.88 374.01 521.76 373.77 521.76 373.65 c 521.4 373.53 521.16 373.41 520.8 373.29 c 520.44 373.29 520.08 373.17 519.6 373.17 c h 520.32 378.69 m 519.96 379.05 519.72 379.29 519.48 379.53 c 519.6 379.65 519.84 379.89 519.96 380.01 c 520.08 380.13 520.2 380.25 520.32 380.37 c 520.44 380.25 520.56 380.13 520.68 380.01 c 520.8 379.89 520.92 379.77 521.04 379.65 c 521.04 379.41 520.92 379.29 520.8 379.17 c 520.68 379.05 520.44 378.93 520.32 378.69 c h f 
523.92 373.29 m 523.8 374.01 523.8 374.61 523.8 375.21 c 523.8 375.81 523.8 376.41 523.68 377.01 c 523.68 377.49 523.68 378.09 523.68 378.57 c 523.56 379.05 523.56 379.53 523.56 380.01 c 523.44 380.25 523.56 380.37 523.56 380.49 c 523.68 380.61 523.8 380.73 523.92 380.85 c 524.04 380.97 524.16 380.97 524.4 380.97 c 524.52 380.85 524.52 380.61 524.64 380.37 c 524.64 380.13 524.76 379.89 524.88 379.65 c 524.52 379.29 l 524.52 378.81 524.52 378.21 524.52 377.61 c 524.52 377.01 524.52 376.41 524.52 375.69 c 524.52 374.97 524.52 374.25 524.52 373.29 c 523.92 373.29 l h 523.56 370.41 m 523.44 370.89 l 523.92 371.13 l 523.68 371.25 523.56 371.37 523.56 371.61 c 523.56 371.73 523.56 371.97 523.68 372.09 c 523.8 372.21 523.8 372.33 524.04 372.45 c 524.16 372.45 524.28 372.57 524.4 372.57 c 524.64 372.57 524.76 372.33 524.76 372.09 c 524.76 371.97 524.76 371.85 524.76 371.73 c 524.52 371.85 l 524.52 371.85 l 524.52 371.97 524.52 371.97 524.4 371.97 c 524.28 371.97 524.16 371.97 524.04 371.85 c 524.04 371.85 523.92 371.73 523.92 371.61 c 524.04 371.49 524.16 371.37 524.4 371.37 c 524.52 371.37 524.64 371.37 524.64 371.37 c 524.76 371.37 524.88 371.49 525 371.49 c 524.88 371.01 l 524.76 371.01 524.52 370.89 524.4 370.89 c 524.28 370.77 524.16 370.77 524.04 370.65 c 523.8 370.65 523.68 370.53 523.56 370.41 c h f 
449.64 352.41 m 449.04 352.77 l 449.16 352.89 449.16 353.01 449.16 353.13 c 449.16 353.25 449.16 353.25 449.16 353.37 c 449.16 353.49 449.04 353.61 448.92 353.73 c 448.92 353.73 448.8 353.85 448.68 353.97 c 448.56 353.97 448.44 354.09 448.32 354.21 c 447.72 354.45 447.36 354.93 447.36 355.53 c 447.36 355.89 447.48 356.25 447.72 356.61 c 447.96 356.97 448.2 357.21 448.56 357.45 c 448.92 357.69 449.28 357.81 449.64 357.81 c 450.12 357.81 450.6 357.69 450.96 357.33 c 451.08 357.21 451.08 356.97 451.08 356.85 c 451.08 356.61 450.96 356.37 450.72 356.13 c 450.48 356.37 450.36 356.49 450.12 356.61 c 450 356.61 449.76 356.73 449.52 356.73 c 449.16 356.73 448.8 356.61 448.44 356.37 c 448.2 356.13 447.96 355.89 447.84 355.53 c 448.08 355.41 448.32 355.29 448.56 355.17 c 448.8 355.17 448.92 355.05 449.16 354.93 c 449.28 354.81 449.52 354.69 449.64 354.57 c 449.76 354.45 449.76 354.33 449.88 354.21 c 450 354.09 450 353.85 450 353.73 c 450 353.37 449.88 353.01 449.64 352.41 c h 449.28 350.37 m 449.16 350.49 448.92 350.73 448.8 350.73 c 448.68 350.85 448.44 350.97 448.32 351.09 c 448.32 351.21 448.44 351.21 448.44 351.33 c 448.56 351.45 448.56 351.45 448.56 351.57 c 448.68 351.69 448.68 351.69 448.68 351.81 c 448.8 351.93 448.8 351.93 448.92 352.05 c 449.04 351.93 449.16 351.81 449.28 351.81 c 449.4 351.69 449.52 351.69 449.64 351.57 c 449.76 351.45 449.88 351.33 449.88 351.33 c 449.88 351.21 449.64 350.85 449.28 350.37 c h f 
459.84 351.21 m 459.36 351.21 459 351.33 458.76 351.45 c 458.4 351.69 458.28 351.93 458.28 352.17 c 458.16 352.53 l 457.8 351.69 l 457.56 351.69 457.32 351.69 457.2 351.69 c 456.96 351.69 456.84 351.69 456.72 351.81 c 456.72 351.81 456.6 351.81 456.48 351.93 c 456.24 351.93 456.12 352.05 455.88 352.17 c 455.76 352.17 455.64 352.29 455.52 352.41 c 455.4 352.53 455.28 352.65 455.28 352.77 c 455.28 352.77 455.28 352.89 455.4 353.01 c 455.4 353.25 455.52 353.37 455.52 353.49 c 455.64 353.61 455.64 353.73 455.76 353.85 c 455.76 353.97 455.88 354.09 456.12 354.33 c 456.24 354.45 456.48 354.69 456.84 354.81 c 457.08 355.05 457.44 355.17 457.68 355.29 c 457.68 355.65 l 457.8 355.77 457.92 355.89 457.92 356.01 c 458.04 356.01 458.16 356.13 458.28 356.13 c 458.4 356.25 458.52 356.25 458.64 356.37 c 458.64 355.77 458.64 355.05 458.64 354.45 c 458.64 353.85 458.64 353.25 458.64 352.53 c 459 352.41 459.48 352.29 459.84 352.29 c 459.96 352.29 459.96 352.17 459.96 352.17 c 459.96 351.33 l 459.96 351.21 459.96 351.21 459.84 351.21 c h 458.16 352.65 m 458.04 353.01 458.04 353.25 457.92 353.49 c 457.92 353.85 457.92 354.09 457.8 354.45 c 456.96 354.21 456.36 353.85 456 353.37 c 456.12 353.13 456.36 353.01 456.6 353.01 c 456.84 352.89 457.08 352.77 457.32 352.77 c 457.44 352.77 457.56 352.77 457.68 352.77 c 457.8 352.77 458.04 352.77 458.16 352.65 c h 458.04 356.73 m 457.8 356.85 457.68 356.97 457.56 357.09 c 457.44 357.21 457.32 357.33 457.2 357.45 c 457.32 357.57 457.44 357.69 457.56 357.81 c 457.68 357.93 457.8 358.05 458.04 358.29 c 458.04 358.17 458.16 358.17 458.28 358.05 c 458.4 357.93 458.52 357.69 458.64 357.57 c 458.52 357.33 458.28 357.09 458.04 356.73 c h 456.36 356.61 m 456.12 356.73 456 356.85 455.88 356.97 c 455.76 357.09 455.64 357.21 455.52 357.33 c 455.64 357.45 455.76 357.57 455.88 357.69 c 456 357.81 456.24 357.93 456.36 358.05 c 456.36 358.05 456.48 357.93 456.6 357.81 c 456.72 357.69 456.84 357.57 457.08 357.33 c 456.96 357.21 456.84 357.09 456.72 356.97 c 456.6 356.85 456.48 356.73 456.36 356.61 c h f 
464.4 351.21 m 464.04 351.21 463.56 351.21 463.2 351.21 c 462.84 351.33 462.48 351.33 462.12 351.45 c 461.76 351.57 461.52 351.69 461.28 351.81 c 461.16 351.81 461.16 351.81 461.16 351.69 c 461.16 351.69 461.04 351.69 461.04 351.57 c 460.92 351.45 460.68 351.33 460.56 351.33 c 460.32 351.21 460.08 351.21 459.72 351.21 c 459.72 351.21 459.72 351.21 459.72 351.33 c 459.72 352.17 l 459.72 352.17 459.72 352.29 459.72 352.29 c 459.96 352.29 460.2 352.29 460.44 352.29 c 460.56 352.41 460.68 352.41 460.8 352.65 c 460.92 352.77 461.04 352.89 461.16 353.13 c 461.28 353.25 461.28 353.25 461.28 353.25 c 461.28 353.37 461.4 353.37 461.4 353.49 c 461.52 353.61 461.64 353.73 461.76 353.73 c 461.88 353.73 462 353.73 462.12 353.61 c 462 353.37 462 353.25 461.88 353.13 c 461.88 352.89 461.76 352.77 461.76 352.65 c 461.88 352.65 461.88 352.65 462 352.65 c 462.12 352.53 462.12 352.53 462.24 352.53 c 462.96 353.49 463.68 354.21 464.28 354.69 c 464.88 355.17 465.48 355.41 465.96 355.41 c 466.2 355.41 466.32 355.41 466.56 355.29 c 466.8 355.29 466.92 355.17 467.16 354.93 c 467.4 354.81 467.52 354.57 467.76 354.45 c 468 354.09 468.12 353.85 468.12 353.73 c 468.12 353.25 468 352.77 467.64 352.41 c 467.4 352.05 466.92 351.69 466.32 351.57 c 465.72 351.33 465 351.21 464.4 351.21 c h 464.52 352.17 m 465 352.17 465.48 352.29 465.96 352.41 c 466.44 352.53 467.04 352.77 467.52 353.13 c 467.28 353.49 466.92 353.85 466.68 354.09 c 466.32 354.21 465.96 354.33 465.72 354.33 c 465.36 354.33 464.88 354.21 464.4 353.85 c 463.92 353.49 463.44 353.01 462.84 352.41 c 463.2 352.29 463.44 352.29 463.68 352.29 c 463.92 352.17 464.16 352.17 464.52 352.17 c h 464.28 356.49 m 464.04 356.73 463.68 356.97 463.44 357.21 c 463.68 357.45 463.8 357.57 463.92 357.69 c 464.16 357.81 464.28 358.05 464.28 358.05 c 464.4 357.93 464.52 357.81 464.64 357.69 c 464.76 357.57 465 357.45 465.12 357.33 c 465 357.21 464.88 357.09 464.76 356.97 c 464.64 356.73 464.52 356.61 464.28 356.49 c h f 
471 348.93 m 470.88 348.93 470.76 348.93 470.52 349.05 c 470.28 349.05 470.04 349.17 469.8 349.29 c 469.68 349.41 469.44 349.53 469.32 349.65 c 469.44 350.13 l 469.68 350.01 469.92 350.01 470.04 349.89 c 470.28 349.89 470.52 349.89 470.76 349.89 c 471.36 349.89 471.84 350.01 472.32 350.37 c 472.68 350.73 473.04 351.21 473.28 351.81 c 473.28 351.93 l 473.04 351.69 472.8 351.45 472.56 351.33 c 472.2 351.21 471.96 351.21 471.72 351.21 c 471.24 351.21 470.88 351.33 470.64 351.57 c 470.4 351.81 470.28 352.29 470.28 352.65 c 470.28 353.13 470.28 353.49 470.52 353.85 c 470.64 354.33 470.88 354.57 471.12 354.81 c 471.36 355.05 471.6 355.17 471.84 355.17 c 472.2 355.17 472.44 355.05 472.8 354.81 c 473.04 354.57 473.28 354.09 473.52 353.61 c 473.52 353.37 473.64 353.13 473.64 352.89 c 473.76 352.65 473.76 352.41 473.76 352.17 c 473.76 351.81 473.64 351.45 473.52 351.09 c 473.4 350.73 473.28 350.37 473.04 350.01 c 472.92 349.77 472.68 349.53 472.44 349.29 c 471.96 349.05 471.48 348.93 471 348.93 c h 471.96 352.29 m 472.2 352.29 472.32 352.29 472.44 352.29 c 472.68 352.29 472.8 352.41 473.16 352.53 c 473.04 352.77 472.92 353.13 472.68 353.37 c 472.56 353.61 472.44 353.73 472.2 353.97 c 472.08 354.09 471.84 354.09 471.72 354.09 c 471.48 354.09 471.36 354.09 471.24 353.97 c 471.12 353.85 471 353.61 470.88 353.49 c 470.76 353.37 470.76 353.13 470.76 353.01 c 470.76 352.77 470.88 352.65 471.12 352.41 c 471.24 352.29 471.6 352.29 471.96 352.29 c h f 
475.56 348.81 m 475.44 348.81 475.32 348.93 475.08 348.93 c 474.96 349.05 474.72 349.17 474.6 349.29 c 474.36 349.41 474.24 349.53 474 349.65 c 474.24 350.01 l 474.36 350.01 474.6 349.89 474.84 349.89 c 474.96 349.89 475.2 349.89 475.32 349.89 c 475.92 349.89 476.4 350.01 476.76 350.37 c 477.12 350.73 477.48 351.21 477.72 351.81 c 477.6 351.93 477.6 352.05 477.48 352.17 c 477.48 352.29 477.36 352.41 477.36 352.53 c 477.12 352.89 476.88 353.25 476.76 353.49 c 476.64 353.73 476.64 353.97 476.64 354.09 c 476.52 354.33 476.64 354.45 476.64 354.57 c 476.76 354.69 476.88 354.81 477 354.93 c 477 354.93 477 354.93 477.12 354.93 c 477.24 354.93 477.36 354.81 477.48 354.81 c 477.48 354.57 477.6 354.33 477.72 354.09 c 477.72 353.85 477.84 353.73 477.84 353.61 c 477.96 353.37 477.96 353.13 478.08 352.89 c 478.08 352.77 478.08 352.65 478.2 352.53 c 478.44 352.29 478.68 352.29 479.04 352.29 c 479.04 352.29 479.16 352.17 479.16 352.17 c 479.16 351.33 l 479.16 351.21 479.04 351.21 479.04 351.21 c 478.68 351.21 478.44 351.33 478.08 351.45 c 478.08 350.97 477.84 350.49 477.6 350.13 c 477.36 349.65 477.12 349.41 476.76 349.17 c 476.4 348.93 476.04 348.81 475.56 348.81 c h f 
478.92 351.21 m 478.92 351.21 478.8 351.21 478.8 351.33 c 478.8 352.17 l 478.8 352.17 478.92 352.29 478.92 352.29 c 479.4 352.29 479.76 352.29 480 352.29 c 480.36 352.29 480.6 352.41 480.96 352.53 c 480.72 352.77 l 480.6 352.89 480.48 353.13 480.36 353.25 c 480.24 353.37 480.12 353.49 480.12 353.61 c 480 353.61 480 353.73 479.88 353.73 c 479.88 353.85 479.76 353.85 479.76 353.97 c 479.52 353.85 l 479.4 353.97 479.28 354.21 479.28 354.33 c 479.28 354.57 479.28 354.69 479.4 354.81 c 479.52 355.05 479.76 355.17 479.88 355.17 c 480.12 355.29 480.36 355.41 480.6 355.53 c 480.84 355.65 481.2 355.65 481.56 355.65 c 481.92 355.65 482.28 355.65 482.52 355.41 c 482.76 355.29 483 355.17 483.12 354.93 c 483.24 354.69 483.36 354.45 483.36 354.21 c 483.36 353.85 483.24 353.49 483.12 353.25 c 482.88 352.89 482.64 352.65 482.4 352.41 c 482.52 352.41 482.76 352.29 483 352.29 c 483.24 352.29 483.6 352.29 483.84 352.29 c 483.96 352.29 483.96 352.17 483.96 352.17 c 483.96 351.33 l 483.96 351.21 483.96 351.21 483.84 351.21 c 483.36 351.21 482.88 351.33 482.52 351.33 c 482.16 351.45 481.8 351.69 481.56 351.81 c 481.08 351.69 480.72 351.45 480.24 351.33 c 479.88 351.33 479.4 351.21 478.92 351.21 c h 481.68 352.89 m 481.92 353.01 482.16 353.13 482.28 353.37 c 482.4 353.49 482.4 353.73 482.4 353.85 c 482.4 354.09 482.4 354.33 482.16 354.45 c 482.04 354.57 481.92 354.57 481.68 354.57 c 481.44 354.57 481.2 354.57 480.96 354.57 c 480.72 354.45 480.6 354.45 480.36 354.33 c 480.48 354.21 480.6 354.09 480.72 353.85 c 480.96 353.73 481.2 353.49 481.44 353.13 c 481.44 353.13 481.44 353.01 481.56 353.01 c 481.56 353.01 481.68 352.89 481.68 352.89 c h f 
487.44 351.21 m 487.08 351.21 486.6 351.21 486.24 351.33 c 485.88 351.33 485.64 351.45 485.28 351.57 c 485.04 351.45 484.68 351.33 484.44 351.33 c 484.32 351.21 484.08 351.21 483.84 351.21 c 483.72 351.21 483.72 351.21 483.72 351.33 c 483.72 352.17 l 483.72 352.17 483.72 352.29 483.84 352.29 c 483.96 352.29 484.08 352.29 484.2 352.29 c 484.32 352.29 484.44 352.29 484.56 352.41 c 484.44 352.41 484.44 352.41 484.44 352.53 c 484.44 352.53 484.44 352.65 484.44 352.65 c 484.44 352.89 484.56 353.13 484.68 353.37 c 484.8 353.61 484.92 353.97 485.04 354.21 c 485.28 354.45 485.4 354.69 485.64 354.81 c 486 355.05 486.36 355.17 486.6 355.17 c 486.72 355.17 486.84 355.17 486.96 355.05 c 487.08 354.93 487.08 354.81 487.2 354.57 c 487.2 354.45 487.32 354.33 487.32 354.21 c 487.44 354.09 487.44 353.85 487.56 353.73 c 487.68 353.49 487.8 353.25 487.8 353.01 c 487.92 352.77 488.04 352.65 488.16 352.53 c 488.28 352.29 488.52 352.29 488.64 352.29 c 488.76 352.29 488.76 352.17 488.76 352.17 c 488.76 351.33 l 488.76 351.21 488.76 351.21 488.64 351.21 c 488.28 351.21 487.92 351.33 487.56 351.69 c 487.44 351.21 l h 487.32 352.17 m 487.08 352.41 486.96 352.65 486.84 353.01 c 486.72 353.37 486.72 353.85 486.6 354.21 c 486.48 354.09 486.24 353.97 486 353.85 c 485.76 353.73 485.64 353.61 485.52 353.37 c 485.28 353.25 485.16 353.01 485.04 352.89 c 485.28 352.65 485.64 352.53 486 352.41 c 486.36 352.29 486.72 352.17 487.32 352.17 c h f 
488.52 351.21 m 488.52 351.21 488.4 351.21 488.4 351.33 c 488.4 352.17 l 488.4 352.17 488.52 352.29 488.52 352.29 c 489 352.29 489.36 352.41 489.84 352.53 c 489.84 352.77 489.72 353.13 489.72 353.37 c 489.72 353.61 489.72 353.85 489.6 354.09 c 489.6 354.69 489.48 355.29 489.48 356.01 c 489.36 356.73 489.24 357.45 489.12 358.29 c 489.24 358.41 489.36 358.53 489.6 358.65 c 489.72 358.77 489.96 358.89 490.08 359.01 c 490.08 358.53 490.08 357.93 490.2 357.45 c 490.2 356.85 490.2 356.25 490.2 355.65 c 490.32 355.17 490.32 354.57 490.32 354.21 c 490.32 353.73 490.32 353.25 490.32 352.89 c 490.32 352.65 490.32 352.53 490.2 352.29 c 490.2 352.05 490.08 351.81 489.96 351.57 c 489.84 351.45 489.72 351.45 489.48 351.33 c 489.24 351.21 488.88 351.21 488.52 351.21 c h f 
492.24 351.21 m 492.24 351.93 492.24 352.65 492.24 353.25 c 492.24 353.85 492.12 354.45 492.12 354.93 c 492.12 355.53 492.12 356.01 492 356.49 c 492 356.97 492 357.45 491.88 357.93 c 491.88 358.17 491.88 358.29 492 358.41 c 492 358.65 492.12 358.77 492.24 358.77 c 492.48 358.89 492.6 358.89 492.84 359.01 c 492.84 358.77 492.96 358.53 492.96 358.29 c 493.08 358.05 493.2 357.81 493.2 357.57 c 492.96 357.33 l 492.96 356.73 492.96 356.25 492.96 355.65 c 492.96 355.05 492.96 354.33 492.96 353.61 c 492.96 353.01 492.96 352.17 492.84 351.33 c 492.24 351.21 l h f 
498.72 351.21 m 498.24 351.21 497.88 351.33 497.64 351.57 c 497.4 351.81 497.28 352.17 497.28 352.65 c 497.28 353.01 497.28 353.37 497.52 353.73 c 497.64 354.09 498 354.45 498.36 354.81 c 498.24 354.93 498.12 354.93 498.12 355.05 c 498.12 355.17 498.12 355.29 498.12 355.41 c 498.12 355.53 498.12 355.65 498.12 355.77 c 498.24 355.89 498.24 355.89 498.36 356.01 c 498.72 355.89 499.08 355.65 499.44 355.41 c 499.8 355.05 500.04 354.69 500.28 354.33 c 500.52 353.97 500.64 353.61 500.64 353.25 c 500.64 353.13 500.64 353.01 500.52 352.77 c 500.52 352.65 500.4 352.41 500.4 352.29 c 500.28 352.05 500.16 351.93 500.16 351.81 c 500.04 351.69 499.92 351.57 499.8 351.45 c 499.68 351.45 499.56 351.33 499.32 351.21 c 499.08 351.21 498.96 351.21 498.72 351.21 c h 498.84 352.17 m 499.08 352.17 499.2 352.29 499.44 352.29 c 499.68 352.41 499.92 352.53 500.04 352.65 c 499.92 353.01 499.8 353.37 499.56 353.61 c 499.32 353.97 499.08 354.21 498.72 354.57 c 498.48 354.33 498.24 353.97 498.12 353.73 c 498 353.49 497.88 353.25 497.88 353.01 c 497.88 352.77 498 352.53 498.12 352.41 c 498.36 352.29 498.48 352.17 498.84 352.17 c h 499.44 356.73 m 499.32 356.85 499.2 356.97 499.08 357.09 c 498.96 357.21 498.84 357.33 498.72 357.45 c 498.84 357.57 498.84 357.57 499.08 357.81 c 499.2 357.93 499.32 358.05 499.44 358.29 c 499.56 358.17 499.56 358.05 499.68 357.93 c 499.8 357.81 500.04 357.69 500.16 357.57 c 500.04 357.33 499.8 356.97 499.44 356.73 c h 497.88 356.61 m 497.64 356.73 497.52 356.85 497.4 356.97 c 497.28 357.09 497.16 357.21 497.04 357.33 c 497.16 357.45 497.28 357.57 497.4 357.69 c 497.52 357.81 497.64 357.93 497.76 358.05 c 497.88 358.05 498 357.93 498.12 357.81 c 498.24 357.69 498.36 357.57 498.48 357.33 c 498.48 357.21 498.36 357.09 498.24 356.97 c 498.12 356.85 498 356.73 497.88 356.61 c h f 
502.44 348.81 m 502.32 348.81 502.2 348.93 502.08 348.93 c 501.84 349.05 501.72 349.17 501.48 349.29 c 501.24 349.41 501.12 349.53 501 349.65 c 501.12 350.01 l 501.36 350.01 501.48 349.89 501.72 349.89 c 501.84 349.89 502.08 349.89 502.2 349.89 c 502.8 349.89 503.28 350.01 503.64 350.37 c 504.12 350.73 504.36 351.21 504.6 351.81 c 504.6 351.93 504.48 352.05 504.48 352.17 c 504.36 352.29 504.24 352.41 504.24 352.53 c 504 352.89 503.76 353.25 503.64 353.61 c 503.52 353.85 503.4 354.09 503.4 354.33 c 503.4 354.57 503.52 354.69 503.64 354.93 c 503.76 355.05 504 355.17 504.24 355.29 c 504.24 355.17 504.24 354.93 504.36 354.81 c 504.36 354.57 504.48 354.45 504.48 354.21 c 504.6 353.97 504.72 353.85 504.72 353.73 c 504.84 353.37 504.96 353.13 504.96 352.89 c 505.08 352.65 505.08 352.41 505.08 352.17 c 505.08 351.57 504.96 350.97 504.72 350.49 c 504.48 350.01 504.24 349.53 503.76 349.29 c 503.4 349.05 502.92 348.81 502.44 348.81 c h f 
507.84 348.93 m 507.72 348.93 507.6 348.93 507.36 349.05 c 507.12 349.05 506.88 349.17 506.64 349.29 c 506.4 349.41 506.28 349.53 506.04 349.65 c 506.28 350.13 l 506.4 350.01 506.64 350.01 506.88 349.89 c 507.12 349.89 507.36 349.89 507.6 349.89 c 508.08 349.89 508.56 350.01 508.92 350.25 c 509.28 350.49 509.52 350.73 509.76 351.21 c 509.4 351.21 509.16 351.33 508.92 351.33 c 508.56 351.33 508.44 351.33 508.2 351.45 c 507.84 351.57 507.48 351.69 507.36 351.93 c 507.12 352.17 507 352.41 507 352.89 c 507 353.25 507.12 353.61 507.24 354.09 c 507.48 354.45 507.6 354.81 507.96 355.05 c 508.2 355.29 508.44 355.41 508.68 355.41 c 509.04 355.41 509.28 355.17 509.52 354.93 c 509.88 354.69 510.12 354.21 510.24 353.73 c 510.36 353.49 510.36 353.25 510.48 353.01 c 510.48 352.77 510.48 352.53 510.48 352.29 c 511.2 352.29 l 511.2 352.29 511.32 352.17 511.32 352.17 c 511.32 351.33 l 511.32 351.21 511.2 351.21 511.2 351.21 c 510.36 351.21 l 510.24 350.73 510.12 350.37 509.88 350.01 c 509.52 349.65 509.28 349.29 508.92 349.17 c 508.56 348.93 508.2 348.93 507.84 348.93 c h 510 352.29 m 509.88 352.65 509.76 353.01 509.64 353.25 c 509.52 353.61 509.28 353.85 509.16 353.97 c 508.92 354.21 508.68 354.21 508.44 354.21 c 508.32 354.21 508.2 354.21 508.08 354.09 c 507.84 353.97 507.72 353.85 507.72 353.73 c 507.6 353.49 507.6 353.37 507.6 353.25 c 507.6 353.01 507.6 352.77 507.84 352.65 c 508.08 352.53 508.32 352.41 508.68 352.41 c 508.8 352.29 509.04 352.29 509.16 352.29 c 509.4 352.29 509.64 352.29 510 352.29 c h f 
515.64 351.21 m 515.28 351.21 514.92 351.21 514.56 351.21 c 514.2 351.33 513.84 351.33 513.48 351.45 c 513.12 351.57 512.76 351.69 512.52 351.81 c 512.52 351.81 512.52 351.81 512.52 351.69 c 512.4 351.69 512.4 351.69 512.4 351.57 c 512.28 351.45 512.04 351.33 511.8 351.33 c 511.56 351.21 511.32 351.21 511.08 351.21 c 511.08 351.21 510.96 351.21 510.96 351.33 c 510.96 352.17 l 510.96 352.17 511.08 352.29 511.08 352.29 c 511.32 352.29 511.56 352.29 511.68 352.29 c 511.92 352.41 512.04 352.53 512.16 352.65 c 512.28 352.77 512.4 352.89 512.52 353.13 c 512.52 353.25 512.64 353.25 512.64 353.37 c 512.64 353.37 512.64 353.37 512.76 353.49 c 512.76 353.61 513 353.73 513.12 353.73 c 513.24 353.73 513.36 353.73 513.48 353.61 c 513.36 353.37 513.24 353.25 513.24 353.13 c 513.12 352.89 513.12 352.77 513.12 352.65 c 513.12 352.65 513.24 352.65 513.36 352.65 c 513.36 352.53 513.48 352.53 513.6 352.53 c 514.32 353.49 515.04 354.21 515.64 354.81 c 516.24 355.17 516.84 355.41 517.32 355.41 c 517.44 355.41 517.68 355.41 517.92 355.29 c 518.04 355.29 518.28 355.17 518.52 354.93 c 518.76 354.81 518.88 354.57 519.12 354.45 c 519.36 354.09 519.48 353.85 519.48 353.73 c 519.48 353.25 519.36 352.89 519.12 352.65 c 519.36 352.53 519.48 352.41 519.72 352.29 c 519.96 352.29 520.08 352.29 520.44 352.29 c 520.44 352.29 520.44 352.17 520.44 352.17 c 520.44 351.33 l 520.44 351.21 520.44 351.21 520.44 351.21 c 520.08 351.21 519.72 351.33 519.36 351.45 c 519 351.57 518.76 351.81 518.52 352.05 c 518.28 351.81 518.04 351.69 517.8 351.57 c 517.44 351.45 517.2 351.33 516.84 351.33 c 516.6 351.21 516.48 351.21 516.24 351.21 c 516 351.21 515.88 351.21 515.64 351.21 c h 515.76 352.17 m 516.36 352.17 516.84 352.29 517.32 352.41 c 517.8 352.53 518.28 352.77 518.88 353.13 c 518.64 353.49 518.28 353.85 518.04 354.09 c 517.68 354.21 517.32 354.33 517.08 354.33 c 516.72 354.33 516.24 354.21 515.76 353.85 c 515.28 353.49 514.8 353.01 514.2 352.41 c 514.44 352.29 514.8 352.29 515.04 352.29 c 515.28 352.17 515.52 352.17 515.76 352.17 c h f 
520.32 351.21 m 520.2 351.21 520.2 351.21 520.2 351.33 c 520.2 352.17 l 520.2 352.17 520.2 352.29 520.32 352.29 c 520.68 352.29 521.16 352.41 521.52 352.53 c 521.52 352.77 521.52 353.13 521.52 353.37 c 521.4 353.61 521.4 353.85 521.4 354.09 c 521.28 354.69 521.28 355.29 521.16 356.01 c 521.04 356.73 520.92 357.45 520.8 358.29 c 521.04 358.41 521.16 358.53 521.28 358.65 c 521.52 358.77 521.64 358.89 521.88 359.01 c 521.88 358.53 521.88 357.93 521.88 357.45 c 521.88 356.85 522 356.25 522 355.65 c 522 355.17 522 354.57 522 354.21 c 522 353.73 522.12 353.25 522.12 352.89 c 522.12 352.65 522 352.53 522 352.29 c 521.88 352.05 521.76 351.81 521.64 351.57 c 521.64 351.45 521.4 351.45 521.16 351.33 c 520.92 351.21 520.68 351.21 520.32 351.21 c h f 
524.04 351.21 m 524.04 351.93 523.92 352.65 523.92 353.25 c 523.92 353.85 523.92 354.45 523.92 354.93 c 523.8 355.53 523.8 356.01 523.8 356.49 c 523.68 356.97 523.68 357.45 523.68 357.93 c 523.68 358.17 523.68 358.29 523.68 358.41 c 523.8 358.65 523.92 358.77 524.04 358.77 c 524.16 358.89 524.4 358.89 524.52 359.01 c 524.64 358.77 524.64 358.53 524.76 358.29 c 524.76 358.05 524.88 357.81 525 357.57 c 524.64 357.33 l 524.64 356.73 524.64 356.25 524.64 355.65 c 524.64 355.05 524.64 354.33 524.64 353.61 c 524.64 353.01 524.64 352.17 524.64 351.33 c 524.04 351.21 l h f 
q 52.32 342.93 200.28 150.72 re W* n
200.28 0 0 150.72 52.32 342.93 cm /Im35 Do Q 
q 0.12 0 0 -0.12 0 841.89 cm 2 w 0 J 0 j 4 M 0.141 0.125 0.129 SC 484 2901 m 457 2901 436 2923 436 2949 c 436 4109 l 436 4136 457 4157 484 4157 c 2057 4157 l 2083 4157 2105 4136 2105 4109 c 2105 2949 l 2105 2923 2083 2901 2057 2901 c 484 2901 l h S Q 
1 w 0.141 0.125 0.129 sc 372.24 622.41 m 372 622.41 371.76 622.41 371.64 622.65 c 371.52 622.77 371.4 623.01 371.4 623.25 c 371.4 623.49 371.52 623.73 371.64 623.97 c 371.64 624.21 371.88 624.45 372 624.69 c 372.24 625.05 372.48 625.29 372.72 625.53 c 373.08 625.17 l 372.96 625.05 372.84 624.93 372.72 624.69 c 372.6 624.57 372.6 624.33 372.48 624.21 c 372.48 623.97 372.48 623.85 372.48 623.73 c 372.48 623.61 372.48 623.49 372.6 623.49 c 372.72 623.37 372.84 623.25 373.08 623.25 c 373.08 623.01 372.96 622.77 372.84 622.65 c 372.6 622.41 372.48 622.41 372.24 622.41 c h f 
376.44 620.01 m 375.72 620.01 375.24 620.25 374.88 620.61 c 374.52 620.97 374.28 621.57 374.28 622.29 c 374.28 622.41 374.28 622.53 374.4 622.77 c 374.4 622.89 374.4 623.01 374.4 623.25 c 374.52 623.37 374.52 623.61 374.52 623.85 c 375 623.73 l 374.88 623.37 374.88 623.13 374.88 622.89 c 374.88 622.29 375 621.93 375.24 621.57 c 375.6 621.33 375.96 621.09 376.44 621.09 c 376.8 621.09 377.16 621.21 377.64 621.33 c 378 621.45 378.24 621.57 378.6 621.81 c 378.84 621.93 379.08 622.17 379.2 622.41 c 378.96 624.09 l 378.84 624.81 378.72 625.53 378.6 626.13 c 378.48 626.73 378.48 627.33 378.36 627.81 c 378.36 628.05 378.24 628.29 378.24 628.41 c 378.24 628.65 378.24 628.89 378.24 629.01 c 378.12 629.25 378.12 629.37 378.12 629.49 c 378.12 629.61 378.12 629.73 378.12 629.85 c 378.12 630.09 378.12 630.33 378.36 630.45 c 378.48 630.69 378.72 630.81 378.96 630.81 c 379.08 630.57 379.08 630.45 379.2 630.09 c 379.32 629.85 379.32 629.61 379.44 629.49 c 379.2 629.13 l 379.32 627.93 379.44 626.85 379.44 626.13 c 379.56 625.29 379.68 624.69 379.68 624.33 c 379.92 624.21 380.16 624.09 380.52 624.09 c 380.64 624.09 380.64 624.09 380.64 623.97 c 380.64 623.13 l 380.64 623.13 380.64 623.13 380.52 623.13 c 380.4 623.13 380.28 623.13 380.16 623.13 c 380.04 623.13 379.8 623.25 379.68 623.25 c 379.68 622.89 l 379.68 622.41 379.56 621.93 379.32 621.45 c 378.96 621.09 378.6 620.73 378 620.49 c 377.76 620.37 377.52 620.25 377.28 620.13 c 377.04 620.13 376.68 620.01 376.44 620.01 c h f 
380.4 623.13 m 380.4 623.13 380.4 623.13 380.4 623.13 c 380.4 623.97 l 380.4 624.09 380.4 624.09 380.4 624.09 c 381.36 624.09 382.2 624.21 382.8 624.33 c 383.28 624.45 383.52 624.57 383.88 624.69 c 383.76 624.93 383.64 625.17 383.52 625.41 c 383.28 625.53 383.16 625.77 382.92 626.01 c 382.68 626.13 382.44 626.25 382.32 626.37 c 382.08 626.61 381.84 626.73 381.48 626.85 c 381.24 627.09 380.88 627.21 380.76 627.33 c 380.52 627.57 380.52 627.69 380.52 627.93 c 380.52 628.05 380.52 628.17 380.52 628.29 c 380.64 628.41 380.64 628.53 380.76 628.65 c 380.88 628.65 381 628.77 381.12 628.89 c 381.36 628.89 381.48 629.01 381.84 629.25 c 382.08 629.37 382.44 629.49 382.8 629.61 c 383.16 629.85 383.52 629.97 383.88 630.09 c 384.36 630.33 384.84 630.45 385.32 630.69 c 385.44 630.57 385.44 630.45 385.44 630.21 c 385.44 629.97 385.44 629.85 385.32 629.73 c 385.2 629.61 385.08 629.49 384.96 629.49 c 384.6 629.25 384.12 629.13 383.76 628.89 c 383.4 628.77 382.92 628.65 382.56 628.41 c 382.08 628.29 381.6 628.05 381.12 627.93 c 381.72 627.81 382.2 627.57 382.68 627.21 c 383.16 626.85 383.64 626.49 383.88 626.13 c 384.24 625.77 384.36 625.29 384.36 624.93 c 384.36 624.81 384.36 624.69 384.36 624.57 c 384.72 624.33 385.32 624.09 385.8 624.09 c 385.92 624.09 385.92 624.09 385.92 623.97 c 385.92 623.13 l 385.92 623.13 385.92 623.13 385.8 623.13 c 385.44 623.13 385.2 623.13 384.84 623.25 c 384.48 623.37 384.24 623.61 383.88 623.97 c 383.88 623.85 383.76 623.85 383.76 623.73 c 383.64 623.73 383.52 623.61 383.52 623.61 c 382.8 623.25 381.84 623.13 380.4 623.13 c h f 
388.32 623.01 m 388.2 623.01 387.96 623.13 387.72 623.13 c 387.36 623.25 387.12 623.25 387 623.37 c 386.88 623.25 386.64 623.25 386.52 623.13 c 386.28 623.13 386.04 623.13 385.8 623.13 c 385.68 623.13 385.68 623.13 385.68 623.13 c 385.68 623.97 l 385.68 624.09 385.68 624.09 385.8 624.09 c 386.04 624.09 386.28 624.09 386.4 624.21 c 386.52 624.21 386.64 624.33 386.76 624.45 c 386.88 624.45 387 624.57 387 624.69 c 387.12 624.81 387.24 624.93 387.36 625.29 c 387.36 625.29 387.48 625.41 387.6 625.41 c 387.6 625.41 387.72 625.41 387.72 625.41 c 387.84 625.41 387.96 625.41 388.08 625.41 c 387.96 625.05 387.84 624.81 387.84 624.69 c 387.72 624.45 387.6 624.33 387.6 624.21 c 387.6 624.21 387.72 624.09 387.96 624.09 c 388.08 624.09 388.32 624.09 388.44 624.09 c 388.68 624.09 388.8 624.09 388.92 624.09 c 389.04 624.09 389.16 624.21 389.28 624.21 c 389.4 624.33 389.4 624.45 389.52 624.57 c 389.52 624.81 389.64 624.93 389.76 625.17 c 389.76 625.41 389.88 625.53 389.88 625.77 c 390 625.89 390 626.01 390.12 626.01 c 390.24 626.13 390.24 626.13 390.36 626.13 c 390.6 626.13 390.6 626.13 390.72 626.01 c 390.72 625.89 390.6 625.65 390.48 625.41 c 390.48 625.17 390.24 624.69 390.12 624.21 c 390.24 624.21 390.36 624.09 390.36 624.09 c 390.48 624.09 390.48 624.09 390.6 624.09 c 390.84 624.09 391.08 624.09 391.32 624.21 c 391.32 624.21 391.44 624.33 391.44 624.45 c 391.56 624.57 391.56 624.81 391.68 624.93 c 391.68 625.17 391.8 625.29 391.8 625.53 c 391.92 625.65 391.92 625.77 392.04 626.01 c 392.04 626.01 392.16 626.13 392.16 626.13 c 392.28 626.25 392.4 626.25 392.52 626.25 c 392.64 626.25 392.64 626.13 392.76 626.13 c 392.76 626.01 392.64 625.77 392.52 625.53 c 392.52 625.29 392.4 624.93 392.28 624.45 c 392.52 624.33 392.64 624.21 392.88 624.21 c 393.12 624.09 393.36 624.09 393.6 624.09 c 393.72 624.09 393.72 624.09 393.72 623.97 c 393.72 623.13 l 393.72 623.13 393.72 623.13 393.6 623.13 c 393.24 623.13 393 623.13 392.64 623.25 c 392.4 623.37 392.16 623.49 391.92 623.73 c 391.92 623.61 391.92 623.49 391.8 623.49 c 391.8 623.37 391.68 623.37 391.68 623.25 c 391.56 623.25 391.44 623.13 391.2 623.13 c 391.08 623.01 390.84 623.01 390.72 623.01 c 390.36 623.01 390 623.13 389.76 623.37 c 389.64 623.25 389.64 623.25 389.4 623.13 c 389.28 623.13 389.04 623.13 388.92 623.13 c 388.68 623.01 388.56 623.01 388.32 623.01 c h 389.16 626.85 m 388.92 626.97 388.8 627.09 388.68 627.21 c 388.56 627.33 388.44 627.45 388.44 627.57 c 388.44 627.57 388.56 627.69 388.68 627.81 c 388.8 627.93 388.92 628.17 389.04 628.29 c 389.16 628.17 389.28 628.17 389.28 628.05 c 389.4 627.93 389.64 627.81 389.76 627.57 c 389.64 627.45 389.52 627.33 389.52 627.21 c 389.4 627.09 389.28 626.97 389.16 626.85 c h 390.72 626.97 m 390.6 627.09 390.48 627.21 390.36 627.33 c 390.24 627.45 390.12 627.57 390 627.69 c 390.12 627.81 390.24 627.81 390.36 627.93 c 390.48 628.05 390.6 628.29 390.72 628.41 c 390.84 628.29 390.84 628.17 390.96 628.17 c 391.08 628.05 391.2 627.93 391.44 627.81 c 391.32 627.69 391.2 627.57 391.08 627.45 c 390.96 627.21 390.84 627.09 390.72 626.97 c h 389.88 627.93 m 389.76 628.05 389.64 628.17 389.52 628.29 c 389.4 628.41 389.4 628.41 389.28 628.53 c 389.4 628.65 389.52 628.77 389.64 628.89 c 389.76 629.01 389.76 629.13 389.88 629.25 c 390 629.13 390 629.01 390.12 628.89 c 390.24 628.77 390.36 628.65 390.48 628.53 c 390.36 628.41 390.24 628.29 390.12 628.17 c 390.12 628.17 390 628.05 389.88 627.93 c h f 
393.48 623.13 m 393.48 623.13 393.36 623.13 393.36 623.13 c 393.36 623.97 l 393.36 624.09 393.48 624.09 393.48 624.09 c 393.96 624.09 394.32 624.21 394.8 624.45 c 394.68 624.69 394.68 624.93 394.68 625.17 c 394.68 625.53 394.68 625.77 394.56 626.01 c 394.56 626.61 394.44 627.21 394.32 627.81 c 394.32 628.53 394.2 629.37 394.08 630.09 c 394.2 630.21 394.32 630.33 394.56 630.45 c 394.68 630.57 394.8 630.69 395.04 630.81 c 395.04 630.33 395.04 629.85 395.04 629.25 c 395.16 628.77 395.16 628.17 395.16 627.57 c 395.16 626.97 395.28 626.49 395.28 626.01 c 395.28 625.53 395.28 625.17 395.28 624.69 c 395.28 624.57 395.28 624.33 395.16 624.09 c 395.04 623.85 395.04 623.73 394.8 623.49 c 394.8 623.37 394.68 623.25 394.44 623.13 c 394.2 623.13 393.84 623.13 393.48 623.13 c h f 
397.2 623.13 m 397.2 623.73 397.2 624.45 397.2 625.05 c 397.08 625.65 397.08 626.25 397.08 626.85 c 397.08 627.33 396.96 627.81 396.96 628.29 c 396.96 628.89 396.84 629.37 396.84 629.85 c 396.84 629.97 396.84 630.21 396.96 630.33 c 396.96 630.45 397.08 630.57 397.2 630.69 c 397.32 630.69 397.56 630.81 397.8 630.81 c 397.8 630.69 397.8 630.45 397.92 630.21 c 398.04 629.97 398.04 629.73 398.16 629.49 c 397.8 629.13 l 397.92 628.65 397.92 628.05 397.92 627.45 c 397.92 626.85 397.92 626.25 397.92 625.53 c 397.92 624.81 397.8 623.97 397.8 623.13 c 397.2 623.13 l h f 
407.04 623.13 m 406.56 623.13 406.2 623.13 405.96 623.37 c 405.6 623.49 405.48 623.73 405.36 624.09 c 405.36 624.33 l 404.88 623.49 l 404.64 623.49 404.52 623.49 404.28 623.61 c 404.16 623.61 404.04 623.61 403.92 623.61 c 403.8 623.61 403.68 623.73 403.56 623.73 c 403.44 623.85 403.32 623.85 403.08 623.97 c 402.96 624.09 402.72 624.21 402.6 624.33 c 402.48 624.45 402.48 624.45 402.48 624.57 c 402.48 624.69 402.48 624.81 402.48 624.93 c 402.6 625.05 402.6 625.17 402.72 625.41 c 402.72 625.53 402.84 625.65 402.84 625.77 c 402.96 625.89 403.08 626.01 403.2 626.13 c 403.44 626.37 403.68 626.49 403.92 626.73 c 404.28 626.85 404.52 627.09 404.88 627.21 c 404.76 627.57 l 404.88 627.69 405 627.69 405.12 627.81 c 405.24 627.93 405.36 627.93 405.48 628.05 c 405.48 628.05 405.6 628.17 405.72 628.17 c 405.72 627.57 405.72 626.97 405.84 626.37 c 405.84 625.65 405.84 625.05 405.84 624.45 c 406.2 624.21 406.56 624.09 407.04 624.09 c 407.04 624.09 407.16 624.09 407.16 623.97 c 407.16 623.13 l 407.16 623.13 407.04 623.13 407.04 623.13 c h 405.24 624.57 m 405.24 624.81 405.24 625.05 405.12 625.41 c 405.12 625.65 405 626.01 405 626.37 c 404.16 626.01 403.56 625.65 403.08 625.17 c 403.32 625.05 403.56 624.93 403.8 624.81 c 404.04 624.69 404.28 624.69 404.52 624.69 c 404.64 624.57 404.76 624.57 404.88 624.57 c 405 624.57 405.12 624.57 405.24 624.57 c h 405.12 628.65 m 405 628.77 404.88 628.89 404.76 629.01 c 404.64 629.13 404.52 629.25 404.4 629.37 c 404.52 629.37 404.52 629.49 404.64 629.61 c 404.76 629.73 405 629.97 405.12 630.09 c 405.24 630.09 405.24 629.97 405.36 629.85 c 405.48 629.73 405.72 629.61 405.84 629.37 c 405.72 629.13 405.48 628.89 405.12 628.65 c h 403.44 628.41 m 403.32 628.53 403.2 628.65 403.08 628.77 c 402.96 628.89 402.84 629.01 402.72 629.13 c 402.84 629.25 402.96 629.37 403.08 629.49 c 403.2 629.61 403.32 629.73 403.44 629.97 c 403.56 629.85 403.68 629.73 403.68 629.61 c 403.8 629.61 404.04 629.37 404.16 629.25 c 404.16 629.13 404.04 629.01 403.92 628.89 c 403.8 628.77 403.68 628.53 403.44 628.41 c h f 
406.92 623.13 m 406.92 623.13 406.8 623.13 406.8 623.13 c 406.8 623.97 l 406.8 624.09 406.92 624.09 406.92 624.09 c 407.16 624.09 407.28 624.09 407.52 624.21 c 407.76 624.21 407.88 624.33 408.12 624.45 c 408 624.81 408 625.41 407.88 626.13 c 407.88 626.85 407.76 627.69 407.76 628.65 c 407.64 628.89 407.64 629.13 407.64 629.37 c 407.64 629.61 407.64 629.85 407.52 630.09 c 407.76 630.21 407.88 630.33 408 630.45 c 408.24 630.57 408.36 630.69 408.6 630.81 c 408.6 630.45 408.6 630.09 408.6 629.61 c 408.6 629.13 408.6 628.53 408.6 627.93 c 408.6 627.33 408.6 626.61 408.6 625.89 c 408.6 625.65 408.6 625.41 408.6 625.17 c 408.6 624.93 408.6 624.69 408.6 624.45 c 408.96 624.21 409.32 624.09 409.8 624.09 c 409.92 624.09 409.92 624.09 409.92 623.97 c 409.92 623.13 l 409.92 623.13 409.92 623.13 409.8 623.13 c 409.2 623.13 408.84 623.25 408.48 623.49 c 408.24 623.37 408 623.25 407.76 623.13 c 407.52 623.13 407.28 623.13 406.92 623.13 c h f 
409.68 623.13 m 409.68 623.13 409.68 623.13 409.68 623.13 c 409.68 623.97 l 409.68 624.09 409.68 624.09 409.68 624.09 c 410.16 624.09 410.52 624.09 410.88 624.21 c 411.24 624.21 411.48 624.21 411.6 624.33 c 411.72 624.45 411.84 624.57 411.96 624.69 c 412.08 624.93 412.2 625.17 412.32 625.53 c 412.44 625.65 412.44 625.77 412.56 625.77 c 412.68 625.77 412.68 625.89 412.8 625.89 c 412.92 625.89 413.04 625.77 413.16 625.77 c 413.04 625.53 413.04 625.41 412.92 625.29 c 412.92 625.05 412.8 624.93 412.8 624.81 c 412.68 624.69 412.68 624.57 412.56 624.45 c 412.8 624.33 413.04 624.21 413.28 624.21 c 413.52 624.09 413.76 624.09 414 624.09 c 414 624.09 414.12 624.09 414.12 623.97 c 414.12 623.13 l 414.12 623.13 414 623.13 414 623.13 c 413.28 623.13 412.68 623.37 412.2 623.73 c 412.08 623.61 l 411.96 623.49 411.84 623.37 411.6 623.37 c 411.36 623.25 411.12 623.13 410.76 623.13 c 410.4 623.13 410.04 623.13 409.68 623.13 c h 412.8 620.85 m 412.44 621.21 412.2 621.45 412.08 621.57 c 412.2 621.81 412.44 622.05 412.8 622.41 c 412.8 622.41 412.92 622.29 413.04 622.17 c 413.16 622.05 413.28 621.93 413.52 621.69 c 413.4 621.57 413.28 621.45 413.16 621.33 c 413.04 621.21 412.92 621.09 412.8 620.85 c h 411.12 620.73 m 411 620.85 410.76 620.97 410.64 621.09 c 410.52 621.21 410.4 621.33 410.4 621.45 c 410.52 621.57 410.64 621.69 410.76 621.81 c 410.88 621.93 411 622.05 411.12 622.17 c 411.12 622.17 411.24 622.05 411.36 621.93 c 411.48 621.81 411.6 621.69 411.84 621.57 c 411.72 621.45 411.6 621.21 411.6 621.09 c 411.48 620.97 411.24 620.85 411.12 620.73 c h f 
413.88 623.13 m 413.76 623.13 413.76 623.13 413.76 623.13 c 413.76 623.97 l 413.76 624.09 413.76 624.09 413.88 624.09 c 414 624.09 414.24 624.09 414.36 624.09 c 414.6 624.09 414.72 624.09 414.96 624.09 c 415.08 624.33 415.2 624.45 415.2 624.57 c 415.32 624.69 415.44 624.81 415.56 625.05 c 415.44 625.77 415.32 626.37 415.2 626.97 c 415.08 627.45 415.08 627.93 414.96 628.41 c 414.96 628.77 414.84 629.01 414.84 629.25 c 414.84 629.49 414.72 629.73 414.72 629.85 c 414.72 630.09 414.84 630.33 414.96 630.45 c 415.2 630.69 415.44 630.81 415.68 630.81 c 415.68 630.69 415.8 630.45 415.8 630.21 c 415.92 629.97 416.04 629.73 416.16 629.49 c 415.8 629.13 l 415.8 629.01 415.8 628.89 415.8 628.65 c 415.8 628.41 415.92 628.17 415.92 628.05 c 415.92 627.81 415.92 627.57 415.92 627.45 c 415.92 627.21 416.04 627.09 416.04 626.97 c 416.04 626.61 416.04 626.37 416.04 626.13 c 416.04 625.89 416.04 625.77 416.04 625.65 c 416.64 626.25 417.12 626.73 417.6 626.97 c 418.08 627.33 418.56 627.45 418.92 627.45 c 419.16 627.45 419.4 627.45 419.76 627.21 c 420 627.09 420.36 626.85 420.6 626.49 c 420.84 626.25 420.96 625.89 420.96 625.77 c 420.96 625.17 420.72 624.81 420.36 624.45 c 420.72 624.21 421.08 624.09 421.44 624.09 c 421.56 624.09 421.56 624.09 421.56 623.97 c 421.56 623.13 l 421.56 623.13 421.56 623.13 421.44 623.13 c 421.2 623.13 420.84 623.13 420.48 623.25 c 420.12 623.49 419.76 623.61 419.64 623.85 c 419.04 623.61 418.32 623.49 417.36 623.25 c 416.4 623.13 415.32 623.13 413.88 623.13 c h 415.68 624.09 m 415.92 624.21 416.16 624.21 416.52 624.21 c 416.76 624.21 417 624.21 417.24 624.21 c 417.48 624.33 417.72 624.33 417.96 624.33 c 418.2 624.45 418.44 624.45 418.56 624.45 c 418.68 624.57 418.8 624.57 419.04 624.69 c 419.16 624.69 419.4 624.81 419.64 624.81 c 419.88 624.93 420.12 625.05 420.36 625.17 c 420.24 625.41 420 625.65 419.88 625.89 c 419.64 626.01 419.4 626.13 419.28 626.25 c 419.04 626.37 418.8 626.37 418.56 626.37 c 418.2 626.37 417.84 626.13 417.36 625.77 c 416.76 625.41 416.28 624.81 415.68 624.09 c h f 
421.44 623.13 m 421.32 623.13 421.32 623.13 421.32 623.13 c 421.32 623.97 l 421.32 624.09 421.32 624.09 421.44 624.09 c 421.8 624.09 422.28 624.09 422.52 624.21 c 422.88 624.21 423.12 624.21 423.24 624.33 c 423.36 624.45 423.48 624.57 423.6 624.69 c 423.72 624.93 423.84 625.17 424.08 625.53 c 424.08 625.65 424.2 625.77 424.2 625.77 c 424.32 625.77 424.32 625.89 424.44 625.89 c 424.56 625.89 424.68 625.77 424.8 625.77 c 424.8 625.53 424.68 625.41 424.68 625.29 c 424.56 625.05 424.44 624.93 424.44 624.81 c 424.32 624.69 424.32 624.57 424.32 624.45 c 424.56 624.33 424.8 624.21 424.92 624.21 c 425.16 624.09 425.4 624.09 425.64 624.09 c 425.76 624.09 425.76 624.09 425.76 623.97 c 425.76 623.13 l 425.76 623.13 425.76 623.13 425.64 623.13 c 424.92 623.13 424.44 623.37 423.84 623.73 c 423.72 623.61 l 423.6 623.49 423.48 623.37 423.24 623.37 c 423 623.25 422.76 623.13 422.4 623.13 c 422.04 623.13 421.8 623.13 421.44 623.13 c h 424.44 626.85 m 424.32 626.97 424.2 627.09 424.08 627.21 c 423.96 627.33 423.84 627.45 423.72 627.57 c 423.72 627.57 423.84 627.69 423.96 627.81 c 424.08 627.93 424.32 628.17 424.44 628.29 c 424.56 628.29 424.56 628.17 424.68 628.05 c 424.8 627.93 424.92 627.81 425.16 627.69 c 425.04 627.33 424.8 627.09 424.44 626.85 c h 422.76 626.73 m 422.64 626.85 422.52 626.97 422.4 627.09 c 422.28 627.21 422.16 627.33 422.04 627.33 c 422.16 627.45 422.28 627.57 422.4 627.69 c 422.52 627.81 422.64 628.05 422.76 628.17 c 422.88 628.17 422.88 628.05 423 627.93 c 423.12 627.81 423.36 627.69 423.48 627.45 c 423.36 627.33 423.36 627.21 423.24 627.09 c 423.12 626.97 423 626.85 422.76 626.73 c h f 
428.16 623.01 m 427.92 623.01 427.68 623.13 427.44 623.13 c 427.2 623.25 426.96 623.25 426.84 623.37 c 426.6 623.25 426.48 623.25 426.24 623.13 c 426 623.13 425.76 623.13 425.52 623.13 c 425.52 623.13 425.4 623.13 425.4 623.13 c 425.4 623.97 l 425.4 624.09 425.52 624.09 425.52 624.09 c 425.76 624.09 426 624.09 426.12 624.21 c 426.36 624.21 426.48 624.33 426.6 624.45 c 426.72 624.45 426.72 624.57 426.84 624.69 c 426.96 624.81 426.96 624.93 427.2 625.29 c 427.2 625.29 427.32 625.41 427.32 625.41 c 427.44 625.41 427.44 625.41 427.56 625.41 c 427.68 625.41 427.8 625.41 427.92 625.41 c 427.8 625.05 427.68 624.81 427.56 624.69 c 427.44 624.45 427.44 624.33 427.32 624.21 c 427.44 624.21 427.56 624.09 427.68 624.09 c 427.92 624.09 428.04 624.09 428.28 624.09 c 428.4 624.09 428.52 624.09 428.76 624.09 c 428.88 624.09 429 624.21 429.12 624.21 c 429.12 624.33 429.24 624.45 429.24 624.57 c 429.36 624.81 429.48 624.93 429.48 625.17 c 429.6 625.41 429.6 625.53 429.72 625.77 c 429.72 625.89 429.84 626.01 429.96 626.01 c 429.96 626.13 430.08 626.13 430.2 626.13 c 430.32 626.13 430.44 626.13 430.56 626.01 c 430.44 625.89 430.44 625.65 430.32 625.41 c 430.2 625.17 430.08 624.69 429.96 624.21 c 429.96 624.21 430.08 624.09 430.2 624.09 c 430.2 624.09 430.32 624.09 430.44 624.09 c 430.68 624.09 430.92 624.09 431.16 624.21 c 431.16 624.21 431.16 624.33 431.28 624.45 c 431.28 624.57 431.4 624.81 431.4 624.93 c 431.52 625.17 431.52 625.29 431.64 625.53 c 431.64 625.65 431.76 625.77 431.88 626.01 c 431.88 626.01 431.88 626.13 432 626.13 c 432.12 626.25 432.12 626.25 432.24 626.25 c 432.36 626.25 432.48 626.13 432.6 626.13 c 432.48 626.01 432.48 625.77 432.36 625.53 c 432.24 625.29 432.12 624.93 432 624.45 c 432.24 624.33 432.48 624.21 432.72 624.21 c 432.84 624.09 433.08 624.09 433.44 624.09 c 433.44 624.09 433.44 624.09 433.44 623.97 c 433.44 623.13 l 433.44 623.13 433.44 623.13 433.44 623.13 c 433.08 623.13 432.72 623.13 432.48 623.25 c 432.12 623.37 431.88 623.49 431.76 623.73 c 431.64 623.61 431.64 623.49 431.64 623.49 c 431.64 623.37 431.52 623.37 431.4 623.25 c 431.4 623.25 431.16 623.13 431.04 623.13 c 430.8 623.01 430.68 623.01 430.44 623.01 c 430.2 623.01 429.84 623.13 429.6 623.37 c 429.48 623.25 429.36 623.25 429.24 623.13 c 429 623.13 428.88 623.13 428.64 623.13 c 428.52 623.01 428.28 623.01 428.16 623.01 c h f 
437.4 623.01 m 437.16 623.01 436.8 623.01 436.44 623.13 c 436.08 623.13 435.84 623.25 435.48 623.37 c 435.12 623.49 434.88 623.61 434.64 623.73 c 434.4 623.49 434.28 623.37 434.04 623.25 c 433.8 623.13 433.56 623.13 433.32 623.13 c 433.2 623.13 433.2 623.13 433.2 623.13 c 433.2 623.97 l 433.2 624.09 433.2 624.09 433.32 624.09 c 433.56 624.09 433.8 624.21 434.04 624.33 c 434.28 624.45 434.4 624.69 434.64 624.93 c 434.76 625.17 434.76 625.41 434.88 625.53 c 435 625.77 435 625.89 435.12 626.01 c 435.24 626.13 435.24 626.25 435.36 626.37 c 435.6 626.61 435.72 626.73 435.96 626.85 c 436.08 626.97 436.32 627.09 436.56 627.09 c 436.8 627.09 437.04 626.97 437.28 626.61 c 437.52 626.37 437.64 626.01 437.88 625.53 c 438 625.17 438 624.69 438 624.33 c 438 624.09 438 623.85 437.88 623.61 c 437.76 623.37 437.64 623.25 437.4 623.01 c h 437.16 624.09 m 437.16 624.33 437.04 624.69 436.92 625.05 c 436.92 625.29 436.8 625.53 436.68 625.77 c 436.56 625.89 436.44 625.89 436.32 625.89 c 436.08 625.89 435.84 625.77 435.72 625.53 c 435.6 625.41 435.6 625.29 435.48 625.17 c 435.36 625.05 435.24 624.81 435.12 624.57 c 435.36 624.45 435.72 624.33 436.08 624.21 c 436.32 624.21 436.68 624.09 437.16 624.09 c h f 
444.24 623.13 m 443.88 623.13 443.64 623.13 443.4 623.25 c 443.16 623.37 442.92 623.49 442.8 623.61 c 442.68 623.85 442.56 624.09 442.56 624.33 c 442.56 624.57 442.44 624.81 442.44 625.05 c 442.44 625.29 442.44 625.65 442.32 626.01 c 442.32 626.37 442.32 626.85 442.2 627.21 c 442.2 627.69 442.2 628.17 442.08 628.65 c 442.08 629.13 442.08 629.61 441.96 630.09 c 442.2 630.21 442.32 630.33 442.44 630.45 c 442.68 630.57 442.8 630.69 443.04 630.81 c 443.04 630.21 443.04 629.61 443.04 629.01 c 443.04 628.53 443.04 627.93 443.04 627.21 c 443.16 626.61 443.16 625.89 443.16 625.29 c 443.16 624.45 l 443.28 624.33 443.52 624.21 443.64 624.21 c 443.88 624.09 444.12 624.09 444.24 624.09 c 444.36 624.09 444.36 624.09 444.36 623.97 c 444.36 623.13 l 444.36 623.13 444.36 623.13 444.24 623.13 c h f 
447.84 623.01 m 447.36 623.01 447 623.13 446.64 623.13 c 446.28 623.25 445.92 623.25 445.68 623.49 c 445.32 623.25 445.08 623.25 444.84 623.13 c 444.6 623.13 444.36 623.13 444.24 623.13 c 444.12 623.13 444.12 623.13 444.12 623.13 c 444.12 623.97 l 444.12 624.09 444.12 624.09 444.24 624.09 c 444.36 624.09 444.48 624.09 444.48 624.09 c 444.6 624.21 444.72 624.21 444.84 624.21 c 444.84 624.21 444.84 624.33 444.84 624.33 c 444.84 624.45 444.84 624.45 444.84 624.45 c 444.84 624.69 444.96 624.93 444.96 625.29 c 445.08 625.53 445.32 625.77 445.44 626.01 c 445.68 626.25 445.8 626.49 446.04 626.61 c 446.4 626.97 446.64 627.09 447 627.09 c 447.12 627.09 447.24 626.97 447.36 626.85 c 447.36 626.73 447.48 626.61 447.6 626.49 c 447.6 626.37 447.72 626.25 447.72 626.01 c 447.84 625.89 447.84 625.77 447.96 625.65 c 447.96 625.29 448.08 625.05 448.2 624.93 c 448.32 624.69 448.44 624.45 448.56 624.33 c 448.68 624.21 448.8 624.09 449.04 624.09 c 449.04 624.09 449.16 624.09 449.16 623.97 c 449.16 623.25 l 449.16 623.13 449.04 623.13 449.04 623.13 c 448.56 623.13 448.32 623.25 447.96 623.61 c 447.84 623.01 l h 447.6 623.97 m 447.48 624.21 447.36 624.57 447.24 624.93 c 447.12 625.29 447 625.65 447 626.01 c 446.76 626.01 446.64 625.89 446.4 625.77 c 446.16 625.53 446.04 625.41 445.8 625.29 c 445.68 625.05 445.56 624.93 445.44 624.69 c 445.68 624.57 446.04 624.33 446.4 624.21 c 446.76 624.09 447.12 624.09 447.6 623.97 c h f 
448.92 623.13 m 448.92 623.13 448.8 623.13 448.8 623.13 c 448.8 623.97 l 448.8 624.09 448.92 624.09 448.92 624.09 c 449.52 624.09 449.88 624.21 450.12 624.45 c 450.12 624.45 450.24 624.57 450.36 624.81 c 450.48 624.93 450.6 625.17 450.72 625.53 c 450.84 625.65 450.96 625.77 450.96 625.77 c 451.08 625.77 451.08 625.89 451.2 625.89 c 451.32 625.89 451.44 625.77 451.56 625.77 c 451.44 625.53 451.44 625.29 451.32 625.17 c 451.2 624.93 451.08 624.69 450.96 624.45 c 451.2 624.33 451.44 624.21 451.68 624.21 c 451.92 624.09 452.16 624.09 452.4 624.09 c 452.4 624.09 452.52 624.09 452.52 623.97 c 452.52 623.13 l 452.52 623.13 452.4 623.13 452.4 623.13 c 451.68 623.13 451.08 623.37 450.6 623.73 c 450.6 623.73 450.6 623.73 450.48 623.61 c 450.48 623.61 450.48 623.49 450.36 623.49 c 450.36 623.37 450.12 623.25 449.88 623.25 c 449.52 623.13 449.28 623.13 448.92 623.13 c h 450.72 626.85 m 450.36 627.21 450.12 627.45 449.88 627.69 c 450 627.81 450.24 628.05 450.36 628.17 c 450.48 628.29 450.6 628.41 450.72 628.53 c 450.84 628.41 450.96 628.29 451.08 628.17 c 451.2 628.05 451.32 627.93 451.44 627.81 c 451.44 627.69 451.32 627.45 451.2 627.33 c 450.96 627.21 450.84 627.09 450.72 626.85 c h f 
452.28 623.13 m 452.28 623.13 452.16 623.13 452.16 623.13 c 452.16 623.97 l 452.16 624.09 452.28 624.09 452.28 624.09 c 452.76 624.09 453.12 624.09 453.48 624.21 c 453.72 624.21 453.96 624.21 454.2 624.33 c 454.2 624.45 454.32 624.57 454.44 624.69 c 454.56 624.93 454.68 625.17 454.92 625.53 c 454.92 625.65 455.04 625.77 455.16 625.77 c 455.16 625.77 455.28 625.89 455.4 625.89 c 455.52 625.89 455.64 625.77 455.64 625.77 c 455.64 625.53 455.64 625.41 455.52 625.29 c 455.4 625.05 455.4 624.93 455.28 624.81 c 455.28 624.69 455.16 624.57 455.16 624.45 c 455.4 624.33 455.64 624.21 455.88 624.21 c 456 624.09 456.24 624.09 456.48 624.09 c 456.6 624.09 456.6 624.09 456.6 623.97 c 456.6 623.13 l 456.6 623.13 456.6 623.13 456.48 623.13 c 455.88 623.13 455.28 623.37 454.8 623.73 c 454.56 623.61 l 454.56 623.49 454.32 623.37 454.08 623.37 c 453.84 623.25 453.6 623.13 453.24 623.13 c 453 623.13 452.64 623.13 452.28 623.13 c h 455.4 620.85 m 455.04 621.21 454.8 621.45 454.56 621.57 c 454.8 621.81 455.04 622.05 455.28 622.41 c 455.4 622.41 455.4 622.29 455.52 622.17 c 455.64 622.05 455.88 621.93 456 621.69 c 456 621.57 455.88 621.45 455.76 621.33 c 455.64 621.21 455.52 621.09 455.4 620.85 c h 453.72 620.73 m 453.48 620.85 453.36 620.97 453.24 621.09 c 453.12 621.21 453 621.33 452.88 621.45 c 453 621.57 453.12 621.69 453.24 621.81 c 453.36 621.93 453.48 622.05 453.72 622.17 c 453.72 622.17 453.84 622.05 453.84 621.93 c 453.96 621.81 454.2 621.69 454.32 621.57 c 454.32 621.45 454.2 621.21 454.08 621.09 c 453.96 620.97 453.84 620.85 453.72 620.73 c h f 
459 623.01 m 458.88 623.01 458.64 623.13 458.28 623.13 c 458.04 623.25 457.8 623.25 457.68 623.37 c 457.56 623.25 457.32 623.25 457.08 623.13 c 456.96 623.13 456.72 623.13 456.48 623.13 c 456.36 623.13 456.36 623.13 456.36 623.13 c 456.36 623.97 l 456.36 624.09 456.36 624.09 456.48 624.09 c 456.72 624.09 456.84 624.09 457.08 624.21 c 457.2 624.21 457.32 624.33 457.44 624.45 c 457.56 624.45 457.56 624.57 457.68 624.57 c 457.68 624.69 457.68 624.69 457.8 624.81 c 457.92 624.93 457.92 625.05 458.04 625.29 c 458.04 625.29 458.16 625.41 458.16 625.41 c 458.28 625.41 458.4 625.41 458.4 625.41 c 458.52 625.41 458.64 625.41 458.76 625.41 c 458.64 625.05 458.52 624.81 458.4 624.57 c 458.4 624.45 458.28 624.33 458.28 624.21 c 458.28 624.21 458.4 624.09 458.64 624.09 c 458.76 624.09 459 624.09 459.12 624.09 c 459.36 624.09 459.48 624.09 459.6 624.09 c 459.72 624.09 459.84 624.21 459.96 624.21 c 460.08 624.33 460.08 624.45 460.2 624.57 c 460.2 624.81 460.32 624.93 460.32 625.17 c 460.44 625.41 460.56 625.53 460.56 625.77 c 460.68 625.89 460.68 626.01 460.8 626.01 c 460.8 626.13 460.92 626.13 461.04 626.13 c 461.16 626.13 461.28 626.13 461.4 626.01 c 461.28 625.89 461.28 625.65 461.16 625.41 c 461.04 625.17 461.04 624.93 460.92 624.57 c 461.16 624.45 461.4 624.33 461.64 624.33 c 461.76 624.21 462 624.21 462.24 624.09 c 462.48 624.09 462.72 624.09 462.96 624.09 c 462.96 624.21 462.84 624.45 462.72 624.57 c 462.72 624.81 462.6 625.05 462.48 625.17 c 462.48 625.41 462.36 625.53 462.36 625.77 c 462.24 625.89 462.24 626.01 462.24 626.13 c 462.24 626.25 462.36 626.49 462.48 626.61 c 462.6 626.85 462.84 626.97 463.08 627.09 c 463.2 626.73 463.2 626.37 463.32 626.13 c 463.32 625.77 463.44 625.41 463.44 625.17 c 463.56 624.93 463.56 624.69 463.56 624.57 c 463.56 624.45 463.56 624.33 463.44 624.09 c 463.44 623.97 463.44 623.73 463.32 623.49 c 463.2 623.37 463.2 623.13 463.08 623.01 c 462.6 623.01 462.12 623.13 461.76 623.13 c 461.4 623.25 460.92 623.37 460.56 623.61 c 460.56 623.49 460.44 623.37 460.44 623.37 c 460.44 623.25 460.32 623.25 460.2 623.13 c 459.96 623.13 459.84 623.13 459.6 623.13 c 459.36 623.01 459.24 623.01 459 623.01 c h f 
472.32 623.13 m 471.84 623.13 471.48 623.13 471.24 623.37 c 470.88 623.49 470.76 623.73 470.64 624.09 c 470.64 624.33 l 470.16 623.49 l 469.92 623.49 469.8 623.49 469.56 623.61 c 469.44 623.61 469.32 623.61 469.2 623.61 c 469.08 623.61 468.96 623.73 468.84 623.73 c 468.72 623.85 468.6 623.85 468.36 623.97 c 468.24 624.09 468 624.21 467.88 624.33 c 467.76 624.45 467.76 624.45 467.76 624.57 c 467.76 624.69 467.76 624.81 467.76 624.93 c 467.88 625.05 467.88 625.17 468 625.41 c 468 625.53 468.12 625.65 468.12 625.77 c 468.24 625.89 468.36 626.01 468.48 626.13 c 468.72 626.37 468.96 626.49 469.2 626.73 c 469.56 626.85 469.8 627.09 470.16 627.21 c 470.04 627.57 l 470.16 627.69 470.28 627.69 470.4 627.81 c 470.52 627.93 470.64 627.93 470.76 628.05 c 470.76 628.05 470.88 628.17 471 628.17 c 471 627.57 471 626.97 471.12 626.37 c 471.12 625.65 471.12 625.05 471.12 624.45 c 471.48 624.21 471.84 624.09 472.32 624.09 c 472.32 624.09 472.44 624.09 472.44 623.97 c 472.44 623.13 l 472.44 623.13 472.32 623.13 472.32 623.13 c h 470.52 624.57 m 470.52 624.81 470.52 625.05 470.4 625.41 c 470.4 625.65 470.28 626.01 470.28 626.37 c 469.44 626.01 468.84 625.65 468.36 625.17 c 468.6 625.05 468.84 624.93 469.08 624.81 c 469.32 624.69 469.56 624.69 469.8 624.69 c 469.92 624.57 470.04 624.57 470.16 624.57 c 470.28 624.57 470.4 624.57 470.52 624.57 c h 470.4 628.65 m 470.28 628.77 470.16 628.89 470.04 629.01 c 469.92 629.13 469.8 629.25 469.68 629.37 c 469.8 629.37 469.8 629.49 469.92 629.61 c 470.04 629.73 470.28 629.97 470.4 630.09 c 470.52 630.09 470.52 629.97 470.64 629.85 c 470.76 629.73 471 629.61 471.12 629.37 c 471 629.13 470.76 628.89 470.4 628.65 c h 468.72 628.41 m 468.6 628.53 468.48 628.65 468.36 628.77 c 468.24 628.89 468.12 629.01 468 629.13 c 468.12 629.25 468.24 629.37 468.36 629.49 c 468.48 629.61 468.6 629.73 468.72 629.97 c 468.84 629.85 468.96 629.73 468.96 629.61 c 469.08 629.61 469.32 629.37 469.44 629.25 c 469.44 629.13 469.32 629.01 469.2 628.89 c 469.08 628.77 468.96 628.53 468.72 628.41 c h f 
474.84 623.01 m 474.6 623.01 474.36 623.13 474.12 623.13 c 473.88 623.25 473.64 623.25 473.4 623.37 c 473.28 623.25 473.16 623.25 472.92 623.13 c 472.68 623.13 472.44 623.13 472.2 623.13 c 472.08 623.13 472.08 623.13 472.08 623.13 c 472.08 623.97 l 472.08 624.09 472.08 624.09 472.2 624.09 c 472.44 624.09 472.68 624.09 472.8 624.21 c 472.92 624.21 473.16 624.33 473.28 624.45 c 473.28 624.45 473.4 624.57 473.4 624.57 c 473.52 624.69 473.52 624.69 473.52 624.81 c 473.64 624.93 473.76 625.05 473.88 625.29 c 473.88 625.29 473.88 625.41 474 625.41 c 474 625.41 474.12 625.41 474.24 625.41 c 474.36 625.41 474.48 625.41 474.48 625.41 c 474.36 625.05 474.36 624.81 474.24 624.57 c 474.12 624.45 474.12 624.33 474 624.21 c 474.12 624.21 474.24 624.09 474.36 624.09 c 474.6 624.09 474.72 624.09 474.96 624.09 c 475.08 624.09 475.2 624.09 475.32 624.09 c 475.56 624.09 475.68 624.21 475.8 624.21 c 475.8 624.33 475.92 624.45 475.92 624.57 c 476.04 624.81 476.04 624.93 476.16 625.17 c 476.28 625.41 476.28 625.53 476.4 625.77 c 476.4 625.89 476.52 626.01 476.52 626.01 c 476.64 626.13 476.76 626.13 476.88 626.13 c 477 626.13 477.12 626.13 477.12 626.01 c 477.12 625.89 477 625.65 477 625.41 c 476.88 625.17 476.76 624.93 476.64 624.57 c 476.88 624.45 477.12 624.33 477.36 624.33 c 477.6 624.21 477.84 624.21 478.08 624.09 c 478.2 624.09 478.44 624.09 478.8 624.09 c 478.68 624.21 478.68 624.45 478.56 624.57 c 478.44 624.81 478.32 625.05 478.32 625.17 c 478.2 625.41 478.2 625.53 478.08 625.77 c 478.08 625.89 478.08 626.01 478.08 626.13 c 478.08 626.25 478.08 626.49 478.32 626.61 c 478.44 626.85 478.68 626.97 478.92 627.09 c 478.92 626.73 479.04 626.37 479.04 626.13 c 479.16 625.77 479.16 625.41 479.28 625.17 c 479.28 624.93 479.28 624.69 479.28 624.57 c 479.28 624.45 479.28 624.33 479.28 624.09 c 479.28 623.97 479.16 623.73 479.04 623.49 c 479.04 623.37 478.92 623.13 478.92 623.01 c 478.44 623.01 477.96 623.13 477.6 623.13 c 477.12 623.25 476.76 623.37 476.28 623.61 c 476.28 623.49 476.28 623.37 476.28 623.37 c 476.16 623.25 476.04 623.25 475.92 623.13 c 475.8 623.13 475.56 623.13 475.44 623.13 c 475.2 623.01 474.96 623.01 474.84 623.01 c h 475.56 626.85 m 475.44 626.97 475.32 627.09 475.2 627.21 c 475.08 627.33 474.96 627.45 474.84 627.57 c 474.96 627.57 475.08 627.69 475.2 627.81 c 475.32 627.93 475.44 628.17 475.56 628.29 c 475.56 628.17 475.68 628.17 475.8 628.05 c 475.92 627.93 476.04 627.81 476.16 627.57 c 476.16 627.45 476.04 627.33 475.92 627.21 c 475.8 627.09 475.68 626.97 475.56 626.85 c h 477.12 626.97 m 477 627.09 476.88 627.21 476.76 627.33 c 476.64 627.45 476.52 627.57 476.52 627.69 c 476.52 627.81 476.64 627.81 476.76 627.93 c 476.88 628.05 477 628.29 477.12 628.41 c 477.24 628.29 477.36 628.17 477.48 628.17 c 477.6 628.05 477.72 627.93 477.84 627.81 c 477.72 627.69 477.6 627.57 477.6 627.45 c 477.48 627.21 477.36 627.09 477.12 626.97 c h 476.4 627.93 m 476.28 628.05 476.16 628.17 476.04 628.29 c 475.92 628.41 475.8 628.41 475.68 628.53 c 475.8 628.65 475.92 628.77 476.04 628.89 c 476.16 629.01 476.28 629.13 476.28 629.25 c 476.4 629.13 476.52 629.01 476.64 628.89 c 476.76 628.77 476.88 628.65 477 628.53 c 476.88 628.41 476.76 628.29 476.64 628.17 c 476.52 628.17 476.4 628.05 476.4 627.93 c h f 
483.12 623.13 m 482.76 623.13 482.4 623.13 482.16 623.25 c 481.92 623.37 481.68 623.49 481.56 623.61 c 481.44 623.85 481.32 624.09 481.32 624.33 c 481.32 624.57 481.32 624.81 481.2 625.05 c 481.2 625.29 481.2 625.65 481.2 626.01 c 481.08 626.37 481.08 626.85 481.08 627.21 c 480.96 627.69 480.96 628.17 480.96 628.65 c 480.84 629.13 480.84 629.61 480.84 630.09 c 480.96 630.21 481.08 630.33 481.2 630.45 c 481.44 630.57 481.56 630.69 481.8 630.81 c 481.8 630.21 481.8 629.61 481.8 629.01 c 481.8 628.53 481.92 627.93 481.92 627.21 c 481.92 626.61 481.92 625.89 481.92 625.29 c 481.92 624.45 l 482.16 624.33 482.28 624.21 482.52 624.21 c 482.64 624.09 482.88 624.09 483.12 624.09 c 483.12 624.09 483.12 624.09 483.12 623.97 c 483.12 623.13 l 483.12 623.13 483.12 623.13 483.12 623.13 c h f 
485.52 623.01 m 485.4 623.01 485.16 623.13 484.92 623.13 c 484.56 623.25 484.44 623.25 484.2 623.37 c 484.08 623.25 483.96 623.25 483.72 623.13 c 483.48 623.13 483.24 623.13 483 623.13 c 482.88 623.13 482.88 623.13 482.88 623.13 c 482.88 623.97 l 482.88 624.09 482.88 624.09 483 624.09 c 483.24 624.09 483.48 624.09 483.6 624.21 c 483.72 624.21 483.84 624.33 483.96 624.45 c 484.08 624.45 484.2 624.57 484.2 624.57 c 484.2 624.69 484.32 624.69 484.32 624.81 c 484.44 624.93 484.44 625.05 484.56 625.29 c 484.68 625.29 484.68 625.41 484.8 625.41 c 484.8 625.41 484.92 625.41 485.04 625.41 c 485.04 625.41 485.16 625.41 485.28 625.41 c 485.16 625.05 485.04 624.81 485.04 624.57 c 484.92 624.45 484.8 624.33 484.8 624.21 c 484.92 624.21 485.04 624.09 485.16 624.09 c 485.28 624.09 485.52 624.09 485.64 624.09 c 485.88 624.09 486 624.09 486.12 624.09 c 486.24 624.09 486.48 624.21 486.6 624.21 c 486.6 624.33 486.72 624.45 486.72 624.57 c 486.84 624.81 486.84 624.93 486.96 625.17 c 486.96 625.41 487.08 625.53 487.2 625.77 c 487.2 625.89 487.2 626.01 487.32 626.01 c 487.44 626.13 487.56 626.13 487.68 626.13 c 487.8 626.13 487.92 626.13 487.92 626.01 c 487.92 625.89 487.8 625.65 487.68 625.41 c 487.68 625.17 487.56 624.93 487.44 624.57 c 487.68 624.45 487.92 624.33 488.16 624.33 c 488.4 624.21 488.52 624.21 488.76 624.09 c 489 624.09 489.24 624.09 489.48 624.09 c 489.48 624.21 489.36 624.45 489.36 624.57 c 489.24 624.81 489.12 625.05 489.12 625.17 c 489 625.41 488.88 625.53 488.88 625.77 c 488.88 625.89 488.76 626.01 488.76 626.13 c 488.76 626.25 488.88 626.49 489 626.61 c 489.24 626.85 489.36 626.97 489.6 627.09 c 489.72 626.73 489.72 626.37 489.84 626.13 c 489.96 625.77 489.96 625.41 490.08 625.17 c 490.08 624.93 490.08 624.69 490.08 624.57 c 490.08 624.45 490.08 624.33 490.08 624.09 c 489.96 623.97 489.96 623.73 489.84 623.49 c 489.84 623.37 489.72 623.13 489.6 623.01 c 489.12 623.01 488.76 623.13 488.28 623.13 c 487.92 623.25 487.56 623.37 487.08 623.61 c 487.08 623.49 487.08 623.37 486.96 623.37 c 486.96 623.25 486.84 623.25 486.72 623.13 c 486.6 623.13 486.36 623.13 486.12 623.13 c 486 623.01 485.76 623.01 485.52 623.01 c h 486.36 626.85 m 486.12 626.97 486 627.09 485.88 627.21 c 485.76 627.33 485.64 627.45 485.64 627.57 c 485.76 627.57 485.88 627.69 485.88 627.81 c 486 627.93 486.24 628.17 486.36 628.29 c 486.36 628.17 486.48 628.17 486.6 628.05 c 486.72 627.93 486.84 627.81 486.96 627.57 c 486.84 627.45 486.84 627.33 486.72 627.21 c 486.6 627.09 486.48 626.97 486.36 626.85 c h 487.92 626.97 m 487.8 627.09 487.68 627.21 487.56 627.33 c 487.44 627.45 487.32 627.57 487.2 627.69 c 487.32 627.81 487.44 627.81 487.56 627.93 c 487.68 628.05 487.8 628.29 487.92 628.41 c 488.04 628.29 488.16 628.17 488.28 628.17 c 488.28 628.05 488.52 627.93 488.64 627.81 c 488.52 627.69 488.4 627.57 488.28 627.45 c 488.16 627.21 488.04 627.09 487.92 626.97 c h 487.08 627.93 m 486.96 628.05 486.84 628.17 486.72 628.29 c 486.72 628.41 486.6 628.41 486.48 628.53 c 486.6 628.65 486.72 628.77 486.84 628.89 c 486.96 629.01 486.96 629.13 487.08 629.25 c 487.2 629.13 487.32 629.01 487.32 628.89 c 487.44 628.77 487.56 628.65 487.68 628.53 c 487.56 628.41 487.56 628.29 487.44 628.17 c 487.32 628.17 487.2 628.05 487.08 627.93 c h f 
0 0.49 0.769 sc 497.64 626.25 m 497.4 626.37 497.28 626.61 497.04 626.73 c 496.8 626.85 496.68 626.97 496.44 627.09 c 496.56 627.21 496.56 627.21 496.68 627.33 c 496.68 627.45 496.68 627.57 496.8 627.69 c 496.8 627.81 496.92 627.81 496.92 627.93 c 497.04 628.05 497.04 628.17 497.16 628.29 c 497.28 628.17 497.4 628.05 497.64 627.93 c 497.76 627.81 497.88 627.69 498 627.57 c 498.24 627.45 498.24 627.45 498.24 627.33 c 498.24 627.21 498 626.85 497.64 626.25 c h 497.64 622.41 m 497.4 622.53 497.28 622.65 497.04 622.77 c 496.8 622.89 496.68 623.13 496.44 623.13 c 496.56 623.25 496.56 623.37 496.68 623.49 c 496.68 623.61 496.68 623.73 496.8 623.73 c 496.8 623.85 496.92 623.97 496.92 624.09 c 497.04 624.21 497.04 624.21 497.16 624.33 c 497.88 623.97 498.24 623.61 498.24 623.49 c 498.24 623.37 498 623.01 497.64 622.41 c h f 
506.88 623.13 m 506.4 623.13 506.04 623.25 505.8 623.37 c 505.56 623.49 505.32 623.73 505.32 623.97 c 505.2 624.45 l 504.72 623.49 l 504.6 623.49 504.36 623.49 504.24 623.49 c 504.12 623.49 504 623.61 503.88 623.61 c 503.76 623.61 503.64 623.61 503.52 623.73 c 503.28 623.73 503.16 623.85 502.92 623.97 c 502.68 624.09 502.56 624.21 502.44 624.33 c 502.32 624.45 502.2 624.57 502.2 624.69 c 502.2 624.69 502.32 624.81 502.32 624.93 c 502.32 625.17 502.44 625.29 502.44 625.53 c 502.56 625.65 502.68 625.89 502.68 625.89 c 502.8 626.13 502.92 626.25 503.16 626.49 c 503.28 626.61 503.52 626.85 503.88 626.97 c 504.12 627.21 504.36 627.33 504.6 627.45 c 504.48 627.81 l 504.72 628.05 504.84 628.17 504.96 628.17 c 505.08 628.29 505.2 628.41 505.32 628.41 c 505.44 628.53 505.56 628.65 505.68 628.65 c 505.68 628.05 505.68 627.45 505.68 626.73 c 505.68 626.13 505.68 625.41 505.68 624.81 c 506.04 624.57 506.52 624.45 506.88 624.45 c 507 624.45 507 624.45 507 624.45 c 507 623.25 l 507 623.13 507 623.13 506.88 623.13 c h 505.08 624.81 m 505.08 625.05 504.96 625.29 504.96 625.53 c 504.84 625.77 504.84 626.01 504.72 626.37 c 504 626.13 503.52 625.77 503.04 625.41 c 503.28 625.29 503.52 625.17 503.76 625.05 c 504 625.05 504.24 624.93 504.36 624.93 c 504.48 624.93 504.6 624.93 504.72 624.93 c 504.84 624.81 504.96 624.81 505.08 624.81 c h f 
506.76 623.13 m 506.76 623.13 506.76 623.13 506.76 623.25 c 506.76 624.45 l 506.76 624.45 506.76 624.45 506.76 624.45 c 507.24 624.45 507.48 624.57 507.84 624.57 c 508.2 624.57 508.44 624.57 508.56 624.69 c 508.8 624.81 508.92 624.93 508.92 625.05 c 509.04 625.17 509.16 625.41 509.28 625.65 c 509.4 625.89 509.52 626.01 509.52 626.01 c 509.64 626.13 509.76 626.13 509.88 626.13 c 510.12 626.13 510.24 626.13 510.36 626.01 c 510.24 625.77 510.24 625.65 510.12 625.53 c 510.12 625.41 510 625.29 510 625.17 c 510 625.05 509.88 624.93 509.88 624.81 c 510 624.69 510.24 624.69 510.48 624.57 c 510.6 624.57 510.84 624.45 511.08 624.45 c 511.08 624.45 511.2 624.45 511.2 624.45 c 511.2 623.25 l 511.2 623.13 511.08 623.13 511.08 623.13 c 510.48 623.13 509.88 623.37 509.4 623.97 c 509.28 623.73 l 509.16 623.61 508.92 623.49 508.8 623.37 c 508.56 623.25 508.32 623.25 507.96 623.13 c 507.6 623.13 507.24 623.13 506.76 623.13 c h 509.76 620.85 m 509.4 621.09 509.16 621.33 509.04 621.57 c 509.28 621.81 509.52 622.05 509.76 622.29 c 509.76 622.29 509.88 622.29 510 622.17 c 510.12 622.05 510.24 621.81 510.48 621.57 c 510.36 621.45 510.24 621.33 510.24 621.21 c 510.12 621.09 509.88 620.97 509.76 620.85 c h 508.2 620.61 m 508.08 620.85 507.84 620.97 507.72 621.09 c 507.6 621.21 507.48 621.33 507.48 621.33 c 507.6 621.45 507.72 621.69 507.84 621.81 c 507.96 621.93 508.08 622.05 508.2 622.17 c 508.32 622.17 508.32 622.05 508.44 621.93 c 508.56 621.81 508.8 621.69 508.92 621.45 c 508.8 621.33 508.68 621.21 508.56 621.09 c 508.56 620.85 508.32 620.73 508.2 620.61 c h f 
510.96 623.13 m 510.84 623.13 510.84 623.13 510.84 623.25 c 510.84 624.45 l 510.84 624.45 510.84 624.45 510.96 624.45 c 511.8 624.45 512.52 624.57 513.12 624.57 c 513.72 624.69 514.2 624.81 514.68 624.93 c 514.68 625.05 514.56 625.05 514.56 625.17 c 514.56 625.29 514.56 625.29 514.56 625.41 c 514.32 625.29 514.08 625.17 513.84 625.05 c 513.72 624.93 513.48 624.93 513.12 624.93 c 512.76 624.93 512.4 625.05 512.16 625.29 c 511.92 625.53 511.92 625.77 511.92 626.13 c 511.92 626.49 511.92 626.85 512.04 627.21 c 512.16 627.45 512.4 627.81 512.64 627.93 c 512.76 628.05 512.88 628.17 513 628.17 c 513.12 628.29 513.36 628.29 513.48 628.29 c 513.72 628.29 514.08 628.05 514.32 627.69 c 514.68 627.45 514.92 626.97 515.04 626.37 c 515.16 626.13 515.16 625.89 515.28 625.65 c 515.28 625.41 515.28 625.17 515.28 624.93 c 515.28 624.81 515.28 624.69 515.28 624.57 c 515.28 624.45 515.28 624.21 515.16 624.09 c 515.16 623.97 515.04 623.85 514.92 623.73 c 514.68 623.61 514.44 623.61 514.08 623.49 c 513.72 623.37 513.24 623.25 512.76 623.25 c 512.16 623.13 511.56 623.13 510.96 623.13 c h 513.36 625.77 m 513.6 625.77 513.96 625.77 514.32 625.89 c 514.08 626.25 513.96 626.49 513.84 626.61 c 513.6 626.85 513.48 626.85 513.24 626.85 c 513 626.85 512.76 626.85 512.64 626.73 c 512.52 626.61 512.4 626.49 512.4 626.25 c 512.4 626.13 512.52 626.01 512.64 625.89 c 512.76 625.77 513 625.77 513.36 625.77 c h 513.48 629.01 m 513 629.37 512.76 629.61 512.52 629.85 c 512.76 630.09 512.88 630.21 513 630.33 c 513.12 630.57 513.36 630.69 513.48 630.81 c 513.48 630.69 513.6 630.57 513.72 630.45 c 513.84 630.33 514.08 630.09 514.2 629.97 c 514.2 629.85 514.08 629.73 513.96 629.49 c 513.72 629.37 513.6 629.25 513.48 629.01 c h f 
517.08 620.73 m 516.96 620.73 516.84 620.85 516.72 620.85 c 516.48 620.97 516.36 621.09 516.12 621.21 c 515.88 621.33 515.64 621.57 515.52 621.69 c 515.64 622.17 l 515.88 622.17 516.12 622.17 516.24 622.05 c 516.48 622.05 516.6 622.05 516.84 622.05 c 517.44 622.05 517.8 622.17 518.28 622.53 c 518.64 622.77 518.88 623.13 519.12 623.73 c 519 623.85 519 623.97 518.88 624.09 c 518.88 624.21 518.76 624.33 518.76 624.45 c 518.52 624.69 518.4 624.93 518.28 625.17 c 518.16 625.29 518.04 625.41 518.04 625.65 c 517.92 625.77 517.92 625.89 517.92 625.89 c 517.92 626.01 517.8 626.13 517.8 626.25 c 517.8 626.49 517.92 626.73 518.16 626.97 c 518.28 627.09 518.52 627.33 518.76 627.45 c 518.88 627.33 518.88 627.21 518.88 626.97 c 519 626.85 519 626.73 519.12 626.61 c 519.24 626.13 519.36 625.65 519.48 625.41 c 519.6 625.05 519.6 624.81 519.6 624.69 c 519.96 624.57 520.2 624.45 520.56 624.45 c 520.56 624.45 520.56 624.45 520.56 624.45 c 520.56 623.25 l 520.56 623.13 520.56 623.13 520.56 623.13 c 520.2 623.13 519.96 623.25 519.6 623.37 c 519.6 622.89 519.36 622.41 519.12 622.05 c 518.88 621.57 518.64 621.33 518.28 621.09 c 517.92 620.85 517.44 620.73 517.08 620.73 c h f 
520.44 623.13 m 520.32 623.13 520.32 623.13 520.32 623.25 c 520.32 624.45 l 520.32 624.45 520.32 624.45 520.44 624.45 c 520.8 624.45 521.16 624.57 521.52 624.57 c 521.88 624.69 522.24 624.69 522.48 624.81 c 522.36 625.05 522.24 625.17 522.12 625.41 c 522 625.65 521.88 625.77 521.88 625.89 c 521.76 626.13 521.76 626.25 521.64 626.37 c 521.64 626.49 521.64 626.61 521.64 626.73 c 521.64 626.85 521.64 627.09 521.88 627.33 c 522.12 627.57 522.36 627.69 522.6 627.81 c 522.72 627.57 522.72 627.33 522.84 627.09 c 522.84 626.73 522.96 626.37 522.96 626.13 c 523.08 625.89 523.08 625.65 523.08 625.53 c 523.08 625.41 523.08 625.29 523.08 625.17 c 523.08 625.05 523.08 624.81 522.96 624.57 c 522.96 624.21 522.84 623.97 522.72 623.73 c 522 623.37 521.16 623.13 520.44 623.13 c h 522.84 628.53 m 522.6 628.65 522.48 628.77 522.36 628.89 c 522.24 629.01 522.12 629.13 522 629.25 c 522.12 629.37 522.24 629.49 522.36 629.61 c 522.48 629.73 522.6 629.85 522.72 629.97 c 522.84 629.97 522.96 629.85 523.08 629.73 c 523.2 629.61 523.32 629.49 523.44 629.25 c 523.32 629.01 523.08 628.77 522.84 628.53 c h 521.28 628.29 m 521.04 628.41 520.92 628.53 520.8 628.65 c 520.68 628.77 520.56 628.89 520.44 629.01 c 520.56 629.13 520.68 629.25 520.8 629.49 c 520.92 629.61 521.16 629.73 521.28 629.85 c 521.28 629.73 521.4 629.61 521.52 629.49 c 521.64 629.37 521.76 629.25 522 629.13 c 521.88 629.01 521.76 628.89 521.64 628.77 c 521.52 628.53 521.4 628.41 521.28 628.29 c h f 
0.992 0.941 0.918 sc 535.92 618.45 m 540.12 618.45 543.36 621.69 543.36 625.89 c 543.36 629.97 540.12 633.33 535.92 633.33 c 531.84 633.33 528.6 629.97 528.6 625.89 c 528.6 621.69 531.84 618.45 535.92 618.45 c h f 
q 0.12 0 0 -0.12 0 841.89 cm 4 w 1 J 0 j 4 M 0.933 0.114 0.145 SC 4466 1862 m 4501 1862 4528 1835 4528 1800 c 4528 1766 4501 1738 4466 1738 c 4432 1738 4405 1766 4405 1800 c 4405 1835 4432 1862 4466 1862 c S Q 
1 w 0.933 0.114 0.145 sc 533.28 621.69 m 533.28 627.09 l 533.28 627.33 533.28 627.69 533.28 627.93 c 533.28 628.05 533.28 628.41 533.28 628.65 c 533.16 628.53 533.16 628.53 533.04 628.41 c 533.04 628.29 532.92 628.29 532.92 628.29 c 532.68 628.05 532.56 627.93 532.44 627.81 c 532.2 627.57 532.08 627.45 531.84 627.33 c 531.24 628.05 l 533.4 629.97 l 534.36 629.97 l 534.36 621.69 l 533.28 621.69 l h f 
539.16 621.69 m 539.16 623.49 l 535.8 623.49 l 535.8 624.57 l 539.16 629.97 l 540.24 629.97 l 540.24 624.57 l 541.32 624.57 l 541.32 623.49 l 540.24 623.49 l 540.24 621.69 l 539.16 621.69 l h 536.76 624.57 m 539.16 624.57 l 539.16 626.73 l 539.16 626.97 539.16 627.09 539.16 627.21 c 539.16 627.33 539.16 627.57 539.16 627.69 c 539.16 627.81 539.16 628.05 539.16 628.17 c 539.28 628.29 539.28 628.53 539.28 628.65 c 539.16 628.65 l 539.16 628.53 539.04 628.29 539.04 628.17 c 538.92 627.93 538.8 627.81 538.8 627.69 c 536.76 624.57 l h f 
0.141 0.125 0.129 sc 381.6 602.37 m 381.36 602.49 381.24 602.61 381 602.73 c 380.88 602.85 380.76 602.97 380.52 603.09 c 380.64 603.09 380.64 603.21 380.76 603.33 c 380.76 603.33 380.76 603.45 380.88 603.57 c 380.88 603.69 380.88 603.69 381 603.81 c 381 603.93 381.12 603.93 381.12 604.05 c 381.36 603.93 381.48 603.81 381.6 603.69 c 381.84 603.69 381.84 603.57 381.96 603.45 c 382.08 603.45 382.08 603.33 382.08 603.33 c 382.08 603.21 381.96 602.85 381.6 602.37 c h f 
382.8 611.49 m 382.92 611.97 l 383.28 612.09 383.64 612.21 384 612.33 c 384.24 612.45 384.6 612.57 384.96 612.69 c 384.96 612.57 l 384.96 612.45 384.84 612.21 384.72 612.21 c 384.48 612.09 384.24 611.97 383.88 611.85 c 383.64 611.73 383.28 611.61 382.8 611.49 c h 382.68 612.33 m 382.8 612.81 l 383.16 612.93 383.52 613.05 383.88 613.17 c 384.24 613.29 384.48 613.41 384.84 613.53 c 384.84 613.41 l 384.84 613.17 384.72 613.05 384.6 612.93 c 384.36 612.81 384.12 612.69 383.76 612.57 c 383.4 612.57 383.16 612.45 382.68 612.33 c h f 
385.68 603.09 m 385.32 603.09 384.96 603.21 384.72 603.33 c 384.48 603.45 384.36 603.57 384.12 603.69 c 384 603.93 384 604.17 383.88 604.41 c 383.88 604.53 383.88 604.77 383.88 605.13 c 383.76 605.37 383.76 605.73 383.76 606.09 c 383.76 606.45 383.64 606.81 383.64 607.29 c 383.64 607.77 383.52 608.25 383.52 608.73 c 383.52 609.21 383.4 609.69 383.4 610.17 c 383.52 610.29 383.64 610.41 383.88 610.53 c 384 610.65 384.24 610.77 384.36 610.89 c 384.36 610.29 384.36 609.69 384.48 609.09 c 384.48 608.49 384.48 607.89 384.48 607.29 c 384.48 606.69 384.48 605.97 384.48 605.25 c 384.6 604.53 l 384.72 604.41 384.84 604.29 385.08 604.29 c 385.2 604.17 385.44 604.17 385.68 604.17 c 385.68 604.17 385.8 604.17 385.8 604.05 c 385.8 603.21 l 385.8 603.21 385.68 603.09 385.68 603.09 c h f 
389.76 603.09 m 389.4 603.09 389.04 603.09 388.68 603.21 c 388.44 603.21 388.08 603.33 387.72 603.45 c 387.48 603.57 387.12 603.69 386.88 603.81 c 386.76 603.57 386.52 603.33 386.28 603.33 c 386.16 603.21 385.92 603.09 385.56 603.09 c 385.56 603.09 385.44 603.21 385.44 603.21 c 385.44 604.05 l 385.44 604.17 385.56 604.17 385.56 604.17 c 385.92 604.17 386.16 604.29 386.28 604.41 c 386.52 604.53 386.76 604.77 386.88 605.01 c 387 605.25 387.12 605.49 387.12 605.61 c 387.24 605.73 387.36 605.97 387.36 606.09 c 387.48 606.21 387.6 606.33 387.6 606.45 c 387.84 606.69 387.96 606.81 388.2 606.93 c 388.44 607.05 388.56 607.17 388.8 607.17 c 389.04 607.17 389.28 607.05 389.52 606.69 c 389.76 606.45 390 606.09 390.12 605.61 c 390.24 605.13 390.36 604.77 390.36 604.29 c 390.36 604.17 390.24 603.93 390.24 603.69 c 390.12 603.45 389.88 603.33 389.76 603.09 c h 389.4 604.05 m 389.4 604.41 389.4 604.77 389.28 605.13 c 389.16 605.37 389.04 605.61 388.92 605.73 c 388.8 605.97 388.68 605.97 388.68 605.97 c 388.44 605.97 388.2 605.85 387.96 605.61 c 387.84 605.49 387.84 605.37 387.72 605.25 c 387.6 605.13 387.6 604.89 387.48 604.65 c 387.72 604.53 387.96 604.41 388.32 604.29 c 388.68 604.17 389.04 604.17 389.4 604.05 c h f 
392.76 603.09 m 391.8 603.09 391.32 603.33 391.32 603.93 c 391.32 604.05 391.32 604.17 391.32 604.29 c 391.44 604.41 391.44 604.53 391.56 604.65 c 391.68 604.41 391.92 604.29 392.16 604.29 c 392.4 604.17 392.76 604.17 393.12 604.17 c 393.36 604.17 393.6 604.17 393.84 604.17 c 394.08 604.29 394.32 604.29 394.56 604.41 c 394.44 604.65 394.2 605.01 394.08 605.37 c 393.96 605.73 393.84 606.09 393.72 606.33 c 393.6 606.69 393.6 606.81 393.6 607.05 c 393.6 607.17 393.6 607.41 393.72 607.53 c 393.84 607.77 394.08 607.89 394.2 607.89 c 394.44 607.29 394.56 606.69 394.8 606.21 c 394.92 605.61 395.16 605.25 395.4 604.89 c 395.52 604.53 395.64 604.41 395.88 604.29 c 396 604.17 396.24 604.17 396.48 604.17 c 396.48 604.17 396.6 604.17 396.6 604.05 c 396.6 603.21 l 396.6 603.21 396.48 603.09 396.48 603.09 c 396.12 603.09 395.88 603.21 395.64 603.33 c 395.4 603.33 395.28 603.57 395.04 603.69 c 394.32 603.33 393.48 603.09 392.76 603.09 c h f 
396.36 603.09 m 396.36 603.09 396.24 603.21 396.24 603.21 c 396.24 604.05 l 396.24 604.17 396.36 604.17 396.36 604.17 c 397.2 604.17 397.92 604.17 398.52 604.29 c 399.12 604.41 399.6 604.53 400.08 604.77 c 400.08 604.89 400.08 605.01 399.96 605.13 c 399.96 605.25 399.96 605.37 399.96 605.49 c 399.72 605.25 399.48 605.13 399.24 605.01 c 398.88 605.01 398.64 604.89 398.4 604.89 c 398.04 604.89 397.68 605.01 397.44 605.25 c 397.32 605.49 397.2 605.85 397.2 606.21 c 397.2 606.57 397.2 606.93 397.44 607.29 c 397.56 607.65 397.68 607.89 397.92 608.13 c 398.04 608.25 398.16 608.25 398.28 608.37 c 398.4 608.37 398.52 608.37 398.64 608.37 c 399 608.37 399.36 608.25 399.72 608.01 c 399.96 607.65 400.2 607.17 400.44 606.69 c 400.44 606.45 400.56 606.21 400.56 605.97 c 400.56 605.61 400.68 605.37 400.68 605.01 c 400.68 605.01 400.68 604.89 400.68 604.77 c 400.56 604.53 400.56 604.41 400.56 604.29 c 400.44 604.17 400.32 604.05 400.2 603.93 c 400.08 603.81 399.84 603.69 399.48 603.57 c 399 603.45 398.64 603.33 398.16 603.21 c 397.56 603.21 396.96 603.09 396.36 603.09 c h 398.64 605.73 m 399 605.73 399.36 605.85 399.72 605.97 c 399.6 606.45 399.36 606.81 399.24 606.93 c 399 607.17 398.76 607.29 398.52 607.29 c 398.28 607.29 398.04 607.17 397.92 607.05 c 397.8 606.81 397.68 606.69 397.68 606.45 c 397.68 606.21 397.8 606.09 397.92 605.97 c 398.04 605.85 398.28 605.73 398.64 605.73 c h 399.48 609.09 m 399.24 609.21 399.12 609.33 399 609.45 c 398.88 609.57 398.76 609.69 398.64 609.81 c 398.76 609.81 398.88 609.93 399 610.05 c 399.12 610.17 399.24 610.41 399.48 610.53 c 399.48 610.53 399.6 610.41 399.72 610.29 c 399.84 610.17 399.96 610.05 400.08 609.93 c 399.96 609.69 399.72 609.33 399.48 609.09 c h 397.8 608.97 m 397.56 609.09 397.44 609.21 397.32 609.33 c 397.2 609.45 397.08 609.57 396.96 609.57 c 397.08 609.69 397.2 609.81 397.32 609.93 c 397.44 610.17 397.68 610.29 397.8 610.41 c 397.8 610.41 397.92 610.29 398.04 610.17 c 398.16 610.05 398.28 609.93 398.52 609.69 c 398.4 609.57 398.28 609.45 398.16 609.33 c 398.04 609.21 397.92 609.09 397.8 608.97 c h f 
404.28 603.09 m 404.28 604.05 l 406.44 606.21 l 406.68 606.57 406.92 606.81 407.16 607.05 c 407.4 607.29 407.52 607.41 407.64 607.65 c 407.88 607.89 408 608.13 408.12 608.37 c 408.24 608.61 408.24 608.85 408.24 609.21 c 408.24 609.57 408.12 609.81 407.88 610.05 c 407.64 610.29 407.4 610.41 406.92 610.41 c 406.56 610.41 406.32 610.29 405.96 610.17 c 405.72 610.05 405.36 609.93 405 609.57 c 404.28 610.41 l 404.64 610.65 404.88 610.89 405.12 611.01 c 405.48 611.13 405.72 611.25 406.08 611.37 c 406.32 611.37 406.68 611.49 407.04 611.49 c 407.52 611.49 408 611.37 408.48 611.13 c 408.84 610.89 409.08 610.65 409.32 610.29 c 409.44 609.93 409.56 609.57 409.56 609.21 c 409.56 608.85 409.44 608.49 409.32 608.25 c 409.2 607.89 408.96 607.53 408.72 607.17 c 408.6 607.05 408.36 606.81 408.12 606.57 c 408 606.33 407.64 606.09 407.4 605.73 c 405.84 604.29 l 405.84 604.17 l 409.8 604.17 l 409.8 603.09 l 404.28 603.09 l h f 
413.16 602.97 m 412.2 602.97 411.48 603.09 411 603.45 c 411 604.53 l 411.24 604.41 411.6 604.29 411.96 604.17 c 412.44 604.05 412.8 604.05 413.16 604.05 c 413.76 604.05 414.24 604.17 414.48 604.41 c 414.84 604.77 415.08 605.13 415.08 605.61 c 415.08 606.69 414.36 607.17 413.16 607.17 c 412.92 607.17 412.68 607.17 412.44 607.17 c 412.2 607.17 411.96 607.05 411.72 607.05 c 411.24 607.41 l 411.48 611.37 l 415.68 611.37 l 415.68 610.29 l 412.56 610.29 l 412.44 608.13 l 412.56 608.13 412.8 608.13 413.04 608.25 c 413.16 608.25 413.4 608.25 413.64 608.25 c 414.48 608.25 415.08 608.01 415.56 607.53 c 416.04 607.17 416.28 606.57 416.28 605.73 c 416.28 604.89 416.04 604.17 415.44 603.69 c 414.96 603.21 414.12 602.97 413.16 602.97 c h f 
422.64 603.09 m 422.28 603.09 421.92 603.21 421.68 603.33 c 421.44 603.45 421.2 603.57 421.08 603.69 c 420.96 603.93 420.84 604.17 420.84 604.41 c 420.84 604.53 420.84 604.77 420.72 605.13 c 420.72 605.37 420.72 605.73 420.72 606.09 c 420.6 606.45 420.6 606.81 420.6 607.29 c 420.48 607.77 420.48 608.25 420.48 608.73 c 420.36 609.21 420.36 609.69 420.36 610.17 c 420.48 610.29 420.6 610.41 420.84 610.53 c 420.96 610.65 421.08 610.77 421.32 610.89 c 421.32 610.29 421.32 609.69 421.32 609.09 c 421.32 608.49 421.44 607.89 421.44 607.29 c 421.44 606.69 421.44 605.97 421.44 605.25 c 421.44 604.53 l 421.68 604.41 421.8 604.29 422.04 604.29 c 422.16 604.17 422.4 604.17 422.64 604.17 c 422.64 604.17 422.64 604.17 422.64 604.05 c 422.64 603.21 l 422.64 603.21 422.64 603.09 422.64 603.09 c h f 
425.4 600.81 m 424.92 600.81 424.32 600.93 423.96 601.29 c 423.6 601.65 423.36 602.13 423.24 602.85 c 422.88 602.61 l 422.76 603.09 l 422.52 603.09 l 422.4 603.09 422.4 603.21 422.4 603.21 c 422.4 604.05 l 422.4 604.17 422.4 604.17 422.52 604.17 c 422.64 604.17 422.76 604.17 422.88 604.17 c 423 604.17 423.12 604.17 423.24 604.17 c 423.48 605.61 424.2 606.93 425.4 608.13 c 425.88 608.01 l 425.88 607.77 425.88 607.65 426 607.41 c 426 607.17 426 606.93 426.12 606.57 c 426.12 606.33 426.12 606.09 426.24 605.85 c 426.24 605.73 426.24 605.61 426.24 605.49 c 426.24 605.13 426.12 604.89 426 604.65 c 425.88 604.41 425.64 604.17 425.4 604.05 c 425.76 604.17 426 604.17 426.24 604.17 c 426.48 604.17 426.72 604.17 426.96 604.17 c 427.08 604.17 427.08 604.17 427.08 604.05 c 427.08 603.21 l 427.08 603.21 427.08 603.09 426.96 603.09 c 426.72 603.09 426.48 603.09 426.24 603.09 c 426.36 602.97 426.48 602.85 426.6 602.73 c 426.72 602.49 426.84 602.37 426.84 602.25 c 426.84 602.13 426.84 602.01 426.72 601.89 c 426.72 601.77 426.6 601.53 426.6 601.41 c 426.48 601.29 426.48 601.17 426.48 601.17 c 426.36 601.05 426.24 600.93 426 600.93 c 425.88 600.81 425.64 600.81 425.4 600.81 c h 425.52 601.65 m 425.64 601.65 425.76 601.65 426 601.77 c 426.12 601.77 426.24 601.89 426.24 602.01 c 426.24 602.13 426 602.37 425.88 602.61 c 425.64 602.73 425.4 602.85 425.16 602.97 c 424.92 603.09 424.68 603.09 424.44 603.09 c 424.44 603.09 424.32 603.09 424.32 603.09 c 424.2 603.09 424.2 603.09 424.08 603.09 c 424.2 602.61 424.32 602.25 424.56 602.01 c 424.92 601.77 425.16 601.65 425.52 601.65 c h 424.08 604.17 m 424.32 604.17 424.56 604.29 424.8 604.41 c 425.16 604.41 425.4 604.65 425.52 604.77 c 425.4 605.37 l 425.4 605.61 425.28 605.97 425.28 606.21 c 425.16 606.45 425.16 606.57 425.16 606.81 c 424.8 606.21 424.44 605.73 424.32 605.37 c 424.2 604.89 424.08 604.53 424.08 604.17 c h f 
426.96 603.09 m 426.84 603.09 426.84 603.21 426.84 603.21 c 426.84 604.05 l 426.84 604.17 426.84 604.17 426.96 604.17 c 427.2 604.17 427.32 604.17 427.56 604.17 c 427.8 604.17 427.92 604.17 428.16 604.17 c 428.04 604.29 427.92 604.53 427.8 604.65 c 427.68 604.77 427.68 605.01 427.68 605.25 c 427.68 605.49 427.68 605.73 427.8 605.97 c 427.8 606.21 427.92 606.45 428.16 606.69 c 428.28 606.81 428.4 607.05 428.64 607.17 c 428.88 607.41 429.24 607.53 429.48 607.53 c 429.84 607.53 430.08 607.41 430.32 607.29 c 430.56 607.17 430.8 606.93 431.16 606.69 c 430.92 606.21 l 430.68 606.33 430.44 606.45 430.32 606.45 c 430.08 606.45 429.96 606.45 429.84 606.45 c 429.6 606.45 429.36 606.45 429.12 606.45 c 428.88 606.33 428.64 606.21 428.4 606.09 c 428.4 605.73 428.4 605.49 428.52 605.25 c 428.76 605.01 428.88 604.77 429.24 604.65 c 429.48 604.53 429.72 604.41 429.96 604.41 c 430.32 604.41 430.56 604.41 430.8 604.53 c 430.92 604.53 431.16 604.65 431.52 604.65 c 431.76 604.77 432 604.89 432.36 605.01 c 432.36 604.89 432.36 604.89 432.48 604.77 c 432.48 604.65 432.48 604.65 432.48 604.53 c 432.48 604.41 432.48 604.29 432.36 604.17 c 432.36 604.05 432.24 603.93 432.12 603.93 c 432.12 603.81 432 603.81 431.88 603.81 c 431.64 603.69 431.52 603.69 431.28 603.69 c 430.56 603.45 429.84 603.33 429.12 603.21 c 428.52 603.21 427.68 603.09 426.96 603.09 c h f 
435.96 603.09 m 435.6 603.09 435.24 603.21 435 603.33 c 434.76 603.45 434.52 603.57 434.4 603.69 c 434.28 603.93 434.16 604.17 434.16 604.41 c 434.16 604.53 434.16 604.77 434.16 605.13 c 434.04 605.37 434.04 605.73 434.04 606.09 c 433.92 606.45 433.92 606.81 433.92 607.29 c 433.8 607.77 433.8 608.25 433.8 608.73 c 433.68 609.21 433.68 609.69 433.68 610.17 c 433.8 610.29 433.92 610.41 434.16 610.53 c 434.28 610.65 434.4 610.77 434.64 610.89 c 434.64 610.29 434.64 609.69 434.64 609.09 c 434.76 608.49 434.76 607.89 434.76 607.29 c 434.76 606.69 434.76 605.97 434.76 605.25 c 434.76 604.53 l 435 604.41 435.12 604.29 435.36 604.29 c 435.48 604.17 435.72 604.17 435.96 604.17 c 435.96 604.17 435.96 604.17 435.96 604.05 c 435.96 603.21 l 435.96 603.21 435.96 603.09 435.96 603.09 c h f 
435.84 603.09 m 435.72 603.09 435.72 603.21 435.72 603.21 c 435.72 604.05 l 435.72 604.17 435.72 604.17 435.84 604.17 c 435.96 604.17 436.2 604.17 436.32 604.17 c 436.44 604.17 436.68 604.17 436.8 604.17 c 436.56 604.53 436.44 604.77 436.44 605.01 c 436.44 605.13 436.44 605.37 436.44 605.49 c 436.44 605.61 436.56 605.85 436.56 605.97 c 436.56 606.09 436.56 606.21 436.68 606.21 c 436.8 606.45 436.92 606.69 437.16 606.93 c 437.28 607.05 437.52 607.29 437.76 607.41 c 438 607.53 438.24 607.53 438.48 607.53 c 438.72 607.53 438.84 607.41 439.08 607.17 c 439.32 607.05 439.44 606.69 439.56 606.45 c 439.68 606.09 439.68 605.73 439.68 605.37 c 439.68 605.01 439.56 604.53 439.32 604.17 c 439.44 604.17 439.68 604.17 439.8 604.17 c 440.04 604.17 440.28 604.17 440.52 604.17 c 440.52 604.17 440.52 604.17 440.52 604.05 c 440.52 603.21 l 440.52 603.21 440.52 603.09 440.52 603.09 c 439.56 603.09 438.72 603.21 438.12 603.45 c 437.76 603.33 437.52 603.33 437.04 603.21 c 436.68 603.21 436.32 603.09 435.84 603.09 c h 438 604.41 m 438.48 604.53 438.84 604.77 439.2 605.01 c 439.2 605.25 439.08 605.49 438.96 605.61 c 438.84 605.85 438.84 606.09 438.72 606.21 c 438.6 606.33 438.48 606.45 438.36 606.45 c 438.24 606.45 438.12 606.33 437.88 606.21 c 437.76 606.09 437.52 605.97 437.4 605.85 c 437.16 605.61 437.04 605.37 436.92 605.13 c 437.04 605.01 437.28 604.77 437.4 604.65 c 437.64 604.53 437.88 604.41 438 604.41 c h 438.24 608.25 m 437.88 608.61 437.64 608.85 437.4 609.09 c 437.64 609.21 437.76 609.45 437.88 609.57 c 438 609.69 438.12 609.81 438.24 609.93 c 438.36 609.81 438.48 609.69 438.6 609.57 c 438.72 609.45 438.84 609.33 438.96 609.21 c 438.96 608.97 438.84 608.85 438.72 608.73 c 438.6 608.61 438.36 608.49 438.24 608.25 c h f 
440.4 603.09 m 440.28 603.09 440.28 603.21 440.28 603.21 c 440.28 604.05 l 440.28 604.17 440.28 604.17 440.4 604.17 c 440.76 604.17 441.12 604.17 441.48 604.29 c 441.84 604.41 442.2 604.41 442.44 604.53 c 442.32 604.77 442.32 604.89 442.2 605.13 c 442.08 605.37 441.96 605.61 441.96 605.85 c 441.84 605.97 441.84 606.09 441.72 606.21 c 441.72 606.33 441.72 606.45 441.72 606.57 c 441.72 606.69 441.72 606.93 441.96 607.05 c 442.08 607.29 442.32 607.41 442.56 607.53 c 442.56 607.41 442.56 607.29 442.68 606.93 c 442.68 606.69 442.8 606.45 442.8 606.09 c 442.92 605.85 442.92 605.61 442.92 605.49 c 443.04 605.25 443.04 605.13 443.04 605.01 c 443.04 604.89 442.92 604.65 442.92 604.53 c 442.8 604.29 442.68 604.05 442.56 603.81 c 441.84 603.33 441.12 603.09 440.4 603.09 c h 442.8 608.25 m 442.56 608.37 442.44 608.49 442.32 608.61 c 442.2 608.73 442.08 608.85 441.96 608.97 c 442.08 609.09 442.2 609.21 442.32 609.33 c 442.44 609.45 442.56 609.57 442.8 609.81 c 442.8 609.69 442.92 609.69 443.04 609.57 c 443.16 609.45 443.28 609.21 443.4 609.09 c 443.28 608.85 443.04 608.61 442.8 608.25 c h 441.12 608.13 m 440.88 608.25 440.76 608.37 440.64 608.49 c 440.52 608.61 440.4 608.73 440.28 608.85 c 440.4 608.97 440.52 609.09 440.64 609.21 c 440.76 609.33 441 609.45 441.12 609.57 c 441.12 609.57 441.24 609.45 441.36 609.33 c 441.48 609.21 441.6 609.09 441.84 608.97 c 441.72 608.85 441.6 608.73 441.48 608.49 c 441.36 608.37 441.24 608.25 441.12 608.13 c h f 
444.72 600.81 m 444.6 600.81 444.48 600.81 444.36 600.93 c 444.12 600.93 444 601.05 443.76 601.17 c 443.52 601.29 443.4 601.41 443.28 601.53 c 443.4 601.89 l 443.64 601.89 443.76 601.89 444 601.89 c 444.12 601.77 444.36 601.77 444.48 601.77 c 445.08 601.77 445.56 602.01 445.92 602.25 c 446.4 602.61 446.64 603.09 446.88 603.69 c 446.88 603.81 446.76 603.93 446.76 604.05 c 446.64 604.17 446.64 604.29 446.52 604.41 c 446.28 604.89 446.04 605.25 445.92 605.49 c 445.8 605.85 445.68 606.09 445.68 606.21 c 445.68 606.45 445.8 606.69 445.92 606.81 c 446.04 606.93 446.28 607.05 446.52 607.17 c 446.52 607.05 446.52 606.93 446.64 606.69 c 446.76 606.57 446.76 606.33 446.88 606.09 c 446.88 605.97 447 605.73 447 605.61 c 447.12 605.37 447.24 605.13 447.24 604.77 c 447.36 604.53 447.36 604.29 447.36 604.05 c 447.36 603.45 447.24 602.97 447 602.37 c 446.76 601.89 446.52 601.53 446.04 601.17 c 445.68 600.93 445.2 600.81 444.72 600.81 c h f 
449.16 603.09 m 449.16 603.81 449.16 604.53 449.16 605.13 c 449.04 605.73 449.04 606.33 449.04 606.81 c 449.04 607.41 448.92 607.89 448.92 608.37 c 448.92 608.85 448.8 609.33 448.8 609.81 c 448.8 610.05 448.8 610.29 448.92 610.41 c 448.92 610.53 449.04 610.65 449.16 610.77 c 449.28 610.77 449.52 610.89 449.76 610.89 c 449.76 610.65 449.88 610.53 449.88 610.29 c 450 610.05 450.12 609.81 450.12 609.45 c 449.76 609.21 l 449.88 608.73 449.88 608.13 449.88 607.53 c 449.88 606.93 449.88 606.33 449.88 605.61 c 449.88 604.89 449.76 604.05 449.76 603.21 c 449.16 603.09 l h f 
453.12 600.81 m 452.88 600.81 452.76 600.81 452.52 600.93 c 452.28 600.93 452.04 601.05 451.8 601.17 c 451.68 601.29 451.44 601.41 451.32 601.65 c 451.44 602.01 l 451.68 601.89 451.92 601.89 452.16 601.89 c 452.28 601.77 452.52 601.77 452.76 601.77 c 453.36 601.77 453.84 602.01 454.32 602.25 c 454.68 602.61 455.04 603.09 455.28 603.69 c 455.28 603.81 l 455.04 603.57 454.8 603.45 454.56 603.33 c 454.2 603.21 453.96 603.09 453.72 603.09 c 453.24 603.09 452.88 603.21 452.64 603.57 c 452.4 603.81 452.28 604.17 452.28 604.65 c 452.28 605.01 452.28 605.49 452.52 605.85 c 452.64 606.21 452.88 606.57 453.12 606.81 c 453.36 607.05 453.6 607.17 453.84 607.17 c 454.2 607.17 454.44 607.05 454.8 606.69 c 455.04 606.45 455.28 606.09 455.52 605.49 c 455.52 605.25 455.64 605.01 455.64 604.77 c 455.76 604.53 455.76 604.29 455.76 604.05 c 455.76 603.69 455.64 603.33 455.52 602.97 c 455.4 602.61 455.28 602.25 455.04 602.01 c 454.92 601.65 454.68 601.41 454.44 601.29 c 453.96 600.93 453.48 600.81 453.12 600.81 c h 453.96 604.17 m 454.2 604.17 454.32 604.17 454.44 604.17 c 454.68 604.29 454.92 604.29 455.16 604.41 c 455.04 604.65 454.92 605.01 454.8 605.25 c 454.56 605.49 454.44 605.73 454.2 605.85 c 454.08 605.97 453.84 605.97 453.72 605.97 c 453.48 605.97 453.36 605.97 453.24 605.85 c 453.12 605.73 453 605.61 452.88 605.37 c 452.76 605.25 452.76 605.13 452.76 605.01 c 452.76 604.77 452.88 604.53 453.12 604.41 c 453.24 604.17 453.6 604.17 453.96 604.17 c h f 
459.24 611.49 m 459.24 611.97 l 459.6 612.09 459.96 612.21 460.32 612.33 c 460.68 612.45 460.92 612.57 461.28 612.69 c 461.28 612.57 l 461.28 612.45 461.16 612.21 461.04 612.21 c 460.8 612.09 460.56 611.97 460.32 611.85 c 459.96 611.73 459.6 611.61 459.24 611.49 c h 459.12 612.33 m 459.12 612.81 l 459.48 612.93 459.84 613.05 460.2 613.17 c 460.56 613.29 460.92 613.41 461.16 613.53 c 461.16 613.41 l 461.16 613.17 461.04 613.05 460.92 612.93 c 460.68 612.81 460.44 612.69 460.08 612.57 c 459.84 612.57 459.48 612.45 459.12 612.33 c h f 
462 603.09 m 461.64 603.09 461.4 603.21 461.16 603.33 c 460.8 603.45 460.68 603.57 460.56 603.69 c 460.32 603.93 460.32 604.17 460.2 604.41 c 460.2 604.53 460.2 604.77 460.2 605.13 c 460.2 605.37 460.08 605.73 460.08 606.09 c 460.08 606.45 459.96 606.81 459.96 607.29 c 459.96 607.77 459.96 608.25 459.84 608.73 c 459.84 609.21 459.84 609.69 459.72 610.17 c 459.84 610.29 460.08 610.41 460.2 610.53 c 460.32 610.65 460.56 610.77 460.68 610.89 c 460.68 610.29 460.8 609.69 460.8 609.09 c 460.8 608.49 460.8 607.89 460.8 607.29 c 460.8 606.69 460.8 605.97 460.8 605.25 c 460.92 604.53 l 461.04 604.41 461.28 604.29 461.4 604.29 c 461.64 604.17 461.76 604.17 462 604.17 c 462.12 604.17 462.12 604.17 462.12 604.05 c 462.12 603.21 l 462.12 603.21 462.12 603.09 462 603.09 c h f 
466.08 603.09 m 465.72 603.09 465.36 603.09 465.12 603.21 c 464.76 603.21 464.4 603.33 464.04 603.45 c 463.8 603.57 463.56 603.69 463.2 603.81 c 463.08 603.57 462.84 603.33 462.72 603.33 c 462.48 603.21 462.24 603.09 461.88 603.09 c 461.88 603.09 461.76 603.21 461.76 603.21 c 461.76 604.05 l 461.76 604.17 461.88 604.17 461.88 604.17 c 462.24 604.17 462.48 604.29 462.72 604.41 c 462.84 604.53 463.08 604.77 463.2 605.01 c 463.32 605.25 463.44 605.49 463.56 605.61 c 463.56 605.73 463.68 605.97 463.68 606.09 c 463.8 606.21 463.92 606.33 464.04 606.45 c 464.16 606.69 464.4 606.81 464.52 606.93 c 464.76 607.05 465 607.17 465.12 607.17 c 465.36 607.17 465.6 607.05 465.84 606.69 c 466.08 606.45 466.32 606.09 466.44 605.61 c 466.56 605.13 466.68 604.77 466.68 604.29 c 466.68 604.17 466.68 603.93 466.56 603.69 c 466.44 603.45 466.32 603.33 466.08 603.09 c h 465.72 604.05 m 465.72 604.41 465.72 604.77 465.6 605.13 c 465.48 605.37 465.36 605.61 465.24 605.73 c 465.12 605.97 465.12 605.97 465 605.97 c 464.76 605.97 464.52 605.85 464.28 605.61 c 464.28 605.49 464.16 605.37 464.04 605.25 c 464.04 605.13 463.92 604.89 463.8 604.65 c 464.04 604.53 464.28 604.41 464.64 604.29 c 465 604.17 465.36 604.17 465.72 604.05 c h f 
469.08 603.09 m 468.12 603.09 467.64 603.33 467.64 603.93 c 467.64 604.05 467.64 604.17 467.64 604.29 c 467.76 604.41 467.76 604.53 467.88 604.65 c 468 604.41 468.24 604.29 468.48 604.29 c 468.72 604.17 469.08 604.17 469.44 604.17 c 469.68 604.17 469.92 604.17 470.16 604.17 c 470.4 604.29 470.64 604.29 471 604.41 c 470.76 604.65 470.52 605.01 470.4 605.37 c 470.28 605.73 470.16 606.09 470.04 606.33 c 469.92 606.69 469.92 606.81 469.92 607.05 c 469.92 607.17 469.92 607.41 470.04 607.53 c 470.16 607.77 470.4 607.89 470.64 607.89 c 470.76 607.29 470.88 606.69 471.12 606.21 c 471.24 605.61 471.48 605.25 471.72 604.89 c 471.84 604.53 472.08 604.41 472.2 604.29 c 472.32 604.17 472.56 604.17 472.8 604.17 c 472.92 604.17 472.92 604.17 472.92 604.05 c 472.92 603.21 l 472.92 603.21 472.92 603.09 472.8 603.09 c 472.56 603.09 472.2 603.21 471.96 603.33 c 471.84 603.33 471.6 603.57 471.36 603.69 c 470.64 603.33 469.92 603.09 469.08 603.09 c h f 
472.68 603.09 m 472.68 603.09 472.68 603.21 472.68 603.21 c 472.68 604.05 l 472.68 604.17 472.68 604.17 472.68 604.17 c 473.52 604.17 474.24 604.17 474.84 604.29 c 475.44 604.41 475.92 604.53 476.4 604.77 c 476.4 604.89 476.4 605.01 476.4 605.13 c 476.28 605.25 476.28 605.37 476.28 605.49 c 476.04 605.25 475.8 605.13 475.56 605.01 c 475.32 605.01 474.96 604.89 474.72 604.89 c 474.36 604.89 474 605.01 473.88 605.25 c 473.64 605.49 473.52 605.85 473.52 606.21 c 473.52 606.57 473.64 606.93 473.76 607.29 c 473.88 607.65 474 607.89 474.24 608.13 c 474.36 608.25 474.48 608.25 474.6 608.37 c 474.72 608.37 474.84 608.37 474.96 608.37 c 475.32 608.37 475.68 608.25 476.04 608.01 c 476.28 607.65 476.52 607.17 476.76 606.69 c 476.76 606.45 476.88 606.21 476.88 605.97 c 477 605.61 477 605.37 477 605.01 c 477 605.01 477 604.89 477 604.77 c 477 604.53 476.88 604.41 476.88 604.29 c 476.76 604.17 476.76 604.05 476.64 603.93 c 476.4 603.81 476.16 603.69 475.8 603.57 c 475.44 603.45 474.96 603.33 474.48 603.21 c 473.88 603.21 473.4 603.09 472.68 603.09 c h 474.96 605.73 m 475.32 605.73 475.68 605.85 476.04 605.97 c 475.92 606.45 475.8 606.81 475.56 606.93 c 475.32 607.17 475.08 607.29 474.84 607.29 c 474.6 607.29 474.36 607.17 474.24 607.05 c 474.12 606.81 474 606.69 474 606.45 c 474 606.21 474.12 606.09 474.24 605.97 c 474.36 605.85 474.6 605.73 474.96 605.73 c h 475.8 609.09 m 475.68 609.21 475.44 609.33 475.32 609.45 c 475.2 609.57 475.08 609.69 475.08 609.81 c 475.08 609.81 475.2 609.93 475.32 610.05 c 475.44 610.17 475.56 610.41 475.8 610.53 c 475.8 610.53 475.92 610.41 476.04 610.29 c 476.16 610.17 476.28 610.05 476.52 609.93 c 476.28 609.69 476.04 609.33 475.8 609.09 c h 474.12 608.97 m 474 609.09 473.76 609.21 473.64 609.33 c 473.52 609.45 473.4 609.57 473.4 609.57 c 473.52 609.69 473.64 609.81 473.76 609.93 c 473.88 610.17 474 610.29 474.12 610.41 c 474.12 610.41 474.24 610.29 474.36 610.17 c 474.48 610.05 474.6 609.93 474.84 609.69 c 474.72 609.57 474.6 609.45 474.48 609.33 c 474.36 609.21 474.24 609.09 474.12 608.97 c h f 
484.08 603.09 m 484.08 604.89 l 480.36 604.89 l 480.36 605.85 l 484.08 611.37 l 485.28 611.37 l 485.28 605.97 l 486.48 605.97 l 486.48 604.89 l 485.28 604.89 l 485.28 603.09 l 484.08 603.09 l h 481.44 605.97 m 484.08 605.97 l 484.08 608.13 l 484.08 608.25 484.08 608.49 484.08 608.61 c 484.08 608.73 484.08 608.85 484.08 609.09 c 484.2 609.21 484.2 609.45 484.2 609.57 c 484.2 609.69 484.2 609.81 484.2 609.93 c 484.08 609.93 l 484.08 609.81 483.96 609.69 483.96 609.57 c 483.84 609.33 483.72 609.21 483.6 609.09 c 481.44 605.97 l h f 
489.48 602.97 m 488.64 602.97 487.92 603.09 487.32 603.45 c 487.32 604.53 l 487.68 604.41 487.92 604.29 488.4 604.17 c 488.76 604.05 489.12 604.05 489.48 604.05 c 490.08 604.05 490.56 604.17 490.92 604.41 c 491.16 604.77 491.4 605.13 491.4 605.61 c 491.4 606.69 490.68 607.17 489.48 607.17 c 489.24 607.17 489 607.17 488.76 607.17 c 488.52 607.17 488.28 607.05 488.16 607.05 c 487.56 607.41 l 487.8 611.37 l 492.12 611.37 l 492.12 610.29 l 488.88 610.29 l 488.76 608.13 l 489 608.13 489.12 608.13 489.36 608.25 c 489.48 608.25 489.72 608.25 489.96 608.25 c 490.8 608.25 491.4 608.01 491.88 607.53 c 492.36 607.17 492.6 606.57 492.6 605.73 c 492.6 604.89 492.36 604.17 491.76 603.69 c 491.28 603.21 490.44 602.97 489.48 602.97 c h f 
498.96 603.09 m 498.6 603.09 498.24 603.21 498 603.33 c 497.76 603.45 497.64 603.57 497.4 603.69 c 497.28 603.93 497.16 604.17 497.16 604.41 c 497.16 604.53 497.16 604.77 497.16 605.13 c 497.04 605.37 497.04 605.73 497.04 606.09 c 497.04 606.45 496.92 606.81 496.92 607.29 c 496.92 607.77 496.8 608.25 496.8 608.73 c 496.8 609.21 496.68 609.69 496.68 610.17 c 496.8 610.29 496.92 610.41 497.16 610.53 c 497.28 610.65 497.4 610.77 497.64 610.89 c 497.64 610.29 497.64 609.69 497.64 609.09 c 497.76 608.49 497.76 607.89 497.76 607.29 c 497.76 606.69 497.76 605.97 497.76 605.25 c 497.76 604.53 l 498 604.41 498.12 604.29 498.36 604.29 c 498.48 604.17 498.72 604.17 498.96 604.17 c 498.96 604.17 499.08 604.17 499.08 604.05 c 499.08 603.21 l 499.08 603.21 498.96 603.09 498.96 603.09 c h f 
501.84 600.81 m 501.24 600.81 500.76 600.93 500.28 601.29 c 499.92 601.65 499.68 602.13 499.56 602.85 c 499.2 602.61 l 499.08 603.09 l 498.84 603.09 l 498.72 603.09 498.72 603.21 498.72 603.21 c 498.72 604.05 l 498.72 604.17 498.72 604.17 498.84 604.17 c 498.96 604.17 499.08 604.17 499.2 604.17 c 499.32 604.17 499.44 604.17 499.56 604.17 c 499.8 605.61 500.52 606.93 501.72 608.13 c 502.2 608.01 l 502.2 607.77 502.2 607.65 502.32 607.41 c 502.32 607.17 502.32 606.93 502.44 606.57 c 502.44 606.33 502.56 606.09 502.56 605.85 c 502.56 605.73 502.56 605.61 502.56 605.49 c 502.56 605.13 502.44 604.89 502.32 604.65 c 502.2 604.41 501.96 604.17 501.72 604.05 c 502.08 604.17 502.32 604.17 502.56 604.17 c 502.8 604.17 503.04 604.17 503.4 604.17 c 503.4 604.17 503.52 604.17 503.52 604.05 c 503.52 603.21 l 503.52 603.21 503.4 603.09 503.4 603.09 c 503.04 603.09 502.8 603.09 502.56 603.09 c 502.68 602.97 502.92 602.85 503.04 602.73 c 503.16 602.49 503.16 602.37 503.16 602.25 c 503.16 602.13 503.16 602.01 503.16 601.89 c 503.04 601.77 503.04 601.53 502.92 601.41 c 502.92 601.29 502.8 601.17 502.8 601.17 c 502.68 601.05 502.56 600.93 502.32 600.93 c 502.2 600.81 501.96 600.81 501.84 600.81 c h 501.96 601.65 m 502.08 601.65 502.2 601.65 502.32 601.77 c 502.44 601.77 502.56 601.89 502.68 602.01 c 502.56 602.13 502.44 602.37 502.2 602.61 c 501.96 602.73 501.84 602.85 501.6 602.97 c 501.36 603.09 501.12 603.09 500.76 603.09 c 500.76 603.09 500.76 603.09 500.64 603.09 c 500.64 603.09 500.52 603.09 500.4 603.09 c 500.52 602.61 500.64 602.25 501 602.01 c 501.24 601.77 501.48 601.65 501.96 601.65 c h 500.4 604.17 m 500.64 604.17 500.88 604.29 501.24 604.41 c 501.48 604.41 501.72 604.65 501.84 604.77 c 501.72 605.37 l 501.72 605.61 501.6 605.97 501.6 606.21 c 501.48 606.45 501.48 606.57 501.48 606.81 c 501.12 606.21 500.76 605.73 500.64 605.37 c 500.52 604.89 500.4 604.53 500.4 604.17 c h f 
507.84 603.09 m 507.48 603.09 507.12 603.09 506.76 603.21 c 506.4 603.21 506.04 603.33 505.68 603.45 c 505.32 603.45 504.96 603.57 504.72 603.69 c 504.72 603.69 504.72 603.69 504.6 603.69 c 504.6 603.57 504.6 603.57 504.6 603.57 c 504.36 603.45 504.24 603.33 504 603.21 c 503.76 603.21 503.52 603.09 503.28 603.09 c 503.16 603.09 503.16 603.21 503.16 603.21 c 503.16 604.05 l 503.16 604.17 503.16 604.17 503.28 604.17 c 503.52 604.17 503.76 604.17 503.88 604.29 c 504.12 604.29 504.24 604.41 504.36 604.53 c 504.48 604.65 504.6 604.77 504.72 605.01 c 504.72 605.13 504.84 605.13 504.84 605.25 c 504.84 605.25 504.84 605.37 504.96 605.37 c 504.96 605.61 505.08 605.61 505.32 605.61 c 505.44 605.61 505.56 605.61 505.56 605.49 c 505.56 605.37 505.44 605.13 505.44 605.01 c 505.32 604.89 505.32 604.77 505.2 604.65 c 505.32 604.53 505.44 604.53 505.56 604.53 c 505.56 604.53 505.68 604.41 505.8 604.41 c 506.52 605.37 507.24 606.21 507.84 606.69 c 508.44 607.17 509.04 607.41 509.52 607.41 c 509.64 607.41 509.88 607.29 510 607.29 c 510.24 607.17 510.48 607.05 510.72 606.93 c 510.84 606.69 511.08 606.57 511.2 606.33 c 511.56 606.09 511.68 605.85 511.68 605.61 c 511.68 605.13 511.44 604.65 511.2 604.29 c 510.84 603.93 510.36 603.69 509.76 603.45 c 509.16 603.21 508.56 603.09 507.84 603.09 c h 507.96 604.05 m 508.44 604.05 509.04 604.17 509.52 604.29 c 510 604.53 510.48 604.77 511.08 605.01 c 510.84 605.49 510.48 605.73 510.12 605.97 c 509.88 606.21 509.52 606.33 509.16 606.33 c 508.8 606.33 508.44 606.09 507.96 605.73 c 507.48 605.49 507 604.89 506.4 604.29 c 506.64 604.17 507 604.17 507.24 604.17 c 507.48 604.17 507.72 604.05 507.96 604.05 c h 507.84 608.37 m 507.48 608.61 507.24 608.85 507 609.09 c 507.24 609.33 507.36 609.45 507.48 609.69 c 507.6 609.81 507.72 609.93 507.84 610.05 c 507.96 609.93 508.08 609.81 508.2 609.69 c 508.32 609.45 508.44 609.33 508.56 609.21 c 508.56 609.09 508.44 608.97 508.32 608.85 c 508.2 608.73 507.96 608.49 507.84 608.37 c h f 
513.6 600.81 m 513.48 600.81 513.36 600.81 513.12 600.93 c 513 600.93 512.76 601.05 512.64 601.17 c 512.4 601.29 512.16 601.41 512.04 601.53 c 512.16 601.89 l 512.4 601.89 512.64 601.89 512.76 601.89 c 513 601.77 513.12 601.77 513.36 601.77 c 513.96 601.77 514.44 602.01 514.8 602.25 c 515.16 602.61 515.52 603.09 515.76 603.69 c 515.64 603.81 515.64 603.93 515.52 604.05 c 515.52 604.17 515.4 604.29 515.4 604.41 c 515.16 604.77 514.92 605.13 514.8 605.37 c 514.68 605.61 514.68 605.85 514.56 606.09 c 514.56 606.21 514.56 606.33 514.68 606.45 c 514.8 606.57 514.8 606.69 515.04 606.81 c 515.04 606.81 515.04 606.81 515.16 606.81 c 515.28 606.81 515.28 606.81 515.4 606.69 c 515.52 606.45 515.64 606.21 515.76 606.09 c 515.76 605.85 515.88 605.61 515.88 605.49 c 516 605.25 516 605.01 516.12 604.89 c 516.12 604.65 516.12 604.53 516.12 604.41 c 516.48 604.29 516.72 604.17 517.08 604.17 c 517.08 604.17 517.2 604.17 517.2 604.05 c 517.2 603.21 l 517.2 603.21 517.08 603.09 517.08 603.09 c 516.72 603.09 516.36 603.21 516.12 603.45 c 516.12 602.85 515.88 602.37 515.64 602.01 c 515.4 601.65 515.16 601.29 514.8 601.05 c 514.44 600.93 513.96 600.81 513.6 600.81 c h f 
516.96 603.09 m 516.84 603.09 516.84 603.21 516.84 603.21 c 516.84 604.05 l 516.84 604.17 516.84 604.17 516.96 604.17 c 517.2 604.17 517.32 604.17 517.56 604.17 c 517.8 604.17 518.04 604.17 518.16 604.17 c 518.04 604.29 517.92 604.53 517.8 604.65 c 517.68 604.77 517.68 605.01 517.68 605.25 c 517.68 605.49 517.68 605.73 517.8 605.97 c 517.92 606.21 518.04 606.45 518.16 606.69 c 518.28 606.81 518.4 607.05 518.64 607.17 c 518.88 607.41 519.24 607.53 519.48 607.53 c 519.84 607.53 520.08 607.41 520.32 607.29 c 520.56 607.17 520.92 606.93 521.16 606.69 c 520.92 606.21 l 520.68 606.33 520.44 606.45 520.32 606.45 c 520.2 606.45 519.96 606.45 519.84 606.45 c 519.6 606.45 519.36 606.45 519.12 606.45 c 518.88 606.33 518.64 606.21 518.4 606.09 c 518.4 605.73 518.4 605.49 518.64 605.25 c 518.76 605.01 518.88 604.77 519.24 604.65 c 519.48 604.53 519.72 604.41 519.96 604.41 c 520.32 604.41 520.56 604.41 520.8 604.53 c 521.04 604.53 521.28 604.65 521.52 604.65 c 521.76 604.77 522 604.89 522.36 605.01 c 522.36 604.89 522.48 604.89 522.48 604.77 c 522.48 604.65 522.48 604.65 522.48 604.53 c 522.48 604.41 522.48 604.29 522.36 604.17 c 522.36 604.05 522.24 603.93 522.12 603.93 c 522.12 603.81 522 603.81 521.88 603.81 c 521.64 603.69 521.52 603.69 521.28 603.69 c 520.56 603.45 519.84 603.33 519.12 603.21 c 518.52 603.21 517.8 603.09 516.96 603.09 c h f 
361.08 580.17 m 360.36 580.17 359.88 580.41 359.52 580.77 c 359.16 581.13 358.92 581.73 358.92 582.45 c 358.92 582.57 358.92 582.69 358.92 582.81 c 359.04 583.05 359.04 583.17 359.04 583.29 c 359.04 583.53 359.16 583.77 359.16 584.01 c 359.64 583.89 l 359.52 583.53 359.52 583.17 359.52 583.05 c 359.52 582.45 359.64 581.97 359.88 581.73 c 360.12 581.37 360.6 581.25 361.08 581.25 c 361.44 581.25 361.8 581.37 362.16 581.49 c 362.52 581.49 362.88 581.73 363.24 581.85 c 363.48 582.09 363.72 582.33 363.84 582.57 c 363.6 583.05 363.48 583.53 363.24 583.89 c 363.12 584.25 363.12 584.61 363.12 584.73 c 363.12 584.97 363.12 585.21 363.24 585.45 c 363.36 585.57 363.6 585.81 363.96 585.93 c 363.96 585.81 363.96 585.69 363.96 585.57 c 364.08 585.33 364.08 585.21 364.08 584.97 c 364.2 584.85 364.2 584.61 364.2 584.37 c 364.32 584.13 364.32 583.89 364.32 583.65 c 364.32 583.41 364.44 583.17 364.44 583.05 c 364.44 582.57 364.2 582.09 363.96 581.61 c 363.6 581.25 363.24 580.89 362.64 580.53 c 362.4 580.41 362.16 580.41 361.92 580.29 c 361.56 580.17 361.32 580.17 361.08 580.17 c h 361.32 585.93 m 360.96 586.17 360.72 586.41 360.48 586.65 c 360.72 586.89 360.84 587.01 360.96 587.25 c 361.08 587.37 361.2 587.49 361.32 587.61 c 361.44 587.49 361.56 587.37 361.68 587.25 c 361.8 587.01 361.92 586.89 362.16 586.77 c 362.04 586.65 361.92 586.53 361.8 586.41 c 361.68 586.29 361.56 586.05 361.32 585.93 c h f 
367.2 580.89 m 367.08 580.89 366.84 580.89 366.72 581.01 c 366.48 581.01 366.24 581.13 366 581.25 c 365.76 581.37 365.64 581.49 365.4 581.61 c 365.64 582.09 l 365.76 581.97 366 581.97 366.24 581.97 c 366.48 581.85 366.72 581.85 366.96 581.85 c 367.44 581.85 367.92 581.97 368.28 582.21 c 368.64 582.45 368.88 582.81 369.12 583.17 c 368.76 583.17 368.52 583.29 368.28 583.29 c 367.92 583.29 367.68 583.41 367.56 583.41 c 367.2 583.53 366.84 583.65 366.72 583.89 c 366.48 584.13 366.36 584.37 366.36 584.85 c 366.36 585.21 366.48 585.69 366.6 586.05 c 366.84 586.41 366.96 586.77 367.2 587.01 c 367.56 587.25 367.8 587.37 368.04 587.37 c 368.4 587.37 368.64 587.25 368.88 586.89 c 369.24 586.65 369.36 586.29 369.6 585.81 c 369.72 585.57 369.72 585.21 369.84 584.97 c 369.84 584.73 369.84 584.49 369.84 584.25 c 370.56 584.25 l 370.56 584.25 370.68 584.25 370.68 584.13 c 370.68 583.29 l 370.68 583.29 370.56 583.17 370.56 583.17 c 369.72 583.17 l 369.6 582.69 369.48 582.33 369.12 581.97 c 368.88 581.61 368.64 581.37 368.28 581.13 c 367.92 580.89 367.56 580.89 367.2 580.89 c h 369.36 584.25 m 369.24 584.61 369.12 584.97 369 585.33 c 368.76 585.57 368.64 585.81 368.4 585.93 c 368.28 586.17 368.04 586.17 367.8 586.17 c 367.68 586.17 367.56 586.17 367.32 586.05 c 367.2 585.93 367.08 585.81 366.96 585.69 c 366.96 585.45 366.84 585.33 366.84 585.21 c 366.84 584.97 366.96 584.73 367.2 584.61 c 367.44 584.49 367.68 584.37 368.04 584.37 c 368.16 584.37 368.28 584.25 368.52 584.25 c 368.76 584.25 369 584.25 369.36 584.25 c h f 
370.44 583.17 m 370.32 583.17 370.32 583.29 370.32 583.29 c 370.32 584.13 l 370.32 584.25 370.32 584.25 370.44 584.25 c 370.8 584.25 371.16 584.25 371.52 584.25 c 371.88 584.37 372.24 584.37 372.6 584.37 c 372.84 584.49 373.08 584.61 373.2 584.61 c 373.2 584.85 373.08 584.97 373.08 585.21 c 372.96 585.45 372.84 585.69 372.72 585.81 c 372.72 586.05 372.6 586.17 372.6 586.29 c 372.6 586.41 372.6 586.53 372.6 586.65 c 372.6 586.77 372.6 587.01 372.84 587.13 c 372.96 587.37 373.2 587.49 373.44 587.61 c 373.56 587.13 373.56 586.77 373.68 586.41 c 373.68 586.17 373.8 585.93 373.8 585.69 c 373.8 585.45 373.8 585.33 373.8 585.09 c 373.8 584.97 373.8 584.73 373.68 584.49 c 373.68 584.37 373.56 584.13 373.44 583.89 c 373.2 583.77 372.96 583.65 372.6 583.53 c 372.24 583.41 372 583.29 371.52 583.29 c 371.16 583.17 370.8 583.17 370.44 583.17 c h 373.2 581.01 m 372.84 581.25 372.6 581.49 372.48 581.73 c 372.6 581.97 372.84 582.21 373.2 582.57 c 373.2 582.45 373.32 582.45 373.44 582.33 c 373.56 582.21 373.68 581.97 373.92 581.85 c 373.8 581.73 373.68 581.61 373.56 581.49 c 373.56 581.37 373.32 581.13 373.2 581.01 c h 371.52 580.89 m 371.4 581.01 371.16 581.13 371.04 581.25 c 370.92 581.37 370.92 581.49 370.8 581.61 c 370.92 581.73 371.04 581.73 371.16 581.97 c 371.28 582.09 371.4 582.21 371.52 582.33 c 371.52 582.33 371.64 582.21 371.76 582.09 c 371.88 581.97 372 581.85 372.24 581.61 c 372.12 581.49 372.12 581.37 372 581.25 c 371.88 581.13 371.76 581.01 371.52 580.89 c h f 
375.6 580.89 m 375.48 580.89 375.36 580.89 375.24 581.01 c 375 581.01 374.76 581.13 374.64 581.25 c 374.4 581.37 374.28 581.49 374.04 581.61 c 374.28 581.97 l 374.52 581.97 374.64 581.97 374.88 581.85 c 375 581.85 375.24 581.85 375.36 581.85 c 375.96 581.85 376.44 581.97 376.8 582.33 c 377.28 582.69 377.52 583.17 377.76 583.77 c 377.64 583.89 377.64 584.01 377.52 584.13 c 377.52 584.25 377.4 584.37 377.4 584.49 c 377.16 584.85 376.92 585.21 376.8 585.45 c 376.68 585.69 376.68 585.93 376.68 586.05 c 376.56 586.29 376.68 586.41 376.68 586.53 c 376.8 586.65 376.92 586.77 377.04 586.89 c 377.04 586.89 377.04 586.89 377.16 586.89 c 377.28 586.89 377.4 586.77 377.52 586.77 c 377.64 586.53 377.64 586.29 377.76 586.05 c 377.76 585.93 377.88 585.69 377.88 585.57 c 378 585.33 378 585.09 378.12 584.85 c 378.12 584.73 378.24 584.61 378.24 584.49 c 378.48 584.37 378.72 584.25 379.08 584.25 c 379.2 584.25 379.2 584.25 379.2 584.13 c 379.2 583.29 l 379.2 583.29 379.2 583.17 379.08 583.17 c 378.72 583.17 378.48 583.29 378.12 583.41 c 378.12 582.93 377.88 582.45 377.64 582.09 c 377.4 581.73 377.16 581.37 376.8 581.13 c 376.44 581.01 376.08 580.89 375.6 580.89 c h 376.68 587.97 m 376.32 588.21 376.08 588.45 375.84 588.69 c 376.08 588.93 376.2 589.05 376.32 589.17 c 376.44 589.41 376.56 589.53 376.68 589.65 c 376.8 589.53 376.92 589.29 377.04 589.17 c 377.16 589.05 377.28 588.93 377.4 588.81 c 377.4 588.69 377.28 588.57 377.16 588.45 c 377.04 588.21 376.8 588.09 376.68 587.97 c h f 
378.96 583.17 m 378.96 583.17 378.84 583.29 378.84 583.29 c 378.84 584.13 l 378.84 584.25 378.96 584.25 378.96 584.25 c 379.2 584.25 379.32 584.25 379.44 584.25 c 379.68 584.25 379.8 584.25 379.92 584.25 c 379.68 584.49 379.56 584.85 379.56 585.09 c 379.56 585.21 379.56 585.33 379.56 585.57 c 379.68 585.69 379.68 585.93 379.68 586.05 c 379.68 586.17 379.8 586.29 379.8 586.29 c 379.92 586.53 380.04 586.77 380.28 587.01 c 380.52 587.13 380.64 587.37 380.88 587.37 c 381.12 587.49 381.36 587.61 381.6 587.61 c 381.84 587.61 382.08 587.49 382.2 587.25 c 382.44 587.01 382.56 586.77 382.68 586.41 c 382.8 586.17 382.92 585.81 382.92 585.45 c 382.92 584.97 382.8 584.61 382.44 584.25 c 382.56 584.25 382.8 584.25 382.92 584.25 c 383.16 584.25 383.4 584.25 383.64 584.25 c 383.64 584.25 383.76 584.25 383.76 584.13 c 383.76 583.29 l 383.76 583.29 383.64 583.17 383.64 583.17 c 382.68 583.17 381.84 583.29 381.24 583.53 c 381 583.41 380.64 583.29 380.28 583.29 c 379.92 583.29 379.44 583.17 378.96 583.17 c h 381.24 584.49 m 381.72 584.61 382.08 584.85 382.32 585.09 c 382.32 585.33 382.32 585.45 382.2 585.69 c 382.08 585.93 381.96 586.17 381.84 586.29 c 381.72 586.41 381.6 586.41 381.48 586.41 c 381.36 586.41 381.24 586.41 381 586.29 c 380.88 586.17 380.76 586.05 380.52 585.81 c 380.4 585.69 380.16 585.45 380.04 585.21 c 380.28 585.09 380.4 584.85 380.64 584.73 c 380.76 584.61 381 584.49 381.24 584.49 c h 381.36 588.33 m 381 588.57 380.76 588.93 380.52 589.17 c 380.76 589.29 380.88 589.53 381 589.65 c 381.12 589.77 381.24 589.89 381.36 590.01 c 381.48 589.89 381.6 589.77 381.72 589.65 c 381.84 589.53 381.96 589.41 382.2 589.17 c 382.08 589.05 381.96 588.93 381.84 588.81 c 381.72 588.69 381.6 588.57 381.36 588.33 c h f 
383.52 583.17 m 383.52 583.17 383.4 583.29 383.4 583.29 c 383.4 584.13 l 383.4 584.25 383.52 584.25 383.52 584.25 c 384 584.25 384.36 584.25 384.72 584.25 c 384.96 584.37 385.2 584.37 385.44 584.49 c 385.44 584.61 385.56 584.73 385.68 584.85 c 385.8 584.97 385.92 585.33 386.16 585.69 c 386.16 585.81 386.28 585.81 386.4 585.93 c 386.4 585.93 386.52 585.93 386.64 585.93 c 386.76 585.93 386.88 585.93 386.88 585.81 c 386.88 585.69 386.76 585.57 386.76 585.45 c 386.64 585.21 386.64 585.09 386.52 584.97 c 386.52 584.73 386.4 584.73 386.4 584.61 c 386.64 584.49 386.88 584.37 387.12 584.37 c 387.24 584.25 387.48 584.25 387.72 584.25 c 387.84 584.25 387.84 584.25 387.84 584.13 c 387.84 583.29 l 387.84 583.29 387.84 583.17 387.72 583.17 c 387.12 583.17 386.52 583.41 386.04 583.89 c 385.8 583.65 l 385.8 583.65 385.56 583.53 385.32 583.41 c 385.08 583.41 384.84 583.29 384.48 583.29 c 384.24 583.17 383.88 583.17 383.52 583.17 c h 386.52 581.01 m 386.28 581.25 386.04 581.49 385.8 581.73 c 386.04 581.97 386.28 582.21 386.52 582.57 c 386.64 582.45 386.64 582.45 386.76 582.33 c 386.88 582.21 387.12 581.97 387.24 581.85 c 387.24 581.73 387.12 581.61 387 581.49 c 386.88 581.37 386.76 581.13 386.52 581.01 c h 384.96 580.89 m 384.72 581.01 384.6 581.13 384.48 581.25 c 384.36 581.37 384.24 581.49 384.12 581.61 c 384.24 581.73 384.36 581.73 384.48 581.97 c 384.6 582.09 384.72 582.21 384.96 582.33 c 384.96 582.33 384.96 582.21 385.08 582.09 c 385.2 581.97 385.44 581.85 385.56 581.61 c 385.56 581.49 385.44 581.37 385.32 581.25 c 385.2 581.13 385.08 581.01 384.96 580.89 c h f 
387.6 583.17 m 387.6 583.17 387.6 583.29 387.6 583.29 c 387.6 584.13 l 387.6 584.25 387.6 584.25 387.6 584.25 c 387.84 584.25 388.08 584.25 388.32 584.25 c 388.44 584.37 388.68 584.37 388.8 584.49 c 388.8 584.97 388.68 585.57 388.68 586.29 c 388.56 586.89 388.56 587.73 388.44 588.69 c 388.44 588.93 388.44 589.17 388.32 589.53 c 388.32 589.77 388.32 590.01 388.32 590.25 c 388.44 590.37 388.56 590.49 388.8 590.61 c 388.92 590.73 389.04 590.85 389.28 590.97 c 389.28 590.61 389.28 590.25 389.28 589.77 c 389.28 589.17 389.28 588.69 389.28 588.09 c 389.28 587.49 389.28 586.77 389.28 586.05 c 389.28 585.81 389.28 585.45 389.28 585.21 c 389.4 584.97 389.4 584.73 389.4 584.61 c 389.64 584.37 390.12 584.25 390.6 584.25 c 390.6 584.25 390.72 584.25 390.72 584.13 c 390.72 583.29 l 390.72 583.29 390.6 583.17 390.6 583.17 c 390 583.17 389.52 583.29 389.16 583.65 c 388.92 583.53 388.68 583.41 388.44 583.29 c 388.2 583.29 387.96 583.17 387.6 583.17 c h f 
390.48 583.17 m 390.36 583.17 390.36 583.29 390.36 583.29 c 390.36 584.13 l 390.36 584.25 390.36 584.25 390.48 584.25 c 390.96 584.25 391.32 584.25 391.56 584.25 c 391.92 584.37 392.16 584.37 392.28 584.49 c 392.4 584.61 392.52 584.73 392.64 584.85 c 392.76 584.97 392.88 585.33 393.12 585.69 c 393.12 585.81 393.24 585.81 393.36 585.93 c 393.36 585.93 393.48 585.93 393.6 585.93 c 393.72 585.93 393.84 585.93 393.84 585.81 c 393.84 585.69 393.72 585.57 393.72 585.45 c 393.6 585.21 393.6 585.09 393.48 584.97 c 393.48 584.73 393.36 584.73 393.36 584.61 c 393.6 584.49 393.84 584.37 394.08 584.37 c 394.2 584.25 394.44 584.25 394.68 584.25 c 394.8 584.25 394.8 584.25 394.8 584.13 c 394.8 583.29 l 394.8 583.29 394.8 583.17 394.68 583.17 c 394.08 583.17 393.48 583.41 393 583.89 c 392.76 583.65 l 392.76 583.65 392.52 583.53 392.28 583.41 c 392.04 583.41 391.8 583.29 391.44 583.29 c 391.2 583.17 390.84 583.17 390.48 583.17 c h 393.6 587.01 m 393.36 587.13 393.24 587.25 393.12 587.37 c 393 587.49 392.88 587.61 392.76 587.73 c 392.88 587.73 393 587.85 393.12 587.97 c 393.24 588.09 393.36 588.33 393.48 588.45 c 393.6 588.45 393.72 588.33 393.72 588.21 c 393.84 588.09 394.08 587.97 394.2 587.73 c 394.08 587.49 393.84 587.25 393.6 587.01 c h 391.92 586.77 m 391.68 586.89 391.56 587.01 391.44 587.13 c 391.32 587.25 391.2 587.37 391.08 587.49 c 391.2 587.61 391.32 587.73 391.44 587.85 c 391.56 587.97 391.68 588.09 391.92 588.33 c 391.92 588.21 392.04 588.21 392.16 588.09 c 392.28 587.97 392.4 587.73 392.52 587.61 c 392.52 587.49 392.4 587.37 392.28 587.25 c 392.16 587.13 392.04 586.89 391.92 586.77 c h f 
394.56 583.17 m 394.56 583.17 394.56 583.29 394.56 583.29 c 394.56 584.13 l 394.56 584.25 394.56 584.25 394.56 584.25 c 395.04 584.25 395.4 584.37 395.88 584.49 c 395.88 584.85 395.76 585.09 395.76 585.33 c 395.76 585.57 395.76 585.81 395.76 586.17 c 395.64 586.65 395.64 587.25 395.52 587.97 c 395.4 588.69 395.28 589.41 395.16 590.25 c 395.28 590.37 395.52 590.49 395.64 590.61 c 395.76 590.73 396 590.85 396.12 590.97 c 396.12 590.49 396.12 589.89 396.24 589.41 c 396.24 588.81 396.24 588.21 396.36 587.61 c 396.36 587.13 396.36 586.65 396.36 586.17 c 396.36 585.69 396.36 585.21 396.36 584.85 c 396.36 584.73 396.36 584.49 396.24 584.25 c 396.24 584.01 396.12 583.77 396 583.65 c 395.88 583.53 395.76 583.41 395.52 583.29 c 395.28 583.29 394.92 583.17 394.56 583.17 c h f 
398.28 583.17 m 398.28 583.89 398.28 584.61 398.28 585.21 c 398.28 585.81 398.16 586.41 398.16 586.89 c 398.16 587.49 398.16 587.97 398.04 588.45 c 398.04 588.93 398.04 589.41 397.92 589.89 c 397.92 590.13 397.92 590.37 398.04 590.49 c 398.04 590.61 398.16 590.73 398.4 590.73 c 398.52 590.85 398.64 590.97 398.88 590.97 c 398.88 590.73 399 590.61 399 590.37 c 399.12 590.01 399.24 589.77 399.36 589.53 c 399 589.29 l 399 588.81 399 588.21 399 587.61 c 399 587.01 399 586.41 399 585.69 c 399 584.97 399 584.13 398.88 583.29 c 398.28 583.17 l h f 
406.08 583.17 m 405.24 583.17 404.52 583.29 404.04 583.65 c 403.56 584.01 403.32 584.61 403.32 585.33 c 403.32 585.69 403.44 586.17 403.44 586.53 c 403.92 586.53 l 403.92 586.53 403.92 586.41 403.92 586.29 c 403.92 586.17 403.92 586.05 403.92 586.05 c 403.92 585.57 404.04 585.21 404.16 584.97 c 404.28 584.73 404.64 584.49 405 584.37 c 405.12 584.37 405.36 584.25 405.6 584.25 c 405.84 584.25 406.08 584.25 406.44 584.25 c 407.16 584.25 407.76 584.25 408.48 584.37 c 409.2 584.61 409.8 584.73 410.28 584.97 c 410.28 585.21 410.16 585.33 410.04 585.57 c 410.04 585.81 409.92 586.05 409.8 586.17 c 409.68 586.41 409.68 586.53 409.68 586.65 c 409.56 586.77 409.56 586.89 409.56 587.01 c 409.56 587.13 409.68 587.37 409.8 587.49 c 409.92 587.73 410.16 587.85 410.4 587.97 c 410.52 587.61 410.64 587.13 410.64 586.89 c 410.76 586.53 410.76 586.29 410.76 586.05 c 410.88 585.81 410.88 585.57 410.88 585.45 c 410.88 585.33 410.88 585.09 410.76 584.85 c 410.64 584.73 410.64 584.49 410.4 584.25 c 410.16 584.01 409.68 583.77 409.32 583.65 c 408.84 583.53 408.36 583.41 407.76 583.29 c 407.28 583.17 406.68 583.17 406.08 583.17 c h 407.52 587.01 m 407.28 587.13 407.16 587.37 407.04 587.49 c 406.92 587.61 406.8 587.61 406.68 587.73 c 406.8 587.85 406.92 587.97 407.04 588.09 c 407.16 588.21 407.28 588.33 407.52 588.57 c 407.52 588.45 407.64 588.45 407.76 588.33 c 407.88 588.21 408 588.09 408.24 587.85 c 408 587.61 407.76 587.37 407.52 587.01 c h 405.84 586.89 m 405.72 587.01 405.48 587.13 405.36 587.25 c 405.24 587.37 405.12 587.49 405.12 587.61 c 405.24 587.73 405.36 587.85 405.48 587.97 c 405.6 588.09 405.72 588.21 405.84 588.45 c 405.84 588.33 405.96 588.21 406.08 588.09 c 406.2 587.97 406.32 587.85 406.56 587.73 c 406.44 587.61 406.32 587.49 406.2 587.37 c 406.08 587.13 405.96 587.01 405.84 586.89 c h f 
414.72 583.17 m 414.36 583.17 414 583.29 413.76 583.41 c 413.52 583.41 413.28 583.65 413.16 583.77 c 413.04 584.01 412.92 584.25 412.92 584.49 c 412.92 584.61 412.92 584.85 412.8 585.21 c 412.8 585.45 412.8 585.81 412.8 586.17 c 412.68 586.53 412.68 586.89 412.68 587.37 c 412.56 587.85 412.56 588.21 412.56 588.69 c 412.44 589.17 412.44 589.77 412.44 590.25 c 412.56 590.37 412.68 590.49 412.8 590.61 c 413.04 590.73 413.16 590.85 413.4 590.97 c 413.4 590.37 413.4 589.77 413.4 589.17 c 413.4 588.57 413.4 587.97 413.52 587.37 c 413.52 586.77 413.52 586.05 413.52 585.33 c 413.52 584.49 l 413.76 584.49 413.88 584.37 414.12 584.25 c 414.24 584.25 414.48 584.25 414.72 584.25 c 414.72 584.25 414.72 584.25 414.72 584.13 c 414.72 583.29 l 414.72 583.29 414.72 583.17 414.72 583.17 c h f 
417.12 583.17 m 417 583.17 416.76 583.17 416.52 583.29 c 416.16 583.29 416.04 583.41 415.8 583.53 c 415.68 583.41 415.56 583.41 415.32 583.29 c 415.08 583.29 414.84 583.17 414.6 583.17 c 414.48 583.17 414.48 583.29 414.48 583.29 c 414.48 584.13 l 414.48 584.25 414.48 584.25 414.6 584.25 c 414.84 584.25 415.08 584.25 415.2 584.25 c 415.32 584.37 415.44 584.37 415.56 584.49 c 415.68 584.61 415.68 584.61 415.8 584.73 c 415.8 584.73 415.92 584.85 415.92 584.97 c 416.04 585.09 416.04 585.21 416.16 585.33 c 416.28 585.45 416.28 585.45 416.4 585.57 c 416.4 585.57 416.52 585.57 416.64 585.57 c 416.64 585.57 416.76 585.57 416.88 585.45 c 416.76 585.21 416.64 584.97 416.64 584.73 c 416.52 584.49 416.4 584.37 416.4 584.37 c 416.52 584.25 416.64 584.25 416.76 584.25 c 416.88 584.25 417.12 584.25 417.24 584.25 c 417.48 584.25 417.6 584.25 417.72 584.25 c 417.84 584.25 417.96 584.25 418.2 584.37 c 418.2 584.37 418.32 584.49 418.32 584.73 c 418.44 584.85 418.44 585.09 418.56 585.33 c 418.56 585.45 418.68 585.69 418.68 585.93 c 418.8 586.05 418.8 586.17 418.92 586.17 c 419.04 586.17 419.04 586.29 419.28 586.29 c 419.4 586.29 419.4 586.17 419.52 586.17 c 419.52 585.93 419.4 585.81 419.28 585.57 c 419.28 585.33 419.16 584.97 419.04 584.61 c 419.28 584.61 419.52 584.49 419.76 584.37 c 420 584.37 420.12 584.25 420.36 584.25 c 420.6 584.25 420.84 584.25 421.08 584.25 c 421.08 584.37 420.96 584.49 420.96 584.73 c 420.84 584.97 420.72 585.09 420.72 585.33 c 420.6 585.57 420.48 585.69 420.48 585.93 c 420.36 586.05 420.36 586.17 420.36 586.17 c 420.36 586.41 420.48 586.53 420.6 586.77 c 420.84 587.01 420.96 587.13 421.2 587.25 c 421.32 586.89 421.32 586.53 421.44 586.17 c 421.56 585.93 421.56 585.57 421.68 585.33 c 421.68 585.09 421.68 584.85 421.68 584.61 c 421.68 584.61 421.68 584.37 421.68 584.25 c 421.56 584.01 421.56 583.89 421.44 583.65 c 421.44 583.53 421.32 583.29 421.2 583.17 c 420.72 583.17 420.36 583.17 419.88 583.29 c 419.52 583.41 419.16 583.53 418.68 583.65 c 418.68 583.65 418.68 583.53 418.56 583.53 c 418.56 583.41 418.44 583.41 418.32 583.29 c 418.2 583.29 417.96 583.17 417.72 583.17 c 417.6 583.17 417.36 583.17 417.12 583.17 c h 417.96 587.01 m 417.72 587.13 417.6 587.25 417.48 587.37 c 417.36 587.49 417.24 587.61 417.24 587.61 c 417.36 587.73 417.36 587.85 417.48 587.97 c 417.6 588.09 417.72 588.21 417.96 588.33 c 417.96 588.33 418.08 588.21 418.2 588.09 c 418.2 587.97 418.44 587.85 418.56 587.73 c 418.44 587.61 418.44 587.49 418.32 587.37 c 418.2 587.25 418.08 587.13 417.96 587.01 c h 419.52 587.13 m 419.4 587.25 419.28 587.37 419.16 587.49 c 419.04 587.61 418.92 587.73 418.8 587.85 c 418.92 587.85 419.04 587.97 419.16 588.09 c 419.28 588.21 419.4 588.33 419.52 588.57 c 419.64 588.45 419.76 588.33 419.88 588.21 c 419.88 588.09 420 587.97 420.24 587.85 c 420.12 587.73 420 587.61 419.88 587.49 c 419.76 587.37 419.64 587.25 419.52 587.13 c h 418.68 588.09 m 418.56 588.21 418.44 588.33 418.32 588.33 c 418.32 588.45 418.2 588.57 418.08 588.69 c 418.2 588.81 418.32 588.93 418.44 589.05 c 418.56 589.17 418.56 589.29 418.68 589.29 c 418.8 589.29 418.8 589.17 418.92 589.05 c 419.04 588.93 419.16 588.81 419.28 588.69 c 419.16 588.57 419.04 588.45 419.04 588.33 c 418.92 588.21 418.8 588.21 418.68 588.09 c h f 
425.4 583.17 m 425.04 583.17 424.8 583.29 424.56 583.41 c 424.32 583.41 424.08 583.65 423.96 583.77 c 423.84 584.01 423.72 584.25 423.72 584.49 c 423.72 584.61 423.6 584.85 423.6 585.21 c 423.6 585.45 423.6 585.81 423.48 586.17 c 423.48 586.53 423.48 586.89 423.36 587.37 c 423.36 587.85 423.36 588.21 423.24 588.69 c 423.24 589.17 423.24 589.77 423.12 590.25 c 423.36 590.37 423.48 590.49 423.6 590.61 c 423.84 590.73 423.96 590.85 424.08 590.97 c 424.2 590.37 424.2 589.77 424.2 589.17 c 424.2 588.57 424.2 587.97 424.2 587.37 c 424.2 586.77 424.32 586.05 424.32 585.33 c 424.32 584.49 l 424.44 584.49 424.68 584.37 424.8 584.25 c 425.04 584.25 425.28 584.25 425.4 584.25 c 425.52 584.25 425.52 584.25 425.52 584.13 c 425.52 583.29 l 425.52 583.29 425.52 583.17 425.4 583.17 c h f 
427.92 583.17 m 427.68 583.17 427.56 583.17 427.2 583.29 c 426.96 583.29 426.72 583.41 426.6 583.53 c 426.48 583.41 426.24 583.41 426 583.29 c 425.88 583.29 425.64 583.17 425.28 583.17 c 425.28 583.17 425.28 583.29 425.28 583.29 c 425.28 584.13 l 425.28 584.25 425.28 584.25 425.28 584.25 c 425.64 584.25 425.76 584.25 426 584.25 c 426.12 584.37 426.24 584.37 426.36 584.49 c 426.48 584.61 426.48 584.61 426.6 584.73 c 426.6 584.73 426.6 584.85 426.72 584.97 c 426.72 585.09 426.84 585.21 426.96 585.33 c 426.96 585.45 427.08 585.45 427.08 585.57 c 427.2 585.57 427.32 585.57 427.32 585.57 c 427.44 585.57 427.56 585.57 427.68 585.45 c 427.56 585.21 427.44 584.97 427.32 584.73 c 427.32 584.49 427.2 584.37 427.2 584.37 c 427.2 584.25 427.32 584.25 427.56 584.25 c 427.68 584.25 427.8 584.25 428.04 584.25 c 428.16 584.25 428.4 584.25 428.52 584.25 c 428.64 584.25 428.76 584.25 428.88 584.37 c 429 584.37 429 584.49 429.12 584.73 c 429.12 584.85 429.24 585.09 429.24 585.33 c 429.36 585.45 429.48 585.69 429.48 585.93 c 429.6 586.05 429.6 586.17 429.72 586.17 c 429.72 586.17 429.84 586.29 429.96 586.29 c 430.08 586.29 430.2 586.17 430.32 586.17 c 430.2 585.93 430.2 585.81 430.08 585.57 c 429.96 585.33 429.96 584.97 429.84 584.61 c 430.08 584.61 430.32 584.49 430.56 584.37 c 430.68 584.37 430.92 584.25 431.16 584.25 c 431.4 584.25 431.64 584.25 431.88 584.25 c 431.88 584.37 431.76 584.49 431.64 584.73 c 431.64 584.97 431.52 585.09 431.4 585.33 c 431.4 585.57 431.28 585.69 431.28 585.93 c 431.16 586.05 431.16 586.17 431.16 586.17 c 431.16 586.41 431.28 586.53 431.4 586.77 c 431.52 587.01 431.76 587.13 432 587.25 c 432.12 586.89 432.12 586.53 432.24 586.17 c 432.24 585.93 432.36 585.57 432.36 585.33 c 432.48 585.09 432.48 584.85 432.48 584.61 c 432.48 584.61 432.48 584.37 432.36 584.25 c 432.36 584.01 432.24 583.89 432.24 583.65 c 432.12 583.53 432.12 583.29 432 583.17 c 431.52 583.17 431.04 583.17 430.68 583.29 c 430.32 583.41 429.84 583.53 429.48 583.65 c 429.48 583.65 429.36 583.53 429.36 583.53 c 429.36 583.41 429.24 583.41 429.12 583.29 c 428.88 583.29 428.76 583.17 428.52 583.17 c 428.28 583.17 428.16 583.17 427.92 583.17 c h 428.64 587.01 m 428.52 587.13 428.4 587.25 428.28 587.37 c 428.16 587.49 428.04 587.61 427.92 587.61 c 428.04 587.73 428.16 587.85 428.28 587.97 c 428.4 588.09 428.52 588.21 428.64 588.33 c 428.76 588.33 428.76 588.21 428.88 588.09 c 429 587.97 429.12 587.85 429.36 587.73 c 429.24 587.61 429.12 587.49 429 587.37 c 429 587.25 428.88 587.13 428.64 587.01 c h 430.32 587.13 m 430.2 587.25 430.08 587.37 429.96 587.49 c 429.84 587.61 429.72 587.73 429.6 587.85 c 429.72 587.85 429.84 587.97 429.96 588.09 c 429.96 588.21 430.2 588.33 430.32 588.57 c 430.44 588.45 430.44 588.33 430.56 588.21 c 430.68 588.09 430.8 587.97 430.92 587.85 c 430.92 587.73 430.8 587.61 430.68 587.49 c 430.56 587.37 430.44 587.25 430.32 587.13 c h 429.48 588.09 m 429.36 588.21 429.24 588.33 429.12 588.33 c 429 588.45 428.88 588.57 428.88 588.69 c 429 588.81 429.12 588.93 429.24 589.05 c 429.24 589.17 429.36 589.29 429.48 589.29 c 429.48 589.29 429.6 589.17 429.72 589.05 c 429.84 588.93 429.96 588.81 430.08 588.69 c 429.96 588.57 429.84 588.45 429.72 588.33 c 429.6 588.21 429.6 588.21 429.48 588.09 c h f 
439.2 583.17 m 438.24 583.17 437.64 583.29 437.16 583.65 c 436.68 584.01 436.44 584.61 436.44 585.33 c 436.44 585.69 436.44 586.17 436.56 586.53 c 437.04 586.53 l 437.04 586.53 437.04 586.41 437.04 586.29 c 437.04 586.17 437.04 586.05 437.04 586.05 c 437.04 585.57 437.04 585.21 437.28 584.97 c 437.4 584.73 437.64 584.49 438 584.37 c 438.24 584.37 438.48 584.25 438.72 584.25 c 438.96 584.25 439.2 584.25 439.56 584.25 c 440.16 584.25 440.88 584.25 441.6 584.37 c 442.2 584.61 442.8 584.73 443.4 584.97 c 443.28 585.21 443.28 585.33 443.16 585.57 c 443.04 585.81 442.92 586.05 442.92 586.17 c 442.8 586.41 442.8 586.53 442.68 586.65 c 442.68 586.77 442.68 586.89 442.68 587.01 c 442.68 587.13 442.68 587.37 442.92 587.49 c 443.04 587.73 443.28 587.85 443.52 587.97 c 443.64 587.61 443.64 587.13 443.76 586.89 c 443.76 586.53 443.88 586.29 443.88 586.05 c 443.88 585.81 443.88 585.57 443.88 585.45 c 443.88 585.33 443.88 585.09 443.88 584.85 c 443.76 584.73 443.64 584.49 443.52 584.25 c 443.16 584.01 442.8 583.77 442.32 583.65 c 441.84 583.53 441.36 583.41 440.88 583.29 c 440.4 583.17 439.8 583.17 439.2 583.17 c h 440.64 587.01 m 440.4 587.13 440.28 587.37 440.16 587.49 c 440.04 587.61 439.92 587.61 439.8 587.73 c 439.92 587.85 440.04 587.97 440.16 588.09 c 440.28 588.21 440.4 588.33 440.52 588.57 c 440.64 588.45 440.76 588.45 440.76 588.33 c 440.88 588.21 441.12 588.09 441.24 587.85 c 441.12 587.61 440.88 587.37 440.64 587.01 c h 438.96 586.89 m 438.72 587.01 438.6 587.13 438.48 587.25 c 438.36 587.37 438.24 587.49 438.12 587.61 c 438.24 587.73 438.36 587.85 438.48 587.97 c 438.6 588.09 438.72 588.21 438.96 588.45 c 438.96 588.33 439.08 588.21 439.2 588.09 c 439.32 587.97 439.44 587.85 439.56 587.73 c 439.56 587.61 439.44 587.49 439.32 587.37 c 439.2 587.13 439.08 587.01 438.96 586.89 c h f 
447.72 583.17 m 447.36 583.17 447.12 583.29 446.88 583.41 c 446.64 583.41 446.4 583.65 446.28 583.77 c 446.16 584.01 446.04 584.25 446.04 584.49 c 445.92 584.61 445.92 584.85 445.92 585.21 c 445.92 585.45 445.8 585.81 445.8 586.17 c 445.8 586.53 445.8 586.89 445.68 587.37 c 445.68 587.85 445.68 588.21 445.56 588.69 c 445.56 589.17 445.56 589.77 445.44 590.25 c 445.56 590.37 445.8 590.49 445.92 590.61 c 446.04 590.73 446.28 590.85 446.4 590.97 c 446.52 590.37 446.52 589.77 446.52 589.17 c 446.52 588.57 446.52 587.97 446.52 587.37 c 446.52 586.77 446.52 586.05 446.64 585.33 c 446.64 584.49 l 446.76 584.49 447 584.37 447.12 584.25 c 447.36 584.25 447.48 584.25 447.72 584.25 c 447.84 584.25 447.84 584.25 447.84 584.13 c 447.84 583.29 l 447.84 583.29 447.84 583.17 447.72 583.17 c h f 
447.6 583.17 m 447.6 583.17 447.6 583.29 447.6 583.29 c 447.6 584.13 l 447.6 584.25 447.6 584.25 447.6 584.25 c 447.84 584.25 447.96 584.25 448.2 584.25 c 448.32 584.25 448.44 584.25 448.56 584.25 c 448.32 584.49 448.2 584.85 448.2 585.09 c 448.2 585.21 448.2 585.33 448.32 585.57 c 448.32 585.69 448.32 585.93 448.32 586.05 c 448.44 586.17 448.44 586.29 448.44 586.29 c 448.56 586.53 448.8 586.77 448.92 587.01 c 449.16 587.13 449.4 587.37 449.64 587.37 c 449.88 587.49 450 587.61 450.24 587.61 c 450.48 587.61 450.72 587.49 450.84 587.25 c 451.08 587.01 451.2 586.77 451.32 586.41 c 451.44 586.17 451.56 585.81 451.56 585.45 c 451.56 584.97 451.44 584.61 451.08 584.25 c 451.32 584.25 451.44 584.25 451.68 584.25 c 451.8 584.25 452.04 584.25 452.28 584.25 c 452.4 584.25 452.4 584.25 452.4 584.13 c 452.4 583.29 l 452.4 583.29 452.4 583.17 452.28 583.17 c 451.32 583.17 450.48 583.29 449.88 583.53 c 449.64 583.41 449.28 583.29 448.92 583.29 c 448.56 583.29 448.08 583.17 447.6 583.17 c h 449.88 584.49 m 450.36 584.61 450.72 584.85 451.08 585.09 c 450.96 585.33 450.96 585.45 450.84 585.69 c 450.72 585.93 450.6 586.17 450.48 586.29 c 450.36 586.41 450.24 586.41 450.24 586.41 c 450 586.41 449.88 586.41 449.76 586.29 c 449.52 586.17 449.4 586.05 449.16 585.81 c 449.04 585.69 448.92 585.45 448.68 585.21 c 448.92 585.09 449.04 584.85 449.28 584.73 c 449.4 584.61 449.64 584.49 449.88 584.49 c h 450.84 588.33 m 450.72 588.45 450.6 588.57 450.48 588.69 c 450.36 588.81 450.24 588.93 450.12 589.05 c 450.24 589.05 450.24 589.17 450.36 589.29 c 450.48 589.41 450.72 589.65 450.84 589.77 c 450.96 589.77 450.96 589.65 451.08 589.53 c 451.2 589.41 451.44 589.29 451.56 589.05 c 451.44 588.81 451.2 588.57 450.84 588.33 c h 449.16 588.09 m 449.04 588.33 448.92 588.45 448.8 588.57 c 448.68 588.69 448.56 588.81 448.44 588.81 c 448.56 588.93 448.68 589.05 448.8 589.17 c 448.92 589.29 449.04 589.53 449.16 589.65 c 449.28 589.53 449.4 589.53 449.4 589.41 c 449.52 589.29 449.76 589.05 449.88 588.93 c 449.88 588.81 449.76 588.69 449.64 588.57 c 449.52 588.45 449.4 588.33 449.16 588.09 c h f 
452.16 583.17 m 452.16 583.17 452.04 583.29 452.04 583.29 c 452.04 584.13 l 452.04 584.25 452.16 584.25 452.16 584.25 c 452.64 584.25 453 584.25 453.36 584.25 c 453.6 584.37 453.84 584.37 454.08 584.49 c 454.2 584.61 454.2 584.73 454.32 584.85 c 454.44 584.97 454.56 585.33 454.8 585.69 c 454.92 585.81 454.92 585.81 455.04 585.93 c 455.04 585.93 455.16 585.93 455.28 585.93 c 455.4 585.93 455.52 585.93 455.64 585.81 c 455.52 585.69 455.52 585.57 455.4 585.45 c 455.28 585.21 455.28 585.09 455.16 584.97 c 455.16 584.73 455.04 584.73 455.04 584.61 c 455.28 584.49 455.52 584.37 455.76 584.37 c 456 584.25 456.12 584.25 456.48 584.25 c 456.48 584.25 456.48 584.25 456.48 584.13 c 456.48 583.29 l 456.48 583.29 456.48 583.17 456.48 583.17 c 455.76 583.17 455.16 583.41 454.68 583.89 c 454.56 583.65 l 454.44 583.65 454.2 583.53 454.08 583.41 c 453.84 583.41 453.48 583.29 453.24 583.29 c 452.88 583.17 452.52 583.17 452.16 583.17 c h 455.28 581.01 m 454.92 581.25 454.68 581.49 454.44 581.73 c 454.68 581.97 454.92 582.21 455.28 582.57 c 455.28 582.45 455.28 582.45 455.4 582.33 c 455.52 582.21 455.76 581.97 455.88 581.85 c 455.88 581.73 455.76 581.61 455.64 581.49 c 455.52 581.37 455.4 581.13 455.28 581.01 c h 453.6 580.89 m 453.36 581.01 453.24 581.13 453.12 581.25 c 453 581.37 452.88 581.49 452.76 581.61 c 452.88 581.73 453 581.73 453.12 581.97 c 453.24 582.09 453.48 582.21 453.6 582.33 c 453.6 582.33 453.72 582.21 453.84 582.09 c 453.96 581.97 454.08 581.85 454.32 581.61 c 454.2 581.49 454.08 581.37 453.96 581.25 c 453.84 581.13 453.72 581.01 453.6 580.89 c h f 
458.88 583.17 m 458.76 583.17 458.52 583.17 458.28 583.29 c 457.92 583.29 457.8 583.41 457.56 583.53 c 457.44 583.41 457.32 583.41 457.08 583.29 c 456.84 583.29 456.6 583.17 456.36 583.17 c 456.24 583.17 456.24 583.29 456.24 583.29 c 456.24 584.13 l 456.24 584.25 456.24 584.25 456.36 584.25 c 456.6 584.25 456.84 584.25 456.96 584.25 c 457.08 584.37 457.2 584.37 457.32 584.49 c 457.44 584.61 457.56 584.73 457.56 584.85 c 457.68 584.97 457.8 585.09 457.92 585.33 c 458.04 585.45 458.04 585.45 458.16 585.57 c 458.16 585.57 458.28 585.57 458.28 585.57 c 458.4 585.57 458.52 585.57 458.64 585.45 c 458.52 585.21 458.4 584.97 458.4 584.85 c 458.28 584.61 458.16 584.49 458.16 584.37 c 458.28 584.25 458.28 584.25 458.52 584.25 c 458.64 584.25 458.88 584.25 459 584.25 c 459.24 584.25 459.36 584.25 459.48 584.25 c 459.6 584.25 459.72 584.25 459.96 584.37 c 459.96 584.37 459.96 584.49 460.08 584.73 c 460.08 584.85 460.2 585.09 460.32 585.33 c 460.32 585.57 460.44 585.69 460.44 585.93 c 460.56 586.05 460.56 586.17 460.68 586.17 c 460.8 586.17 460.92 586.29 461.04 586.29 c 461.16 586.29 461.16 586.17 461.28 586.17 c 461.28 586.05 461.16 585.81 461.04 585.57 c 461.04 585.21 460.8 584.85 460.68 584.25 c 460.8 584.25 460.92 584.25 460.92 584.25 c 461.04 584.25 461.16 584.25 461.16 584.25 c 461.4 584.25 461.64 584.25 461.88 584.37 c 461.88 584.37 462 584.49 462 584.61 c 462.12 584.73 462.12 584.85 462.24 585.09 c 462.24 585.21 462.36 585.45 462.36 585.57 c 462.48 585.81 462.48 585.93 462.6 586.05 c 462.6 586.17 462.72 586.29 462.72 586.29 c 462.84 586.29 462.96 586.29 463.08 586.29 c 463.2 586.29 463.2 586.29 463.32 586.29 c 463.32 586.17 463.2 585.93 463.08 585.69 c 463.08 585.45 462.96 585.09 462.84 584.61 c 463.08 584.49 463.2 584.37 463.44 584.37 c 463.68 584.25 463.92 584.25 464.16 584.25 c 464.28 584.25 464.28 584.25 464.28 584.13 c 464.28 583.29 l 464.28 583.29 464.28 583.17 464.16 583.17 c 463.92 583.17 463.56 583.29 463.2 583.41 c 462.96 583.53 462.72 583.65 462.48 583.89 c 462.48 583.77 462.48 583.65 462.36 583.65 c 462.36 583.53 462.24 583.41 462.24 583.41 c 462.12 583.29 462 583.29 461.76 583.17 c 461.64 583.17 461.4 583.17 461.28 583.17 c 460.92 583.17 460.68 583.29 460.32 583.41 c 460.2 583.41 460.2 583.29 459.96 583.29 c 459.84 583.29 459.6 583.17 459.48 583.17 c 459.24 583.17 459.12 583.17 458.88 583.17 c h f 
464.04 583.17 m 464.04 583.17 463.92 583.29 463.92 583.29 c 463.92 584.13 l 463.92 584.25 464.04 584.25 464.04 584.25 c 464.64 584.25 465 584.37 465.24 584.61 c 465.36 584.61 465.36 584.73 465.48 584.85 c 465.6 585.09 465.72 585.33 465.96 585.69 c 465.96 585.81 466.08 585.81 466.08 585.93 c 466.2 585.93 466.2 585.93 466.32 585.93 c 466.44 585.93 466.56 585.93 466.68 585.81 c 466.56 585.69 466.56 585.45 466.44 585.21 c 466.32 585.09 466.2 584.85 466.2 584.61 c 466.44 584.49 466.56 584.37 466.8 584.37 c 467.04 584.25 467.28 584.25 467.52 584.25 c 467.64 584.25 467.64 584.25 467.64 584.13 c 467.64 583.29 l 467.64 583.29 467.64 583.17 467.52 583.17 c 466.8 583.17 466.32 583.41 465.72 583.89 c 465.72 583.89 465.72 583.77 465.6 583.77 c 465.6 583.77 465.6 583.65 465.6 583.65 c 465.48 583.53 465.24 583.41 465 583.29 c 464.76 583.29 464.4 583.17 464.04 583.17 c h 465.84 587.01 m 465.48 587.25 465.24 587.61 465 587.85 c 465.24 587.97 465.36 588.21 465.48 588.33 c 465.6 588.45 465.72 588.57 465.84 588.69 c 465.96 588.57 466.08 588.45 466.2 588.33 c 466.32 588.21 466.44 587.97 466.56 587.85 c 466.56 587.73 466.44 587.61 466.32 587.49 c 466.2 587.37 465.96 587.13 465.84 587.01 c h f 
467.4 583.17 m 467.4 583.17 467.28 583.29 467.28 583.29 c 467.28 584.13 l 467.28 584.25 467.4 584.25 467.4 584.25 c 467.76 584.25 468.12 584.25 468.48 584.37 c 468.84 584.49 469.2 584.49 469.44 584.61 c 469.44 584.85 469.32 584.97 469.2 585.21 c 469.2 585.45 469.08 585.69 468.96 585.81 c 468.96 586.05 468.84 586.17 468.84 586.29 c 468.72 586.41 468.72 586.53 468.72 586.65 c 468.72 586.77 468.84 587.01 468.96 587.13 c 469.2 587.37 469.32 587.49 469.56 587.61 c 469.68 587.49 469.68 587.25 469.68 587.01 c 469.8 586.77 469.8 586.53 469.92 586.17 c 469.92 585.93 470.04 585.69 470.04 585.57 c 470.04 585.33 470.04 585.21 470.04 585.09 c 470.04 584.97 470.04 584.73 469.92 584.49 c 469.8 584.37 469.8 584.13 469.68 583.89 c 468.96 583.41 468.24 583.17 467.4 583.17 c h 469.8 588.33 m 469.68 588.45 469.56 588.57 469.32 588.69 c 469.2 588.81 469.2 588.93 469.08 589.05 c 469.08 589.17 469.2 589.29 469.32 589.41 c 469.44 589.53 469.68 589.65 469.8 589.89 c 469.8 589.77 469.92 589.77 470.04 589.65 c 470.16 589.53 470.28 589.29 470.52 589.17 c 470.4 588.93 470.16 588.69 469.8 588.33 c h 468.12 588.21 m 468 588.33 467.88 588.45 467.76 588.57 c 467.52 588.69 467.52 588.81 467.4 588.93 c 467.52 589.05 467.64 589.17 467.76 589.29 c 467.88 589.41 468 589.53 468.12 589.65 c 468.24 589.65 468.24 589.53 468.36 589.41 c 468.48 589.29 468.6 589.17 468.84 588.93 c 468.72 588.81 468.72 588.69 468.6 588.57 c 468.48 588.45 468.36 588.33 468.12 588.21 c h f 
476.04 580.17 m 475.32 580.17 474.84 580.41 474.48 580.77 c 474.12 581.13 473.88 581.73 473.88 582.45 c 473.88 582.57 473.88 582.69 473.88 582.81 c 473.88 583.05 474 583.17 474 583.29 c 474 583.53 474.12 583.77 474.12 584.01 c 474.6 583.89 l 474.48 583.53 474.48 583.17 474.48 583.05 c 474.48 582.45 474.6 581.97 474.84 581.73 c 475.08 581.37 475.56 581.25 476.04 581.25 c 476.4 581.25 476.76 581.37 477.12 581.49 c 477.48 581.49 477.84 581.73 478.08 581.85 c 478.44 582.09 478.68 582.33 478.8 582.57 c 478.56 583.05 478.32 583.53 478.2 583.89 c 478.08 584.25 477.96 584.61 477.96 584.73 c 477.96 584.97 478.08 585.21 478.2 585.45 c 478.32 585.57 478.56 585.81 478.92 585.93 c 478.92 585.81 478.92 585.69 479.04 585.33 c 479.04 585.09 479.04 584.85 479.16 584.49 c 479.4 584.25 479.76 584.25 480 584.25 c 480.12 584.25 480.12 584.25 480.12 584.13 c 480.12 583.29 l 480.12 583.29 480.12 583.17 480 583.17 c 479.88 583.17 479.76 583.17 479.64 583.29 c 479.52 583.29 479.4 583.29 479.28 583.29 c 479.28 583.05 l 479.28 582.57 479.16 582.09 478.92 581.61 c 478.56 581.25 478.2 580.89 477.6 580.53 c 477.36 580.41 477.12 580.41 476.88 580.29 c 476.52 580.17 476.28 580.17 476.04 580.17 c h 476.28 585.93 m 475.92 586.17 475.68 586.41 475.44 586.65 c 475.68 586.89 475.8 587.01 475.92 587.25 c 476.04 587.37 476.16 587.49 476.28 587.61 c 476.4 587.49 476.52 587.37 476.64 587.25 c 476.76 587.01 476.88 586.89 477.12 586.77 c 477 586.65 476.88 586.53 476.76 586.41 c 476.64 586.29 476.52 586.05 476.28 585.93 c h f 
484.08 583.17 m 483.72 583.17 483.36 583.17 483.12 583.29 c 482.76 583.29 482.4 583.41 482.04 583.53 c 481.8 583.53 481.44 583.65 481.2 583.89 c 481.08 583.65 480.84 583.41 480.72 583.41 c 480.48 583.29 480.24 583.17 479.88 583.17 c 479.88 583.17 479.76 583.29 479.76 583.29 c 479.76 584.13 l 479.76 584.25 479.88 584.25 479.88 584.25 c 480.24 584.25 480.48 584.37 480.72 584.49 c 480.84 584.61 481.08 584.85 481.2 585.09 c 481.32 585.33 481.44 585.57 481.56 585.69 c 481.56 585.81 481.68 585.93 481.68 586.05 c 481.8 586.29 481.92 586.41 481.92 586.41 c 482.16 586.77 482.4 586.89 482.52 587.01 c 482.76 587.13 482.88 587.25 483.12 587.25 c 483.36 587.25 483.6 587.01 483.84 586.77 c 484.08 586.53 484.32 586.17 484.44 585.69 c 484.56 585.21 484.68 584.85 484.68 584.37 c 484.68 584.13 484.56 584.01 484.56 583.77 c 484.44 583.53 484.2 583.29 484.08 583.17 c h 483.72 584.13 m 483.72 584.49 483.72 584.85 483.6 585.09 c 483.48 585.45 483.36 585.69 483.24 585.81 c 483.12 585.93 483.12 586.05 483 586.05 c 482.76 586.05 482.52 585.93 482.28 585.69 c 482.28 585.57 482.16 585.45 482.04 585.33 c 481.92 585.09 481.92 584.97 481.8 584.73 c 482.04 584.61 482.28 584.49 482.64 584.37 c 483 584.25 483.36 584.25 483.72 584.13 c h f 
490.92 583.17 m 490.56 583.17 490.2 583.29 489.96 583.41 c 489.72 583.41 489.48 583.65 489.36 583.77 c 489.24 584.01 489.12 584.25 489.12 584.49 c 489.12 584.61 489.12 584.85 489.12 585.21 c 489 585.45 489 585.81 489 586.17 c 488.88 586.53 488.88 586.89 488.88 587.37 c 488.88 587.85 488.76 588.21 488.76 588.69 c 488.76 589.17 488.64 589.77 488.64 590.25 c 488.76 590.37 488.88 590.49 489.12 590.61 c 489.24 590.73 489.36 590.85 489.6 590.97 c 489.6 590.37 489.6 589.77 489.6 589.17 c 489.72 588.57 489.72 587.97 489.72 587.37 c 489.72 586.77 489.72 586.05 489.72 585.33 c 489.72 584.49 l 489.96 584.49 490.08 584.37 490.32 584.25 c 490.44 584.25 490.68 584.25 490.92 584.25 c 490.92 584.25 491.04 584.25 491.04 584.13 c 491.04 583.29 l 491.04 583.29 490.92 583.17 490.92 583.17 c h f 
492.6 589.41 m 492.48 589.41 492.36 589.41 492.24 589.53 c 492.12 589.65 492.12 589.77 492.12 589.89 c 492.12 590.13 492.12 590.25 492.24 590.37 c 492.48 590.37 l 492.48 590.37 492.36 590.25 492.36 590.25 c 492.36 590.25 492.36 590.13 492.36 590.13 c 492.36 589.89 492.48 589.77 492.6 589.77 c 492.72 589.77 492.72 589.89 492.84 589.89 c 492.84 590.01 492.84 590.01 492.84 590.13 c 492.84 590.49 l 493.08 590.61 l 493.2 590.49 493.2 590.25 493.2 590.25 c 493.32 590.13 493.44 590.01 493.56 590.01 c 493.56 590.01 493.68 590.01 493.68 590.13 c 493.68 590.13 493.68 590.13 493.68 590.13 c 493.68 590.25 493.68 590.37 493.56 590.61 c 493.56 590.61 l 493.56 590.73 493.56 590.85 493.68 590.85 c 493.68 590.97 493.8 590.97 493.92 590.97 c 493.92 590.85 493.92 590.73 494.04 590.61 c 494.04 590.49 494.04 590.37 494.04 590.37 c 494.04 590.13 494.04 590.01 493.92 589.89 c 493.8 589.77 493.68 589.65 493.44 589.65 c 493.32 589.65 493.2 589.65 493.08 589.77 c 493.08 589.65 492.96 589.53 492.96 589.53 c 492.84 589.41 492.72 589.41 492.6 589.41 c h 492.12 590.85 m 492.24 591.21 l 492.48 591.21 492.84 591.33 493.08 591.45 c 493.32 591.45 493.68 591.57 493.92 591.69 c 493.92 591.57 l 493.92 591.57 493.92 591.45 493.92 591.45 c 493.8 591.33 493.8 591.33 493.68 591.33 c 493.56 591.21 493.32 591.09 493.08 591.09 c 492.84 590.97 492.48 590.85 492.12 590.85 c h 492 591.33 m 492.12 591.69 l 492.48 591.81 492.72 591.93 492.96 591.93 c 493.32 592.05 493.56 592.17 493.8 592.17 c 493.8 592.17 l 493.8 592.05 493.8 592.05 493.8 591.93 c 493.68 591.93 493.68 591.93 493.56 591.81 c 493.44 591.81 493.2 591.69 492.96 591.57 c 492.72 591.57 492.36 591.45 492 591.33 c h f 
490.8 583.17 m 490.68 583.17 490.68 583.29 490.68 583.29 c 490.68 584.13 l 490.68 584.25 490.68 584.25 490.8 584.25 c 491.16 584.25 491.52 584.25 491.88 584.25 c 492.24 584.37 492.6 584.37 492.96 584.37 c 493.2 584.49 493.44 584.61 493.56 584.61 c 493.56 584.85 493.44 584.97 493.44 585.21 c 493.32 585.45 493.2 585.69 493.08 585.81 c 493.08 586.05 492.96 586.17 492.96 586.29 c 492.96 586.41 492.96 586.53 492.96 586.65 c 492.96 586.77 492.96 587.01 493.2 587.13 c 493.32 587.37 493.56 587.49 493.8 587.61 c 493.92 587.13 493.92 586.77 494.04 586.41 c 494.04 586.17 494.16 585.93 494.16 585.69 c 494.16 585.45 494.16 585.33 494.16 585.09 c 494.16 584.97 494.16 584.73 494.04 584.49 c 494.04 584.37 493.92 584.13 493.8 583.89 c 493.56 583.77 493.32 583.65 492.96 583.53 c 492.6 583.41 492.36 583.29 491.88 583.29 c 491.52 583.17 491.16 583.17 490.8 583.17 c h 493.56 581.01 m 493.2 581.25 492.96 581.49 492.84 581.73 c 492.96 581.97 493.2 582.21 493.56 582.57 c 493.56 582.45 493.68 582.45 493.8 582.33 c 493.92 582.21 494.04 581.97 494.28 581.85 c 494.16 581.73 494.04 581.61 493.92 581.49 c 493.92 581.37 493.68 581.13 493.56 581.01 c h 491.88 580.89 m 491.76 581.01 491.52 581.13 491.4 581.25 c 491.28 581.37 491.28 581.49 491.16 581.61 c 491.28 581.73 491.4 581.73 491.52 581.97 c 491.64 582.09 491.76 582.21 491.88 582.33 c 491.88 582.33 492 582.21 492.12 582.09 c 492.24 581.97 492.36 581.85 492.6 581.61 c 492.48 581.49 492.48 581.37 492.36 581.25 c 492.24 581.13 492.12 581.01 491.88 580.89 c h f 
495.96 583.17 m 495.96 583.89 495.96 584.61 495.96 585.21 c 495.96 585.81 495.84 586.41 495.84 586.89 c 495.84 587.49 495.84 587.97 495.72 588.45 c 495.72 588.93 495.72 589.41 495.6 589.89 c 495.6 590.13 495.6 590.37 495.72 590.49 c 495.72 590.61 495.84 590.73 495.96 590.73 c 496.2 590.85 496.32 590.97 496.56 590.97 c 496.56 590.73 496.68 590.61 496.68 590.37 c 496.8 590.01 496.92 589.77 496.92 589.53 c 496.56 589.29 l 496.68 588.81 496.68 588.21 496.68 587.61 c 496.68 587.01 496.68 586.41 496.68 585.69 c 496.68 584.97 496.68 584.13 496.56 583.29 c 495.96 583.17 l h 495.48 591.33 m 495.36 591.81 l 495.84 592.05 l 495.6 592.05 495.48 592.29 495.48 592.53 c 495.48 592.65 495.48 592.77 495.6 592.89 c 495.6 593.01 495.72 593.13 495.84 593.25 c 495.96 593.37 496.08 593.37 496.32 593.37 c 496.56 593.37 496.68 593.25 496.68 592.89 c 496.68 592.77 496.68 592.77 496.68 592.65 c 496.44 592.65 l 496.44 592.77 l 496.44 592.77 496.44 592.77 496.32 592.77 c 496.32 592.89 496.32 592.89 496.32 592.89 c 496.2 592.89 496.08 592.77 495.96 592.77 c 495.84 592.65 495.84 592.53 495.84 592.41 c 495.96 592.29 496.08 592.29 496.32 592.29 c 496.44 592.29 496.44 592.29 496.56 592.29 c 496.68 592.29 496.8 592.29 496.92 592.29 c 496.8 591.81 l 496.56 591.81 496.32 591.69 496.08 591.57 c 495.84 591.57 495.72 591.45 495.48 591.33 c h f 
504.36 579.81 m 503.4 579.81 502.68 580.05 502.2 580.53 c 501.6 581.13 501.36 581.73 501.36 582.69 c 501.36 583.17 501.48 583.65 501.72 584.13 c 501.96 584.61 502.2 584.97 502.68 585.33 c 502.8 585.57 503.04 585.69 503.28 585.81 c 503.52 585.93 503.76 586.05 504 586.17 c 503.88 586.17 503.64 586.29 503.52 586.29 c 503.28 586.41 503.16 586.41 502.92 586.53 c 502.8 586.53 502.56 586.53 502.44 586.53 c 502.2 586.53 501.96 586.53 501.84 586.53 c 501.6 586.41 501.48 586.29 501.12 586.17 c 501.12 586.17 501.12 586.29 501 586.41 c 501 586.41 501 586.53 501 586.65 c 501 587.01 501.12 587.25 501.36 587.37 c 501.6 587.61 501.96 587.73 502.44 587.73 c 502.68 587.73 503.04 587.61 503.28 587.61 c 503.64 587.49 504 587.37 504.24 587.25 c 504.6 587.13 504.96 587.01 505.32 587.01 c 505.68 586.89 505.92 586.89 506.28 586.89 c 507.12 586.89 l 506.76 585.81 l 506.64 585.81 506.64 585.81 506.52 585.81 c 506.4 585.81 506.28 585.81 506.16 585.81 c 506.04 585.81 505.92 585.81 505.92 585.81 c 505.56 585.81 505.32 585.69 504.96 585.57 c 504.6 585.57 504.24 585.45 503.88 585.21 c 503.64 585.09 503.28 584.97 503.04 584.73 c 502.68 584.49 502.32 584.13 502.2 583.77 c 501.96 583.41 501.84 583.05 501.84 582.69 c 501.84 582.33 501.96 581.97 502.08 581.73 c 502.32 581.49 502.56 581.25 503.04 581.13 c 503.4 581.01 503.88 580.89 504.36 580.89 c 504.84 580.89 505.32 581.01 505.8 581.01 c 506.28 581.13 506.76 581.13 507.24 581.25 c 507.36 580.89 l 507 580.65 506.52 580.41 506.16 580.29 c 505.8 580.17 505.56 580.05 505.2 579.93 c 504.96 579.93 504.6 579.81 504.36 579.81 c h f 
508.8 580.89 m 508.68 580.89 508.56 580.89 508.32 581.01 c 508.2 581.01 507.96 581.13 507.84 581.25 c 507.6 581.37 507.48 581.49 507.24 581.61 c 507.48 581.97 l 507.6 581.97 507.84 581.97 508.08 581.85 c 508.2 581.85 508.44 581.85 508.56 581.85 c 509.16 581.85 509.64 581.97 510 582.33 c 510.36 582.69 510.72 583.17 510.96 583.77 c 510.84 583.89 510.84 584.01 510.72 584.13 c 510.72 584.25 510.6 584.37 510.6 584.49 c 510.36 584.85 510.12 585.21 510 585.45 c 509.88 585.69 509.88 585.93 509.88 586.05 c 509.76 586.29 509.88 586.41 509.88 586.53 c 510 586.65 510.12 586.77 510.24 586.89 c 510.24 586.89 510.24 586.89 510.36 586.89 c 510.48 586.89 510.6 586.77 510.72 586.77 c 510.72 586.53 510.84 586.29 510.96 586.05 c 510.96 585.93 511.08 585.69 511.08 585.57 c 511.2 585.33 511.2 585.09 511.32 584.85 c 511.32 584.73 511.32 584.61 511.44 584.49 c 511.68 584.37 511.92 584.25 512.28 584.25 c 512.28 584.25 512.4 584.25 512.4 584.13 c 512.4 583.29 l 512.4 583.29 512.28 583.17 512.28 583.17 c 511.92 583.17 511.68 583.29 511.32 583.41 c 511.32 582.93 511.08 582.45 510.84 582.09 c 510.6 581.73 510.36 581.37 510 581.13 c 509.64 581.01 509.28 580.89 508.8 580.89 c h f 
514.8 583.17 m 514.56 583.17 514.32 583.17 514.08 583.29 c 513.84 583.29 513.6 583.41 513.36 583.53 c 513.24 583.41 513.12 583.41 512.88 583.29 c 512.64 583.29 512.4 583.17 512.16 583.17 c 512.16 583.17 512.04 583.29 512.04 583.29 c 512.04 584.13 l 512.04 584.25 512.16 584.25 512.16 584.25 c 512.4 584.25 512.64 584.25 512.76 584.25 c 513 584.37 513.12 584.37 513.24 584.49 c 513.24 584.61 513.36 584.61 513.36 584.73 c 513.48 584.73 513.48 584.85 513.6 584.97 c 513.6 585.09 513.72 585.21 513.84 585.33 c 513.84 585.45 513.84 585.45 513.96 585.57 c 514.08 585.57 514.08 585.57 514.2 585.57 c 514.32 585.57 514.44 585.57 514.44 585.45 c 514.32 585.21 514.32 584.97 514.2 584.73 c 514.08 584.49 514.08 584.37 513.96 584.37 c 514.08 584.25 514.2 584.25 514.32 584.25 c 514.56 584.25 514.68 584.25 514.92 584.25 c 515.04 584.25 515.16 584.25 515.4 584.25 c 515.52 584.25 515.64 584.25 515.76 584.37 c 515.76 584.37 515.88 584.49 515.88 584.73 c 516 584.85 516 585.09 516.12 585.33 c 516.24 585.45 516.24 585.69 516.36 585.93 c 516.36 586.05 516.48 586.17 516.48 586.17 c 516.6 586.17 516.72 586.29 516.84 586.29 c 516.96 586.29 517.08 586.17 517.2 586.17 c 517.08 585.93 516.96 585.81 516.96 585.57 c 516.84 585.33 516.72 584.97 516.6 584.61 c 516.84 584.61 517.08 584.49 517.32 584.37 c 517.56 584.37 517.8 584.25 518.04 584.25 c 518.16 584.25 518.4 584.25 518.76 584.25 c 518.64 584.37 518.64 584.49 518.52 584.73 c 518.4 584.97 518.4 585.09 518.28 585.33 c 518.16 585.57 518.16 585.69 518.04 585.93 c 518.04 586.05 518.04 586.17 518.04 586.17 c 518.04 586.41 518.04 586.53 518.28 586.77 c 518.4 587.01 518.64 587.13 518.88 587.25 c 518.88 586.89 519 586.53 519 586.17 c 519.12 585.93 519.24 585.57 519.24 585.33 c 519.24 585.09 519.36 584.85 519.36 584.61 c 519.36 584.61 519.24 584.37 519.24 584.25 c 519.24 584.01 519.12 583.89 519.12 583.65 c 519 583.53 518.88 583.29 518.88 583.17 c 518.4 583.17 517.92 583.17 517.56 583.29 c 517.08 583.41 516.72 583.53 516.36 583.65 c 516.24 583.65 516.24 583.53 516.24 583.53 c 516.12 583.41 516 583.41 515.88 583.29 c 515.76 583.29 515.52 583.17 515.4 583.17 c 515.16 583.17 514.92 583.17 514.8 583.17 c h 515.52 587.01 m 515.4 587.13 515.28 587.25 515.16 587.37 c 515.04 587.49 514.92 587.61 514.8 587.61 c 514.92 587.73 515.04 587.85 515.16 587.97 c 515.28 588.09 515.4 588.21 515.52 588.33 c 515.52 588.33 515.64 588.21 515.76 588.09 c 515.88 587.97 516 587.85 516.12 587.73 c 516.12 587.61 516 587.49 515.88 587.37 c 515.76 587.25 515.64 587.13 515.52 587.01 c h 517.2 587.13 m 516.96 587.25 516.84 587.37 516.72 587.49 c 516.6 587.61 516.48 587.73 516.48 587.85 c 516.48 587.85 516.6 587.97 516.72 588.09 c 516.84 588.21 516.96 588.33 517.08 588.57 c 517.2 588.45 517.32 588.33 517.44 588.21 c 517.56 588.09 517.68 587.97 517.8 587.85 c 517.68 587.73 517.68 587.61 517.56 587.49 c 517.44 587.37 517.32 587.25 517.2 587.13 c h 516.36 588.09 m 516.24 588.21 516.12 588.33 516 588.33 c 515.88 588.45 515.76 588.57 515.64 588.69 c 515.76 588.81 515.88 588.93 516 589.05 c 516.12 589.17 516.24 589.29 516.24 589.29 c 516.36 589.29 516.48 589.17 516.6 589.05 c 516.72 588.93 516.84 588.81 516.96 588.69 c 516.84 588.57 516.72 588.45 516.6 588.33 c 516.48 588.21 516.36 588.21 516.36 588.09 c h f 
521.16 583.17 m 521.16 583.89 521.16 584.61 521.04 585.21 c 521.04 585.81 521.04 586.41 521.04 586.89 c 520.92 587.49 520.92 587.97 520.92 588.45 c 520.92 588.93 520.8 589.41 520.8 589.89 c 520.8 590.13 520.8 590.37 520.8 590.49 c 520.92 590.61 521.04 590.73 521.16 590.73 c 521.28 590.85 521.52 590.97 521.64 590.97 c 521.76 590.73 521.76 590.61 521.88 590.37 c 522 590.01 522 589.77 522.12 589.53 c 521.76 589.29 l 521.76 588.81 521.76 588.21 521.88 587.61 c 521.88 587.01 521.88 586.41 521.76 585.69 c 521.76 584.97 521.76 584.13 521.76 583.29 c 521.16 583.17 l h f 
351.6 563.25 m 350.64 563.25 350.16 563.49 350.16 563.97 c 350.16 564.21 350.16 564.33 350.16 564.45 c 350.28 564.57 350.28 564.69 350.4 564.69 c 350.64 564.57 350.76 564.45 351 564.33 c 351.24 564.33 351.6 564.21 351.96 564.21 c 352.2 564.21 352.44 564.33 352.68 564.33 c 352.92 564.33 353.16 564.45 353.52 564.45 c 353.28 564.81 353.16 565.17 352.92 565.53 c 352.8 565.89 352.68 566.25 352.56 566.49 c 352.44 566.73 352.44 566.97 352.44 567.09 c 352.44 567.33 352.56 567.57 352.56 567.69 c 352.68 567.81 352.92 567.93 353.16 568.05 c 353.28 567.33 353.52 566.85 353.64 566.25 c 353.76 565.77 354 565.29 354.24 564.93 c 354.36 564.69 354.6 564.57 354.72 564.45 c 354.84 564.33 355.08 564.33 355.32 564.33 c 355.44 564.33 355.44 564.33 355.44 564.21 c 355.44 563.37 l 355.44 563.25 355.44 563.25 355.32 563.25 c 355.08 563.25 354.72 563.37 354.6 563.37 c 354.36 563.49 354.12 563.61 353.88 563.85 c 353.16 563.49 352.44 563.25 351.6 563.25 c h f 
358.2 560.97 m 357.6 560.97 357.12 561.09 356.76 561.45 c 356.4 561.81 356.16 562.29 356.04 562.89 c 355.56 562.77 l 355.44 563.25 l 355.2 563.25 l 355.2 563.25 355.2 563.25 355.2 563.37 c 355.2 564.21 l 355.2 564.33 355.2 564.33 355.2 564.33 c 355.32 564.33 355.56 564.33 355.68 564.33 c 355.8 564.33 355.92 564.33 356.04 564.33 c 356.16 565.77 357 567.09 358.2 568.17 c 358.56 568.05 l 358.68 567.93 358.68 567.69 358.68 567.45 c 358.68 567.21 358.8 566.97 358.8 566.73 c 358.92 566.49 358.92 566.25 358.92 566.01 c 358.92 565.77 358.92 565.65 358.92 565.53 c 358.92 565.29 358.92 565.05 358.68 564.81 c 358.56 564.57 358.44 564.33 358.2 564.21 c 358.44 564.21 358.8 564.33 359.04 564.33 c 359.28 564.33 359.52 564.33 359.76 564.33 c 359.88 564.33 359.88 564.21 359.88 564.21 c 359.88 563.37 l 359.88 563.25 359.88 563.25 359.76 563.25 c 359.4 563.25 359.16 563.25 358.92 563.13 c 359.16 563.13 359.28 563.01 359.4 562.89 c 359.52 562.65 359.64 562.53 359.64 562.41 c 359.64 562.29 359.52 562.17 359.52 562.05 c 359.4 561.81 359.4 561.69 359.28 561.57 c 359.28 561.45 359.28 561.33 359.16 561.21 c 359.04 561.21 358.92 561.09 358.8 560.97 c 358.56 560.97 358.44 560.97 358.2 560.97 c h 358.32 561.81 m 358.44 561.81 358.56 561.81 358.68 561.93 c 358.8 561.93 358.92 562.05 359.04 562.05 c 358.92 562.29 358.8 562.53 358.56 562.65 c 358.44 562.89 358.2 563.01 357.96 563.13 c 357.72 563.25 357.48 563.25 357.24 563.25 c 357.12 563.25 357.12 563.25 357.12 563.25 c 357 563.25 356.88 563.25 356.76 563.25 c 356.88 562.77 357.12 562.41 357.36 562.17 c 357.6 561.93 357.96 561.81 358.32 561.81 c h 356.76 564.21 m 357 564.33 357.36 564.33 357.6 564.45 c 357.84 564.57 358.08 564.69 358.32 564.93 c 358.2 565.41 l 358.08 565.77 358.08 566.01 357.96 566.25 c 357.96 566.49 357.96 566.73 357.84 566.97 c 357.48 566.37 357.24 565.89 357 565.41 c 356.88 565.05 356.76 564.69 356.76 564.21 c h f 
362.28 563.25 m 362.04 563.25 361.8 563.25 361.56 563.37 c 361.32 563.37 361.08 563.49 360.96 563.61 c 360.84 563.49 360.6 563.37 360.36 563.37 c 360.12 563.25 359.88 563.25 359.64 563.25 c 359.64 563.25 359.64 563.25 359.64 563.37 c 359.64 564.21 l 359.64 564.33 359.64 564.33 359.64 564.33 c 359.88 564.33 360.12 564.33 360.24 564.33 c 360.48 564.45 360.6 564.45 360.72 564.57 c 360.84 564.69 360.96 564.81 360.96 564.93 c 361.08 565.05 361.2 565.17 361.32 565.41 c 361.32 565.53 361.44 565.53 361.44 565.53 c 361.56 565.65 361.56 565.65 361.68 565.65 c 361.8 565.65 361.92 565.65 362.04 565.53 c 361.92 565.29 361.8 565.05 361.68 564.81 c 361.68 564.69 361.56 564.45 361.56 564.33 c 361.56 564.33 361.68 564.33 361.8 564.33 c 362.04 564.33 362.16 564.21 362.4 564.21 c 362.52 564.21 362.76 564.33 362.88 564.33 c 363 564.33 363.12 564.33 363.24 564.45 c 363.36 564.45 363.36 564.57 363.48 564.81 c 363.48 564.93 363.6 565.17 363.6 565.41 c 363.72 565.53 363.72 565.77 363.84 565.89 c 363.96 566.13 363.96 566.13 364.08 566.25 c 364.08 566.25 364.2 566.25 364.32 566.25 c 364.44 566.25 364.56 566.25 364.68 566.25 c 364.56 566.13 364.56 565.89 364.44 565.65 c 364.32 565.29 364.2 564.93 364.08 564.33 c 364.2 564.33 364.2 564.33 364.32 564.33 c 364.32 564.33 364.44 564.33 364.56 564.33 c 364.8 564.33 365.04 564.33 365.28 564.45 c 365.28 564.45 365.28 564.57 365.4 564.69 c 365.4 564.81 365.52 564.93 365.52 565.17 c 365.64 565.29 365.64 565.53 365.76 565.65 c 365.88 565.89 365.88 566.01 366 566.13 c 366 566.25 366 566.25 366.12 566.37 c 366.24 566.37 366.36 566.37 366.36 566.37 c 366.48 566.37 366.6 566.37 366.72 566.25 c 366.6 566.13 366.6 566.01 366.48 565.77 c 366.36 565.53 366.24 565.17 366.12 564.69 c 366.36 564.57 366.6 564.45 366.84 564.33 c 366.96 564.33 367.2 564.33 367.56 564.33 c 367.56 564.33 367.56 564.33 367.56 564.21 c 367.56 563.37 l 367.56 563.25 367.56 563.25 367.56 563.25 c 367.2 563.25 366.96 563.37 366.6 563.49 c 366.36 563.61 366.12 563.73 365.88 563.97 c 365.88 563.85 365.76 563.73 365.76 563.61 c 365.76 563.61 365.64 563.49 365.52 563.49 c 365.52 563.37 365.4 563.37 365.16 563.25 c 365.04 563.25 364.8 563.25 364.56 563.25 c 364.32 563.25 363.96 563.37 363.72 563.49 c 363.6 563.49 363.48 563.37 363.36 563.37 c 363.24 563.25 363 563.25 362.88 563.25 c 362.64 563.25 362.4 563.25 362.28 563.25 c h 363 567.09 m 362.88 567.21 362.76 567.33 362.64 567.45 c 362.52 567.57 362.4 567.57 362.28 567.69 c 362.4 567.81 362.52 567.93 362.64 568.05 c 362.76 568.17 362.88 568.29 363 568.41 c 363.12 568.41 363.12 568.29 363.24 568.17 c 363.36 568.05 363.48 567.93 363.72 567.81 c 363.6 567.69 363.48 567.57 363.36 567.45 c 363.24 567.33 363.12 567.21 363 567.09 c h 364.68 567.21 m 364.56 567.33 364.44 567.45 364.32 567.57 c 364.2 567.69 364.08 567.81 363.96 567.93 c 364.08 567.93 364.08 568.05 364.2 568.17 c 364.32 568.29 364.44 568.41 364.68 568.65 c 364.68 568.53 364.8 568.41 364.92 568.29 c 365.04 568.17 365.16 568.05 365.28 567.93 c 365.28 567.81 365.16 567.69 365.04 567.57 c 364.92 567.45 364.8 567.33 364.68 567.21 c h 363.84 568.17 m 363.72 568.29 363.6 568.29 363.48 568.41 c 363.36 568.53 363.24 568.65 363.12 568.77 c 363.36 568.89 363.36 569.01 363.48 569.13 c 363.6 569.25 363.72 569.37 363.84 569.37 c 363.84 569.25 363.96 569.25 364.08 569.13 c 364.2 569.01 364.32 568.89 364.44 568.77 c 364.32 568.65 364.2 568.53 364.08 568.41 c 363.96 568.29 363.96 568.17 363.84 568.17 c h f 
371.04 563.25 m 370.68 563.25 370.2 563.25 369.84 563.37 c 369.48 563.37 369.24 563.49 368.88 563.61 c 368.64 563.49 368.28 563.37 368.16 563.37 c 367.92 563.25 367.68 563.25 367.44 563.25 c 367.32 563.25 367.32 563.25 367.32 563.37 c 367.32 564.21 l 367.32 564.33 367.32 564.33 367.44 564.33 c 367.56 564.33 367.68 564.33 367.8 564.33 c 367.92 564.33 368.04 564.33 368.16 564.45 c 368.16 564.45 368.04 564.45 368.04 564.57 c 368.04 564.57 368.04 564.69 368.04 564.69 c 368.04 564.93 368.16 565.17 368.28 565.41 c 368.4 565.77 368.52 566.01 368.64 566.25 c 368.88 566.49 369 566.73 369.24 566.85 c 369.6 567.09 369.96 567.21 370.2 567.21 c 370.32 567.21 370.44 567.21 370.56 567.09 c 370.68 566.97 370.68 566.85 370.8 566.61 c 370.92 566.49 370.92 566.37 370.92 566.25 c 371.04 566.13 371.04 565.89 371.16 565.77 c 371.28 565.53 371.4 565.29 371.4 565.05 c 371.52 564.81 371.64 564.69 371.76 564.57 c 371.88 564.33 372.12 564.33 372.24 564.33 c 372.36 564.33 372.36 564.21 372.36 564.21 c 372.36 563.37 l 372.36 563.25 372.36 563.25 372.24 563.25 c 371.88 563.25 371.52 563.37 371.16 563.73 c 371.04 563.25 l h 370.92 564.21 m 370.68 564.45 370.56 564.69 370.44 565.05 c 370.32 565.41 370.32 565.89 370.2 566.25 c 370.08 566.13 369.84 566.01 369.6 565.89 c 369.48 565.77 369.24 565.65 369.12 565.41 c 368.88 565.29 368.76 565.05 368.64 564.93 c 368.88 564.69 369.24 564.57 369.6 564.45 c 369.96 564.33 370.44 564.21 370.92 564.21 c h f 
372.12 563.25 m 372.12 563.25 372.12 563.25 372.12 563.37 c 372.12 564.21 l 372.12 564.33 372.12 564.33 372.12 564.33 c 372.6 564.33 372.96 564.45 373.44 564.57 c 373.44 564.93 373.32 565.17 373.32 565.41 c 373.32 565.65 373.32 565.89 373.32 566.13 c 373.2 566.73 373.08 567.33 373.08 568.05 c 372.96 568.77 372.84 569.49 372.72 570.33 c 372.84 570.45 372.96 570.57 373.2 570.69 c 373.32 570.81 373.56 570.93 373.68 571.05 c 373.68 570.57 373.68 569.97 373.8 569.49 c 373.8 568.89 373.8 568.29 373.8 567.69 c 373.92 567.21 373.92 566.61 373.92 566.25 c 373.92 565.77 373.92 565.29 373.92 564.93 c 373.92 564.69 373.92 564.57 373.8 564.33 c 373.8 564.09 373.68 563.85 373.56 563.61 c 373.44 563.49 373.32 563.49 373.08 563.37 c 372.84 563.25 372.48 563.25 372.12 563.25 c h f 
375.84 563.25 m 375.84 563.97 375.84 564.69 375.84 565.29 c 375.84 565.89 375.72 566.49 375.72 566.97 c 375.72 567.57 375.72 568.05 375.6 568.53 c 375.6 569.01 375.6 569.49 375.48 569.97 c 375.48 570.21 375.48 570.33 375.6 570.57 c 375.6 570.69 375.72 570.81 375.84 570.81 c 376.08 570.93 376.2 570.93 376.44 571.05 c 376.44 570.81 376.56 570.57 376.56 570.33 c 376.68 570.09 376.8 569.85 376.8 569.61 c 376.56 569.37 l 376.56 568.77 376.56 568.29 376.56 567.69 c 376.56 567.09 376.56 566.37 376.56 565.77 c 376.56 565.05 376.56 564.21 376.44 563.37 c 375.84 563.25 l h f 
382.92 560.25 m 382.32 560.25 381.72 560.49 381.36 560.85 c 381 561.21 380.88 561.81 380.88 562.53 c 380.88 562.65 380.88 562.77 380.88 562.89 c 380.88 563.01 380.88 563.25 381 563.37 c 381 563.61 381 563.85 381.12 564.09 c 381.6 563.97 l 381.48 563.61 381.36 563.25 381.36 563.01 c 381.36 562.53 381.6 562.05 381.84 561.81 c 382.08 561.45 382.44 561.33 382.92 561.33 c 383.4 561.33 383.76 561.45 384.12 561.45 c 384.48 561.57 384.84 561.81 385.08 561.93 c 385.44 562.17 385.68 562.41 385.8 562.65 c 385.56 563.13 385.32 563.61 385.2 563.97 c 385.08 564.33 384.96 564.69 384.96 564.81 c 384.96 565.05 385.08 565.29 385.2 565.41 c 385.32 565.65 385.56 565.89 385.8 566.01 c 385.92 565.89 385.92 565.77 385.92 565.53 c 385.92 565.29 386.04 565.05 386.04 564.69 c 386.4 564.57 l 387.12 565.53 387.84 566.25 388.44 566.73 c 389.04 567.21 389.64 567.57 390.12 567.57 c 390.24 567.57 390.48 567.45 390.72 567.33 c 390.84 567.33 391.08 567.21 391.32 566.97 c 391.44 566.85 391.68 566.61 391.8 566.49 c 392.04 566.13 392.16 565.89 392.16 565.77 c 392.16 565.29 392.04 564.81 391.8 564.45 c 391.44 564.09 390.96 563.73 390.36 563.61 c 389.76 563.37 389.16 563.25 388.44 563.25 c 388.08 563.25 387.72 563.25 387.36 563.25 c 387 563.37 386.64 563.37 386.28 563.49 c 386.28 563.49 386.28 563.37 386.28 563.25 c 386.28 563.25 386.28 563.13 386.28 563.01 c 386.28 562.53 386.16 562.17 385.8 561.69 c 385.56 561.21 385.08 560.85 384.6 560.61 c 384.36 560.49 384.12 560.37 383.76 560.37 c 383.52 560.25 383.28 560.25 382.92 560.25 c h 388.56 564.21 m 389.04 564.21 389.64 564.33 390.12 564.45 c 390.6 564.57 391.08 564.81 391.68 565.17 c 391.44 565.53 391.08 565.89 390.72 566.13 c 390.48 566.25 390.12 566.37 389.76 566.37 c 389.52 566.37 389.28 566.37 388.92 566.13 c 388.68 566.01 388.32 565.77 387.96 565.41 c 387.6 565.17 387.36 564.81 387 564.33 c 387.24 564.33 387.6 564.33 387.84 564.33 c 388.08 564.21 388.32 564.21 388.56 564.21 c h 388.56 568.53 m 388.2 568.77 387.84 569.01 387.72 569.25 c 387.84 569.49 387.96 569.61 388.2 569.73 c 388.32 569.97 388.44 570.09 388.44 570.09 c 388.56 569.97 388.68 569.85 388.8 569.73 c 388.92 569.61 389.16 569.49 389.28 569.37 c 389.16 569.25 389.04 569.13 388.92 569.01 c 388.8 568.77 388.68 568.65 388.56 568.53 c h f 
394.08 560.97 m 393.96 560.97 393.84 560.97 393.6 560.97 c 393.48 561.09 393.24 561.21 393 561.33 c 392.88 561.45 392.64 561.57 392.52 561.69 c 392.64 562.05 l 392.88 562.05 393.12 562.05 393.24 561.93 c 393.48 561.93 393.6 561.93 393.84 561.93 c 394.32 561.93 394.92 562.05 395.28 562.41 c 395.64 562.77 396 563.25 396.12 563.85 c 396.12 563.97 396.12 564.09 396 564.21 c 396 564.33 395.88 564.45 395.76 564.57 c 395.52 564.93 395.4 565.29 395.28 565.53 c 395.16 565.77 395.04 566.01 395.04 566.13 c 395.04 566.37 395.04 566.49 395.16 566.61 c 395.16 566.73 395.28 566.85 395.4 566.97 c 395.52 566.97 395.52 566.97 395.64 566.97 c 395.64 566.97 395.76 566.85 395.88 566.85 c 396 566.61 396.12 566.37 396.12 566.13 c 396.24 566.01 396.24 565.77 396.36 565.65 c 396.48 565.41 396.48 565.17 396.48 564.93 c 396.6 564.81 396.6 564.69 396.6 564.57 c 396.84 564.33 397.2 564.33 397.56 564.33 c 397.56 564.33 397.56 564.33 397.56 564.21 c 397.56 563.37 l 397.56 563.25 397.56 563.25 397.56 563.25 c 397.2 563.25 396.84 563.37 396.6 563.49 c 396.48 563.01 396.36 562.53 396.12 562.17 c 395.88 561.81 395.64 561.45 395.28 561.21 c 394.92 560.97 394.44 560.97 394.08 560.97 c h f 
397.44 563.25 m 397.32 563.25 397.32 563.25 397.32 563.37 c 397.32 564.21 l 397.32 564.21 397.32 564.33 397.44 564.33 c 397.8 564.33 398.16 564.33 398.52 564.33 c 398.88 564.33 399.12 564.45 399.36 564.57 c 399.24 564.81 l 399.12 565.05 399 565.17 398.88 565.29 c 398.76 565.41 398.64 565.53 398.52 565.65 c 398.52 565.65 398.4 565.77 398.4 565.77 c 398.28 565.89 398.28 565.89 398.16 566.01 c 398.04 565.89 l 397.8 566.01 397.8 566.25 397.8 566.37 c 397.8 566.61 397.8 566.73 397.92 566.85 c 398.04 567.09 398.16 567.21 398.4 567.21 c 398.64 567.33 398.88 567.45 399 567.57 c 399.36 567.69 399.72 567.69 400.08 567.69 c 400.44 567.69 400.68 567.69 401.04 567.57 c 401.28 567.33 401.4 567.21 401.64 566.97 c 401.76 566.73 401.88 566.49 401.88 566.25 c 401.88 565.89 401.76 565.53 401.64 565.29 c 401.4 564.93 401.16 564.69 400.92 564.45 c 401.04 564.45 401.28 564.33 401.52 564.33 c 401.76 564.33 402.12 564.33 402.36 564.33 c 402.48 564.33 402.48 564.21 402.48 564.21 c 402.48 563.37 l 402.48 563.25 402.48 563.25 402.36 563.25 c 401.88 563.25 401.4 563.37 401.04 563.37 c 400.68 563.49 400.32 563.73 399.96 563.97 c 399.6 563.73 399.12 563.49 398.76 563.37 c 398.4 563.37 397.92 563.25 397.44 563.25 c h 400.2 564.93 m 400.44 565.05 400.56 565.17 400.68 565.41 c 400.92 565.65 400.92 565.77 400.92 566.01 c 400.92 566.13 400.8 566.37 400.68 566.49 c 400.56 566.61 400.32 566.61 400.08 566.61 c 399.84 566.61 399.72 566.61 399.48 566.61 c 399.24 566.49 399 566.49 398.76 566.37 c 398.88 566.25 399.12 566.13 399.24 565.89 c 399.48 565.77 399.6 565.53 399.84 565.17 c 399.96 565.17 399.96 565.05 399.96 565.05 c 400.08 565.05 400.08 564.93 400.2 564.93 c h f 
402.36 563.25 m 402.24 563.25 402.24 563.25 402.24 563.37 c 402.24 564.21 l 402.24 564.33 402.24 564.33 402.36 564.33 c 402.72 564.33 403.08 564.33 403.44 564.33 c 403.8 564.33 404.04 564.45 404.16 564.57 c 404.28 564.57 404.4 564.69 404.52 564.93 c 404.64 565.05 404.76 565.29 404.88 565.77 c 405 565.89 405.12 565.89 405.12 566.01 c 405.24 566.01 405.24 566.01 405.36 566.01 c 405.48 566.01 405.6 566.01 405.72 565.89 c 405.72 565.77 405.6 565.65 405.48 565.41 c 405.48 565.29 405.36 565.17 405.36 564.93 c 405.24 564.81 405.24 564.69 405.12 564.69 c 405.36 564.57 405.6 564.45 405.84 564.45 c 406.08 564.33 406.32 564.33 406.56 564.33 c 406.56 564.33 406.68 564.33 406.68 564.21 c 406.68 563.37 l 406.68 563.25 406.56 563.25 406.56 563.25 c 405.84 563.25 405.24 563.49 404.76 563.97 c 404.64 563.73 l 404.52 563.61 404.4 563.61 404.16 563.49 c 403.92 563.49 403.68 563.37 403.32 563.37 c 402.96 563.25 402.6 563.25 402.36 563.25 c h 405.36 561.09 m 405 561.33 404.76 561.57 404.64 561.81 c 404.76 561.93 405 562.29 405.36 562.53 c 405.36 562.53 405.48 562.53 405.6 562.41 c 405.72 562.29 405.84 562.05 406.08 561.93 c 405.96 561.81 405.84 561.69 405.72 561.57 c 405.6 561.33 405.48 561.21 405.36 561.09 c h 403.68 560.97 m 403.56 561.09 403.32 561.21 403.2 561.33 c 403.08 561.45 402.96 561.57 402.96 561.57 c 403.08 561.69 403.2 561.81 403.32 561.93 c 403.44 562.17 403.56 562.29 403.68 562.41 c 403.68 562.41 403.8 562.29 403.92 562.17 c 404.04 562.05 404.16 561.93 404.4 561.69 c 404.28 561.57 404.28 561.45 404.16 561.33 c 404.04 561.21 403.8 561.09 403.68 560.97 c h f 
409.08 563.25 m 408.84 563.25 408.6 563.25 408.36 563.37 c 408.12 563.37 407.88 563.49 407.64 563.61 c 407.52 563.49 407.4 563.37 407.16 563.37 c 406.92 563.25 406.68 563.25 406.44 563.25 c 406.32 563.25 406.32 563.25 406.32 563.37 c 406.32 564.21 l 406.32 564.33 406.32 564.33 406.44 564.33 c 406.68 564.33 406.92 564.33 407.04 564.33 c 407.16 564.45 407.4 564.45 407.52 564.57 c 407.52 564.69 407.64 564.69 407.64 564.81 c 407.76 564.81 407.76 564.93 407.76 565.05 c 407.88 565.17 408 565.29 408.12 565.41 c 408.12 565.53 408.12 565.53 408.24 565.53 c 408.24 565.65 408.36 565.65 408.48 565.65 c 408.6 565.65 408.72 565.65 408.72 565.53 c 408.6 565.29 408.6 565.05 408.48 564.81 c 408.36 564.57 408.36 564.45 408.24 564.33 c 408.36 564.33 408.48 564.33 408.6 564.33 c 408.84 564.33 408.96 564.21 409.2 564.21 c 409.32 564.21 409.44 564.33 409.56 564.33 c 409.8 564.33 409.92 564.33 410.04 564.45 c 410.04 564.45 410.16 564.57 410.16 564.81 c 410.28 564.93 410.28 565.17 410.4 565.41 c 410.52 565.53 410.52 565.77 410.64 565.89 c 410.64 566.13 410.76 566.13 410.76 566.25 c 410.88 566.25 411 566.25 411.12 566.25 c 411.24 566.25 411.36 566.25 411.36 566.25 c 411.36 566.01 411.24 565.89 411.24 565.65 c 411.12 565.29 411 565.05 410.88 564.69 c 411.12 564.57 411.36 564.57 411.6 564.45 c 411.84 564.45 412.08 564.33 412.32 564.33 c 412.44 564.33 412.68 564.33 413.04 564.21 c 412.92 564.45 412.92 564.57 412.8 564.81 c 412.68 565.05 412.56 565.17 412.56 565.41 c 412.44 565.65 412.44 565.77 412.32 565.89 c 412.32 566.13 412.32 566.25 412.32 566.25 c 412.32 566.49 412.32 566.61 412.56 566.85 c 412.68 566.97 412.92 567.21 413.16 567.33 c 413.16 566.97 413.28 566.61 413.28 566.25 c 413.4 566.01 413.4 565.65 413.52 565.41 c 413.52 565.17 413.52 564.93 413.52 564.69 c 413.52 564.57 413.52 564.45 413.52 564.33 c 413.52 564.09 413.4 563.97 413.28 563.73 c 413.28 563.49 413.16 563.37 413.16 563.25 c 412.68 563.25 412.2 563.25 411.84 563.37 c 411.36 563.49 411 563.61 410.52 563.73 c 410.52 563.73 410.52 563.61 410.52 563.49 c 410.4 563.49 410.28 563.37 410.16 563.37 c 410.04 563.37 409.8 563.25 409.68 563.25 c 409.44 563.25 409.2 563.25 409.08 563.25 c h f 
422.04 563.25 m 421.56 563.25 421.2 563.37 420.96 563.49 c 420.6 563.73 420.48 563.97 420.48 564.21 c 420.36 564.57 l 419.88 563.73 l 419.64 563.73 419.52 563.73 419.4 563.73 c 419.16 563.73 419.04 563.73 418.92 563.85 c 418.8 563.85 418.68 563.85 418.56 563.97 c 418.44 563.97 418.32 564.09 418.08 564.21 c 417.96 564.21 417.84 564.33 417.72 564.45 c 417.6 564.57 417.48 564.69 417.48 564.81 c 417.48 564.81 417.48 564.93 417.6 565.05 c 417.6 565.29 417.72 565.41 417.72 565.53 c 417.84 565.77 417.84 565.89 417.96 565.89 c 417.96 566.01 418.08 566.13 418.2 566.37 c 418.44 566.49 418.68 566.73 419.04 566.85 c 419.28 567.09 419.52 567.21 419.88 567.33 c 419.76 567.69 l 419.88 567.81 420 567.93 420.12 568.05 c 420.24 568.05 420.36 568.17 420.48 568.17 c 420.6 568.29 420.72 568.29 420.72 568.41 c 420.72 567.81 420.84 567.09 420.84 566.49 c 420.84 565.89 420.84 565.29 420.84 564.57 c 421.2 564.45 421.56 564.33 422.04 564.33 c 422.16 564.33 422.16 564.33 422.16 564.21 c 422.16 563.37 l 422.16 563.25 422.16 563.25 422.04 563.25 c h 420.24 564.81 m 420.24 565.05 420.24 565.29 420.12 565.65 c 420.12 565.89 420 566.25 420 566.49 c 419.16 566.25 418.56 565.89 418.08 565.41 c 418.32 565.17 418.56 565.05 418.8 565.05 c 419.04 564.93 419.28 564.81 419.52 564.81 c 419.64 564.81 419.76 564.81 419.88 564.81 c 420 564.81 420.12 564.81 420.24 564.81 c h f 
421.92 563.25 m 421.92 563.25 421.92 563.25 421.92 563.37 c 421.92 564.21 l 421.92 564.33 421.92 564.33 421.92 564.33 c 422.28 564.33 422.64 564.33 423 564.45 c 423.48 564.45 423.72 564.57 423.96 564.69 c 423.96 564.93 423.84 565.05 423.72 565.29 c 423.72 565.53 423.6 565.77 423.48 565.89 c 423.48 566.13 423.36 566.25 423.36 566.37 c 423.36 566.49 423.24 566.61 423.24 566.61 c 423.24 566.85 423.36 567.09 423.48 567.21 c 423.72 567.45 423.84 567.57 424.08 567.69 c 424.2 567.57 424.2 567.33 424.2 567.09 c 424.32 566.85 424.32 566.61 424.44 566.25 c 424.44 566.01 424.56 565.77 424.56 565.65 c 424.56 565.41 424.56 565.29 424.56 565.17 c 424.56 565.05 424.56 564.81 424.44 564.57 c 424.44 564.33 424.32 564.09 424.2 563.85 c 423.48 563.49 422.76 563.25 421.92 563.25 c h 423.6 568.53 m 423.24 568.77 422.88 569.01 422.64 569.25 c 422.88 569.49 423 569.61 423.12 569.73 c 423.36 569.85 423.48 569.97 423.48 570.09 c 423.6 569.97 423.72 569.85 423.84 569.73 c 423.96 569.61 424.2 569.49 424.32 569.37 c 424.2 569.25 424.08 569.13 423.96 568.89 c 423.84 568.77 423.72 568.65 423.6 568.53 c h f 
426.36 563.25 m 426.36 563.97 426.36 564.69 426.36 565.29 c 426.24 565.89 426.24 566.49 426.24 566.97 c 426.24 567.57 426.12 568.05 426.12 568.53 c 426.12 569.01 426 569.49 426 569.97 c 426 570.21 426 570.33 426.12 570.57 c 426.12 570.69 426.24 570.81 426.36 570.81 c 426.48 570.93 426.72 570.93 426.96 571.05 c 426.96 570.81 426.96 570.57 427.08 570.33 c 427.2 570.09 427.2 569.85 427.32 569.61 c 426.96 569.37 l 427.08 568.77 427.08 568.29 427.08 567.69 c 427.08 567.09 427.08 566.37 427.08 565.77 c 427.08 565.05 426.96 564.21 426.96 563.37 c 426.36 563.25 l h 425.76 571.41 m 425.76 571.77 l 426.24 572.13 l 425.88 572.13 425.76 572.25 425.76 572.49 c 425.76 572.73 425.88 572.85 425.88 572.97 c 426 573.09 426.12 573.21 426.24 573.33 c 426.36 573.45 426.48 573.45 426.6 573.45 c 426.96 573.45 427.08 573.33 427.08 572.97 c 427.08 572.85 427.08 572.73 426.96 572.73 c 426.84 572.73 l 426.84 572.73 l 426.84 572.85 426.72 572.85 426.72 572.85 c 426.72 572.97 426.72 572.97 426.6 572.97 c 426.6 572.97 426.48 572.85 426.36 572.85 c 426.24 572.73 426.24 572.61 426.12 572.49 c 426.24 572.37 426.48 572.37 426.72 572.37 c 426.84 572.37 426.84 572.37 426.96 572.37 c 427.08 572.37 427.08 572.37 427.2 572.37 c 427.2 571.89 l 426.96 571.89 426.6 571.77 426.48 571.65 c 426.24 571.65 426 571.53 425.76 571.41 c h f 
432.36 563.25 m 431.4 563.25 430.92 563.49 430.92 563.97 c 430.92 564.21 430.92 564.33 431.04 564.45 c 431.04 564.57 431.16 564.69 431.16 564.69 c 431.4 564.57 431.64 564.45 431.88 564.33 c 432.12 564.33 432.36 564.21 432.72 564.21 c 432.96 564.21 433.2 564.33 433.56 564.33 c 433.8 564.33 434.04 564.45 434.28 564.45 c 434.04 564.81 433.92 565.17 433.8 565.53 c 433.56 565.89 433.44 566.25 433.44 566.49 c 433.32 566.73 433.32 566.97 433.32 567.09 c 433.32 567.33 433.32 567.57 433.44 567.69 c 433.56 567.81 433.68 567.93 433.92 568.05 c 434.16 567.33 434.28 566.85 434.4 566.25 c 434.64 565.77 434.88 565.29 435 564.93 c 435.24 564.69 435.36 564.57 435.48 564.45 c 435.72 564.33 435.96 564.33 436.2 564.33 c 436.2 564.33 436.2 564.33 436.2 564.21 c 436.2 563.37 l 436.2 563.25 436.2 563.25 436.2 563.25 c 435.84 563.25 435.6 563.37 435.36 563.37 c 435.12 563.49 434.88 563.61 434.76 563.85 c 434.04 563.49 433.2 563.25 432.36 563.25 c h f 
436.08 563.25 m 435.96 563.25 435.96 563.25 435.96 563.37 c 435.96 564.21 l 435.96 564.21 435.96 564.33 436.08 564.33 c 436.2 564.33 436.44 564.33 436.56 564.33 c 436.68 564.33 436.92 564.33 437.04 564.33 c 436.8 564.57 436.68 564.93 436.68 565.17 c 436.68 565.29 436.68 565.41 436.68 565.65 c 436.68 565.77 436.68 565.89 436.8 566.13 c 436.8 566.25 436.8 566.37 436.92 566.37 c 437.04 566.61 437.16 566.85 437.4 567.09 c 437.52 567.21 437.76 567.33 438 567.45 c 438.24 567.57 438.48 567.69 438.72 567.69 c 438.96 567.69 439.08 567.57 439.32 567.33 c 439.44 567.09 439.68 566.85 439.8 566.49 c 439.92 566.13 439.92 565.89 439.92 565.53 c 439.92 565.05 439.8 564.69 439.56 564.33 c 439.68 564.33 439.8 564.33 440.04 564.33 c 440.28 564.33 440.4 564.33 440.64 564.33 c 440.76 564.33 440.76 564.33 440.76 564.21 c 440.76 563.37 l 440.76 563.25 440.76 563.25 440.64 563.25 c 439.8 563.25 438.96 563.37 438.36 563.61 c 438 563.49 437.64 563.37 437.28 563.37 c 436.92 563.25 436.56 563.25 436.08 563.25 c h 438.24 564.45 m 438.72 564.69 439.08 564.93 439.44 565.17 c 439.44 565.41 439.32 565.53 439.2 565.77 c 439.08 566.01 438.96 566.13 438.84 566.37 c 438.84 566.49 438.72 566.49 438.6 566.49 c 438.48 566.49 438.36 566.49 438.12 566.37 c 438 566.25 437.76 566.13 437.64 565.89 c 437.4 565.77 437.28 565.53 437.16 565.29 c 437.28 565.05 437.52 564.93 437.64 564.81 c 437.88 564.69 438.12 564.57 438.24 564.45 c h 439.32 568.41 m 439.08 568.53 438.96 568.65 438.84 568.77 c 438.72 568.89 438.6 569.01 438.48 569.13 c 438.6 569.13 438.72 569.25 438.84 569.37 c 438.96 569.49 439.08 569.73 439.32 569.85 c 439.32 569.85 439.44 569.73 439.56 569.61 c 439.68 569.49 439.8 569.37 440.04 569.13 c 439.8 568.89 439.56 568.65 439.32 568.41 c h 437.64 568.17 m 437.52 568.29 437.28 568.41 437.16 568.53 c 437.04 568.65 436.92 568.77 436.92 568.89 c 436.92 569.01 437.04 569.13 437.16 569.25 c 437.28 569.37 437.52 569.49 437.64 569.73 c 437.64 569.61 437.76 569.61 437.88 569.49 c 438 569.37 438.12 569.13 438.36 569.01 c 438.24 568.89 438.12 568.77 438 568.65 c 437.88 568.53 437.76 568.41 437.64 568.17 c h f 
440.64 563.25 m 440.52 563.25 440.52 563.25 440.52 563.37 c 440.52 564.21 l 440.52 564.33 440.52 564.33 440.64 564.33 c 441 564.33 441.36 564.33 441.72 564.33 c 442.08 564.33 442.32 564.45 442.44 564.57 c 442.56 564.57 442.68 564.69 442.8 564.93 c 442.92 565.05 443.04 565.29 443.16 565.77 c 443.28 565.89 443.4 565.89 443.4 566.01 c 443.52 566.01 443.52 566.01 443.64 566.01 c 443.76 566.01 443.88 566.01 444 565.89 c 444 565.77 443.88 565.65 443.88 565.41 c 443.76 565.29 443.64 565.17 443.64 564.93 c 443.52 564.81 443.52 564.69 443.52 564.69 c 443.76 564.57 443.88 564.45 444.12 564.45 c 444.36 564.33 444.6 564.33 444.84 564.33 c 444.84 564.33 444.96 564.33 444.96 564.21 c 444.96 563.37 l 444.96 563.25 444.84 563.25 444.84 563.25 c 444.12 563.25 443.52 563.49 443.04 563.97 c 442.92 563.73 l 442.8 563.61 442.68 563.61 442.44 563.49 c 442.2 563.49 441.96 563.37 441.6 563.37 c 441.24 563.25 441 563.25 440.64 563.25 c h 443.64 566.97 m 443.52 567.21 443.4 567.33 443.28 567.45 c 443.04 567.57 443.04 567.69 442.92 567.69 c 442.92 567.81 443.04 567.93 443.16 568.05 c 443.28 568.17 443.52 568.29 443.64 568.53 c 443.64 568.53 443.76 568.41 443.88 568.29 c 444 568.17 444.12 568.05 444.36 567.81 c 444.24 567.57 444 567.33 443.64 566.97 c h 441.96 566.85 m 441.84 566.97 441.72 567.09 441.6 567.21 c 441.36 567.33 441.36 567.45 441.24 567.57 c 441.36 567.69 441.48 567.81 441.6 567.93 c 441.72 568.05 441.84 568.17 441.96 568.41 c 442.08 568.29 442.08 568.17 442.2 568.05 c 442.32 567.93 442.56 567.81 442.68 567.69 c 442.56 567.57 442.56 567.45 442.44 567.33 c 442.32 567.21 442.2 566.97 441.96 566.85 c h f 
444.72 563.25 m 444.72 563.25 444.6 563.25 444.6 563.37 c 444.6 564.21 l 444.6 564.21 444.72 564.33 444.72 564.33 c 445.2 564.33 445.56 564.33 445.8 564.33 c 446.16 564.33 446.52 564.45 446.76 564.57 c 446.52 564.81 l 446.4 565.05 446.28 565.17 446.16 565.29 c 446.04 565.41 445.92 565.53 445.92 565.65 c 445.8 565.65 445.8 565.77 445.68 565.77 c 445.68 565.89 445.56 565.89 445.56 566.01 c 445.32 565.89 l 445.2 566.01 445.08 566.25 445.08 566.37 c 445.08 566.61 445.08 566.73 445.2 566.85 c 445.32 567.09 445.56 567.21 445.68 567.21 c 445.92 567.33 446.16 567.45 446.4 567.57 c 446.64 567.69 447 567.69 447.36 567.69 c 447.72 567.69 448.08 567.69 448.32 567.57 c 448.56 567.33 448.8 567.21 448.92 566.97 c 449.04 566.73 449.16 566.49 449.16 566.25 c 449.16 565.89 449.04 565.53 448.92 565.29 c 448.68 564.93 448.44 564.69 448.2 564.45 c 448.32 564.45 448.56 564.33 448.8 564.33 c 449.04 564.33 449.4 564.33 449.64 564.33 c 449.76 564.33 449.76 564.21 449.76 564.21 c 449.76 563.37 l 449.76 563.25 449.76 563.25 449.64 563.25 c 449.16 563.25 448.68 563.37 448.32 563.37 c 447.96 563.49 447.6 563.73 447.36 563.97 c 446.88 563.73 446.52 563.49 446.04 563.37 c 445.68 563.37 445.2 563.25 444.72 563.25 c h 447.48 564.93 m 447.72 565.05 447.96 565.17 448.08 565.41 c 448.2 565.65 448.2 565.77 448.2 566.01 c 448.2 566.13 448.2 566.37 448.08 566.49 c 447.84 566.61 447.72 566.61 447.48 566.61 c 447.24 566.61 447 566.61 446.76 566.61 c 446.52 566.49 446.4 566.49 446.16 566.37 c 446.28 566.25 446.4 566.13 446.52 565.89 c 446.76 565.77 447 565.53 447.24 565.17 c 447.24 565.17 447.24 565.05 447.36 565.05 c 447.36 565.05 447.48 564.93 447.48 564.93 c h f 
449.64 563.25 m 449.52 563.25 449.52 563.25 449.52 563.37 c 449.52 564.21 l 449.52 564.33 449.52 564.33 449.64 564.33 c 450 564.33 450.36 564.33 450.72 564.45 c 451.08 564.45 451.44 564.57 451.68 564.69 c 451.56 564.93 451.56 565.05 451.44 565.29 c 451.32 565.53 451.32 565.77 451.2 565.89 c 451.08 566.13 451.08 566.25 450.96 566.37 c 450.96 566.49 450.96 566.61 450.96 566.61 c 450.96 566.85 451.08 567.09 451.2 567.21 c 451.32 567.45 451.56 567.57 451.8 567.69 c 451.8 567.57 451.92 567.33 451.92 567.09 c 451.92 566.85 452.04 566.61 452.04 566.25 c 452.16 566.01 452.16 565.77 452.16 565.65 c 452.28 565.41 452.28 565.29 452.28 565.17 c 452.28 565.05 452.16 564.81 452.16 564.57 c 452.04 564.33 451.92 564.09 451.8 563.85 c 451.08 563.49 450.36 563.25 449.64 563.25 c h 452.04 568.41 m 451.8 568.53 451.68 568.65 451.56 568.77 c 451.44 568.89 451.32 569.01 451.2 569.13 c 451.32 569.25 451.44 569.25 451.56 569.37 c 451.68 569.61 451.8 569.73 452.04 569.97 c 452.04 569.85 452.16 569.73 452.28 569.61 c 452.4 569.49 452.52 569.37 452.76 569.25 c 452.52 569.01 452.28 568.65 452.04 568.41 c h 450.36 568.29 m 450.24 568.41 450 568.53 449.88 568.65 c 449.76 568.77 449.64 568.89 449.64 569.01 c 449.64 569.13 449.76 569.25 449.88 569.37 c 450.12 569.49 450.24 569.61 450.36 569.73 c 450.36 569.73 450.48 569.61 450.6 569.49 c 450.72 569.37 450.84 569.25 451.08 569.01 c 450.96 568.89 450.84 568.77 450.72 568.65 c 450.6 568.53 450.48 568.41 450.36 568.29 c h f 
456.48 559.65 m 456.36 560.13 456.36 560.49 456.36 560.97 c 456.36 561.45 456.24 561.93 456.24 562.41 c 456.24 562.77 456.12 563.25 456.12 563.49 c 456.12 563.85 456.12 564.09 456.12 564.33 c 456.12 564.33 456.12 564.45 456.12 564.45 c 456.12 564.57 456.12 564.69 456.12 564.69 c 456.24 564.81 456.24 564.93 456.36 565.05 c 456.36 565.17 456.48 565.41 456.48 565.53 c 456.6 565.53 456.6 565.65 456.72 565.77 c 456.84 565.77 456.96 565.89 457.08 566.01 c 457.2 566.13 457.44 566.25 457.56 566.37 c 457.68 566.49 457.92 566.61 458.04 566.61 c 458.28 566.85 458.64 566.97 458.88 567.09 c 459.12 567.21 459.36 567.21 459.6 567.21 c 459.72 567.21 459.72 567.21 459.84 567.09 c 459.96 567.09 459.96 566.97 460.08 566.73 c 460.08 566.61 460.2 566.49 460.32 566.37 c 460.32 566.13 460.44 566.01 460.56 565.77 c 460.56 565.53 460.68 565.29 460.8 565.05 c 460.92 564.93 460.92 564.69 461.04 564.57 c 461.28 564.45 461.4 564.33 461.52 564.33 c 461.64 564.33 461.64 564.21 461.64 564.21 c 461.64 563.37 l 461.64 563.25 461.64 563.25 461.52 563.25 c 461.16 563.25 460.8 563.37 460.56 563.73 c 460.44 563.25 l 459.84 563.25 459.36 563.25 458.88 563.37 c 458.4 563.49 458.04 563.73 457.8 563.85 c 457.56 564.09 457.44 564.33 457.44 564.57 c 457.44 564.81 457.44 565.17 457.56 565.41 c 457.44 565.29 457.32 565.17 457.08 565.05 c 456.96 564.93 456.84 564.81 456.6 564.69 c 456.72 564.33 456.72 563.97 456.84 563.49 c 456.84 563.13 456.96 562.53 457.08 561.93 c 457.08 561.69 457.2 561.33 457.2 561.09 c 457.2 560.73 457.32 560.49 457.32 560.25 c 457.2 560.13 457.08 560.01 456.84 559.89 c 456.72 559.89 456.6 559.77 456.48 559.65 c h 460.2 564.21 m 460.08 564.45 459.96 564.81 459.84 565.17 c 459.72 565.53 459.6 565.89 459.6 566.25 c 459.36 566.13 459.12 566.01 459 565.89 c 458.76 565.77 458.52 565.65 458.4 565.41 c 458.28 565.29 458.16 565.05 458.04 564.93 c 458.52 564.57 459.24 564.33 460.2 564.21 c h f 
464.04 563.25 m 463.92 563.25 463.68 563.25 463.44 563.37 c 463.08 563.37 462.96 563.49 462.72 563.61 c 462.6 563.49 462.48 563.37 462.24 563.37 c 462 563.25 461.76 563.25 461.52 563.25 c 461.4 563.25 461.4 563.25 461.4 563.37 c 461.4 564.21 l 461.4 564.33 461.4 564.33 461.52 564.33 c 461.76 564.33 462 564.33 462.12 564.33 c 462.24 564.45 462.36 564.45 462.48 564.57 c 462.6 564.69 462.72 564.69 462.72 564.81 c 462.72 564.81 462.84 564.93 462.84 565.05 c 462.96 565.17 462.96 565.29 463.08 565.41 c 463.2 565.53 463.2 565.53 463.32 565.53 c 463.32 565.65 463.44 565.65 463.56 565.65 c 463.56 565.65 463.68 565.65 463.8 565.53 c 463.68 565.29 463.56 565.05 463.56 564.81 c 463.44 564.57 463.32 564.45 463.32 564.33 c 463.44 564.33 463.56 564.33 463.68 564.33 c 463.8 564.33 464.04 564.21 464.16 564.21 c 464.4 564.21 464.52 564.33 464.64 564.33 c 464.76 564.33 465 564.33 465.12 564.45 c 465.12 564.45 465.24 564.57 465.24 564.81 c 465.36 564.93 465.36 565.17 465.48 565.41 c 465.48 565.53 465.6 565.77 465.72 565.89 c 465.72 566.13 465.72 566.13 465.84 566.25 c 465.96 566.25 466.08 566.25 466.2 566.25 c 466.32 566.25 466.44 566.25 466.44 566.25 c 466.44 566.01 466.32 565.89 466.2 565.65 c 466.2 565.29 466.08 565.05 465.96 564.69 c 466.2 564.57 466.44 564.57 466.68 564.45 c 466.92 564.45 467.04 564.33 467.28 564.33 c 467.52 564.33 467.76 564.33 468 564.21 c 468 564.45 467.88 564.57 467.88 564.81 c 467.76 565.05 467.64 565.17 467.64 565.41 c 467.52 565.65 467.4 565.77 467.4 565.89 c 467.4 566.13 467.28 566.25 467.28 566.25 c 467.28 566.49 467.4 566.61 467.52 566.85 c 467.76 566.97 467.88 567.21 468.12 567.33 c 468.24 566.97 468.24 566.61 468.36 566.25 c 468.48 566.01 468.48 565.65 468.6 565.41 c 468.6 565.17 468.6 564.93 468.6 564.69 c 468.6 564.57 468.6 564.45 468.6 564.33 c 468.48 564.09 468.48 563.97 468.36 563.73 c 468.36 563.49 468.24 563.37 468.12 563.25 c 467.64 563.25 467.28 563.25 466.8 563.37 c 466.44 563.49 466.08 563.61 465.6 563.73 c 465.6 563.73 465.6 563.61 465.48 563.49 c 465.48 563.49 465.36 563.37 465.24 563.37 c 465.12 563.37 464.88 563.25 464.64 563.25 c 464.52 563.25 464.28 563.25 464.04 563.25 c h f 
470.4 560.97 m 470.4 560.97 470.16 560.97 470.04 560.97 c 469.8 561.09 469.68 561.21 469.44 561.33 c 469.32 561.45 469.08 561.57 468.96 561.69 c 469.08 562.05 l 469.32 562.05 469.44 562.05 469.68 561.93 c 469.92 561.93 470.04 561.93 470.16 561.93 c 470.76 561.93 471.24 562.05 471.72 562.41 c 472.08 562.77 472.32 563.25 472.56 563.85 c 472.56 563.97 472.44 564.09 472.44 564.21 c 472.32 564.33 472.32 564.45 472.2 564.57 c 471.96 564.93 471.84 565.29 471.72 565.53 c 471.6 565.77 471.48 566.01 471.48 566.13 c 471.48 566.37 471.48 566.49 471.6 566.61 c 471.6 566.73 471.72 566.85 471.84 566.97 c 471.84 566.97 471.96 566.97 471.96 566.97 c 472.08 566.97 472.2 566.85 472.32 566.85 c 472.44 566.61 472.56 566.37 472.56 566.13 c 472.68 566.01 472.68 565.77 472.8 565.65 c 472.8 565.41 472.92 565.17 472.92 564.93 c 473.04 564.81 473.04 564.69 473.04 564.57 c 473.28 564.33 473.64 564.33 473.88 564.33 c 474 564.33 474 564.33 474 564.21 c 474 563.37 l 474 563.25 474 563.25 473.88 563.25 c 473.64 563.25 473.28 563.37 473.04 563.49 c 472.92 563.01 472.8 562.53 472.56 562.17 c 472.32 561.81 471.96 561.45 471.6 561.21 c 471.24 560.97 470.88 560.97 470.4 560.97 c h f 
473.76 563.25 m 473.76 563.25 473.76 563.25 473.76 563.37 c 473.76 564.21 l 473.76 564.33 473.76 564.33 473.76 564.33 c 474.24 564.33 474.6 564.45 475.08 564.57 c 475.08 564.93 474.96 565.17 474.96 565.41 c 474.96 565.65 474.96 565.89 474.96 566.13 c 474.84 566.73 474.84 567.33 474.72 568.05 c 474.6 568.77 474.48 569.49 474.36 570.33 c 474.48 570.45 474.72 570.57 474.84 570.69 c 474.96 570.81 475.2 570.93 475.32 571.05 c 475.32 570.57 475.44 569.97 475.44 569.49 c 475.44 568.89 475.44 568.29 475.56 567.69 c 475.56 567.21 475.56 566.61 475.56 566.25 c 475.56 565.77 475.56 565.29 475.56 564.93 c 475.56 564.69 475.56 564.57 475.44 564.33 c 475.44 564.09 475.32 563.85 475.2 563.61 c 475.08 563.49 474.96 563.49 474.72 563.37 c 474.48 563.25 474.12 563.25 473.76 563.25 c h f 
479.4 563.25 m 479.04 563.25 478.8 563.37 478.56 563.37 c 478.32 563.49 478.08 563.73 477.96 563.85 c 477.84 564.09 477.72 564.21 477.72 564.57 c 477.6 564.69 477.6 564.93 477.6 565.29 c 477.6 565.53 477.48 565.89 477.48 566.25 c 477.48 566.61 477.48 566.97 477.36 567.45 c 477.36 567.81 477.36 568.29 477.24 568.77 c 477.24 569.25 477.24 569.85 477.12 570.33 c 477.24 570.45 477.48 570.57 477.6 570.69 c 477.72 570.81 477.96 570.93 478.08 571.05 c 478.2 570.45 478.2 569.85 478.2 569.25 c 478.2 568.65 478.2 568.05 478.2 567.45 c 478.2 566.85 478.32 566.13 478.32 565.41 c 478.32 564.57 l 478.44 564.45 478.68 564.45 478.8 564.33 c 479.04 564.33 479.16 564.33 479.4 564.33 c 479.52 564.33 479.52 564.33 479.52 564.21 c 479.52 563.37 l 479.52 563.25 479.52 563.25 479.4 563.25 c h f 
479.28 563.25 m 479.28 563.25 479.28 563.25 479.28 563.37 c 479.28 564.21 l 479.28 564.33 479.28 564.33 479.28 564.33 c 479.64 564.33 480 564.33 480.48 564.45 c 480.84 564.45 481.08 564.57 481.32 564.69 c 481.32 564.93 481.2 565.05 481.2 565.29 c 481.08 565.53 480.96 565.77 480.96 565.89 c 480.84 566.13 480.72 566.25 480.72 566.37 c 480.72 566.49 480.6 566.61 480.6 566.61 c 480.6 566.85 480.72 567.09 480.84 567.21 c 481.08 567.45 481.2 567.57 481.56 567.69 c 481.56 567.57 481.56 567.33 481.68 567.09 c 481.68 566.85 481.68 566.61 481.8 566.25 c 481.8 566.01 481.92 565.77 481.92 565.65 c 481.92 565.41 481.92 565.29 481.92 565.17 c 481.92 565.05 481.92 564.81 481.8 564.57 c 481.8 564.33 481.68 564.09 481.56 563.85 c 480.84 563.49 480.12 563.25 479.28 563.25 c h 480.96 560.73 m 480.72 560.97 480.6 561.09 480.48 561.21 c 480.36 561.33 480.24 561.45 480.12 561.57 c 480.24 561.69 480.48 561.93 480.6 562.05 c 480.72 562.17 480.84 562.29 480.96 562.41 c 481.2 562.17 481.44 561.93 481.68 561.69 c 481.68 561.57 481.56 561.45 481.44 561.21 c 481.32 561.09 481.08 560.97 480.96 560.73 c h f 
490.68 563.25 m 490.2 563.25 489.84 563.37 489.48 563.49 c 489.24 563.73 489.12 563.97 489 564.21 c 489 564.57 l 488.52 563.73 l 488.28 563.73 488.04 563.73 487.92 563.73 c 487.8 563.73 487.68 563.73 487.56 563.85 c 487.44 563.85 487.32 563.85 487.2 563.97 c 487.08 563.97 486.84 564.09 486.72 564.21 c 486.6 564.21 486.36 564.33 486.24 564.45 c 486.12 564.57 486.12 564.69 486.12 564.81 c 486.12 564.81 486.12 564.93 486.12 565.05 c 486.24 565.29 486.24 565.41 486.36 565.53 c 486.36 565.77 486.48 565.89 486.48 565.89 c 486.6 566.01 486.72 566.13 486.84 566.37 c 487.08 566.49 487.32 566.73 487.56 566.85 c 487.92 567.09 488.16 567.21 488.52 567.33 c 488.4 567.69 l 488.52 567.81 488.64 567.93 488.76 568.05 c 488.88 568.05 489 568.17 489.12 568.17 c 489.12 568.29 489.24 568.29 489.36 568.41 c 489.36 567.81 489.36 567.09 489.36 566.49 c 489.48 565.89 489.48 565.29 489.48 564.57 c 489.84 564.45 490.2 564.33 490.68 564.33 c 490.68 564.33 490.8 564.33 490.8 564.21 c 490.8 563.37 l 490.8 563.25 490.68 563.25 490.68 563.25 c h 488.88 564.81 m 488.88 565.05 488.76 565.29 488.76 565.65 c 488.76 565.89 488.64 566.25 488.64 566.49 c 487.8 566.25 487.08 565.89 486.72 565.41 c 486.96 565.17 487.2 565.05 487.44 565.05 c 487.68 564.93 487.92 564.81 488.16 564.81 c 488.28 564.81 488.4 564.81 488.52 564.81 c 488.64 564.81 488.76 564.81 488.88 564.81 c h 488.76 568.77 m 488.64 568.89 488.52 569.01 488.4 569.13 c 488.16 569.25 488.16 569.37 488.04 569.49 c 488.04 569.61 488.16 569.73 488.28 569.85 c 488.4 569.97 488.64 570.09 488.76 570.33 c 488.76 570.21 488.88 570.21 489 570.09 c 489.12 569.97 489.24 569.73 489.48 569.61 c 489.36 569.37 489.12 569.13 488.76 568.77 c h 487.08 568.65 m 486.96 568.77 486.84 568.89 486.72 569.01 c 486.48 569.13 486.48 569.25 486.36 569.37 c 486.48 569.49 486.6 569.61 486.72 569.73 c 486.84 569.85 486.96 569.97 487.08 570.09 c 487.2 570.09 487.2 569.97 487.32 569.85 c 487.44 569.73 487.68 569.61 487.8 569.37 c 487.68 569.25 487.68 569.13 487.56 569.01 c 487.44 568.89 487.32 568.77 487.08 568.65 c h f 
490.56 563.25 m 490.44 563.25 490.44 563.25 490.44 563.37 c 490.44 564.21 l 490.44 564.33 490.44 564.33 490.56 564.33 c 491.16 564.33 491.76 564.33 492.24 564.45 c 492.72 564.45 493.2 564.57 493.56 564.69 c 493.92 564.81 494.16 564.93 494.28 564.93 c 494.52 565.05 494.64 565.05 494.88 565.17 c 494.64 565.17 494.52 565.29 494.4 565.41 c 494.28 565.41 494.16 565.53 494.04 565.65 c 493.8 565.77 493.56 566.01 493.32 566.01 c 493.2 566.13 492.96 566.13 492.72 566.13 c 492.48 566.13 492.36 566.13 492.12 566.13 c 492 566.01 491.76 565.89 491.52 565.77 c 491.4 565.77 491.4 565.89 491.28 566.01 c 491.28 566.01 491.28 566.13 491.28 566.25 c 491.28 566.61 491.4 566.85 491.64 566.97 c 491.88 567.21 492.24 567.33 492.72 567.33 c 492.96 567.33 493.2 567.21 493.44 567.09 c 493.68 567.09 493.92 566.85 494.28 566.61 c 494.64 566.37 495 566.25 495.24 566.13 c 495.6 565.89 495.84 565.77 496.2 565.77 c 496.32 565.65 496.56 565.65 496.8 565.65 c 496.92 565.65 497.28 565.65 497.52 565.65 c 497.04 564.69 l 497.04 564.69 496.92 564.69 496.8 564.69 c 496.68 564.81 496.56 564.81 496.44 564.81 c 496.32 564.81 496.2 564.81 496.2 564.81 c 496.2 564.69 496.32 564.57 496.44 564.57 c 496.56 564.45 496.68 564.45 496.8 564.33 c 496.92 564.33 497.16 564.33 497.4 564.33 c 497.64 564.33 497.88 564.33 498.24 564.33 c 498.36 564.33 498.36 564.33 498.36 564.21 c 498.36 563.37 l 498.36 563.25 498.36 563.25 498.24 563.25 c 497.88 563.25 497.64 563.25 497.28 563.37 c 497.04 563.37 496.8 563.37 496.56 563.49 c 496.32 563.49 496.2 563.61 496.08 563.73 c 495.96 563.85 495.84 563.97 495.72 564.09 c 495.6 564.33 495.48 564.45 495.48 564.69 c 495.36 564.69 495.12 564.57 495 564.57 c 494.88 564.45 494.76 564.33 494.64 564.33 c 494.52 564.21 494.4 564.09 494.16 563.97 c 493.92 563.85 493.68 563.73 493.44 563.61 c 493.08 563.49 492.84 563.49 492.6 563.37 c 492.36 563.37 492 563.37 491.76 563.25 c 491.4 563.25 491.04 563.25 490.56 563.25 c h f 
502.8 563.25 m 502.44 563.25 501.96 563.25 501.6 563.25 c 501.24 563.37 500.88 563.37 500.52 563.49 c 500.16 563.61 499.92 563.73 499.68 563.85 c 499.56 563.85 499.56 563.85 499.56 563.73 c 499.56 563.73 499.44 563.73 499.44 563.61 c 499.32 563.49 499.08 563.37 498.96 563.37 c 498.72 563.25 498.48 563.25 498.12 563.25 c 498.12 563.25 498.12 563.25 498.12 563.37 c 498.12 564.21 l 498.12 564.33 498.12 564.33 498.12 564.33 c 498.36 564.33 498.6 564.33 498.84 564.33 c 498.96 564.45 499.08 564.45 499.2 564.69 c 499.32 564.81 499.44 564.93 499.56 565.17 c 499.68 565.29 499.68 565.29 499.68 565.41 c 499.68 565.41 499.8 565.41 499.8 565.53 c 499.92 565.65 500.04 565.77 500.16 565.77 c 500.28 565.77 500.4 565.77 500.52 565.65 c 500.4 565.41 500.4 565.29 500.28 565.17 c 500.28 564.93 500.16 564.81 500.16 564.81 c 500.28 564.69 500.28 564.69 500.4 564.69 c 500.52 564.57 500.52 564.57 500.64 564.57 c 501.36 565.53 502.08 566.25 502.68 566.73 c 503.28 567.21 503.88 567.57 504.36 567.57 c 504.6 567.57 504.72 567.45 504.96 567.33 c 505.2 567.33 505.32 567.21 505.56 566.97 c 505.8 566.85 505.92 566.73 506.16 566.49 c 506.4 566.13 506.52 565.89 506.52 565.77 c 506.52 565.29 506.4 564.81 506.04 564.45 c 505.8 564.09 505.32 563.73 504.72 563.61 c 504.12 563.37 503.4 563.25 502.8 563.25 c h 502.92 564.21 m 503.4 564.21 503.88 564.33 504.36 564.45 c 504.84 564.57 505.44 564.81 505.92 565.17 c 505.68 565.53 505.44 565.89 505.08 566.13 c 504.72 566.25 504.36 566.37 504.12 566.37 c 503.76 566.37 503.28 566.25 502.8 565.89 c 502.32 565.53 501.84 565.05 501.24 564.45 c 501.6 564.33 501.84 564.33 502.08 564.33 c 502.32 564.21 502.56 564.21 502.92 564.21 c h 502.68 568.53 m 502.44 568.77 502.08 569.01 501.84 569.25 c 502.08 569.49 502.2 569.61 502.32 569.73 c 502.56 569.97 502.68 570.09 502.68 570.09 c 502.8 569.97 502.92 569.85 503.04 569.73 c 503.16 569.61 503.4 569.49 503.52 569.37 c 503.4 569.25 503.28 569.13 503.16 569.01 c 503.04 568.77 502.92 568.65 502.68 568.53 c h f 
509.4 560.97 m 509.28 560.97 509.16 560.97 508.92 561.09 c 508.68 561.09 508.44 561.21 508.2 561.33 c 508.08 561.45 507.84 561.57 507.72 561.69 c 507.84 562.17 l 508.08 562.05 508.32 562.05 508.56 561.93 c 508.68 561.93 508.92 561.93 509.16 561.93 c 509.64 561.93 510.12 562.05 510.48 562.29 c 510.84 562.53 511.2 562.89 511.44 563.25 c 511.08 563.25 510.72 563.37 510.48 563.37 c 510.24 563.37 510 563.37 509.76 563.49 c 509.4 563.61 509.16 563.73 508.92 563.97 c 508.8 564.21 508.68 564.45 508.68 564.93 c 508.68 565.29 508.68 565.65 508.92 566.13 c 509.04 566.49 509.28 566.85 509.52 567.09 c 509.76 567.33 510 567.45 510.24 567.45 c 510.6 567.45 510.84 567.21 511.2 566.97 c 511.44 566.73 511.68 566.25 511.8 565.77 c 511.92 565.53 512.04 565.29 512.04 565.05 c 512.04 564.81 512.16 564.57 512.16 564.33 c 512.76 564.33 l 512.88 564.33 512.88 564.33 512.88 564.21 c 512.88 563.37 l 512.88 563.25 512.88 563.25 512.76 563.25 c 512.04 563.25 l 511.92 562.77 511.68 562.41 511.44 562.05 c 511.2 561.69 510.84 561.33 510.48 561.21 c 510.12 560.97 509.88 560.97 509.4 560.97 c h 511.56 564.33 m 511.44 564.69 511.32 565.05 511.2 565.29 c 511.08 565.65 510.96 565.89 510.72 566.01 c 510.48 566.25 510.36 566.25 510.12 566.25 c 509.88 566.25 509.76 566.25 509.64 566.13 c 509.52 566.01 509.4 565.89 509.28 565.77 c 509.16 565.53 509.16 565.41 509.16 565.29 c 509.16 565.05 509.28 564.81 509.4 564.69 c 509.64 564.57 509.88 564.45 510.24 564.45 c 510.36 564.33 510.6 564.33 510.84 564.33 c 510.96 564.33 511.32 564.33 511.56 564.33 c h f 
516.36 563.25 m 515.88 563.25 515.52 563.25 515.16 563.37 c 514.8 563.37 514.44 563.49 514.2 563.61 c 513.84 563.49 513.6 563.37 513.36 563.37 c 513.12 563.25 512.88 563.25 512.64 563.25 c 512.64 563.25 512.64 563.25 512.64 563.37 c 512.64 564.21 l 512.64 564.33 512.64 564.33 512.64 564.33 c 512.76 564.33 512.88 564.33 513 564.33 c 513.12 564.33 513.24 564.33 513.36 564.45 c 513.36 564.45 513.36 564.45 513.36 564.57 c 513.36 564.57 513.36 564.69 513.36 564.69 c 513.36 564.93 513.36 565.17 513.48 565.41 c 513.6 565.77 513.72 566.01 513.96 566.25 c 514.08 566.49 514.32 566.73 514.56 566.85 c 514.92 567.09 515.16 567.21 515.52 567.21 c 515.64 567.21 515.76 567.21 515.76 567.09 c 515.88 566.97 516 566.85 516.12 566.61 c 516.12 566.49 516.24 566.37 516.24 566.25 c 516.36 566.13 516.36 565.89 516.48 565.77 c 516.48 565.53 516.6 565.29 516.72 565.05 c 516.84 564.81 516.96 564.69 517.08 564.57 c 517.2 564.33 517.32 564.33 517.56 564.33 c 517.56 564.33 517.68 564.21 517.68 564.21 c 517.68 563.37 l 517.68 563.25 517.56 563.25 517.56 563.25 c 517.08 563.25 516.72 563.37 516.48 563.73 c 516.36 563.25 l h 516.12 564.21 m 516 564.45 515.88 564.69 515.76 565.05 c 515.64 565.41 515.52 565.89 515.52 566.25 c 515.28 566.13 515.16 566.01 514.92 565.89 c 514.68 565.77 514.56 565.65 514.32 565.41 c 514.2 565.29 514.08 565.05 513.96 564.93 c 514.2 564.69 514.44 564.57 514.8 564.45 c 515.16 564.33 515.64 564.21 516.12 564.21 c h f 
517.44 563.25 m 517.32 563.25 517.32 563.25 517.32 563.37 c 517.32 564.21 l 517.32 564.33 517.32 564.33 517.44 564.33 c 517.8 564.33 518.28 564.45 518.64 564.57 c 518.64 564.93 518.64 565.17 518.64 565.41 c 518.64 565.65 518.52 565.89 518.52 566.13 c 518.52 566.73 518.4 567.33 518.28 568.05 c 518.28 568.77 518.16 569.49 518.04 570.33 c 518.16 570.45 518.28 570.57 518.4 570.69 c 518.64 570.81 518.76 570.93 519 571.05 c 519 570.57 519 569.97 519 569.49 c 519 568.89 519.12 568.29 519.12 567.69 c 519.12 567.21 519.12 566.61 519.24 566.25 c 519.24 565.77 519.24 565.29 519.24 564.93 c 519.24 564.69 519.12 564.57 519.12 564.33 c 519 564.09 518.88 563.85 518.76 563.61 c 518.76 563.49 518.52 563.49 518.28 563.37 c 518.04 563.25 517.8 563.25 517.44 563.25 c h f 
521.16 563.25 m 521.16 563.97 521.16 564.69 521.04 565.29 c 521.04 565.89 521.04 566.49 521.04 566.97 c 520.92 567.57 520.92 568.05 520.92 568.53 c 520.92 569.01 520.8 569.49 520.8 569.97 c 520.8 570.21 520.8 570.33 520.8 570.57 c 520.92 570.69 521.04 570.81 521.16 570.81 c 521.28 570.93 521.52 570.93 521.64 571.05 c 521.76 570.81 521.76 570.57 521.88 570.33 c 522 570.09 522 569.85 522.12 569.61 c 521.76 569.37 l 521.76 568.77 521.76 568.29 521.88 567.69 c 521.88 567.09 521.88 566.37 521.76 565.77 c 521.76 565.05 521.76 564.21 521.76 563.37 c 521.16 563.25 l h f 
368.04 543.33 m 367.56 543.33 367.2 543.45 366.84 543.57 c 366.6 543.81 366.48 543.93 366.36 544.29 c 366.36 544.53 l 365.88 543.69 l 365.64 543.81 365.52 543.81 365.28 543.81 c 365.16 543.81 365.04 543.81 364.92 543.93 c 364.8 543.93 364.68 543.93 364.56 543.93 c 364.44 544.05 364.32 544.17 364.08 544.17 c 363.96 544.29 363.72 544.41 363.6 544.53 c 363.48 544.65 363.48 544.77 363.48 544.89 c 363.48 544.89 363.48 545.01 363.48 545.13 c 363.6 545.25 363.6 545.49 363.72 545.61 c 363.72 545.73 363.84 545.85 363.84 545.97 c 363.96 546.09 364.08 546.21 364.2 546.33 c 364.44 546.57 364.68 546.81 364.92 546.93 c 365.28 547.17 365.52 547.29 365.88 547.41 c 365.76 547.77 l 365.88 547.89 366 548.01 366.12 548.01 c 366.24 548.13 366.36 548.25 366.48 548.25 c 366.48 548.37 366.6 548.37 366.72 548.49 c 366.72 547.89 366.72 547.17 366.72 546.57 c 366.84 545.97 366.84 545.25 366.84 544.65 c 367.2 544.53 367.56 544.41 368.04 544.41 c 368.04 544.41 368.16 544.29 368.16 544.29 c 368.16 543.45 l 368.16 543.33 368.04 543.33 368.04 543.33 c h 366.24 544.77 m 366.24 545.13 366.12 545.37 366.12 545.61 c 366.12 545.97 366 546.21 366 546.57 c 365.16 546.33 364.44 545.97 364.08 545.49 c 364.32 545.25 364.56 545.13 364.8 545.01 c 365.04 545.01 365.28 544.89 365.52 544.89 c 365.64 544.89 365.76 544.89 365.88 544.89 c 366 544.89 366.12 544.77 366.24 544.77 c h 366.12 548.85 m 366 548.97 365.88 549.09 365.76 549.21 c 365.64 549.33 365.52 549.45 365.4 549.57 c 365.52 549.69 365.52 549.69 365.64 549.93 c 365.76 550.05 366 550.17 366.12 550.41 c 366.24 550.29 366.24 550.17 366.36 550.05 c 366.48 549.93 366.72 549.81 366.84 549.69 c 366.72 549.45 366.48 549.09 366.12 548.85 c h 364.44 548.73 m 364.32 548.85 364.2 548.97 364.08 549.09 c 363.96 549.21 363.84 549.33 363.72 549.45 c 363.84 549.57 363.96 549.69 364.08 549.81 c 364.2 549.93 364.32 550.05 364.44 550.17 c 364.56 550.17 364.56 550.05 364.68 549.93 c 364.8 549.81 365.04 549.69 365.16 549.45 c 365.16 549.33 365.04 549.21 364.92 549.09 c 364.8 548.97 364.68 548.85 364.44 548.73 c h f 
370.56 543.33 m 370.32 543.33 370.08 543.33 369.84 543.45 c 369.6 543.45 369.36 543.57 369.12 543.69 c 369 543.57 368.88 543.45 368.64 543.45 c 368.4 543.33 368.16 543.33 367.92 543.33 c 367.8 543.33 367.8 543.33 367.8 543.45 c 367.8 544.29 l 367.8 544.29 367.8 544.41 367.92 544.41 c 368.16 544.41 368.4 544.41 368.52 544.41 c 368.64 544.53 368.88 544.53 368.88 544.65 c 369 544.65 369.12 544.77 369.12 544.89 c 369.24 544.89 369.24 545.01 369.24 545.13 c 369.36 545.13 369.48 545.37 369.48 545.49 c 369.6 545.61 369.6 545.61 369.72 545.61 c 369.72 545.73 369.84 545.73 369.96 545.73 c 370.08 545.73 370.2 545.73 370.2 545.61 c 370.08 545.37 370.08 545.01 369.96 544.89 c 369.84 544.65 369.84 544.53 369.72 544.41 c 369.84 544.41 369.96 544.41 370.08 544.41 c 370.32 544.29 370.44 544.29 370.68 544.29 c 370.8 544.29 370.92 544.29 371.04 544.41 c 371.28 544.41 371.4 544.41 371.52 544.41 c 371.52 544.53 371.64 544.65 371.64 544.77 c 371.76 545.01 371.76 545.25 371.88 545.37 c 371.88 545.61 372 545.85 372.12 545.97 c 372.12 546.09 372.24 546.21 372.24 546.33 c 372.36 546.33 372.48 546.33 372.6 546.33 c 372.72 546.33 372.84 546.33 372.84 546.33 c 372.84 546.09 372.72 545.85 372.72 545.61 c 372.6 545.37 372.48 545.13 372.36 544.77 c 372.6 544.65 372.84 544.65 373.08 544.53 c 373.32 544.41 373.56 544.41 373.8 544.41 c 373.92 544.41 374.16 544.29 374.52 544.29 c 374.4 544.53 374.4 544.65 374.28 544.89 c 374.16 545.01 374.04 545.25 374.04 545.49 c 373.92 545.61 373.92 545.85 373.8 545.97 c 373.8 546.21 373.8 546.33 373.8 546.33 c 373.8 546.57 373.8 546.69 373.92 546.93 c 374.16 547.05 374.4 547.29 374.64 547.41 c 374.64 547.05 374.76 546.69 374.76 546.33 c 374.88 545.97 374.88 545.73 375 545.49 c 375 545.25 375 545.01 375 544.77 c 375 544.65 375 544.53 375 544.41 c 374.88 544.17 374.88 544.05 374.76 543.81 c 374.76 543.57 374.64 543.45 374.64 543.33 c 374.16 543.33 373.68 543.33 373.32 543.45 c 372.84 543.45 372.48 543.69 372 543.81 c 372 543.69 372 543.69 372 543.57 c 371.88 543.57 371.76 543.45 371.64 543.45 c 371.52 543.33 371.28 543.33 371.16 543.33 c 370.92 543.33 370.68 543.33 370.56 543.33 c h 371.28 547.17 m 371.16 547.29 371.04 547.41 370.92 547.41 c 370.8 547.53 370.68 547.65 370.56 547.77 c 370.68 547.89 370.8 548.01 370.92 548.13 c 371.04 548.25 371.16 548.37 371.28 548.49 c 371.28 548.49 371.4 548.37 371.52 548.25 c 371.64 548.13 371.76 548.01 371.88 547.89 c 371.88 547.77 371.76 547.65 371.64 547.53 c 371.52 547.41 371.4 547.29 371.28 547.17 c h 372.84 547.29 m 372.72 547.41 372.6 547.53 372.48 547.65 c 372.36 547.77 372.24 547.77 372.24 547.89 c 372.24 548.01 372.36 548.13 372.48 548.25 c 372.6 548.37 372.72 548.49 372.84 548.73 c 372.96 548.61 373.08 548.49 373.2 548.37 c 373.32 548.25 373.44 548.13 373.56 548.01 c 373.44 547.89 373.32 547.77 373.32 547.65 c 373.2 547.53 373.08 547.41 372.84 547.29 c h 372.12 548.25 m 372 548.37 371.88 548.37 371.76 548.49 c 371.64 548.61 371.52 548.73 371.4 548.85 c 371.52 548.97 371.64 549.09 371.76 549.21 c 371.88 549.33 372 549.33 372 549.45 c 372.12 549.33 372.24 549.21 372.36 549.21 c 372.48 549.09 372.6 548.97 372.72 548.85 c 372.6 548.73 372.48 548.61 372.36 548.49 c 372.24 548.37 372.12 548.25 372.12 548.25 c h f 
378.84 543.33 m 378.48 543.33 378.12 543.33 377.88 543.45 c 377.64 543.57 377.4 543.69 377.28 543.93 c 377.16 544.17 377.04 544.29 377.04 544.53 c 377.04 544.77 377.04 545.01 376.92 545.25 c 376.92 545.61 376.92 545.97 376.92 546.33 c 376.8 546.69 376.8 547.05 376.8 547.53 c 376.68 547.89 376.68 548.37 376.68 548.85 c 376.56 549.33 376.56 549.81 376.56 550.41 c 376.68 550.53 376.8 550.65 376.92 550.77 c 377.16 550.89 377.28 551.01 377.52 551.13 c 377.52 550.53 377.52 549.93 377.52 549.33 c 377.52 548.73 377.52 548.13 377.64 547.53 c 377.64 546.93 377.64 546.21 377.64 545.49 c 377.64 544.65 l 377.88 544.53 378 544.53 378.24 544.41 c 378.36 544.41 378.6 544.41 378.84 544.41 c 378.84 544.41 378.84 544.29 378.84 544.29 c 378.84 543.45 l 378.84 543.33 378.84 543.33 378.84 543.33 c h f 
381.24 543.33 m 381.12 543.33 380.88 543.33 380.64 543.45 c 380.28 543.45 380.16 543.57 379.92 543.69 c 379.8 543.57 379.68 543.45 379.44 543.45 c 379.2 543.33 378.96 543.33 378.72 543.33 c 378.6 543.33 378.6 543.33 378.6 543.45 c 378.6 544.29 l 378.6 544.29 378.6 544.41 378.72 544.41 c 378.96 544.41 379.2 544.41 379.32 544.41 c 379.44 544.53 379.56 544.53 379.68 544.65 c 379.8 544.65 379.8 544.77 379.92 544.89 c 379.92 544.89 380.04 545.01 380.04 545.13 c 380.16 545.13 380.16 545.37 380.28 545.49 c 380.4 545.61 380.4 545.61 380.52 545.61 c 380.52 545.73 380.64 545.73 380.76 545.73 c 380.76 545.73 380.88 545.73 381 545.61 c 380.88 545.37 380.76 545.01 380.76 544.89 c 380.64 544.65 380.52 544.53 380.52 544.41 c 380.64 544.41 380.76 544.41 380.88 544.41 c 381 544.29 381.24 544.29 381.36 544.29 c 381.6 544.29 381.72 544.29 381.84 544.41 c 381.96 544.41 382.2 544.41 382.32 544.41 c 382.32 544.53 382.44 544.65 382.44 544.77 c 382.56 545.01 382.56 545.25 382.68 545.37 c 382.68 545.61 382.8 545.85 382.8 545.97 c 382.92 546.09 382.92 546.21 383.04 546.33 c 383.16 546.33 383.28 546.33 383.4 546.33 c 383.52 546.33 383.52 546.33 383.64 546.33 c 383.64 546.09 383.52 545.85 383.4 545.61 c 383.4 545.37 383.28 545.13 383.16 544.77 c 383.4 544.65 383.64 544.65 383.88 544.53 c 384.12 544.41 384.24 544.41 384.48 544.41 c 384.72 544.41 384.96 544.29 385.2 544.29 c 385.2 544.53 385.08 544.65 385.08 544.89 c 384.96 545.01 384.84 545.25 384.84 545.49 c 384.72 545.61 384.6 545.85 384.6 545.97 c 384.48 546.21 384.48 546.33 384.48 546.33 c 384.48 546.57 384.6 546.69 384.72 546.93 c 384.96 547.05 385.08 547.29 385.32 547.41 c 385.44 547.05 385.44 546.69 385.56 546.33 c 385.68 545.97 385.68 545.73 385.8 545.49 c 385.8 545.25 385.8 545.01 385.8 544.77 c 385.8 544.65 385.8 544.53 385.8 544.41 c 385.68 544.17 385.68 544.05 385.56 543.81 c 385.56 543.57 385.44 543.45 385.32 543.33 c 384.84 543.33 384.48 543.33 384 543.45 c 383.64 543.45 383.28 543.69 382.8 543.81 c 382.8 543.69 382.8 543.69 382.68 543.57 c 382.68 543.57 382.56 543.45 382.44 543.45 c 382.32 543.33 382.08 543.33 381.84 543.33 c 381.72 543.33 381.48 543.33 381.24 543.33 c h 382.08 547.17 m 381.84 547.29 381.72 547.41 381.6 547.41 c 381.48 547.53 381.36 547.65 381.36 547.77 c 381.48 547.89 381.48 548.01 381.6 548.13 c 381.72 548.25 381.84 548.37 382.08 548.49 c 382.08 548.49 382.2 548.37 382.32 548.25 c 382.32 548.13 382.56 548.01 382.68 547.89 c 382.56 547.77 382.56 547.65 382.44 547.53 c 382.32 547.41 382.2 547.29 382.08 547.17 c h 383.64 547.29 m 383.52 547.41 383.4 547.53 383.28 547.65 c 383.16 547.77 383.04 547.77 382.92 547.89 c 383.04 548.01 383.16 548.13 383.28 548.25 c 383.4 548.37 383.52 548.49 383.64 548.73 c 383.76 548.61 383.88 548.49 384 548.37 c 384 548.25 384.12 548.13 384.36 548.01 c 384.24 547.89 384.12 547.77 384 547.65 c 383.88 547.53 383.76 547.41 383.64 547.29 c h 382.8 548.25 m 382.68 548.37 382.56 548.37 382.44 548.49 c 382.44 548.61 382.32 548.73 382.2 548.85 c 382.32 548.97 382.44 549.09 382.56 549.21 c 382.68 549.33 382.68 549.33 382.8 549.45 c 382.92 549.33 382.92 549.21 383.04 549.21 c 383.16 549.09 383.28 548.97 383.4 548.85 c 383.28 548.73 383.16 548.61 383.16 548.49 c 383.04 548.37 382.92 548.25 382.8 548.25 c h f 
392.16 540.33 m 391.44 540.33 390.84 540.45 390.36 540.93 c 390 541.29 389.76 541.89 389.76 542.61 c 389.76 542.73 389.76 542.85 389.76 542.97 c 389.76 543.09 389.76 543.33 389.88 543.45 c 389.88 543.69 389.88 543.81 390 544.17 c 390.36 544.05 l 390.36 543.69 390.24 543.33 390.24 543.09 c 390.24 542.61 390.48 542.13 390.84 541.89 c 391.2 541.53 391.68 541.41 392.28 541.41 c 392.88 541.41 393.36 541.41 393.84 541.53 c 394.2 541.53 394.68 541.65 395.04 541.77 c 395.16 541.89 395.4 541.89 395.52 542.01 c 395.76 542.13 395.88 542.13 396 542.25 c 395.76 542.37 395.52 542.49 395.28 542.73 c 395.04 542.85 394.8 542.97 394.68 542.97 c 394.44 543.09 394.32 543.21 394.2 543.33 c 394.08 543.45 393.96 543.57 393.96 543.57 c 393.96 543.69 393.96 543.81 393.96 543.81 c 394.08 543.93 394.08 544.05 394.08 544.17 c 394.2 544.29 394.2 544.41 394.32 544.41 c 394.32 544.53 394.32 544.53 394.44 544.53 c 394.68 544.53 395.04 544.41 395.52 544.41 c 396 544.41 396.48 544.41 396.96 544.41 c 396.96 544.41 397.08 544.29 397.08 544.29 c 397.08 543.45 l 397.08 543.33 396.96 543.33 396.96 543.33 c 396.72 543.33 396.6 543.33 396.36 543.33 c 396.12 543.33 395.88 543.45 395.76 543.45 c 395.52 543.45 395.28 543.45 395.16 543.57 c 395.28 543.45 395.52 543.33 395.64 543.33 c 395.76 543.21 395.88 543.21 396 543.09 c 396.12 543.09 396.12 542.97 396.24 542.97 c 396.36 542.85 396.36 542.73 396.48 542.73 c 396.48 542.61 396.48 542.37 396.48 542.25 c 396.48 542.13 396.36 541.89 396.12 541.65 c 396 541.53 395.76 541.29 395.4 541.05 c 395.04 540.93 394.68 540.81 394.2 540.57 c 393.48 540.45 392.88 540.33 392.16 540.33 c h f 
396.84 543.33 m 396.84 543.33 396.72 543.33 396.72 543.45 c 396.72 544.29 l 396.72 544.29 396.84 544.41 396.84 544.41 c 397.08 544.41 397.32 544.41 397.44 544.41 c 397.68 544.53 397.8 544.53 398.04 544.65 c 398.04 545.13 397.92 545.73 397.8 546.33 c 397.8 547.05 397.68 547.89 397.68 548.85 c 397.56 549.09 397.56 549.33 397.56 549.57 c 397.56 549.81 397.56 550.17 397.44 550.41 c 397.68 550.53 397.8 550.65 397.92 550.77 c 398.16 550.89 398.28 551.01 398.52 551.13 c 398.52 550.77 398.52 550.29 398.52 549.81 c 398.52 549.33 398.52 548.85 398.52 548.13 c 398.52 547.53 398.52 546.93 398.52 546.21 c 398.52 545.85 398.52 545.61 398.52 545.37 c 398.52 545.13 398.52 544.89 398.52 544.65 c 398.88 544.53 399.24 544.41 399.72 544.41 c 399.84 544.41 399.84 544.29 399.84 544.29 c 399.84 543.45 l 399.84 543.33 399.84 543.33 399.72 543.33 c 399.24 543.33 398.76 543.45 398.4 543.69 c 398.16 543.57 397.92 543.45 397.68 543.45 c 397.44 543.33 397.2 543.33 396.84 543.33 c h f 
399.72 543.33 m 399.6 543.33 399.6 543.33 399.6 543.45 c 399.6 544.29 l 399.6 544.29 399.6 544.41 399.72 544.41 c 399.84 544.41 400.08 544.41 400.32 544.41 c 400.56 544.41 400.68 544.41 400.92 544.41 c 400.8 544.53 400.68 544.65 400.56 544.89 c 400.44 545.01 400.44 545.25 400.44 545.37 c 400.44 545.61 400.44 545.85 400.56 546.09 c 400.56 546.33 400.68 546.57 400.8 546.81 c 401.04 547.05 401.16 547.29 401.4 547.41 c 401.64 547.65 402 547.77 402.24 547.77 c 402.48 547.77 402.84 547.65 403.08 547.53 c 403.32 547.41 403.56 547.17 403.92 546.81 c 403.68 546.45 l 403.44 546.57 403.2 546.57 403.08 546.69 c 402.84 546.69 402.72 546.69 402.6 546.69 c 402.24 546.69 402 546.69 401.76 546.57 c 401.64 546.57 401.4 546.45 401.04 546.33 c 401.16 545.97 401.16 545.73 401.28 545.37 c 401.4 545.13 401.64 545.01 401.88 544.77 c 402.12 544.65 402.48 544.53 402.72 544.53 c 402.96 544.53 403.2 544.65 403.44 544.65 c 403.68 544.77 403.92 544.77 404.16 544.89 c 404.4 544.89 404.76 545.01 405.12 545.13 c 405.12 545.13 405.12 545.01 405.24 545.01 c 405.24 544.89 405.24 544.77 405.24 544.77 c 405.24 544.53 405.24 544.41 405.12 544.29 c 405.12 544.17 405 544.17 404.88 544.05 c 404.88 544.05 404.76 544.05 404.52 543.93 c 404.4 543.93 404.16 543.93 404.04 543.81 c 403.32 543.69 402.6 543.57 401.88 543.45 c 401.16 543.33 400.44 543.33 399.72 543.33 c h f 
410.88 540.33 m 410.28 540.33 409.8 540.45 409.44 540.93 c 409.08 541.29 408.84 541.77 408.84 542.49 c 408.84 542.73 408.84 542.85 408.84 542.97 c 408.84 543.09 408.96 543.33 408.96 543.45 c 408.96 543.69 409.08 543.81 409.08 544.05 c 409.56 543.93 l 409.44 543.69 409.44 543.33 409.44 543.09 c 409.44 542.61 409.56 542.13 409.8 541.89 c 410.04 541.53 410.4 541.41 411 541.41 c 411.36 541.41 411.72 541.41 412.08 541.53 c 412.44 541.65 412.8 541.77 413.04 542.01 c 413.4 542.25 413.64 542.49 413.76 542.73 c 413.52 543.21 413.28 543.69 413.16 544.05 c 413.04 544.41 412.92 544.65 412.92 544.89 c 412.92 545.13 413.04 545.37 413.16 545.49 c 413.28 545.73 413.52 545.85 413.88 546.09 c 413.88 545.97 413.88 545.85 413.88 545.61 c 414 545.37 414 545.01 414.12 544.65 c 414.36 544.65 l 415.08 545.61 415.8 546.33 416.4 546.81 c 417 547.29 417.6 547.53 418.08 547.53 c 418.2 547.53 418.44 547.53 418.68 547.41 c 418.8 547.29 419.04 547.17 419.28 547.05 c 419.52 546.93 419.64 546.69 419.88 546.57 c 420.12 546.21 420.24 545.97 420.24 545.73 c 420.24 545.25 420 544.89 419.76 544.53 c 419.4 544.17 419.04 543.81 418.32 543.57 c 417.72 543.45 417.12 543.33 416.4 543.33 c 416.04 543.33 415.68 543.33 415.32 543.33 c 414.96 543.45 414.6 543.45 414.24 543.57 c 414.24 543.45 414.24 543.45 414.24 543.33 c 414.24 543.33 414.24 543.21 414.24 543.09 c 414.24 542.61 414.12 542.13 413.88 541.77 c 413.52 541.29 413.16 540.93 412.56 540.69 c 412.32 540.57 412.08 540.45 411.72 540.45 c 411.48 540.33 411.24 540.33 410.88 540.33 c h 416.52 544.29 m 417.12 544.29 417.6 544.41 418.08 544.53 c 418.56 544.65 419.04 544.89 419.64 545.25 c 419.4 545.61 419.04 545.97 418.8 546.21 c 418.44 546.33 418.08 546.45 417.84 546.45 c 417.6 546.45 417.24 546.45 416.88 546.21 c 416.64 546.09 416.28 545.85 415.92 545.49 c 415.68 545.13 415.32 544.89 414.96 544.41 c 415.32 544.41 415.56 544.41 415.8 544.29 c 416.04 544.29 416.28 544.29 416.52 544.29 c h 416.52 548.61 m 416.16 548.85 415.8 549.09 415.68 549.33 c 415.8 549.57 416.04 549.69 416.16 549.81 c 416.28 549.93 416.4 550.05 416.52 550.17 c 416.64 550.05 416.64 549.93 416.88 549.81 c 417 549.69 417.12 549.57 417.24 549.45 c 417.12 549.33 417.12 549.21 416.88 548.97 c 416.76 548.85 416.64 548.73 416.52 548.61 c h f 
422.04 540.93 m 421.92 540.93 421.8 541.05 421.56 541.05 c 421.44 541.17 421.2 541.29 421.08 541.41 c 420.84 541.53 420.72 541.53 420.48 541.77 c 420.72 542.13 l 420.84 542.13 421.08 542.01 421.32 542.01 c 421.44 542.01 421.68 542.01 421.8 542.01 c 422.4 542.01 422.88 542.13 423.24 542.49 c 423.6 542.85 423.96 543.33 424.2 543.93 c 424.08 544.05 424.08 544.17 423.96 544.29 c 423.96 544.41 423.84 544.53 423.84 544.65 c 423.6 545.01 423.36 545.37 423.24 545.61 c 423.12 545.85 423.12 546.09 423 546.21 c 423 546.45 423 546.57 423.12 546.69 c 423.24 546.81 423.24 546.93 423.48 546.93 c 423.48 547.05 423.48 547.05 423.6 546.93 c 423.72 546.93 423.72 546.93 423.96 546.93 c 423.96 546.69 424.08 546.45 424.2 546.21 c 424.2 545.97 424.32 545.85 424.32 545.73 c 424.44 545.49 424.44 545.25 424.56 545.01 c 424.56 544.89 424.56 544.65 424.68 544.65 c 424.92 544.41 425.16 544.41 425.52 544.41 c 425.52 544.41 425.64 544.29 425.64 544.29 c 425.64 543.45 l 425.64 543.33 425.52 543.33 425.52 543.33 c 425.16 543.33 424.92 543.45 424.56 543.57 c 424.56 543.09 424.32 542.61 424.08 542.25 c 423.84 541.77 423.6 541.53 423.24 541.29 c 422.88 541.05 422.52 540.93 422.04 540.93 c h f 
425.4 543.33 m 425.4 543.33 425.28 543.33 425.28 543.45 c 425.28 544.29 l 425.28 544.29 425.4 544.41 425.4 544.41 c 425.76 544.41 426.12 544.41 426.48 544.41 c 426.84 544.41 427.08 544.53 427.44 544.53 c 427.2 544.89 l 427.08 545.01 426.96 545.25 426.84 545.37 c 426.72 545.49 426.6 545.61 426.6 545.61 c 426.48 545.73 426.48 545.85 426.36 545.85 c 426.36 545.97 426.24 545.97 426.24 545.97 c 426 545.85 l 425.88 546.09 425.76 546.33 425.76 546.45 c 425.76 546.69 425.76 546.81 425.88 546.93 c 426 547.05 426.24 547.17 426.36 547.29 c 426.6 547.41 426.84 547.53 427.08 547.65 c 427.32 547.77 427.68 547.77 428.04 547.77 c 428.4 547.77 428.64 547.65 429 547.53 c 429.24 547.41 429.48 547.29 429.6 547.05 c 429.72 546.81 429.84 546.57 429.84 546.33 c 429.84 545.97 429.72 545.61 429.6 545.37 c 429.36 545.01 429.12 544.77 428.88 544.53 c 429 544.53 429.24 544.41 429.48 544.41 c 429.72 544.41 430.08 544.41 430.32 544.41 c 430.44 544.41 430.44 544.29 430.44 544.29 c 430.44 543.45 l 430.44 543.33 430.44 543.33 430.32 543.33 c 429.84 543.33 429.36 543.33 429 543.45 c 428.64 543.57 428.28 543.81 428.04 543.93 c 427.56 543.81 427.2 543.57 426.72 543.45 c 426.36 543.33 425.88 543.33 425.4 543.33 c h 428.16 544.89 m 428.4 545.13 428.52 545.25 428.76 545.49 c 428.88 545.61 428.88 545.85 428.88 545.97 c 428.88 546.21 428.88 546.45 428.64 546.57 c 428.52 546.69 428.4 546.69 428.16 546.69 c 427.92 546.69 427.68 546.69 427.44 546.69 c 427.2 546.57 427.08 546.45 426.84 546.45 c 426.96 546.33 427.08 546.21 427.2 545.97 c 427.44 545.73 427.68 545.61 427.92 545.25 c 427.92 545.25 427.92 545.13 428.04 545.13 c 428.04 545.01 428.04 545.01 428.16 544.89 c h f 
430.32 543.33 m 430.2 543.33 430.2 543.33 430.2 543.45 c 430.2 544.29 l 430.2 544.29 430.2 544.41 430.32 544.41 c 430.68 544.41 431.04 544.41 431.4 544.41 c 431.76 544.41 432.12 544.53 432.36 544.53 c 432.72 544.65 432.96 544.65 433.08 544.77 c 433.08 544.89 432.96 545.13 432.96 545.37 c 432.84 545.49 432.72 545.73 432.6 545.97 c 432.6 546.21 432.48 546.33 432.48 546.45 c 432.48 546.57 432.36 546.69 432.36 546.69 c 432.36 546.93 432.48 547.05 432.6 547.29 c 432.84 547.53 432.96 547.65 433.2 547.77 c 433.32 547.29 433.44 546.93 433.56 546.57 c 433.56 546.21 433.56 545.97 433.68 545.85 c 433.68 545.61 433.68 545.37 433.68 545.25 c 433.68 545.01 433.68 544.89 433.56 544.65 c 433.56 544.41 433.44 544.17 433.32 543.93 c 433.08 543.81 432.84 543.69 432.48 543.69 c 432.12 543.57 431.76 543.45 431.4 543.45 c 431.04 543.33 430.68 543.33 430.32 543.33 c h 433.08 541.17 m 432.72 541.41 432.48 541.65 432.24 541.89 c 432.48 542.01 432.72 542.25 433.08 542.61 c 433.08 542.61 433.2 542.49 433.32 542.37 c 433.44 542.37 433.56 542.13 433.8 541.89 c 433.68 541.77 433.56 541.65 433.44 541.53 c 433.32 541.41 433.2 541.29 433.08 541.17 c h 431.4 540.93 m 431.28 541.17 431.04 541.29 430.92 541.41 c 430.8 541.53 430.68 541.65 430.68 541.65 c 430.8 541.77 430.92 541.89 431.04 542.01 c 431.16 542.13 431.28 542.37 431.4 542.49 c 431.4 542.49 431.52 542.37 431.64 542.25 c 431.76 542.13 431.88 542.01 432.12 541.77 c 432 541.65 431.88 541.53 431.76 541.41 c 431.64 541.29 431.52 541.17 431.4 540.93 c h f 
437.88 539.73 m 437.88 540.21 437.88 540.57 437.76 541.05 c 437.76 541.53 437.76 542.01 437.64 542.49 c 437.64 542.85 437.64 543.21 437.64 543.57 c 437.52 543.93 437.52 544.17 437.52 544.41 c 437.52 544.41 437.52 544.53 437.52 544.53 c 437.64 544.65 437.64 544.65 437.64 544.77 c 437.64 544.89 437.64 545.01 437.76 545.13 c 437.76 545.25 437.88 545.37 438 545.61 c 438 545.61 438 545.73 438.12 545.85 c 438.24 545.85 438.36 545.97 438.6 546.09 c 438.72 546.21 438.84 546.33 438.96 546.45 c 439.2 546.57 439.32 546.57 439.44 546.69 c 439.8 546.93 440.04 547.05 440.4 547.17 c 440.64 547.29 440.88 547.29 441 547.29 c 441.12 547.29 441.24 547.29 441.24 547.17 c 441.36 547.05 441.48 547.05 441.48 546.81 c 441.6 546.69 441.6 546.57 441.72 546.45 c 441.84 546.21 441.84 546.09 441.96 545.85 c 442.08 545.61 442.08 545.37 442.2 545.13 c 442.32 545.01 442.44 544.77 442.56 544.65 c 442.68 544.53 442.8 544.41 443.04 544.41 c 443.16 544.41 443.16 544.29 443.16 544.29 c 443.16 543.45 l 443.16 543.33 443.16 543.33 443.04 543.33 c 442.68 543.33 442.32 543.45 441.96 543.81 c 441.84 543.33 l 441.24 543.33 440.76 543.33 440.4 543.45 c 439.92 543.57 439.56 543.69 439.2 543.93 c 438.96 544.17 438.84 544.41 438.84 544.65 c 438.84 544.89 438.96 545.13 439.08 545.49 c 438.84 545.37 438.72 545.25 438.6 545.13 c 438.48 545.01 438.24 544.89 438.12 544.77 c 438.12 544.41 438.24 544.05 438.24 543.57 c 438.36 543.09 438.36 542.61 438.48 542.01 c 438.6 541.65 438.6 541.41 438.6 541.05 c 438.72 540.81 438.72 540.57 438.72 540.21 c 438.6 540.21 438.48 540.09 438.36 539.97 c 438.24 539.85 438 539.85 437.88 539.73 c h 441.72 544.29 m 441.48 544.53 441.36 544.77 441.24 545.25 c 441.12 545.61 441.12 545.97 441 546.33 c 440.76 546.21 440.64 546.09 440.4 545.97 c 440.16 545.85 440.04 545.61 439.92 545.49 c 439.68 545.37 439.56 545.13 439.44 545.01 c 439.92 544.65 440.64 544.41 441.72 544.29 c h f 
442.92 543.33 m 442.92 543.33 442.8 543.33 442.8 543.45 c 442.8 544.29 l 442.8 544.29 442.92 544.41 442.92 544.41 c 443.16 544.41 443.4 544.41 443.52 544.41 c 443.76 544.53 444 544.53 444.12 544.65 c 444.12 545.13 444 545.73 444 546.33 c 443.88 547.05 443.76 547.89 443.76 548.85 c 443.64 549.09 443.64 549.33 443.64 549.57 c 443.64 549.81 443.64 550.17 443.64 550.41 c 443.76 550.53 443.88 550.65 444 550.77 c 444.24 550.89 444.36 551.01 444.6 551.13 c 444.6 550.77 444.6 550.29 444.6 549.81 c 444.6 549.33 444.6 548.85 444.6 548.13 c 444.6 547.53 444.6 546.93 444.6 546.21 c 444.6 545.85 444.6 545.61 444.6 545.37 c 444.6 545.13 444.6 544.89 444.6 544.65 c 444.96 544.53 445.32 544.41 445.8 544.41 c 445.92 544.41 445.92 544.29 445.92 544.29 c 445.92 543.45 l 445.92 543.33 445.92 543.33 445.8 543.33 c 445.32 543.33 444.84 543.45 444.48 543.69 c 444.24 543.57 444 543.45 443.76 543.45 c 443.52 543.33 443.28 543.33 442.92 543.33 c h f 
445.8 543.33 m 445.68 543.33 445.68 543.33 445.68 543.45 c 445.68 544.29 l 445.68 544.29 445.68 544.41 445.8 544.41 c 446.16 544.41 446.52 544.41 446.88 544.41 c 447.24 544.41 447.48 544.53 447.6 544.65 c 447.72 544.65 447.84 544.77 447.96 545.01 c 448.08 545.13 448.2 545.37 448.32 545.73 c 448.44 545.85 448.56 545.97 448.56 545.97 c 448.68 546.09 448.68 546.09 448.8 546.09 c 448.92 546.09 449.04 546.09 449.16 545.97 c 449.16 545.85 449.04 545.73 449.04 545.49 c 448.92 545.37 448.8 545.25 448.8 545.01 c 448.68 544.89 448.68 544.77 448.68 544.77 c 448.92 544.65 449.04 544.53 449.28 544.41 c 449.52 544.41 449.76 544.41 450 544.41 c 450 544.41 450.12 544.29 450.12 544.29 c 450.12 543.45 l 450.12 543.33 450 543.33 450 543.33 c 449.28 543.33 448.68 543.57 448.2 544.05 c 448.08 543.81 l 447.96 543.69 447.84 543.69 447.6 543.57 c 447.36 543.45 447.12 543.45 446.76 543.45 c 446.4 543.33 446.16 543.33 445.8 543.33 c h 448.8 541.17 m 448.44 541.41 448.2 541.65 448.08 541.89 c 448.2 542.01 448.44 542.25 448.8 542.61 c 448.8 542.61 448.92 542.49 449.04 542.37 c 449.16 542.37 449.28 542.13 449.52 541.89 c 449.4 541.77 449.4 541.65 449.28 541.53 c 449.16 541.41 448.92 541.29 448.8 541.17 c h 447.12 540.93 m 447 541.17 446.88 541.29 446.76 541.41 c 446.52 541.53 446.52 541.65 446.4 541.65 c 446.52 541.77 446.64 541.89 446.76 542.01 c 446.88 542.13 447 542.37 447.12 542.49 c 447.12 542.49 447.24 542.37 447.36 542.25 c 447.48 542.13 447.6 542.01 447.84 541.77 c 447.72 541.65 447.72 541.53 447.6 541.41 c 447.48 541.29 447.36 541.17 447.12 540.93 c h f 
449.88 543.33 m 449.88 543.33 449.76 543.33 449.76 543.45 c 449.76 544.29 l 449.76 544.29 449.88 544.41 449.88 544.41 c 450.72 544.41 451.44 544.41 452.04 544.53 c 452.64 544.53 453.12 544.77 453.6 544.89 c 453.6 545.01 453.6 545.13 453.48 545.25 c 453.48 545.37 453.48 545.61 453.48 545.73 c 453.24 545.49 453 545.37 452.76 545.25 c 452.4 545.13 452.16 545.13 451.92 545.13 c 451.56 545.13 451.2 545.25 450.96 545.49 c 450.84 545.73 450.72 545.97 450.72 546.45 c 450.72 546.81 450.72 547.17 450.96 547.53 c 451.08 547.89 451.2 548.13 451.44 548.25 c 451.56 548.37 451.68 548.49 451.8 548.49 c 451.92 548.61 452.04 548.61 452.16 548.61 c 452.52 548.61 452.88 548.49 453.24 548.13 c 453.48 547.89 453.72 547.41 453.96 546.93 c 453.96 546.69 454.08 546.33 454.08 546.09 c 454.08 545.85 454.2 545.49 454.2 545.25 c 454.2 545.13 454.2 545.01 454.2 544.89 c 454.08 544.77 454.08 544.65 454.08 544.53 c 453.96 544.29 453.84 544.17 453.72 544.05 c 453.6 543.93 453.36 543.81 453 543.69 c 452.64 543.57 452.16 543.57 451.68 543.45 c 451.08 543.33 450.6 543.33 449.88 543.33 c h 452.16 545.97 m 452.52 545.97 452.88 546.09 453.24 546.21 c 453.12 546.69 452.88 546.93 452.76 547.17 c 452.52 547.41 452.28 547.53 452.04 547.53 c 451.8 547.53 451.56 547.41 451.44 547.17 c 451.32 547.05 451.2 546.81 451.2 546.57 c 451.2 546.45 451.32 546.21 451.44 546.09 c 451.56 545.97 451.8 545.97 452.16 545.97 c h 452.16 549.33 m 451.8 549.57 451.56 549.81 451.32 550.05 c 451.44 550.29 451.68 550.41 451.8 550.65 c 451.92 550.77 452.04 550.89 452.16 551.01 c 452.28 550.89 452.4 550.77 452.52 550.53 c 452.64 550.41 452.76 550.29 452.88 550.17 c 452.88 550.05 452.76 549.93 452.64 549.81 c 452.52 549.69 452.28 549.45 452.16 549.33 c h f 
460.2 540.33 m 459.48 540.33 459 540.45 458.64 540.93 c 458.28 541.29 458.04 541.77 458.04 542.49 c 458.04 542.73 458.04 542.85 458.04 542.97 c 458.16 543.09 458.16 543.33 458.16 543.45 c 458.16 543.69 458.28 543.81 458.28 544.05 c 458.76 543.93 l 458.64 543.69 458.64 543.33 458.64 543.09 c 458.64 542.61 458.76 542.13 459 541.89 c 459.24 541.53 459.72 541.41 460.2 541.41 c 460.56 541.41 460.92 541.41 461.28 541.53 c 461.64 541.65 462 541.77 462.24 542.01 c 462.6 542.25 462.84 542.49 462.96 542.73 c 462.72 543.21 462.6 543.69 462.36 544.05 c 462.24 544.41 462.12 544.65 462.12 544.89 c 462.12 545.13 462.24 545.37 462.36 545.49 c 462.48 545.73 462.72 545.85 463.08 546.09 c 463.08 545.97 463.08 545.73 463.2 545.49 c 463.2 545.25 463.2 544.89 463.32 544.53 c 463.56 544.41 463.92 544.41 464.16 544.41 c 464.28 544.41 464.28 544.29 464.28 544.29 c 464.28 543.45 l 464.28 543.33 464.28 543.33 464.16 543.33 c 464.04 543.33 463.92 543.33 463.8 543.33 c 463.68 543.33 463.56 543.45 463.44 543.45 c 463.56 543.09 l 463.56 542.61 463.32 542.13 463.08 541.77 c 462.72 541.29 462.36 540.93 461.76 540.69 c 461.52 540.57 461.28 540.45 461.04 540.45 c 460.68 540.33 460.44 540.33 460.2 540.33 c h 460.44 546.09 m 460.08 546.33 459.84 546.57 459.6 546.81 c 459.84 547.05 459.96 547.17 460.08 547.29 c 460.2 547.41 460.32 547.65 460.44 547.65 c 460.56 547.53 460.68 547.41 460.8 547.29 c 460.92 547.17 461.04 547.05 461.28 546.93 c 461.16 546.81 461.04 546.69 460.92 546.57 c 460.8 546.33 460.68 546.21 460.44 546.09 c h f 
468.24 543.33 m 467.88 543.33 467.52 543.33 467.28 543.33 c 466.92 543.45 466.56 543.57 466.2 543.57 c 465.96 543.69 465.6 543.81 465.36 543.93 c 465.24 543.69 465 543.57 464.88 543.45 c 464.64 543.33 464.4 543.33 464.04 543.33 c 464.04 543.33 463.92 543.33 463.92 543.45 c 463.92 544.29 l 463.92 544.29 464.04 544.41 464.04 544.41 c 464.4 544.41 464.64 544.41 464.88 544.53 c 465 544.77 465.24 544.89 465.36 545.25 c 465.48 545.49 465.6 545.61 465.72 545.85 c 465.72 545.97 465.84 546.09 465.84 546.21 c 465.96 546.33 466.08 546.45 466.08 546.57 c 466.32 546.81 466.56 547.05 466.68 547.17 c 466.92 547.29 467.04 547.29 467.28 547.29 c 467.52 547.29 467.76 547.17 468 546.93 c 468.24 546.57 468.48 546.21 468.6 545.85 c 468.72 545.37 468.84 544.89 468.84 544.53 c 468.84 544.29 468.84 544.05 468.72 543.93 c 468.6 543.69 468.36 543.45 468.24 543.33 c h 467.88 544.29 m 467.88 544.65 467.88 544.89 467.76 545.25 c 467.64 545.61 467.52 545.85 467.4 545.97 c 467.28 546.09 467.28 546.21 467.16 546.21 c 466.92 546.21 466.68 546.09 466.44 545.73 c 466.44 545.73 466.32 545.61 466.2 545.37 c 466.2 545.25 466.08 545.13 465.96 544.89 c 466.2 544.65 466.44 544.65 466.8 544.53 c 467.16 544.41 467.52 544.29 467.88 544.29 c h f 
471.48 550.29 m 471.6 550.77 l 471.96 550.89 472.32 551.01 472.68 551.13 c 472.92 551.25 473.28 551.37 473.64 551.49 c 473.64 551.37 l 473.64 551.13 473.52 551.01 473.4 550.89 c 473.16 550.89 472.92 550.77 472.56 550.65 c 472.32 550.53 471.96 550.41 471.48 550.29 c h 471.36 551.13 m 471.48 551.61 l 471.84 551.73 472.2 551.85 472.56 551.97 c 472.92 552.09 473.16 552.21 473.52 552.33 c 473.52 552.21 l 473.52 551.97 473.4 551.85 473.28 551.73 c 473.04 551.61 472.8 551.49 472.44 551.37 c 472.2 551.37 471.84 551.25 471.36 551.13 c h f 
473.52 543.33 m 473.52 543.33 473.52 543.33 473.52 543.45 c 473.52 543.57 473.52 543.57 473.52 543.81 c 473.52 543.93 473.52 544.05 473.52 544.17 c 473.64 544.29 473.64 544.29 473.64 544.29 c 473.88 544.29 474.12 544.29 474.36 544.29 c 474.6 544.29 474.84 544.29 475.2 544.29 c 475.44 544.41 475.68 544.41 476.04 544.41 c 476.28 544.41 476.52 544.53 476.88 544.53 c 476.64 544.89 476.4 545.13 476.16 545.49 c 475.92 545.73 475.68 546.09 475.32 546.33 c 475.08 546.69 474.72 546.93 474.36 547.17 c 474 547.41 473.64 547.65 473.28 547.89 c 472.92 547.89 l 472.8 548.01 472.56 548.13 472.44 548.37 c 472.32 548.49 472.32 548.73 472.32 548.85 c 472.32 549.09 472.32 549.21 472.44 549.33 c 472.44 549.45 472.56 549.57 472.8 549.69 c 472.92 549.57 473.16 549.45 473.4 549.21 c 473.52 549.09 473.76 548.85 474 548.73 c 474.24 548.49 474.48 548.25 474.72 548.01 c 474.96 547.77 475.2 547.53 475.44 547.29 c 475.68 547.05 475.92 546.81 476.04 546.57 c 476.16 546.45 476.28 546.33 476.52 546.09 c 476.64 545.85 476.76 545.61 476.88 545.37 c 477 545.13 477.12 545.01 477.24 544.77 c 477.36 544.65 477.36 544.53 477.36 544.41 c 477.36 544.29 477.36 544.29 477.36 544.17 c 477.36 544.05 477.24 544.05 477.24 543.93 c 477.24 543.81 477.12 543.69 477.12 543.57 c 477 543.57 477 543.45 477 543.45 c 476.88 543.45 476.64 543.45 476.4 543.45 c 476.28 543.45 475.92 543.33 475.68 543.33 c 475.44 543.33 475.2 543.33 475.08 543.33 c 474.96 543.33 474.84 543.33 474.72 543.33 c 474.6 543.33 474.48 543.33 474.24 543.33 c 474.12 543.33 474 543.33 473.76 543.33 c 473.64 543.33 473.52 543.33 473.52 543.33 c h f 
474.6 544.05 m 473.88 544.17 l 474.12 544.53 474.48 544.77 474.84 545.01 c 475.08 545.25 475.32 545.49 475.56 545.73 c 475.8 546.09 475.92 546.33 476.04 546.57 c 476.16 546.93 476.28 547.29 476.28 547.53 c 476.28 547.65 476.16 547.77 476.16 548.01 c 476.16 548.25 476.16 548.49 476.04 548.73 c 476.04 548.97 476.04 549.21 476.04 549.45 c 475.92 549.69 475.92 549.81 475.92 550.05 c 475.92 550.29 475.92 550.41 475.92 550.41 c 475.92 550.65 475.92 550.89 476.16 551.01 c 476.28 551.13 476.52 551.25 476.76 551.25 c 476.88 551.01 476.88 550.77 477 550.53 c 477 550.41 477.12 550.17 477.24 549.93 c 476.88 549.57 l 476.88 549.57 476.88 549.45 476.88 549.33 c 476.88 549.09 476.88 548.97 476.88 548.73 c 476.88 548.49 476.88 548.37 476.88 548.25 c 476.88 548.01 476.88 547.89 476.88 547.89 c 476.88 547.53 476.88 547.05 476.76 546.69 c 476.52 546.33 476.4 545.85 476.16 545.61 c 475.92 545.25 475.68 545.01 475.44 544.77 c 475.08 544.53 474.84 544.29 474.6 544.05 c h f 
481.08 543.33 m 480.72 543.33 480.48 543.33 480.24 543.45 c 480 543.57 479.76 543.69 479.64 543.93 c 479.52 544.17 479.4 544.29 479.4 544.53 c 479.4 544.77 479.28 545.01 479.28 545.25 c 479.28 545.61 479.28 545.97 479.16 546.33 c 479.16 546.69 479.16 547.05 479.04 547.53 c 479.04 547.89 479.04 548.37 478.92 548.85 c 478.92 549.33 478.92 549.81 478.8 550.41 c 479.04 550.53 479.16 550.65 479.28 550.77 c 479.52 550.89 479.64 551.01 479.76 551.13 c 479.88 550.53 479.88 549.93 479.88 549.33 c 479.88 548.73 479.88 548.13 479.88 547.53 c 479.88 546.93 480 546.21 480 545.49 c 480 544.65 l 480.12 544.53 480.36 544.53 480.48 544.41 c 480.72 544.41 480.96 544.41 481.08 544.41 c 481.2 544.41 481.2 544.29 481.2 544.29 c 481.2 543.45 l 481.2 543.33 481.2 543.33 481.08 543.33 c h f 
484.68 543.33 m 484.2 543.33 483.84 543.33 483.48 543.45 c 483.12 543.45 482.76 543.57 482.52 543.69 c 482.16 543.57 481.92 543.45 481.68 543.45 c 481.44 543.33 481.2 543.33 480.96 543.33 c 480.96 543.33 480.96 543.33 480.96 543.45 c 480.96 544.29 l 480.96 544.29 480.96 544.41 480.96 544.41 c 481.08 544.41 481.2 544.41 481.32 544.41 c 481.44 544.41 481.56 544.41 481.68 544.53 c 481.68 544.53 481.68 544.53 481.68 544.65 c 481.68 544.65 481.68 544.65 481.68 544.77 c 481.68 545.01 481.68 545.25 481.8 545.49 c 481.92 545.73 482.04 546.09 482.28 546.33 c 482.4 546.57 482.64 546.69 482.88 546.93 c 483.24 547.17 483.48 547.29 483.84 547.29 c 483.96 547.29 484.08 547.29 484.08 547.17 c 484.2 547.05 484.32 546.93 484.44 546.69 c 484.44 546.57 484.56 546.45 484.56 546.33 c 484.68 546.21 484.68 545.97 484.8 545.85 c 484.8 545.61 484.92 545.37 485.04 545.13 c 485.16 544.89 485.28 544.77 485.4 544.65 c 485.52 544.41 485.64 544.41 485.88 544.41 c 485.88 544.41 486 544.29 486 544.29 c 486 543.45 l 486 543.33 485.88 543.33 485.88 543.33 c 485.4 543.33 485.04 543.45 484.8 543.81 c 484.68 543.33 l h 484.44 544.29 m 484.32 544.53 484.2 544.77 484.08 545.13 c 483.96 545.49 483.84 545.85 483.84 546.33 c 483.6 546.21 483.48 546.09 483.24 545.97 c 483 545.85 482.88 545.61 482.64 545.49 c 482.52 545.37 482.4 545.13 482.28 545.01 c 482.52 544.77 482.76 544.65 483.12 544.53 c 483.6 544.41 483.96 544.29 484.44 544.29 c h f 
485.76 543.33 m 485.64 543.33 485.64 543.33 485.64 543.45 c 485.64 544.29 l 485.64 544.29 485.64 544.41 485.76 544.41 c 486.24 544.41 486.6 544.41 486.96 544.41 c 487.2 544.41 487.44 544.53 487.68 544.65 c 487.68 544.65 487.8 544.77 487.92 545.01 c 488.04 545.13 488.16 545.37 488.4 545.73 c 488.4 545.85 488.52 545.97 488.64 545.97 c 488.64 546.09 488.76 546.09 488.88 546.09 c 489 546.09 489.12 546.09 489.12 545.97 c 489.12 545.85 489 545.73 489 545.49 c 488.88 545.37 488.88 545.25 488.76 545.01 c 488.76 544.89 488.64 544.77 488.64 544.77 c 488.88 544.65 489.12 544.53 489.36 544.41 c 489.48 544.41 489.72 544.41 489.96 544.41 c 490.08 544.41 490.08 544.29 490.08 544.29 c 490.08 543.45 l 490.08 543.33 490.08 543.33 489.96 543.33 c 489.36 543.33 488.76 543.57 488.28 544.05 c 488.04 543.81 l 488.04 543.69 487.8 543.69 487.56 543.57 c 487.32 543.45 487.08 543.45 486.72 543.45 c 486.48 543.33 486.12 543.33 485.76 543.33 c h 488.88 547.05 m 488.64 547.17 488.52 547.29 488.4 547.41 c 488.28 547.53 488.16 547.65 488.04 547.77 c 488.16 547.89 488.28 548.01 488.4 548.13 c 488.52 548.25 488.64 548.37 488.76 548.61 c 488.88 548.49 489 548.49 489.12 548.37 c 489.24 548.25 489.36 548.13 489.48 547.89 c 489.36 547.65 489.12 547.41 488.88 547.05 c h 487.2 546.93 m 486.96 547.05 486.84 547.17 486.72 547.29 c 486.6 547.41 486.48 547.53 486.36 547.65 c 486.48 547.77 486.6 547.89 486.72 548.01 c 486.84 548.13 486.96 548.25 487.2 548.37 c 487.2 548.37 487.32 548.25 487.44 548.13 c 487.56 548.01 487.68 547.89 487.8 547.77 c 487.8 547.65 487.68 547.53 487.56 547.29 c 487.44 547.17 487.32 547.05 487.2 546.93 c h f 
489.84 543.33 m 489.84 543.33 489.84 543.33 489.84 543.45 c 489.84 544.29 l 489.84 544.29 489.84 544.41 489.84 544.41 c 490.44 544.41 490.92 544.41 491.28 544.41 c 491.64 544.53 492 544.53 492.24 544.65 c 492.48 544.65 492.72 544.65 492.84 544.77 c 492.96 544.77 493.2 544.89 493.32 545.01 c 493.2 545.13 493.2 545.37 492.96 545.61 c 492.84 545.73 492.72 545.97 492.48 546.09 c 492.24 546.33 492.12 546.45 491.88 546.57 c 491.64 546.81 491.28 546.93 491.04 547.05 c 490.92 547.05 490.8 547.05 490.68 547.05 c 490.44 547.05 490.32 547.17 490.2 547.29 c 490.08 547.41 489.96 547.65 489.96 547.77 c 489.96 547.89 489.96 548.01 489.96 548.13 c 490.08 548.25 490.08 548.37 490.08 548.49 c 490.08 548.61 490.2 548.73 490.2 548.85 c 490.2 548.97 490.2 548.97 490.32 549.09 c 490.8 549.33 491.16 549.57 491.52 549.69 c 492 549.93 492.24 550.05 492.6 550.17 c 492.84 550.29 493.2 550.41 493.44 550.53 c 493.8 550.65 494.04 550.77 494.4 550.89 c 494.52 550.89 494.52 550.65 494.52 550.41 c 494.52 550.29 494.52 550.05 494.4 549.93 c 494.4 549.81 494.16 549.81 494.04 549.69 c 493.56 549.45 493.08 549.33 492.72 549.09 c 492.36 548.97 491.88 548.73 491.52 548.61 c 491.16 548.49 490.8 548.37 490.44 548.25 c 491.04 548.01 491.64 547.77 492.12 547.53 c 492.6 547.17 493.08 546.81 493.32 546.33 c 493.68 545.97 493.8 545.61 493.8 545.25 c 493.8 544.65 493.44 544.17 492.84 543.81 c 492.48 543.69 492.12 543.57 491.64 543.45 c 491.16 543.33 490.56 543.33 489.84 543.33 c h f 
496.08 543.33 m 495.96 544.05 495.96 544.65 495.96 545.37 c 495.96 545.97 495.96 546.45 495.84 547.05 c 495.84 547.65 495.84 548.13 495.84 548.61 c 495.72 549.09 495.72 549.57 495.6 550.05 c 495.6 550.29 495.72 550.41 495.72 550.53 c 495.84 550.77 495.84 550.77 496.08 550.89 c 496.2 551.01 496.32 551.01 496.56 551.13 c 496.56 550.89 496.68 550.65 496.8 550.41 c 496.8 550.17 496.92 549.93 497.04 549.69 c 496.68 549.45 l 496.68 548.85 496.68 548.37 496.68 547.77 c 496.68 547.17 496.68 546.45 496.68 545.73 c 496.68 545.01 496.68 544.29 496.68 543.45 c 496.08 543.33 l h f 
501.48 540.93 m 501.36 540.93 501.24 541.05 501 541.05 c 500.88 541.17 500.64 541.29 500.52 541.41 c 500.28 541.53 500.04 541.53 499.92 541.77 c 500.04 542.13 l 500.28 542.13 500.52 542.01 500.64 542.01 c 500.88 542.01 501 542.01 501.24 542.01 c 501.84 542.01 502.32 542.13 502.68 542.49 c 503.04 542.85 503.4 543.33 503.64 543.93 c 503.52 544.05 503.52 544.17 503.4 544.29 c 503.4 544.41 503.28 544.53 503.16 544.65 c 503.04 545.01 502.8 545.37 502.68 545.61 c 502.56 545.85 502.44 546.09 502.44 546.21 c 502.44 546.45 502.44 546.57 502.56 546.69 c 502.56 546.81 502.68 546.93 502.92 546.93 c 502.92 547.05 502.92 547.05 503.04 546.93 c 503.04 546.93 503.16 546.93 503.28 546.93 c 503.4 546.69 503.52 546.45 503.52 546.21 c 503.64 545.97 503.64 545.85 503.76 545.73 c 503.88 545.49 503.88 545.25 504 545.01 c 504 544.89 504 544.65 504 544.65 c 504.36 544.41 504.6 544.41 504.96 544.41 c 504.96 544.41 505.08 544.29 505.08 544.29 c 505.08 543.45 l 505.08 543.33 504.96 543.33 504.96 543.33 c 504.6 543.33 504.24 543.45 504 543.57 c 503.88 543.09 503.76 542.61 503.52 542.25 c 503.28 541.77 503.04 541.53 502.68 541.29 c 502.32 541.05 501.84 540.93 501.48 540.93 c h f 
504.84 543.33 m 504.72 543.33 504.72 543.33 504.72 543.45 c 504.72 544.29 l 504.72 544.29 504.72 544.41 504.84 544.41 c 505.32 544.41 505.68 544.41 505.92 544.41 c 506.28 544.41 506.52 544.53 506.64 544.65 c 506.76 544.65 506.88 544.77 507 545.01 c 507.12 545.13 507.24 545.37 507.48 545.73 c 507.48 545.85 507.6 545.97 507.6 545.97 c 507.72 546.09 507.84 546.09 507.84 546.09 c 507.96 546.09 508.08 546.09 508.2 545.97 c 508.2 545.85 508.08 545.73 508.08 545.49 c 507.96 545.37 507.96 545.25 507.84 545.01 c 507.84 544.89 507.72 544.77 507.72 544.77 c 507.96 544.65 508.2 544.53 508.32 544.41 c 508.56 544.41 508.8 544.41 509.04 544.41 c 509.16 544.41 509.16 544.29 509.16 544.29 c 509.16 543.45 l 509.16 543.33 509.16 543.33 509.04 543.33 c 508.44 543.33 507.84 543.57 507.24 544.05 c 507.12 543.81 l 507.12 543.69 506.88 543.69 506.64 543.57 c 506.4 543.45 506.16 543.45 505.8 543.45 c 505.56 543.33 505.2 543.33 504.84 543.33 c h 506.28 546.93 m 506.16 547.05 506.04 547.17 505.92 547.29 c 505.8 547.41 505.68 547.53 505.56 547.53 c 505.68 547.65 505.8 547.77 505.92 547.89 c 506.04 548.01 506.16 548.13 506.28 548.37 c 506.4 548.25 506.4 548.13 506.52 548.01 c 506.64 548.01 506.76 547.77 507 547.65 c 506.88 547.53 506.76 547.41 506.64 547.29 c 506.52 547.17 506.4 547.05 506.28 546.93 c h 507.96 547.05 m 507.84 547.17 507.72 547.29 507.6 547.41 c 507.48 547.53 507.36 547.65 507.24 547.77 c 507.36 547.77 507.36 547.89 507.48 548.01 c 507.6 548.13 507.72 548.25 507.96 548.49 c 507.96 548.37 508.08 548.25 508.2 548.13 c 508.32 548.01 508.44 547.89 508.56 547.77 c 508.44 547.65 508.44 547.53 508.32 547.41 c 508.2 547.29 508.08 547.17 507.96 547.05 c h 507.12 548.01 m 507 548.13 506.88 548.25 506.76 548.37 c 506.64 548.37 506.52 548.49 506.4 548.61 c 506.52 548.73 506.64 548.85 506.76 548.97 c 506.88 549.09 507 549.21 507.12 549.33 c 507.12 549.21 507.24 549.09 507.36 548.97 c 507.48 548.85 507.6 548.73 507.72 548.61 c 507.6 548.49 507.48 548.37 507.36 548.25 c 507.24 548.13 507.24 548.13 507.12 548.01 c h f 
508.92 543.33 m 508.92 543.33 508.92 543.33 508.92 543.45 c 508.92 544.29 l 508.92 544.29 508.92 544.41 508.92 544.41 c 509.52 544.41 510 544.41 510.36 544.41 c 510.72 544.53 511.08 544.53 511.32 544.65 c 511.56 544.65 511.68 544.65 511.92 544.77 c 512.04 544.77 512.28 544.89 512.4 545.01 c 512.28 545.13 512.16 545.37 512.04 545.61 c 511.92 545.73 511.68 545.97 511.56 546.09 c 511.32 546.33 511.08 546.45 510.84 546.57 c 510.6 546.81 510.36 546.93 510 547.05 c 510 547.05 509.88 547.05 509.76 547.05 c 509.52 547.05 509.4 547.17 509.28 547.29 c 509.16 547.41 509.04 547.65 509.04 547.77 c 509.04 547.89 509.04 548.01 509.04 548.13 c 509.04 548.25 509.16 548.37 509.16 548.49 c 509.16 548.61 509.28 548.73 509.28 548.85 c 509.28 548.97 509.28 548.97 509.28 549.09 c 509.88 549.33 510.24 549.57 510.6 549.69 c 510.96 549.93 511.32 550.05 511.68 550.17 c 511.92 550.29 512.28 550.41 512.52 550.53 c 512.76 550.65 513.12 550.77 513.48 550.89 c 513.6 550.89 513.6 550.65 513.6 550.41 c 513.6 550.29 513.6 550.05 513.48 549.93 c 513.36 549.81 513.24 549.81 513.12 549.69 c 512.64 549.45 512.16 549.33 511.8 549.09 c 511.32 548.97 510.96 548.73 510.6 548.61 c 510.24 548.49 509.88 548.37 509.52 548.25 c 510.12 548.01 510.72 547.77 511.2 547.53 c 511.68 547.17 512.16 546.81 512.4 546.33 c 512.76 545.97 512.88 545.61 512.88 545.25 c 512.88 544.65 512.52 544.17 511.92 543.81 c 511.56 543.69 511.2 543.57 510.72 543.45 c 510.24 543.33 509.64 543.33 508.92 543.33 c h f 
515.4 543.33 m 515.4 543.33 515.4 543.33 515.4 543.45 c 515.4 543.57 515.4 543.57 515.4 543.81 c 515.4 543.93 515.52 544.05 515.52 544.17 c 515.52 544.29 515.52 544.29 515.52 544.29 c 515.76 544.29 516 544.29 516.24 544.29 c 516.48 544.29 516.84 544.29 517.08 544.29 c 517.32 544.41 517.68 544.41 517.92 544.41 c 518.16 544.41 518.52 544.53 518.76 544.53 c 518.52 544.89 518.4 545.13 518.04 545.49 c 517.8 545.73 517.56 546.09 517.32 546.33 c 516.96 546.69 516.72 546.93 516.36 547.17 c 516 547.41 515.64 547.65 515.28 547.89 c 514.8 547.89 l 514.68 548.01 514.56 548.13 514.44 548.37 c 514.32 548.49 514.2 548.73 514.2 548.85 c 514.2 549.09 514.32 549.21 514.32 549.33 c 514.44 549.45 514.56 549.57 514.68 549.69 c 514.92 549.57 515.04 549.45 515.28 549.21 c 515.52 549.09 515.64 548.85 515.88 548.73 c 516.12 548.49 516.36 548.25 516.72 548.01 c 516.96 547.77 517.2 547.53 517.44 547.29 c 517.68 547.05 517.8 546.81 518.04 546.57 c 518.16 546.45 518.28 546.33 518.4 546.09 c 518.52 545.85 518.64 545.61 518.76 545.37 c 519 545.13 519.12 545.01 519.12 544.77 c 519.24 544.65 519.36 544.53 519.36 544.41 c 519.36 544.29 519.24 544.29 519.24 544.17 c 519.24 544.05 519.24 544.05 519.12 543.93 c 519.12 543.81 519.12 543.69 519 543.57 c 519 543.57 519 543.45 518.88 543.45 c 518.76 543.45 518.64 543.45 518.4 543.45 c 518.16 543.45 517.92 543.33 517.68 543.33 c 517.44 543.33 517.2 543.33 516.96 543.33 c 516.96 543.33 516.84 543.33 516.72 543.33 c 516.48 543.33 516.36 543.33 516.24 543.33 c 516 543.33 515.88 543.33 515.76 543.33 c 515.64 543.33 515.52 543.33 515.4 543.33 c h 513.72 549.93 m 513.72 550.41 l 514.2 550.65 l 513.96 550.77 513.72 550.89 513.72 551.13 c 513.72 551.25 513.84 551.37 513.96 551.49 c 513.96 551.73 514.08 551.85 514.2 551.85 c 514.32 551.97 514.44 552.09 514.56 552.09 c 514.92 552.09 515.04 551.85 515.04 551.61 c 515.04 551.49 515.04 551.37 515.04 551.25 c 514.8 551.37 l 514.8 551.37 l 514.8 551.37 514.8 551.49 514.68 551.49 c 514.68 551.49 514.68 551.49 514.68 551.49 c 514.56 551.49 514.44 551.49 514.32 551.37 c 514.2 551.37 514.2 551.25 514.08 551.13 c 514.32 551.01 514.44 550.89 514.68 550.89 c 514.8 550.89 514.8 550.89 514.92 550.89 c 515.04 550.89 515.16 550.89 515.16 551.01 c 515.16 550.53 l 514.92 550.41 514.68 550.41 514.44 550.29 c 514.2 550.17 513.96 550.05 513.72 549.93 c h f 
516.48 544.05 m 515.76 544.17 l 516.12 544.53 516.36 544.77 516.72 545.01 c 516.96 545.25 517.2 545.49 517.44 545.73 c 517.68 546.09 517.8 546.33 517.92 546.57 c 518.04 546.93 518.16 547.29 518.16 547.53 c 518.16 547.65 518.16 547.77 518.16 548.01 c 518.04 548.25 518.04 548.49 518.04 548.73 c 518.04 548.97 517.92 549.21 517.92 549.45 c 517.92 549.69 517.8 549.81 517.8 550.05 c 517.8 550.29 517.8 550.41 517.8 550.41 c 517.8 550.65 517.92 550.89 518.04 551.01 c 518.16 551.13 518.4 551.25 518.64 551.25 c 518.76 551.01 518.76 550.77 518.88 550.53 c 519 550.41 519 550.17 519.12 549.93 c 518.76 549.57 l 518.76 549.57 518.76 549.45 518.76 549.33 c 518.76 549.09 518.88 548.97 518.88 548.73 c 518.88 548.49 518.88 548.37 518.88 548.25 c 518.88 548.01 518.88 547.89 518.88 547.89 c 518.88 547.53 518.76 547.05 518.64 546.69 c 518.52 546.33 518.28 545.85 518.04 545.61 c 517.8 545.25 517.56 545.01 517.32 544.77 c 517.08 544.53 516.84 544.29 516.48 544.05 c h f 
521.16 543.33 m 521.16 544.05 521.16 544.65 521.04 545.37 c 521.04 545.97 521.04 546.45 521.04 547.05 c 520.92 547.65 520.92 548.13 520.92 548.61 c 520.92 549.09 520.8 549.57 520.8 550.05 c 520.8 550.29 520.8 550.41 520.8 550.53 c 520.92 550.77 521.04 550.77 521.16 550.89 c 521.28 551.01 521.52 551.01 521.64 551.13 c 521.76 550.89 521.76 550.65 521.88 550.41 c 522 550.17 522 549.93 522.12 549.69 c 521.76 549.45 l 521.76 548.85 521.76 548.37 521.88 547.77 c 521.88 547.17 521.88 546.45 521.76 545.73 c 521.76 545.01 521.76 544.29 521.76 543.45 c 521.16 543.33 l h f 
493.44 522.57 m 493.32 522.81 493.08 522.93 492.96 523.05 c 492.72 523.17 492.6 523.17 492.48 523.29 c 492.48 523.41 492.6 523.53 492.6 523.53 c 492.6 523.65 492.72 523.77 492.72 523.77 c 492.72 523.89 492.84 524.01 492.84 524.01 c 492.96 524.13 492.96 524.25 493.08 524.25 c 493.2 524.13 493.32 524.13 493.56 524.01 c 493.68 523.89 493.8 523.77 493.92 523.77 c 493.92 523.65 494.04 523.53 494.04 523.53 c 494.04 523.41 493.8 523.17 493.44 522.57 c h f 
497.52 523.41 m 497.16 523.41 496.92 523.41 496.68 523.53 c 496.44 523.65 496.2 523.77 496.08 524.01 c 495.96 524.13 495.84 524.37 495.84 524.61 c 495.72 524.85 495.72 525.09 495.72 525.33 c 495.72 525.69 495.72 525.93 495.6 526.41 c 495.6 526.77 495.6 527.13 495.48 527.61 c 495.48 527.97 495.48 528.45 495.36 528.93 c 495.36 529.41 495.36 529.89 495.24 530.49 c 495.48 530.61 495.6 530.73 495.72 530.85 c 495.84 530.97 496.08 531.09 496.2 531.09 c 496.32 530.49 496.32 530.01 496.32 529.41 c 496.32 528.81 496.32 528.21 496.32 527.61 c 496.32 526.89 496.44 526.29 496.44 525.57 c 496.44 524.73 l 496.56 524.61 496.8 524.49 496.92 524.49 c 497.16 524.49 497.28 524.49 497.52 524.49 c 497.64 524.49 497.64 524.37 497.64 524.37 c 497.64 523.53 l 497.64 523.41 497.64 523.41 497.52 523.41 c h f 
501.12 523.41 m 500.64 523.41 500.28 523.41 499.92 523.41 c 499.56 523.53 499.2 523.65 498.96 523.77 c 498.6 523.65 498.36 523.53 498.12 523.41 c 497.88 523.41 497.64 523.41 497.4 523.41 c 497.4 523.41 497.4 523.41 497.4 523.53 c 497.4 524.37 l 497.4 524.37 497.4 524.49 497.4 524.49 c 497.52 524.49 497.64 524.49 497.76 524.49 c 497.88 524.49 498 524.49 498.12 524.49 c 498.12 524.61 498.12 524.61 498.12 524.73 c 498.12 524.73 498.12 524.73 498.12 524.85 c 498.12 525.09 498.12 525.33 498.24 525.57 c 498.36 525.81 498.48 526.05 498.72 526.41 c 498.84 526.65 499.08 526.77 499.32 527.01 c 499.68 527.25 499.92 527.37 500.28 527.37 c 500.4 527.37 500.52 527.37 500.52 527.25 c 500.64 527.13 500.76 526.89 500.88 526.77 c 500.88 526.65 501 526.53 501 526.41 c 501.12 526.29 501.12 526.05 501.24 525.93 c 501.24 525.69 501.36 525.45 501.48 525.21 c 501.6 524.97 501.72 524.85 501.84 524.73 c 501.96 524.49 502.08 524.49 502.32 524.49 c 502.32 524.49 502.44 524.37 502.44 524.37 c 502.44 523.53 l 502.44 523.41 502.32 523.41 502.32 523.41 c 501.84 523.41 501.48 523.53 501.24 523.89 c 501.12 523.41 l h 500.88 524.37 m 500.76 524.61 500.64 524.85 500.52 525.21 c 500.4 525.57 500.28 525.93 500.28 526.41 c 500.04 526.29 499.92 526.17 499.68 526.05 c 499.44 525.93 499.32 525.69 499.08 525.57 c 498.96 525.45 498.84 525.21 498.72 525.09 c 498.96 524.85 499.2 524.73 499.56 524.61 c 499.92 524.49 500.4 524.37 500.88 524.37 c h f 
502.2 523.41 m 502.08 523.41 502.08 523.41 502.08 523.53 c 502.08 524.37 l 502.08 524.37 502.08 524.49 502.2 524.49 c 502.68 524.49 503.16 524.49 503.4 524.73 c 503.4 524.85 503.52 524.97 503.64 525.09 c 503.76 525.21 503.88 525.57 504 525.81 c 504.12 525.93 504.12 526.05 504.24 526.05 c 504.36 526.17 504.36 526.17 504.48 526.17 c 504.6 526.17 504.72 526.17 504.84 526.05 c 504.72 525.81 504.6 525.69 504.6 525.45 c 504.48 525.21 504.36 524.97 504.24 524.85 c 504.48 524.73 504.72 524.61 504.96 524.49 c 505.2 524.49 505.44 524.49 505.68 524.49 c 505.68 524.49 505.8 524.37 505.8 524.37 c 505.8 523.53 l 505.8 523.41 505.68 523.41 505.68 523.41 c 504.96 523.41 504.36 523.65 503.88 524.13 c 503.88 524.01 503.88 524.01 503.76 524.01 c 503.76 523.89 503.76 523.89 503.64 523.77 c 503.64 523.77 503.4 523.65 503.16 523.53 c 502.8 523.41 502.56 523.41 502.2 523.41 c h 504 527.25 m 503.64 527.49 503.28 527.73 503.16 527.97 c 503.28 528.21 503.52 528.33 503.64 528.45 c 503.76 528.57 503.88 528.81 504 528.81 c 504.12 528.69 504.12 528.57 504.36 528.45 c 504.48 528.33 504.6 528.21 504.72 528.09 c 504.6 527.97 504.6 527.85 504.36 527.73 c 504.24 527.49 504.12 527.37 504 527.25 c h f 
505.56 523.41 m 505.44 523.41 505.44 523.41 505.44 523.53 c 505.44 524.37 l 505.44 524.37 505.44 524.49 505.56 524.49 c 506.04 524.49 506.4 524.49 506.64 524.49 c 507 524.49 507.24 524.61 507.36 524.73 c 507.48 524.73 507.6 524.85 507.72 525.09 c 507.84 525.21 507.96 525.45 508.2 525.81 c 508.2 525.93 508.32 526.05 508.32 526.05 c 508.44 526.17 508.56 526.17 508.56 526.17 c 508.8 526.17 508.8 526.17 508.92 526.05 c 508.92 525.93 508.8 525.81 508.8 525.57 c 508.68 525.45 508.68 525.21 508.56 525.09 c 508.56 524.97 508.44 524.85 508.44 524.85 c 508.68 524.73 508.92 524.61 509.16 524.49 c 509.28 524.49 509.52 524.49 509.76 524.49 c 509.88 524.49 509.88 524.37 509.88 524.37 c 509.88 523.53 l 509.88 523.41 509.88 523.41 509.76 523.41 c 509.16 523.41 508.56 523.65 508.08 524.13 c 507.84 523.89 l 507.84 523.77 507.6 523.77 507.36 523.65 c 507.12 523.53 506.88 523.53 506.52 523.41 c 506.28 523.41 505.92 523.41 505.56 523.41 c h 508.56 521.25 m 508.32 521.49 508.08 521.73 507.84 521.97 c 508.08 522.09 508.32 522.33 508.56 522.69 c 508.68 522.69 508.68 522.57 508.8 522.45 c 508.92 522.33 509.16 522.21 509.28 521.97 c 509.28 521.85 509.16 521.73 509.04 521.61 c 508.92 521.49 508.8 521.37 508.56 521.25 c h 507 521.01 m 506.76 521.13 506.64 521.37 506.52 521.49 c 506.4 521.61 506.28 521.61 506.16 521.73 c 506.28 521.85 506.4 521.97 506.52 522.09 c 506.64 522.21 506.76 522.33 507 522.57 c 507 522.45 507 522.45 507.12 522.33 c 507.24 522.21 507.48 521.97 507.6 521.85 c 507.6 521.73 507.48 521.61 507.36 521.49 c 507.24 521.37 507.12 521.13 507 521.01 c h f 
512.28 523.41 m 512.04 523.41 511.8 523.41 511.56 523.41 c 511.32 523.53 511.08 523.65 510.96 523.77 c 510.84 523.65 510.6 523.53 510.36 523.53 c 510.12 523.41 510 523.41 509.64 523.41 c 509.64 523.41 509.64 523.41 509.64 523.53 c 509.64 524.37 l 509.64 524.37 509.64 524.49 509.64 524.49 c 510 524.49 510.12 524.49 510.36 524.49 c 510.48 524.49 510.6 524.61 510.72 524.73 c 510.84 524.85 510.96 524.97 510.96 524.97 c 511.08 525.09 511.2 525.33 511.32 525.57 c 511.32 525.57 511.44 525.69 511.44 525.69 c 511.56 525.81 511.56 525.81 511.68 525.81 c 511.8 525.81 511.92 525.69 512.04 525.69 c 511.92 525.45 511.8 525.21 511.68 524.97 c 511.68 524.85 511.56 524.61 511.56 524.49 c 511.56 524.49 511.68 524.49 511.92 524.49 c 512.04 524.37 512.16 524.37 512.4 524.37 c 512.52 524.37 512.76 524.37 512.88 524.37 c 513 524.49 513.12 524.49 513.24 524.49 c 513.36 524.61 513.36 524.73 513.48 524.85 c 513.48 525.09 513.6 525.33 513.6 525.45 c 513.72 525.69 513.84 525.93 513.84 526.05 c 513.96 526.17 513.96 526.29 514.08 526.41 c 514.08 526.41 514.2 526.41 514.32 526.41 c 514.44 526.41 514.56 526.41 514.68 526.29 c 514.56 526.17 514.56 526.05 514.44 525.69 c 514.32 525.45 514.2 525.09 514.08 524.49 c 514.2 524.49 514.2 524.49 514.32 524.49 c 514.44 524.37 514.44 524.37 514.56 524.37 c 514.8 524.37 515.04 524.49 515.28 524.49 c 515.28 524.61 515.4 524.61 515.4 524.73 c 515.4 524.85 515.52 525.09 515.52 525.33 c 515.64 525.45 515.64 525.57 515.76 525.81 c 515.88 525.93 515.88 526.17 516 526.29 c 516 526.41 516.12 526.41 516.12 526.41 c 516.24 526.53 516.36 526.53 516.36 526.53 c 516.48 526.53 516.6 526.53 516.72 526.41 c 516.72 526.29 516.6 526.17 516.48 525.81 c 516.48 525.57 516.36 525.21 516.12 524.85 c 516.36 524.61 516.6 524.61 516.84 524.49 c 517.08 524.49 517.32 524.49 517.56 524.49 c 517.56 524.49 517.68 524.37 517.68 524.37 c 517.68 523.53 l 517.68 523.41 517.56 523.41 517.56 523.41 c 517.2 523.41 516.96 523.41 516.6 523.53 c 516.36 523.65 516.12 523.89 515.88 524.01 c 515.88 523.89 515.76 523.89 515.76 523.77 c 515.76 523.77 515.64 523.65 515.52 523.65 c 515.52 523.53 515.4 523.41 515.16 523.41 c 515.04 523.41 514.8 523.41 514.56 523.41 c 514.32 523.41 513.96 523.41 513.72 523.65 c 513.6 523.53 513.48 523.53 513.36 523.53 c 513.24 523.41 513 523.41 512.88 523.41 c 512.64 523.41 512.52 523.41 512.28 523.41 c h f 
517.44 523.41 m 517.32 523.41 517.32 523.41 517.32 523.53 c 517.32 524.37 l 517.32 524.37 517.32 524.49 517.44 524.49 c 517.8 524.49 518.28 524.49 518.64 524.73 c 518.64 524.97 518.64 525.21 518.64 525.57 c 518.64 525.81 518.52 526.05 518.52 526.29 c 518.52 526.89 518.4 527.49 518.28 528.21 c 518.28 528.93 518.16 529.65 518.04 530.49 c 518.16 530.61 518.28 530.73 518.4 530.85 c 518.64 530.97 518.76 530.97 519 531.09 c 519 530.61 519 530.13 519 529.53 c 519 529.05 519.12 528.45 519.12 527.85 c 519.12 527.25 519.12 526.77 519.24 526.29 c 519.24 525.81 519.24 525.45 519.24 525.09 c 519.24 524.85 519.12 524.61 519.12 524.49 c 519 524.25 518.88 524.01 518.76 523.77 c 518.76 523.65 518.52 523.53 518.28 523.53 c 518.04 523.41 517.8 523.41 517.44 523.41 c h f 
521.16 523.41 m 521.16 524.13 521.16 524.73 521.04 525.33 c 521.04 526.05 521.04 526.53 521.04 527.13 c 520.92 527.61 520.92 528.21 520.92 528.69 c 520.92 529.17 520.8 529.65 520.8 530.13 c 520.8 530.37 520.8 530.49 520.8 530.61 c 520.92 530.73 521.04 530.85 521.16 530.97 c 521.28 531.09 521.52 531.09 521.64 531.09 c 521.76 530.97 521.76 530.73 521.88 530.49 c 522 530.25 522 530.01 522.12 529.77 c 521.76 529.53 l 521.76 528.93 521.76 528.45 521.88 527.85 c 521.88 527.25 521.88 526.53 521.76 525.81 c 521.76 525.09 521.76 524.37 521.76 523.53 c 521.16 523.41 l h f 
q 1 1 1 sc 109.08 628.29 m 109.08 628.29 l 108.96 628.29 l 108.96 628.29 l h W* n
0.24 0 0 0.12 108.96 628.17 cm /Im36 Do Q 
q 1 1 1 sc 109.32 626.01 m 109.68 626.01 l 109.68 625.89 l 109.32 625.89 l h W* n
0.48 0 0 0.24 109.32 625.77 cm /Im37 Do Q 
q 1 1 1 sc 108 626.61 m 108 626.61 l 108 626.73 l 108 626.73 l h W* n
0.12 0 0 0.24 108 626.49 cm /Im38 Do Q 
q 1 1 1 sc 111.6 627.21 m 111.6 627.21 l 111.48 627.21 l 111.48 627.21 l h W* n
0.24 0 0 0.12 111.48 627.09 cm /Im39 Do Q 
q 1 1 1 sc 121.8 624.57 m 121.8 624.57 l 121.8 624.69 l 121.8 624.69 l h W* n
0.12 0 0 0.24 121.8 624.45 cm /Im40 Do Q 
1 1 1 sc 109.68 625.89 m 110.04 625.89 l 110.04 626.61 l 110.04 626.61 110.04 626.85 109.92 626.85 c 109.8 626.97 109.68 626.97 109.68 626.97 c 109.32 626.97 109.08 627.09 108.84 627.21 c 108.72 626.85 l 109.08 626.85 l 109.08 627.33 109.08 627.81 108.96 628.29 c 108.96 628.29 l 108.96 628.29 l 108.96 628.89 108.96 629.37 108.96 629.85 c 108.96 630.33 l 108.48 630.09 l 108.24 629.97 l 108.24 629.97 l 108.24 629.97 l 108 629.73 l 108 629.73 l 107.88 629.73 107.76 629.61 107.64 629.49 c 107.52 629.37 l 107.64 629.01 l 108 629.01 l 107.76 629.37 l 107.52 629.25 107.28 629.13 107.04 628.89 c 106.8 628.77 106.68 628.65 106.44 628.41 c 106.68 628.17 l 106.44 628.41 l 106.32 628.29 106.2 628.17 106.08 628.05 c 106.44 627.93 l 106.2 628.05 l 106.08 627.93 106.08 627.93 105.96 627.69 c 105.96 627.69 l 105.96 627.57 105.84 627.45 105.84 627.33 c 105.84 627.33 l 105.84 627.21 105.72 627.09 105.72 626.97 c 105.72 626.73 105.96 626.61 106.08 626.49 c 106.08 626.49 l 106.2 626.37 106.32 626.37 106.44 626.25 c 106.44 626.25 l 106.56 626.13 106.68 626.13 106.8 626.01 c 106.92 626.01 l 106.92 626.01 l 106.92 626.01 107.04 626.01 107.16 625.89 c 107.16 625.89 l 107.28 625.89 107.4 625.89 107.52 625.89 c 107.52 625.89 l 107.64 625.89 107.76 625.89 108 625.77 c 108.24 625.77 l 108.6 626.61 l 108.36 626.85 l 108 626.73 l 108 626.49 l 108.36 626.61 l 108 626.49 l 108.12 626.25 108.24 625.89 108.6 625.77 c 108.6 625.77 l 108.84 625.53 109.2 625.53 109.68 625.53 c 109.68 625.53 109.8 625.53 109.92 625.65 c 110.04 625.65 110.04 625.89 110.04 625.89 c 109.32 625.89 l 109.68 625.89 l 109.44 626.13 l 109.32 625.89 l 109.68 625.89 l 109.44 626.13 l 109.68 625.89 l 109.68 626.13 l 109.44 626.13 l 109.68 625.89 l 109.68 626.13 l 109.32 626.13 109.08 626.25 108.96 626.37 c 108.96 626.37 l 108.84 626.49 108.72 626.49 108.72 626.61 c 108.72 626.61 l 108.6 626.85 l 108.48 627.81 l 107.64 626.37 l 108 626.13 l 108 626.49 l 107.88 626.49 107.76 626.49 107.64 626.61 c 107.64 626.61 l 107.52 626.61 107.4 626.61 107.4 626.61 c 107.28 626.61 l 107.04 626.73 l 107.04 626.37 l 107.16 626.73 l 107.04 626.73 106.92 626.73 106.8 626.85 c 106.8 626.85 l 106.68 626.85 106.56 626.97 106.44 627.09 c 106.44 627.09 l 106.44 627.09 l 106.32 626.97 l 106.44 626.97 l 106.44 627.09 l 106.32 626.97 l 106.44 626.97 l 106.44 626.97 106.44 627.09 106.44 627.09 c 106.44 627.09 l 106.56 627.21 106.56 627.33 106.68 627.45 c 106.68 627.45 l 106.68 627.57 106.68 627.69 106.68 627.69 c 106.8 627.69 l 106.8 627.69 l 106.8 627.81 106.8 627.81 106.92 627.93 c 106.92 627.93 l 106.92 627.93 l 107.04 628.05 107.28 628.17 107.52 628.41 c 107.52 628.41 l 107.52 628.41 l 107.64 628.53 107.88 628.65 108.12 628.65 c 108.36 628.77 l 108.24 629.37 l 107.88 629.25 l 108.12 629.01 l 108.36 629.25 l 108.36 629.25 l 108.6 629.37 l 108.6 629.37 l 108.84 629.49 l 108.6 629.85 l 108.24 629.85 l 108.36 629.25 108.36 628.77 108.36 628.29 c 108.36 627.81 108.36 627.33 108.36 626.85 c 108.36 626.73 l 108.48 626.61 l 108.84 626.37 109.2 626.25 109.68 626.25 c 109.68 626.61 l 109.44 626.37 l 109.68 626.25 l 109.68 626.61 l 109.44 626.37 l 109.68 626.61 l 109.32 626.61 l 109.44 626.37 l 109.68 626.61 l 109.32 626.61 l 109.32 625.89 l 109.68 625.89 l h 108 626.97 m 108 627.33 l 107.88 627.33 107.88 627.33 107.76 627.33 c 107.76 627.33 l 107.52 627.45 107.4 627.45 107.28 627.45 c 107.28 627.45 l 107.16 627.57 106.92 627.69 106.8 627.69 c 106.56 627.45 l 106.92 627.21 l 107.16 627.57 107.52 627.81 108.12 628.05 c 108 628.29 l 107.76 628.29 l 107.76 628.05 107.76 627.81 107.88 627.57 c 107.88 627.57 l 107.88 627.33 107.88 627.09 108 626.97 c 108.24 626.97 l 108.36 627.33 l 108.24 627.33 108.12 627.33 108 627.33 c 108 626.97 l 108 626.61 l 108 626.61 108.12 626.61 108.24 626.61 c 108.72 626.61 l 108.6 627.09 l 108.6 627.21 108.6 627.45 108.48 627.69 c 108.48 627.69 l 108.48 627.93 108.48 628.17 108.36 628.41 c 108.36 628.77 l 107.88 628.65 l 107.28 628.41 106.68 628.17 106.32 627.69 c 106.08 627.45 l 106.44 627.21 l 106.56 627.09 106.8 626.97 107.04 626.85 c 107.04 626.85 l 107.28 626.73 107.4 626.73 107.64 626.73 c 107.64 626.73 l 107.76 626.73 107.88 626.73 108 626.61 c 108 626.61 l 108 626.61 l 108 626.97 l h 108.72 630.69 m 108.96 630.93 l 108.84 631.05 108.72 631.17 108.6 631.29 c 108.6 631.29 l 108.36 631.53 l 108.12 631.77 l 107.88 631.53 l 107.76 631.29 107.64 631.17 107.52 631.17 c 107.52 631.05 107.4 630.93 107.4 630.93 c 107.16 630.69 l 107.28 630.45 l 107.4 630.33 107.52 630.21 107.64 630.09 c 107.64 630.09 l 107.76 630.09 107.88 629.97 108 629.85 c 108.24 629.61 l 108.48 629.85 l 108.72 630.09 108.84 630.33 108.96 630.57 c 109.2 630.81 l 108.96 630.93 l 108.72 630.69 l 108.48 630.93 l 108.36 630.69 108.12 630.57 108 630.33 c 108.24 630.09 l 108.36 630.33 l 108.24 630.45 108.12 630.57 108.12 630.69 c 108.12 630.69 l 107.88 630.93 l 107.64 630.69 l 107.88 630.45 l 107.88 630.45 108 630.57 108.12 630.69 c 108.12 630.69 108.24 630.81 108.48 631.05 c 108.12 631.29 l 107.88 631.05 l 108.12 630.81 l 108.12 630.81 l 108.24 630.69 108.36 630.57 108.48 630.45 c 108.72 630.69 l 108.48 630.93 l 108.72 630.69 l h 107.16 630.33 m 107.52 630.09 l 107.52 630.21 107.64 630.33 107.76 630.45 c 107.88 630.69 l 107.64 630.81 l 107.52 630.93 107.4 631.05 107.4 631.17 c 107.4 631.17 l 107.16 631.41 l 106.92 631.65 l 106.68 631.41 l 106.56 631.29 106.44 631.17 106.32 631.05 c 106.32 631.05 l 106.2 630.93 106.2 630.81 106.08 630.81 c 105.84 630.57 l 106.08 630.33 l 106.08 630.21 106.2 630.09 106.32 629.97 c 106.32 629.97 l 106.44 629.97 106.56 629.85 106.68 629.73 c 106.92 629.49 l 107.16 629.73 l 107.28 629.85 107.4 629.97 107.52 630.09 c 107.52 630.09 l 107.16 630.33 l 106.92 630.57 l 106.92 630.45 106.8 630.33 106.68 630.21 c 106.92 629.97 l 107.16 630.21 l 107.04 630.33 106.92 630.45 106.8 630.57 c 106.8 630.57 l 106.68 630.57 106.68 630.69 106.56 630.69 c 106.32 630.57 l 106.56 630.33 l 106.68 630.33 106.8 630.45 106.8 630.57 c 106.8 630.57 l 106.92 630.69 107.04 630.81 107.16 630.93 c 106.92 631.17 l 106.68 630.93 l 106.8 630.69 l 106.8 630.69 l 106.92 630.57 107.04 630.45 107.16 630.33 c 107.4 630.57 l 107.16 630.81 l 106.92 630.57 l 106.92 630.57 l 107.16 630.33 l h 114.6 626.13 m 114.72 625.77 l 115.2 625.89 115.56 626.13 115.92 626.49 c 116.16 626.85 116.28 627.33 116.28 627.69 c 116.28 628.05 116.16 628.29 115.92 628.53 c 115.68 628.29 l 115.92 628.53 l 115.8 628.77 115.68 628.89 115.44 629.01 c 115.44 629.01 l 115.44 629.01 l 115.32 629.13 115.08 629.25 114.84 629.37 c 114.72 629.37 114.48 629.49 114.36 629.49 c 113.88 629.49 113.4 629.25 112.8 628.77 c 112.8 628.77 l 112.8 628.77 l 112.32 628.41 111.72 627.81 111.24 627.09 c 111.48 626.85 l 111.6 627.21 l 111.36 627.21 l 111.36 627.21 l 111.36 627.21 l 111.24 627.33 l 111.12 626.97 l 111.36 626.85 l 111.36 626.97 111.48 627.09 111.48 627.21 c 111.48 627.21 l 111.48 627.21 l 111.6 627.33 111.6 627.45 111.72 627.57 c 111.72 627.81 l 111.6 627.93 l 111.48 628.05 111.24 628.05 111.12 628.05 c 110.88 628.17 110.64 627.93 110.52 627.81 c 110.52 627.81 l 110.52 627.69 l 110.4 627.57 l 110.4 627.57 l 110.4 627.45 l 110.4 627.45 l 110.28 627.33 110.16 627.21 110.16 627.09 c 109.92 626.97 l 109.8 626.97 109.68 626.97 109.56 626.97 c 109.44 626.97 109.32 626.97 109.2 626.85 c 109.2 626.73 109.08 626.61 109.08 626.61 c 109.08 625.89 l 109.08 625.89 109.2 625.77 109.2 625.65 c 109.32 625.53 109.44 625.53 109.56 625.53 c 109.8 625.53 110.04 625.53 110.16 625.53 c 110.16 625.53 l 110.4 625.65 110.64 625.77 110.76 625.89 c 110.52 626.13 l 110.76 625.89 l 110.88 626.01 l 110.88 626.01 l 110.88 626.01 l 110.64 626.25 l 110.52 626.01 l 110.76 625.89 111 625.77 111.24 625.77 c 111.6 625.65 111.84 625.53 112.2 625.53 c 112.2 625.53 l 112.44 625.53 112.8 625.53 113.04 625.53 c 113.64 625.53 114.12 625.53 114.72 625.77 c 114.72 625.77 l 114.6 626.13 l 114.48 626.37 l 114 626.25 113.52 626.13 113.04 626.13 c 112.8 626.13 112.56 626.13 112.2 626.25 c 112.2 626.25 l 111.96 626.25 111.72 626.25 111.48 626.37 c 111.48 626.37 l 111.24 626.49 111 626.49 110.88 626.61 c 110.64 626.73 l 110.4 626.61 l 110.28 626.49 l 110.28 626.37 l 110.28 626.37 l 110.28 626.37 l 110.28 626.37 110.16 626.25 110.04 626.25 c 110.04 626.25 l 110.04 626.25 l 109.92 626.25 109.68 626.13 109.56 626.13 c 109.56 625.89 l 109.68 626.13 l 109.56 626.13 l 109.56 625.89 l 109.68 626.13 l 109.56 625.89 l 109.8 625.89 l 109.68 626.13 l 109.56 625.89 l 109.8 625.89 l 109.8 626.61 l 109.56 626.61 l 109.68 626.37 l 109.8 626.61 l 109.56 626.61 l 109.68 626.37 l 109.56 626.61 l 109.56 626.25 l 109.68 626.37 l 109.56 626.61 l 109.56 626.25 l 109.8 626.25 109.92 626.37 110.16 626.37 c 110.28 626.37 110.52 626.49 110.64 626.61 c 110.76 626.85 110.88 626.97 111 627.21 c 111 627.21 l 111 627.21 l 111 627.33 l 111 627.33 l 111.12 627.45 l 110.76 627.57 l 111.12 627.45 l 111.12 627.45 l 111.12 627.45 l 111.36 627.69 l 111 627.81 l 111 627.69 110.88 627.57 110.88 627.45 c 110.88 627.45 l 110.88 627.33 110.76 627.21 110.76 627.09 c 110.64 626.85 l 110.88 626.73 l 111.12 626.61 l 111.12 626.61 l 111.36 626.49 l 111.6 626.37 l 111.72 626.61 l 112.32 627.33 112.8 627.93 113.28 628.29 c 113.28 628.29 l 113.76 628.65 114.12 628.77 114.36 628.77 c 114.36 628.77 114.48 628.77 114.6 628.65 c 114.72 628.65 114.84 628.53 115.08 628.41 c 115.08 628.41 l 115.2 628.29 115.32 628.17 115.44 628.05 c 115.44 628.05 l 115.44 628.05 l 115.56 627.93 115.68 627.69 115.68 627.69 c 115.68 627.45 115.56 627.21 115.32 626.97 c 115.2 626.73 114.84 626.61 114.48 626.37 c 114.48 626.37 l 114.6 626.13 l h 112.56 626.61 m 112.56 626.97 l 112.44 626.97 112.2 626.97 111.96 627.09 c 111.96 626.73 l 112.2 626.49 l 112.68 626.97 113.04 627.33 113.4 627.57 c 113.64 627.81 114 627.93 114.12 627.93 c 114.24 627.93 114.48 627.81 114.6 627.69 c 114.84 627.57 115.08 627.45 115.2 627.09 c 115.56 627.33 l 115.32 627.57 l 114.96 627.33 114.6 627.21 114.24 627.09 c 114.24 627.09 l 113.88 626.97 113.52 626.97 113.16 626.97 c 113.04 626.97 112.8 626.97 112.56 626.97 c 112.56 626.97 l 112.56 626.61 l 112.56 626.25 l 112.8 626.25 112.92 626.25 113.16 626.25 c 113.64 626.25 114 626.25 114.48 626.49 c 114.48 626.49 l 114.84 626.61 115.32 626.73 115.68 626.97 c 116.04 627.21 l 115.8 627.45 l 115.56 627.81 115.32 628.17 115.08 628.29 c 115.08 628.29 l 114.72 628.53 114.48 628.65 114.12 628.65 c 113.76 628.65 113.4 628.41 112.92 628.17 c 112.56 627.81 112.08 627.45 111.72 626.97 c 111.24 626.49 l 111.84 626.37 l 112.08 626.37 112.32 626.25 112.56 626.25 c 112.56 626.25 l 112.56 626.61 l h 118.92 624.21 m 119.16 623.97 l 119.4 624.09 119.76 624.33 120 624.69 c 120 624.69 l 120.12 625.05 120.36 625.41 120.48 625.77 c 120.12 625.89 l 120.12 625.53 l 120.72 625.53 l 120.84 625.53 120.96 625.53 120.96 625.65 c 121.08 625.77 121.08 625.89 121.08 625.89 c 121.08 626.61 l 121.08 626.61 121.08 626.73 120.96 626.85 c 120.96 626.97 120.84 626.97 120.72 626.97 c 120.24 626.97 l 120.24 626.61 l 120.48 626.61 l 120.48 626.85 120.48 627.09 120.48 627.33 c 120.48 627.33 l 120.48 627.33 l 120.48 627.57 120.36 627.69 120.36 627.93 c 120.36 627.93 l 120.36 627.93 l 120.12 628.29 120 628.65 119.76 628.89 c 119.4 629.25 119.16 629.37 118.8 629.37 c 118.44 629.37 118.2 629.25 117.96 629.01 c 117.96 629.01 l 117.96 629.01 l 117.72 628.77 117.48 628.53 117.36 628.17 c 117.36 628.17 l 117.24 627.81 117.24 627.45 117.24 627.09 c 117.24 626.73 117.24 626.37 117.48 626.13 c 117.48 626.13 l 117.72 625.89 117.96 625.77 118.32 625.65 c 118.44 626.01 l 118.32 625.65 l 118.44 625.65 118.68 625.53 118.92 625.53 c 118.92 625.53 l 119.16 625.53 119.4 625.53 119.64 625.53 c 119.64 625.89 l 119.4 626.01 l 119.16 625.77 119.04 625.53 118.8 625.41 c 118.8 625.41 l 118.8 625.41 l 118.56 625.29 118.32 625.17 117.96 625.17 c 117.72 625.17 117.6 625.17 117.48 625.17 c 117.48 625.17 l 117.24 625.17 117.12 625.29 117 625.29 c 116.76 625.41 l 116.52 624.81 l 116.4 624.57 l 116.52 624.45 l 116.76 624.33 116.88 624.21 117 624.09 c 117 624.09 l 117.24 623.97 117.48 623.85 117.6 623.85 c 117.6 623.85 l 117.84 623.73 117.96 623.73 118.2 623.73 c 118.44 623.73 118.8 623.73 119.16 623.97 c 119.16 623.97 l 118.92 624.21 l 118.8 624.57 l 118.56 624.45 118.32 624.33 118.2 624.33 c 118.08 624.33 117.96 624.45 117.84 624.45 c 117.84 624.45 l 117.72 624.45 117.48 624.57 117.36 624.69 c 117.36 624.69 l 117.36 624.69 l 117.24 624.81 117.12 624.81 117 624.93 c 116.76 624.69 l 117.12 624.57 l 117.24 624.81 l 116.88 624.93 l 116.76 624.69 l 117 624.57 117.12 624.57 117.36 624.57 c 117.36 624.57 l 117.6 624.45 117.72 624.45 117.96 624.45 c 118.32 624.45 118.8 624.57 119.16 624.81 c 119.16 624.81 l 119.52 625.05 119.76 625.29 120 625.65 c 120.24 626.13 l 119.64 626.25 l 119.4 626.25 119.16 626.25 118.92 626.25 c 118.92 626.25 l 118.8 626.25 118.56 626.25 118.56 626.37 c 118.56 626.37 l 118.44 626.37 l 118.2 626.37 118.08 626.49 117.96 626.61 c 117.96 626.61 l 117.96 626.73 117.84 626.85 117.84 627.09 c 117.84 627.33 117.96 627.57 118.08 627.93 c 118.08 628.17 118.32 628.41 118.44 628.53 c 118.2 628.77 l 118.44 628.53 l 118.56 628.65 118.68 628.65 118.8 628.65 c 118.92 628.65 119.04 628.65 119.16 628.41 c 119.4 628.29 119.52 628.05 119.64 627.69 c 119.64 627.69 l 119.76 627.57 119.76 627.33 119.76 627.21 c 119.88 626.97 119.88 626.85 119.88 626.61 c 119.88 626.25 l 120.72 626.25 l 120.72 626.61 l 120.48 626.37 l 120.72 626.25 l 120.72 626.61 l 120.48 626.37 l 120.72 626.61 l 120.48 626.61 l 120.48 626.37 l 120.72 626.61 l 120.48 626.61 l 120.48 625.89 l 120.72 625.89 l 120.48 626.13 l 120.48 625.89 l 120.72 625.89 l 120.48 626.13 l 120.72 625.89 l 120.72 626.13 l 120.48 626.13 l 120.72 625.89 l 120.72 626.13 l 119.88 626.13 l 119.76 625.89 l 119.64 625.65 119.52 625.29 119.4 625.05 c 119.4 625.05 l 119.16 624.81 119.04 624.69 118.8 624.57 c 118.8 624.57 l 118.8 624.57 l 118.92 624.21 l h 119.16 626.73 m 119.16 626.97 l 119.04 627.09 118.92 627.09 118.8 627.09 c 118.8 626.73 l 118.8 627.09 l 118.56 627.09 118.44 627.21 118.32 627.21 c 118.32 627.21 l 118.32 627.33 118.2 627.33 118.2 627.45 c 118.32 627.57 l 117.96 627.69 l 118.32 627.57 l 118.44 627.81 l 118.44 627.81 l 118.68 627.81 l 118.68 627.81 118.8 627.81 118.92 627.69 c 118.92 627.69 l 119.04 627.57 119.04 627.45 119.16 627.33 c 119.16 627.33 l 119.28 627.09 119.4 626.85 119.4 626.61 c 119.76 626.61 l 119.76 626.97 l 119.52 626.97 119.4 626.97 119.16 626.97 c 119.16 626.73 l 119.16 626.37 l 119.28 626.37 119.52 626.37 119.76 626.25 c 120.24 626.25 l 120.12 626.73 l 120 627.09 119.88 627.33 119.76 627.57 c 119.64 627.81 119.52 628.05 119.28 628.29 c 119.28 628.29 l 119.16 628.41 118.92 628.53 118.68 628.53 c 118.44 628.53 118.2 628.41 118.08 628.29 c 118.08 628.29 l 117.96 628.17 117.84 628.05 117.72 627.93 c 117.72 627.93 l 117.72 627.93 l 117.6 627.69 117.6 627.57 117.6 627.45 c 117.6 627.09 117.72 626.85 117.96 626.61 c 117.96 626.61 l 118.2 626.49 118.44 626.49 118.68 626.37 c 118.68 626.37 l 118.68 626.37 l 118.8 626.37 119.04 626.37 119.16 626.37 c 119.16 626.73 l h 122.28 626.37 m 122.64 626.13 l 122.76 626.37 122.88 626.61 122.88 626.73 c 122.88 626.73 l 123 626.97 123 627.09 123 627.33 c 123 627.45 123 627.57 123 627.69 c 123 627.69 l 123 627.69 l 123 627.81 122.88 628.05 122.88 628.17 c 122.52 628.17 l 122.88 628.17 l 122.76 628.41 122.76 628.65 122.76 628.89 c 122.76 628.89 l 122.64 629.01 122.64 629.25 122.64 629.37 c 122.52 629.73 l 122.16 629.61 l 121.92 629.49 121.68 629.25 121.56 629.13 c 121.44 628.89 121.32 628.65 121.32 628.41 c 121.32 628.29 121.32 628.29 121.32 628.17 c 121.32 628.17 l 121.44 628.05 121.44 627.93 121.56 627.69 c 121.8 627.93 l 121.56 627.81 l 121.56 627.57 121.68 627.45 121.68 627.33 c 121.68 627.33 l 121.8 627.09 121.8 626.97 121.92 626.85 c 122.16 626.97 l 122.04 627.21 l 121.92 627.21 121.68 627.09 121.44 627.09 c 121.44 627.09 l 121.08 626.97 120.84 626.97 120.6 626.97 c 120.6 626.97 120.48 626.97 120.36 626.85 c 120.24 626.73 120.24 626.61 120.24 626.61 c 120.24 625.89 l 120.24 625.89 120.24 625.77 120.36 625.65 c 120.48 625.53 120.6 625.53 120.6 625.53 c 121.32 625.53 121.92 625.65 122.52 626.01 c 122.64 626.13 l 122.64 626.13 l 122.28 626.37 l 122.16 626.61 l 121.68 626.37 121.2 626.25 120.6 626.13 c 120.6 625.89 l 120.84 626.13 l 120.6 626.13 l 120.6 625.89 l 120.84 626.13 l 120.6 625.89 l 120.96 625.89 l 120.84 626.13 l 120.6 625.89 l 120.96 625.89 l 120.96 626.61 l 120.6 626.61 l 120.84 626.37 l 120.96 626.61 l 120.6 626.61 l 120.84 626.37 l 120.6 626.61 l 120.6 626.25 l 120.84 626.37 l 120.6 626.61 l 120.6 626.25 l 120.96 626.25 121.2 626.37 121.56 626.37 c 121.8 626.49 122.16 626.49 122.28 626.61 c 122.64 626.73 l 122.52 627.09 l 122.52 627.21 122.4 627.33 122.4 627.57 c 122.4 627.57 l 122.28 627.69 122.16 627.81 122.16 628.05 c 122.16 628.05 l 122.16 628.05 l 122.04 628.17 122.04 628.29 122.04 628.29 c 122.04 628.29 l 122.04 628.41 l 122.04 628.53 122.04 628.53 122.16 628.65 c 122.16 628.77 122.28 628.89 122.52 629.01 c 122.28 629.25 l 121.92 629.25 l 122.04 629.13 122.04 628.89 122.04 628.77 c 122.04 628.77 l 122.04 628.53 122.16 628.29 122.16 628.05 c 122.16 628.05 l 122.16 628.05 l 122.28 627.93 122.28 627.69 122.28 627.57 c 122.28 627.45 122.28 627.33 122.28 627.33 c 122.28 627.21 122.28 627.09 122.28 626.97 c 122.28 626.97 l 122.16 626.85 122.16 626.73 122.04 626.49 c 122.28 626.37 l 122.16 626.61 l 122.28 626.37 l h 122.16 624.33 m 122.52 624.09 l 122.52 624.21 122.64 624.33 122.76 624.45 c 122.88 624.69 l 122.76 624.81 l 122.52 625.05 122.28 625.29 122.16 625.41 c 121.8 625.77 l 121.56 625.41 l 121.56 625.29 121.44 625.29 121.32 625.17 c 121.32 625.17 l 121.2 625.05 121.08 624.93 120.96 624.81 c 120.72 624.57 l 120.96 624.33 l 121.08 624.21 121.2 624.09 121.32 623.97 c 121.32 623.97 l 121.44 623.85 121.56 623.73 121.68 623.61 c 121.92 623.49 l 122.16 623.73 l 122.28 623.85 122.4 623.97 122.52 624.09 c 122.52 624.09 l 122.52 624.09 l 122.16 624.33 l 121.92 624.57 l 121.92 624.45 121.8 624.33 121.68 624.21 c 121.92 623.97 l 122.04 624.21 l 121.92 624.33 121.8 624.45 121.8 624.45 c 121.8 624.45 l 121.68 624.57 121.56 624.69 121.44 624.81 c 121.2 624.57 l 121.44 624.33 l 121.56 624.45 121.68 624.57 121.8 624.69 c 121.8 624.69 l 121.8 624.69 l 121.92 624.81 122.04 624.93 122.16 624.93 c 121.92 625.17 l 121.56 624.93 l 121.8 624.81 122.04 624.57 122.28 624.33 c 122.52 624.57 l 122.16 624.81 l 122.16 624.69 122.04 624.57 121.92 624.57 c 121.92 624.57 l 122.16 624.33 l h f 
0.141 0.125 0.129 sc 109.68 625.89 m 109.32 625.89 108.96 625.89 108.72 626.01 c 108.6 626.13 108.36 626.37 108.36 626.61 c 108.36 626.85 l 108 626.13 l 107.76 626.13 107.64 626.25 107.52 626.25 c 107.4 626.25 107.28 626.25 107.28 626.25 c 107.16 626.25 107.04 626.37 107.04 626.37 c 106.92 626.37 106.68 626.49 106.56 626.49 c 106.44 626.61 106.32 626.73 106.32 626.73 c 106.2 626.85 106.08 626.97 106.08 626.97 c 106.08 627.09 106.08 627.09 106.2 627.21 c 106.2 627.33 106.2 627.45 106.32 627.57 c 106.32 627.69 106.44 627.81 106.44 627.93 c 106.44 627.93 106.56 628.05 106.68 628.17 c 106.8 628.29 107.04 628.53 107.28 628.65 c 107.52 628.77 107.76 628.89 108 629.01 c 107.88 629.25 l 108 629.37 108.12 629.37 108.12 629.49 c 108.24 629.49 108.36 629.61 108.36 629.61 c 108.48 629.73 108.6 629.73 108.6 629.85 c 108.6 629.25 108.6 628.77 108.72 628.29 c 108.72 627.81 108.72 627.33 108.72 626.85 c 108.96 626.73 109.32 626.61 109.68 626.61 c 109.68 626.61 109.68 626.61 109.68 626.61 c 109.68 625.89 l 109.68 625.89 109.68 625.89 109.68 625.89 c h 108.24 626.97 m 108.24 627.21 108.24 627.45 108.12 627.69 c 108.12 627.81 108.12 628.05 108 628.29 c 107.4 628.17 106.92 627.81 106.56 627.45 c 106.8 627.33 106.92 627.21 107.16 627.21 c 107.28 627.09 107.52 627.09 107.64 627.09 c 107.76 627.09 107.88 626.97 108 626.97 c 108.12 626.97 108.12 626.97 108.24 626.97 c h 108.24 630.09 m 108.12 630.21 108 630.33 107.88 630.33 c 107.76 630.45 107.64 630.57 107.64 630.69 c 107.64 630.69 107.76 630.81 107.88 630.93 c 107.88 630.93 108 631.05 108.12 631.29 c 108.24 631.17 108.24 631.17 108.36 631.05 c 108.48 630.93 108.6 630.81 108.72 630.69 c 108.6 630.57 108.48 630.33 108.24 630.09 c h 106.92 629.97 m 106.8 630.09 106.68 630.21 106.56 630.21 c 106.44 630.33 106.44 630.45 106.32 630.57 c 106.44 630.57 106.44 630.69 106.56 630.81 c 106.68 630.93 106.8 631.05 106.92 631.17 c 106.92 631.05 107.04 631.05 107.04 630.93 c 107.16 630.81 107.28 630.69 107.4 630.57 c 107.4 630.45 107.28 630.45 107.16 630.33 c 107.16 630.21 107.04 630.09 106.92 629.97 c h f 
113.04 625.77 m 112.8 625.77 112.56 625.89 112.2 625.89 c 111.96 625.89 111.6 626.01 111.36 626.01 c 111.12 626.13 110.88 626.25 110.64 626.25 c 110.64 626.25 110.64 626.25 110.64 626.25 c 110.64 626.25 110.52 626.13 110.52 626.13 c 110.4 626.01 110.28 626.01 110.16 625.89 c 109.92 625.89 109.8 625.89 109.56 625.89 c 109.44 625.89 109.44 625.89 109.44 625.89 c 109.44 626.61 l 109.44 626.61 109.44 626.61 109.56 626.61 c 109.68 626.61 109.92 626.61 110.04 626.73 c 110.16 626.73 110.28 626.85 110.4 626.85 c 110.4 626.97 110.52 627.09 110.64 627.33 c 110.64 627.33 110.76 627.45 110.76 627.45 c 110.76 627.45 110.76 627.57 110.76 627.57 c 110.88 627.69 111 627.81 111.12 627.81 c 111.24 627.81 111.24 627.69 111.36 627.69 c 111.24 627.57 111.24 627.45 111.24 627.33 c 111.12 627.21 111.12 627.09 111.12 626.97 c 111.12 626.97 111.24 626.97 111.24 626.85 c 111.36 626.85 111.36 626.85 111.48 626.85 c 112.08 627.57 112.56 628.17 113.04 628.53 c 113.52 628.89 114 629.13 114.36 629.13 c 114.48 629.13 114.6 629.13 114.72 629.01 c 114.96 628.89 115.08 628.89 115.2 628.77 c 115.44 628.65 115.56 628.41 115.68 628.29 c 115.92 628.05 115.92 627.93 115.92 627.69 c 115.92 627.33 115.8 627.09 115.56 626.73 c 115.44 626.49 115.08 626.25 114.6 626.13 c 114.12 625.89 113.64 625.77 113.04 625.77 c h 113.16 626.61 m 113.52 626.61 114 626.61 114.36 626.73 c 114.72 626.85 115.08 627.09 115.56 627.33 c 115.32 627.57 115.08 627.81 114.84 628.05 c 114.6 628.17 114.36 628.29 114.12 628.29 c 113.88 628.29 113.52 628.17 113.16 627.93 c 112.8 627.57 112.32 627.21 111.96 626.73 c 112.2 626.73 112.32 626.61 112.56 626.61 c 112.8 626.61 112.92 626.61 113.16 626.61 c h f 
118.2 624.09 m 118.08 624.09 117.84 624.09 117.72 624.09 c 117.6 624.21 117.36 624.21 117.24 624.33 c 117 624.45 116.88 624.57 116.76 624.69 c 116.88 624.93 l 117.12 624.93 117.24 624.93 117.36 624.81 c 117.6 624.81 117.72 624.81 117.96 624.81 c 118.32 624.81 118.68 624.93 118.92 625.05 c 119.28 625.29 119.52 625.53 119.64 625.89 c 119.4 625.89 119.16 625.89 118.92 625.89 c 118.68 625.89 118.56 626.01 118.44 626.01 c 118.08 626.13 117.84 626.25 117.72 626.37 c 117.6 626.49 117.48 626.73 117.48 627.09 c 117.48 627.45 117.6 627.69 117.72 628.05 c 117.84 628.29 117.96 628.53 118.2 628.77 c 118.44 628.89 118.56 629.01 118.8 629.01 c 119.04 629.01 119.28 628.89 119.52 628.65 c 119.64 628.53 119.88 628.17 120 627.81 c 120 627.57 120.12 627.45 120.12 627.21 c 120.12 627.09 120.24 626.85 120.24 626.61 c 120.72 626.61 l 120.72 626.61 120.72 626.61 120.72 626.61 c 120.72 625.89 l 120.72 625.89 120.72 625.89 120.72 625.89 c 120.12 625.89 l 120 625.53 119.88 625.17 119.64 624.93 c 119.52 624.57 119.28 624.45 118.92 624.21 c 118.68 624.09 118.44 624.09 118.2 624.09 c h 119.76 626.61 m 119.76 626.97 119.64 627.21 119.52 627.45 c 119.4 627.69 119.28 627.81 119.16 627.93 c 118.92 628.05 118.8 628.17 118.68 628.17 c 118.56 628.17 118.44 628.17 118.32 628.05 c 118.2 627.93 118.08 627.81 117.96 627.69 c 117.96 627.57 117.96 627.45 117.96 627.45 c 117.96 627.21 117.96 627.09 118.08 626.97 c 118.32 626.85 118.44 626.73 118.8 626.73 c 118.92 626.73 119.04 626.73 119.16 626.73 c 119.28 626.73 119.52 626.61 119.76 626.61 c h f 
120.6 625.89 m 120.6 625.89 120.6 625.89 120.6 625.89 c 120.6 626.61 l 120.6 626.61 120.6 626.61 120.6 626.61 c 120.96 626.61 121.2 626.73 121.44 626.73 c 121.8 626.85 122.04 626.85 122.16 626.97 c 122.16 627.09 122.04 627.21 122.04 627.45 c 121.92 627.57 121.92 627.69 121.8 627.93 c 121.8 628.05 121.68 628.17 121.68 628.29 c 121.68 628.29 121.68 628.41 121.68 628.41 c 121.68 628.65 121.68 628.77 121.8 628.89 c 121.92 629.01 122.16 629.13 122.28 629.25 c 122.28 629.13 122.4 629.01 122.4 628.77 c 122.4 628.65 122.52 628.41 122.52 628.17 c 122.52 627.93 122.64 627.81 122.64 627.69 c 122.64 627.45 122.64 627.33 122.64 627.33 c 122.64 627.21 122.64 627.09 122.52 626.85 c 122.52 626.73 122.4 626.49 122.28 626.37 c 121.8 626.01 121.2 625.89 120.6 625.89 c h 121.92 623.97 m 121.8 624.09 121.56 624.21 121.56 624.21 c 121.44 624.33 121.32 624.45 121.2 624.57 c 121.32 624.69 121.44 624.81 121.56 624.93 c 121.68 625.05 121.8 625.05 121.92 625.17 c 122.04 625.05 122.28 624.81 122.52 624.57 c 122.4 624.45 122.28 624.45 122.16 624.33 c 122.16 624.21 122.04 624.09 121.92 623.97 c h f 
q 1 1 1 sc 127.08 626.85 m 127.08 626.85 l 126.96 626.85 l 126.96 626.85 l h W* n
0.24 0 0 0.12 126.96 626.73 cm /Im41 Do Q 
1 1 1 sc 126.12 626.25 m 125.88 625.89 l 126.36 625.53 126.96 625.41 127.56 625.41 c 128.28 625.41 128.88 625.53 129.36 626.01 c 129.72 626.49 130.08 627.09 129.96 627.69 c 130.08 628.17 129.84 628.53 129.6 628.89 c 129.36 629.25 129 629.49 128.52 629.61 c 128.52 629.25 l 128.64 628.89 l 129 629.13 129.24 629.37 129.48 629.61 c 129.6 629.85 129.72 630.21 129.72 630.57 c 129.72 630.93 129.6 631.29 129.48 631.53 c 129.48 631.53 l 129.24 631.89 129 632.13 128.64 632.25 c 128.64 632.25 l 128.28 632.49 127.92 632.49 127.56 632.49 c 126.96 632.49 126.48 632.37 126 632.01 c 125.64 631.65 125.4 631.17 125.28 630.57 c 125.16 630.33 l 126.72 629.97 l 126.72 630.33 l 126.72 630.69 126.84 630.93 126.96 631.05 c 126.96 631.05 l 126.96 631.05 l 127.2 631.17 127.32 631.17 127.56 631.17 c 127.8 631.17 127.92 631.17 128.04 631.05 c 128.04 631.05 l 128.04 631.05 l 128.16 630.93 128.16 630.81 128.28 630.57 c 128.16 630.33 128.16 630.21 128.04 630.09 c 127.92 630.09 l 128.04 630.09 l 127.8 629.97 127.56 629.85 127.32 629.85 c 127.2 629.85 l 126.84 629.85 l 126.72 628.89 l 126.6 628.41 l 127.2 628.53 l 127.32 628.53 127.56 628.53 127.56 628.53 c 127.92 628.53 128.04 628.53 128.28 628.29 c 128.4 628.17 128.52 627.93 128.52 627.69 c 128.52 627.33 128.4 627.21 128.28 626.97 c 128.04 626.73 127.8 626.73 127.56 626.73 c 127.32 626.73 127.2 626.73 126.96 626.85 c 126.96 626.85 l 126.96 626.85 l 126.84 626.97 126.72 627.21 126.6 627.69 c 126.6 627.93 l 125.16 627.81 l 125.16 627.45 l 125.28 626.85 125.52 626.37 125.88 625.89 c 126.12 626.25 l 126.36 626.49 l 126.12 626.73 125.88 627.09 125.88 627.57 c 125.52 627.45 l 125.52 627.21 l 126.36 627.21 l 126.36 627.57 l 126 627.57 l 126.12 627.09 126.24 626.61 126.48 626.37 c 126.84 626.13 127.2 626.01 127.56 626.01 c 128.04 626.01 128.4 626.13 128.76 626.49 c 129 626.85 129.24 627.21 129.24 627.69 c 129.24 628.05 129 628.53 128.76 628.77 c 128.4 629.13 128.04 629.25 127.56 629.25 c 127.44 629.25 127.2 629.25 126.96 629.13 c 127.08 628.77 l 127.44 628.77 l 127.44 629.49 l 127.2 629.49 l 127.08 629.13 l 127.32 629.13 l 127.68 629.13 128.04 629.25 128.4 629.49 c 128.76 629.73 128.88 630.09 128.88 630.57 c 128.88 630.93 128.76 631.29 128.52 631.53 c 128.28 631.77 127.92 631.89 127.56 631.89 c 127.2 631.89 126.84 631.77 126.48 631.53 c 126.24 631.29 126.12 630.93 126 630.45 c 126.36 630.45 l 126.48 630.81 l 125.64 630.93 l 125.64 630.57 l 126 630.45 l 126 630.93 126.24 631.29 126.48 631.53 c 126.72 631.77 127.08 631.89 127.56 631.89 c 127.8 631.89 128.04 631.77 128.28 631.65 c 128.28 631.65 l 128.52 631.53 128.76 631.41 128.88 631.17 c 128.88 631.17 l 129 630.93 129 630.81 129 630.57 c 129 630.33 129 630.21 128.88 629.97 c 128.76 629.85 128.64 629.73 128.4 629.61 c 127.44 629.13 l 128.4 628.89 l 128.76 628.89 128.88 628.77 129.12 628.53 c 129.24 628.29 129.36 628.05 129.36 627.69 c 129.36 627.21 129.12 626.85 128.88 626.49 c 128.88 626.49 l 128.52 626.25 128.04 626.01 127.56 626.01 c 127.08 626.01 126.72 626.13 126.36 626.49 c 126.12 626.25 l h 133.8 631.77 m 134.04 632.01 l 133.68 632.37 133.2 632.49 132.6 632.49 c 131.88 632.49 131.16 632.25 130.68 631.65 c 130.68 631.65 l 130.2 631.05 129.96 630.09 129.96 628.77 c 129.96 627.69 130.2 626.73 130.68 626.25 c 131.16 625.65 131.76 625.41 132.48 625.41 c 132.96 625.41 133.32 625.53 133.68 625.65 c 134.04 625.89 134.4 626.25 134.52 626.61 c 134.76 626.97 134.88 627.45 134.88 627.93 c 134.88 628.53 134.64 629.13 134.16 629.61 c 133.8 630.09 133.2 630.33 132.6 630.33 c 132.24 630.33 131.88 630.21 131.64 630.09 c 131.28 629.85 131.04 629.61 130.8 629.25 c 131.04 629.13 l 131.4 629.13 l 131.4 629.73 131.52 630.21 131.64 630.45 c 131.76 630.69 131.88 630.93 132.12 631.05 c 132.12 631.05 l 132.12 631.05 l 132.24 631.17 132.36 631.17 132.6 631.17 c 132.72 631.17 132.96 631.17 133.08 630.93 c 133.32 631.17 l 133.08 630.93 l 133.08 630.93 133.2 630.81 133.32 630.45 c 133.32 630.21 l 134.76 630.33 l 134.76 630.69 l 134.64 631.17 134.4 631.65 134.04 632.01 c 133.56 631.53 l 133.8 631.29 134.04 631.05 134.04 630.57 c 134.4 630.57 l 134.4 630.93 l 133.56 630.93 l 133.56 630.57 l 133.92 630.69 l 133.92 630.93 133.8 631.29 133.56 631.41 c 133.56 631.41 l 133.56 631.41 l 133.32 631.77 132.96 631.89 132.6 631.89 c 132.24 631.89 131.88 631.77 131.64 631.65 c 131.64 631.65 l 131.4 631.41 131.16 631.05 131.04 630.69 c 130.8 630.33 130.8 629.73 130.8 629.13 c 130.68 627.93 l 131.4 628.89 l 131.52 629.13 131.76 629.37 131.88 629.37 c 131.88 629.37 l 131.88 629.37 l 132.12 629.49 132.36 629.61 132.6 629.61 c 133.08 629.61 133.44 629.49 133.68 629.13 c 133.68 629.13 l 134.04 628.77 134.16 628.41 134.16 627.93 c 134.16 627.57 134.04 627.21 133.92 626.97 c 133.92 626.97 l 133.92 626.97 l 133.8 626.61 133.56 626.37 133.32 626.25 c 133.32 626.25 l 133.08 626.13 132.84 626.01 132.48 626.01 c 132 626.01 131.52 626.25 131.16 626.61 c 131.16 626.61 l 130.92 626.97 130.68 627.69 130.68 628.77 c 130.68 629.97 130.92 630.81 131.28 631.29 c 131.28 631.29 l 131.64 631.65 132 631.89 132.6 631.89 c 133.08 631.89 133.32 631.77 133.56 631.53 c 133.56 631.53 l 133.8 631.77 l h 131.64 628.89 m 131.88 628.65 l 132 628.77 132.24 628.89 132.48 628.89 c 132.72 628.89 132.96 628.77 133.08 628.65 c 133.08 628.65 l 133.32 628.41 133.32 628.17 133.32 627.81 c 133.32 627.45 133.32 627.21 133.08 626.97 c 132.96 626.73 132.72 626.73 132.48 626.73 c 132.36 626.73 132.24 626.73 132 626.85 c 132 626.85 l 131.88 626.97 131.76 627.09 131.64 627.21 c 131.64 627.45 131.52 627.69 131.52 627.93 c 131.52 628.17 131.64 628.41 131.88 628.65 c 131.28 629.13 l 131.04 628.77 130.92 628.41 130.92 627.93 c 130.92 627.57 130.92 627.21 131.04 626.97 c 131.04 626.97 l 131.16 626.61 131.4 626.37 131.64 626.25 c 131.64 626.25 l 131.88 626.13 132.24 626.01 132.48 626.01 c 132.96 626.01 133.32 626.25 133.56 626.49 c 133.92 626.85 134.04 627.33 134.04 627.81 c 134.04 628.29 133.92 628.77 133.56 629.13 c 133.56 629.13 l 133.56 629.13 l 133.32 629.37 132.96 629.61 132.48 629.61 c 132 629.61 131.64 629.37 131.28 629.13 c 131.64 628.89 l h f 
0.141 0.125 0.129 sc 125.52 627.45 m 126.36 627.57 l 126.36 627.21 126.6 626.85 126.72 626.61 c 126.96 626.49 127.2 626.37 127.56 626.37 c 127.92 626.37 128.28 626.49 128.52 626.73 c 128.76 626.97 128.88 627.33 128.88 627.69 c 128.88 628.05 128.76 628.29 128.52 628.53 c 128.28 628.77 127.92 628.89 127.56 628.89 c 127.44 628.89 127.32 628.89 127.08 628.89 c 127.2 629.49 l 127.2 629.49 127.2 629.49 127.32 629.49 c 127.56 629.49 127.92 629.61 128.16 629.73 c 128.4 629.97 128.52 630.21 128.52 630.57 c 128.52 630.81 128.52 631.05 128.28 631.29 c 128.04 631.41 127.8 631.53 127.56 631.53 c 127.2 631.53 126.96 631.41 126.72 631.29 c 126.6 631.05 126.48 630.81 126.36 630.45 c 125.64 630.57 l 125.76 631.05 125.88 631.53 126.24 631.77 c 126.6 632.01 126.96 632.25 127.56 632.25 c 127.92 632.25 128.16 632.13 128.52 632.01 c 128.76 631.77 129 631.65 129.12 631.41 c 129.24 631.17 129.36 630.81 129.36 630.57 c 129.36 630.33 129.24 630.09 129.12 629.85 c 129 629.61 128.76 629.37 128.52 629.25 c 128.88 629.13 129.12 629.01 129.36 628.77 c 129.6 628.41 129.72 628.17 129.72 627.69 c 129.72 627.09 129.48 626.73 129.12 626.25 c 128.64 625.89 128.16 625.77 127.56 625.77 c 126.96 625.77 126.48 625.89 126.12 626.25 c 125.76 626.49 125.64 626.97 125.52 627.45 c h f 
134.4 630.57 m 133.68 630.57 l 133.56 630.81 133.44 631.05 133.32 631.17 c 133.08 631.41 132.84 631.53 132.6 631.53 c 132.36 631.53 132.12 631.53 131.88 631.41 c 131.64 631.17 131.4 630.93 131.28 630.57 c 131.16 630.21 131.04 629.73 131.04 629.13 c 131.28 629.37 131.52 629.61 131.76 629.73 c 132 629.85 132.36 629.97 132.6 629.97 c 133.2 629.97 133.56 629.73 133.92 629.37 c 134.28 629.01 134.52 628.53 134.52 627.93 c 134.52 627.45 134.4 627.09 134.28 626.73 c 134.04 626.37 133.8 626.13 133.56 626.01 c 133.2 625.77 132.96 625.77 132.48 625.77 c 131.88 625.77 131.4 626.01 130.92 626.37 c 130.56 626.85 130.32 627.69 130.32 628.77 c 130.32 629.97 130.56 630.93 131.04 631.53 c 131.4 632.01 131.88 632.25 132.6 632.25 c 133.08 632.25 133.56 632.01 133.8 631.77 c 134.16 631.53 134.28 631.17 134.4 630.57 c h 131.16 627.93 m 131.16 627.57 131.28 627.33 131.4 627.09 c 131.52 626.85 131.64 626.73 131.88 626.49 c 132.12 626.37 132.24 626.37 132.48 626.37 c 132.84 626.37 133.08 626.49 133.32 626.73 c 133.56 626.97 133.68 627.33 133.68 627.81 c 133.68 628.29 133.56 628.65 133.32 628.89 c 133.08 629.13 132.84 629.25 132.48 629.25 c 132.12 629.25 131.88 629.13 131.64 628.89 c 131.28 628.65 131.16 628.29 131.16 627.93 c h f 
q 0.12 0 0 -0.12 0 841.89 cm 7 w 0 J 0 j 4 M 0.141 0.125 0.129 SC 1471 1801 m 1471 1753 l S Q 
q 0.12 0 0 -0.12 0 841.89 cm 7 w 0 J 0 j 4 M 0.141 0.125 0.129 SC 1474 1777 m 1149 1777 l S Q 
q 0.12 0 0 -0.12 0 841.89 cm 7 w 0 J 0 j 4 M 0.141 0.125 0.129 SC 530 1801 m 530 1753 l S Q 
q 0.12 0 0 -0.12 0 841.89 cm 7 w 0 J 0 j 4 M 0.141 0.125 0.129 SC 528 1777 m 853 1777 l S Q 
1 w 0.141 0.125 0.129 sc 54.84 623.01 m 60.6 623.01 l 60.6 622.17 l 54.84 622.17 l h f 
54.84 537.33 m 60.6 537.33 l 60.6 536.49 l 54.84 536.49 l h f 
q 0.12 0 0 -0.12 0 841.89 cm 7 w 0 J 0 j 4 M 0.141 0.125 0.129 SC 481 2328 m 481 2544 l S Q 
q 0.12 0 0 -0.12 0 841.89 cm 7 w 0 J 0 j 4 M 0.141 0.125 0.129 SC 481 1826 m 481 2024 l S Q 
q 60.6 558.33 118.68 66.84 re W* n
118.68 0 0 66.84 60.6 558.33 cm /Im42 Do Q 
q 60.6 525.09 118.68 33.36 re W* n
118.68 0 0 33.36 60.6 525.09 cm /Im43 Do Q 
q 117.6 623.37 5.4 1.32 re W* n
5.4 0 0 1.32 117.6 623.37 cm /Im44 Do Q 
q 106.2 623.85 16.56 1.32 re W* n
16.56 0 0 1.32 106.2 623.85 cm /Im46 Do Q 
q 116.76 623.97 4.08 1.2 re W* n
1 w 0.141 0.125 0.129 sc 118.2 624.09 m 118.08 624.09 117.84 624.09 117.72 624.09 c 117.6 624.21 117.36 624.21 117.24 624.33 c 117 624.45 116.88 624.57 116.76 624.69 c 116.88 624.93 l 117.12 624.93 117.24 624.93 117.36 624.81 c 117.6 624.81 117.72 624.81 117.96 624.81 c 118.32 624.81 118.68 624.93 118.92 625.05 c 119.28 625.29 119.52 625.53 119.64 625.89 c 119.4 625.89 119.16 625.89 118.92 625.89 c 118.68 625.89 118.56 626.01 118.44 626.01 c 118.08 626.13 117.84 626.25 117.72 626.37 c 117.6 626.49 117.48 626.73 117.48 627.09 c 117.48 627.45 117.6 627.69 117.72 628.05 c 117.84 628.29 117.96 628.53 118.2 628.77 c 118.44 628.89 118.56 629.01 118.8 629.01 c 119.04 629.01 119.28 628.89 119.52 628.65 c 119.64 628.53 119.88 628.17 120 627.81 c 120 627.57 120.12 627.45 120.12 627.21 c 120.12 627.09 120.24 626.85 120.24 626.61 c 120.72 626.61 l 120.72 626.61 120.72 626.61 120.72 626.61 c 120.72 625.89 l 120.72 625.89 120.72 625.89 120.72 625.89 c 120.12 625.89 l 120 625.53 119.88 625.17 119.64 624.93 c 119.52 624.57 119.28 624.45 118.92 624.21 c 118.68 624.09 118.44 624.09 118.2 624.09 c h 119.76 626.61 m 119.76 626.97 119.64 627.21 119.52 627.45 c 119.4 627.69 119.28 627.81 119.16 627.93 c 118.92 628.05 118.8 628.17 118.68 628.17 c 118.56 628.17 118.44 628.17 118.32 628.05 c 118.2 627.93 118.08 627.81 117.96 627.69 c 117.96 627.57 117.96 627.45 117.96 627.45 c 117.96 627.21 117.96 627.09 118.08 626.97 c 118.32 626.85 118.44 626.73 118.8 626.73 c 118.92 626.73 119.04 626.73 119.16 626.73 c 119.28 626.73 119.52 626.61 119.76 626.61 c h f Q 
q 120.6 623.85 2.16 1.32 re W* n
1 w 0.141 0.125 0.129 sc 120.6 625.89 m 120.6 625.89 120.6 625.89 120.6 625.89 c 120.6 626.61 l 120.6 626.61 120.6 626.61 120.6 626.61 c 120.96 626.61 121.2 626.73 121.44 626.73 c 121.8 626.85 122.04 626.85 122.16 626.97 c 122.16 627.09 122.04 627.21 122.04 627.45 c 121.92 627.57 121.92 627.69 121.8 627.93 c 121.8 628.05 121.68 628.17 121.68 628.29 c 121.68 628.29 121.68 628.41 121.68 628.41 c 121.68 628.65 121.68 628.77 121.8 628.89 c 121.92 629.01 122.16 629.13 122.28 629.25 c 122.28 629.13 122.4 629.01 122.4 628.77 c 122.4 628.65 122.52 628.41 122.52 628.17 c 122.52 627.93 122.64 627.81 122.64 627.69 c 122.64 627.45 122.64 627.33 122.64 627.33 c 122.64 627.21 122.64 627.09 122.52 626.85 c 122.52 626.73 122.4 626.49 122.28 626.37 c 121.8 626.01 121.2 625.89 120.6 625.89 c h 121.92 623.97 m 121.8 624.09 121.56 624.21 121.56 624.21 c 121.44 624.33 121.32 624.45 121.2 624.57 c 121.32 624.69 121.44 624.81 121.56 624.93 c 121.68 625.05 121.8 625.05 121.92 625.17 c 122.04 625.05 122.28 624.81 122.52 624.57 c 122.4 624.45 122.28 624.45 122.16 624.33 c 122.16 624.21 122.04 624.09 121.92 623.97 c h f Q 
q 116.4 623.85 6.36 1.32 re W* n
6.36 0 0 1.32 116.4 623.85 cm /Im48 Do Q 
q 116.76 623.97 4.08 1.2 re W* n
1 w 0.141 0.125 0.129 sc 118.2 624.09 m 118.08 624.09 117.84 624.09 117.72 624.09 c 117.6 624.21 117.36 624.21 117.24 624.33 c 117 624.45 116.88 624.57 116.76 624.69 c 116.88 624.93 l 117.12 624.93 117.24 624.93 117.36 624.81 c 117.6 624.81 117.72 624.81 117.96 624.81 c 118.32 624.81 118.68 624.93 118.92 625.05 c 119.28 625.29 119.52 625.53 119.64 625.89 c 119.4 625.89 119.16 625.89 118.92 625.89 c 118.68 625.89 118.56 626.01 118.44 626.01 c 118.08 626.13 117.84 626.25 117.72 626.37 c 117.6 626.49 117.48 626.73 117.48 627.09 c 117.48 627.45 117.6 627.69 117.72 628.05 c 117.84 628.29 117.96 628.53 118.2 628.77 c 118.44 628.89 118.56 629.01 118.8 629.01 c 119.04 629.01 119.28 628.89 119.52 628.65 c 119.64 628.53 119.88 628.17 120 627.81 c 120 627.57 120.12 627.45 120.12 627.21 c 120.12 627.09 120.24 626.85 120.24 626.61 c 120.72 626.61 l 120.72 626.61 120.72 626.61 120.72 626.61 c 120.72 625.89 l 120.72 625.89 120.72 625.89 120.72 625.89 c 120.12 625.89 l 120 625.53 119.88 625.17 119.64 624.93 c 119.52 624.57 119.28 624.45 118.92 624.21 c 118.68 624.09 118.44 624.09 118.2 624.09 c h 119.76 626.61 m 119.76 626.97 119.64 627.21 119.52 627.45 c 119.4 627.69 119.28 627.81 119.16 627.93 c 118.92 628.05 118.8 628.17 118.68 628.17 c 118.56 628.17 118.44 628.17 118.32 628.05 c 118.2 627.93 118.08 627.81 117.96 627.69 c 117.96 627.57 117.96 627.45 117.96 627.45 c 117.96 627.21 117.96 627.09 118.08 626.97 c 118.32 626.85 118.44 626.73 118.8 626.73 c 118.92 626.73 119.04 626.73 119.16 626.73 c 119.28 626.73 119.52 626.61 119.76 626.61 c h f Q 
q 120.6 623.85 2.16 1.32 re W* n
1 w 0.141 0.125 0.129 sc 120.6 625.89 m 120.6 625.89 120.6 625.89 120.6 625.89 c 120.6 626.61 l 120.6 626.61 120.6 626.61 120.6 626.61 c 120.96 626.61 121.2 626.73 121.44 626.73 c 121.8 626.85 122.04 626.85 122.16 626.97 c 122.16 627.09 122.04 627.21 122.04 627.45 c 121.92 627.57 121.92 627.69 121.8 627.93 c 121.8 628.05 121.68 628.17 121.68 628.29 c 121.68 628.29 121.68 628.41 121.68 628.41 c 121.68 628.65 121.68 628.77 121.8 628.89 c 121.92 629.01 122.16 629.13 122.28 629.25 c 122.28 629.13 122.4 629.01 122.4 628.77 c 122.4 628.65 122.52 628.41 122.52 628.17 c 122.52 627.93 122.64 627.81 122.64 627.69 c 122.64 627.45 122.64 627.33 122.64 627.33 c 122.64 627.21 122.64 627.09 122.52 626.85 c 122.52 626.73 122.4 626.49 122.28 626.37 c 121.8 626.01 121.2 625.89 120.6 625.89 c h 121.92 623.97 m 121.8 624.09 121.56 624.21 121.56 624.21 c 121.44 624.33 121.32 624.45 121.2 624.57 c 121.32 624.69 121.44 624.81 121.56 624.93 c 121.68 625.05 121.8 625.05 121.92 625.17 c 122.04 625.05 122.28 624.81 122.52 624.57 c 122.4 624.45 122.28 624.45 122.16 624.33 c 122.16 624.21 122.04 624.09 121.92 623.97 c h f Q 
q 0.12 0 0 -0.12 0 841.89 cm 6 w 0 J 0 j 3 M 1 1 1 SC 494 2262 m 494 2265 494 2267 492 2269 c 491 2271 490 2272 488 2272 c 486 2273 l 491 2276 l 491 2277 491 2278 491 2279 c 491 2280 491 2281 491 2282 c 490 2283 490 2283 490 2284 c 490 2285 489 2286 488 2287 c 488 2288 487 2289 486 2290 c 486 2291 485 2291 484 2291 c 484 2291 483 2291 482 2291 c 481 2290 481 2290 480 2290 c 478 2289 478 2289 477 2289 c 476 2288 476 2287 475 2286 c 473 2285 472 2283 471 2282 c 470 2280 469 2278 468 2276 c 466 2276 l 465 2275 464 2275 464 2274 c 463 2273 463 2273 463 2272 c 462 2271 462 2271 461 2270 c 465 2270 469 2270 473 2270 c 477 2270 481 2270 485 2270 c 487 2267 487 2265 487 2262 c 487 2261 488 2261 488 2261 c 494 2261 l 494 2261 494 2261 494 2262 c h S Q 
q 0.12 0 0 -0.12 0 841.89 cm 6 w 0 J 0 j 3 M 1 1 1 SC 485 2273 m 483 2273 481 2274 479 2274 c 477 2274 475 2275 473 2275 c 475 2281 478 2285 481 2287 c 482 2286 483 2284 483 2283 c 484 2281 484 2280 484 2278 c 484 2277 484 2277 484 2276 c 485 2275 485 2274 485 2273 c S Q 
q 0.12 0 0 -0.12 0 841.89 cm 6 w 0 J 0 j 3 M 1 1 1 SC 459 2274 m 458 2275 457 2276 456 2277 c 456 2278 455 2278 454 2279 c 454 2278 453 2278 452 2277 c 452 2276 450 2275 449 2274 c 450 2274 450 2273 451 2272 c 452 2272 453 2271 454 2269 c 455 2271 457 2272 459 2274 c S Q 
q 0.12 0 0 -0.12 0 841.89 cm 6 w 0 J 0 j 3 M 1 1 1 SC 460 2285 m 459 2286 458 2287 457 2288 c 457 2288 456 2289 455 2290 c 455 2289 454 2288 453 2287 c 452 2287 451 2286 450 2285 c 451 2284 451 2284 452 2283 c 453 2282 454 2281 455 2280 c 456 2281 456 2281 457 2282 c 458 2283 459 2284 460 2285 c S Q 
q 0.12 0 0 -0.12 0 841.89 cm 6 w 0 J 0 j 3 M 1 1 1 SC 494 2233 m 494 2235 494 2238 494 2240 c 494 2243 493 2245 492 2247 c 492 2250 491 2251 490 2253 c 490 2253 491 2254 491 2254 c 491 2254 491 2254 492 2254 c 492 2255 493 2256 493 2258 c 494 2259 494 2261 494 2263 c 494 2263 494 2263 494 2263 c 488 2263 l 488 2263 487 2263 487 2263 c 487 2261 487 2260 487 2259 c 487 2258 486 2257 485 2256 c 485 2255 483 2254 482 2253 c 481 2253 481 2253 481 2253 c 480 2252 480 2252 480 2252 c 479 2252 478 2251 478 2249 c 478 2249 478 2248 479 2248 c 480 2248 481 2248 482 2249 c 483 2249 484 2250 485 2250 c 485 2249 485 2249 485 2248 c 486 2248 486 2247 486 2246 c 480 2242 475 2237 472 2233 c 469 2229 467 2226 467 2222 c 467 2221 467 2220 468 2219 c 468 2218 469 2216 470 2215 c 471 2214 472 2212 474 2211 c 476 2210 477 2209 478 2209 c 482 2209 484 2210 487 2212 c 489 2214 491 2217 492 2221 c 494 2225 494 2229 494 2233 c h S Q 
q 0.12 0 0 -0.12 0 841.89 cm 6 w 0 J 0 j 3 M 1 1 1 SC 488 2232 m 488 2229 487 2226 486 2222 c 485 2219 484 2216 482 2213 c 479 2214 477 2216 476 2218 c 475 2220 474 2222 474 2224 c 474 2227 475 2229 477 2232 c 479 2236 483 2239 487 2242 c 487 2241 487 2239 488 2237 c 488 2236 488 2234 488 2232 c S Q 
q 0.12 0 0 -0.12 0 841.89 cm 6 w 0 J 0 j 3 M 1 1 1 SC 509 2191 m 509 2192 509 2193 508 2194 c 508 2196 507 2197 506 2198 c 506 2200 505 2201 504 2202 c 501 2201 l 502 2200 502 2198 502 2197 c 502 2195 503 2194 503 2192 c 503 2189 502 2186 500 2184 c 499 2182 497 2180 494 2178 c 494 2180 494 2182 494 2184 c 493 2186 493 2187 493 2188 c 492 2191 491 2193 490 2194 c 488 2195 486 2196 484 2196 c 481 2196 479 2195 476 2194 c 474 2193 472 2192 470 2190 c 469 2189 468 2187 468 2185 c 468 2183 469 2181 470 2180 c 472 2178 475 2176 478 2175 c 479 2175 481 2174 483 2174 c 484 2174 486 2174 487 2173 c 487 2169 l 487 2169 488 2169 488 2169 c 494 2169 l 494 2169 494 2169 494 2169 c 494 2174 l 497 2175 500 2176 502 2178 c 504 2180 506 2182 507 2184 c 509 2186 509 2188 509 2191 c h S Q 
q 0.12 0 0 -0.12 0 841.89 cm 6 w 0 J 0 j 3 M 1 1 1 SC 487 2177 m 485 2178 483 2178 481 2179 c 479 2180 478 2181 476 2183 c 475 2184 475 2185 475 2187 c 475 2188 475 2189 476 2190 c 477 2190 477 2191 478 2192 c 479 2192 480 2193 481 2193 c 483 2193 484 2192 485 2191 c 486 2189 486 2188 487 2185 c 487 2185 487 2183 487 2182 c 487 2181 487 2179 487 2177 c S Q 
q 0.12 0 0 -0.12 0 841.89 cm 6 w 0 J 0 j 3 M 1 1 1 SC 494 2170 m 494 2170 494 2170 494 2170 c 488 2170 l 488 2170 487 2170 487 2170 c 487 2168 487 2165 487 2163 c 486 2160 486 2158 485 2157 c 484 2157 483 2158 481 2158 c 480 2159 478 2159 477 2160 c 476 2160 475 2161 474 2161 c 473 2161 473 2161 472 2161 c 471 2161 470 2161 469 2160 c 468 2159 467 2157 466 2156 c 467 2156 468 2155 470 2155 c 471 2155 473 2154 475 2154 c 477 2154 478 2153 479 2153 c 480 2153 481 2153 482 2153 c 483 2153 484 2153 486 2154 c 487 2154 488 2155 490 2156 c 493 2160 494 2165 494 2170 c h S Q 
q 0.12 0 0 -0.12 0 841.89 cm 6 w 0 J 0 j 3 M 1 1 1 SC 510 2159 m 509 2161 508 2162 507 2162 c 506 2163 506 2164 505 2165 c 504 2164 503 2163 502 2162 c 501 2161 500 2160 499 2159 c 501 2158 503 2156 504 2154 c 505 2155 506 2156 507 2157 c 508 2157 509 2158 510 2159 c S Q 
1 w 0.141 0.125 0.129 sc 59.28 570.45 m 59.28 570.09 59.28 569.85 59.04 569.61 c 58.92 569.37 58.8 569.25 58.56 569.25 c 58.32 569.13 l 58.92 568.77 l 58.92 568.65 58.92 568.53 58.92 568.41 c 58.92 568.29 58.92 568.17 58.92 568.05 c 58.8 567.93 58.8 567.93 58.8 567.81 c 58.8 567.69 58.68 567.57 58.56 567.45 c 58.56 567.33 58.44 567.21 58.32 567.09 c 58.32 566.97 58.2 566.97 58.08 566.97 c 58.08 566.97 57.96 566.97 57.84 566.97 c 57.72 567.09 57.72 567.09 57.6 567.09 c 57.36 567.21 57.36 567.21 57.24 567.21 c 57.12 567.33 57.12 567.45 57 567.57 c 56.76 567.69 56.64 567.93 56.52 568.05 c 56.4 568.29 56.28 568.53 56.16 568.77 c 55.92 568.77 l 55.8 568.89 55.68 568.89 55.68 569.01 c 55.56 569.13 55.56 569.13 55.56 569.25 c 55.44 569.37 55.44 569.37 55.32 569.49 c 55.8 569.49 56.28 569.49 56.76 569.49 c 57.24 569.49 57.72 569.49 58.2 569.49 c 58.44 569.85 58.44 570.09 58.44 570.45 c 58.44 570.57 58.56 570.57 58.56 570.57 c 59.28 570.57 l 59.28 570.57 59.28 570.57 59.28 570.45 c h 58.2 569.13 m 57.96 569.13 57.72 569.01 57.48 569.01 c 57.24 569.01 57 568.89 56.76 568.89 c 57 568.17 57.36 567.69 57.72 567.45 c 57.84 567.57 57.96 567.81 57.96 567.93 c 58.08 568.17 58.08 568.29 58.08 568.53 c 58.08 568.65 58.08 568.65 58.08 568.77 c 58.2 568.89 58.2 569.01 58.2 569.13 c h 55.08 569.01 m 54.96 568.89 54.84 568.77 54.72 568.65 c 54.72 568.53 54.6 568.53 54.48 568.41 c 54.48 568.53 54.36 568.53 54.24 568.65 c 54.24 568.77 54 568.89 53.88 569.01 c 54 569.01 54 569.13 54.12 569.25 c 54.24 569.25 54.36 569.37 54.48 569.61 c 54.6 569.37 54.84 569.25 55.08 569.01 c h 55.2 567.69 m 55.08 567.57 54.96 567.45 54.84 567.33 c 54.84 567.33 54.72 567.21 54.6 567.09 c 54.6 567.21 54.48 567.33 54.36 567.45 c 54.24 567.45 54.12 567.57 54 567.69 c 54.12 567.81 54.12 567.81 54.24 567.93 c 54.36 568.05 54.48 568.17 54.6 568.29 c 54.72 568.17 54.72 568.17 54.84 568.05 c 54.96 567.93 55.08 567.81 55.2 567.69 c h f 
59.28 573.93 m 59.28 573.69 59.28 573.33 59.28 573.09 c 59.28 572.73 59.16 572.49 59.04 572.25 c 59.04 571.89 58.92 571.77 58.8 571.53 c 58.8 571.53 58.92 571.41 58.92 571.41 c 58.92 571.41 58.92 571.41 59.04 571.41 c 59.04 571.29 59.16 571.17 59.16 570.93 c 59.28 570.81 59.28 570.57 59.28 570.33 c 59.28 570.33 59.28 570.33 59.28 570.33 c 58.56 570.33 l 58.56 570.33 58.44 570.33 58.44 570.33 c 58.44 570.57 58.44 570.69 58.44 570.81 c 58.44 570.93 58.32 571.05 58.2 571.17 c 58.2 571.29 57.96 571.41 57.84 571.53 c 57.72 571.53 57.72 571.53 57.72 571.53 c 57.6 571.65 57.6 571.65 57.6 571.65 c 57.48 571.65 57.36 571.77 57.36 572.01 c 57.36 572.01 57.36 572.13 57.48 572.13 c 57.6 572.13 57.72 572.13 57.84 572.01 c 57.96 572.01 58.08 571.89 58.2 571.89 c 58.2 572.01 58.2 572.01 58.2 572.13 c 58.32 572.13 58.32 572.25 58.32 572.37 c 57.6 572.85 57 573.45 56.64 573.93 c 56.28 574.41 56.04 574.77 56.04 575.25 c 56.04 575.37 56.04 575.49 56.16 575.61 c 56.16 575.73 56.28 575.97 56.4 576.09 c 56.52 576.21 56.64 576.45 56.88 576.57 c 57.12 576.69 57.24 576.81 57.36 576.81 c 57.84 576.81 58.08 576.69 58.44 576.45 c 58.68 576.21 58.92 575.85 59.04 575.37 c 59.28 574.89 59.28 574.41 59.28 573.93 c h 58.56 574.05 m 58.56 574.41 58.44 574.77 58.32 575.25 c 58.2 575.61 58.08 575.97 57.84 576.33 c 57.48 576.21 57.24 575.97 57.12 575.73 c 57 575.49 56.88 575.25 56.88 575.01 c 56.88 574.65 57 574.41 57.24 574.05 c 57.48 573.57 57.96 573.21 58.44 572.85 c 58.44 572.97 58.44 573.21 58.56 573.45 c 58.56 573.57 58.56 573.81 58.56 574.05 c h f 
61.08 578.97 m 61.08 578.85 61.08 578.73 60.96 578.61 c 60.96 578.37 60.84 578.25 60.72 578.13 c 60.72 577.89 60.6 577.77 60.48 577.65 c 60.12 577.77 l 60.24 577.89 60.24 578.13 60.24 578.25 c 60.24 578.49 60.36 578.61 60.36 578.85 c 60.36 579.21 60.24 579.57 60 579.81 c 59.88 580.05 59.64 580.29 59.28 580.53 c 59.28 580.29 59.28 580.05 59.28 579.81 c 59.16 579.57 59.16 579.45 59.16 579.33 c 59.04 578.97 58.92 578.73 58.8 578.61 c 58.56 578.49 58.32 578.37 58.08 578.37 c 57.72 578.37 57.48 578.49 57.12 578.61 c 56.88 578.73 56.64 578.85 56.4 579.09 c 56.28 579.21 56.16 579.45 56.16 579.69 c 56.16 579.93 56.28 580.17 56.4 580.29 c 56.64 580.53 57 580.77 57.36 580.89 c 57.48 580.89 57.72 581.01 57.96 581.01 c 58.08 581.01 58.32 581.01 58.44 581.13 c 58.44 581.61 l 58.44 581.61 58.56 581.61 58.56 581.61 c 59.28 581.61 l 59.28 581.61 59.28 581.61 59.28 581.61 c 59.28 581.01 l 59.64 580.89 60 580.77 60.24 580.53 c 60.48 580.29 60.72 580.05 60.84 579.81 c 61.08 579.57 61.08 579.33 61.08 578.97 c h 58.44 580.65 m 58.2 580.53 57.96 580.53 57.72 580.41 c 57.48 580.29 57.36 580.17 57.12 579.93 c 57 579.81 57 579.69 57 579.45 c 57 579.33 57 579.21 57.12 579.09 c 57.24 579.09 57.24 578.97 57.36 578.85 c 57.48 578.85 57.6 578.73 57.72 578.73 c 57.96 578.73 58.08 578.85 58.2 578.97 c 58.32 579.21 58.32 579.33 58.44 579.69 c 58.44 579.69 58.44 579.93 58.44 580.05 c 58.44 580.17 58.44 580.41 58.44 580.65 c h f 
59.28 581.49 m 59.28 581.49 59.28 581.49 59.28 581.49 c 58.56 581.49 l 58.56 581.49 58.44 581.49 58.44 581.49 c 58.44 581.73 58.44 582.09 58.44 582.33 c 58.32 582.69 58.32 582.93 58.2 583.05 c 58.08 583.05 57.96 582.93 57.72 582.93 c 57.6 582.81 57.36 582.81 57.24 582.69 c 57.12 582.69 57 582.57 56.88 582.57 c 56.76 582.57 56.76 582.57 56.64 582.57 c 56.52 582.57 56.4 582.57 56.28 582.69 c 56.16 582.81 56.04 583.05 55.92 583.17 c 56.04 583.17 56.16 583.29 56.4 583.29 c 56.52 583.29 56.76 583.41 57 583.41 c 57.24 583.41 57.36 583.53 57.48 583.53 c 57.6 583.53 57.72 583.53 57.84 583.53 c 57.96 583.53 58.08 583.53 58.32 583.41 c 58.44 583.41 58.56 583.29 58.8 583.17 c 59.16 582.69 59.28 582.09 59.28 581.49 c h 61.2 582.81 m 61.08 582.57 60.96 582.45 60.84 582.45 c 60.72 582.33 60.72 582.21 60.6 582.09 c 60.48 582.21 60.36 582.33 60.24 582.45 c 60.12 582.57 60 582.69 59.88 582.81 c 60.12 582.93 60.36 583.17 60.48 583.41 c 60.6 583.29 60.72 583.17 60.84 583.05 c 60.96 583.05 61.08 582.93 61.2 582.81 c h f 
q 0.12 0 0 -0.12 0 841.89 cm 6 w 0 J 0 j 3 M 1 1 1 SC 488 2095 m 494 2095 l 494 2130 l 493 2130 491 2130 490 2129 c 487 2128 485 2127 483 2125 c 481 2123 478 2120 475 2116 c 470 2110 466 2107 464 2104 c 461 2102 458 2101 456 2101 c 453 2101 451 2102 449 2104 c 448 2106 447 2108 447 2111 c 447 2115 448 2117 450 2119 c 451 2121 454 2122 457 2122 c 457 2128 l 452 2128 448 2126 445 2123 c 443 2120 441 2116 441 2111 c 441 2106 443 2102 446 2099 c 448 2096 452 2095 456 2095 c 458 2095 460 2095 462 2096 c 464 2097 466 2098 469 2100 c 471 2102 474 2106 478 2110 c 481 2114 483 2117 485 2118 c 486 2119 487 2120 488 2121 c 488 2095 l h S Q 
q 0.12 0 0 -0.12 0 841.89 cm 6 w 0 J 0 j 3 M 1 1 1 SC 448 2088 m 442 2088 l 442 2054 l 447 2054 l 451 2057 456 2060 462 2064 c 467 2067 474 2070 480 2071 c 484 2073 489 2074 494 2074 c 494 2081 l 490 2081 485 2080 479 2078 c 473 2077 468 2074 462 2071 c 457 2069 452 2065 448 2062 c 448 2088 l h S Q 
1 w 0.141 0.125 0.129 sc 58.56 590.49 m 59.28 590.49 l 59.28 586.29 l 59.16 586.29 58.92 586.29 58.8 586.41 c 58.44 586.53 58.2 586.65 57.96 586.89 c 57.72 587.13 57.36 587.49 57 587.97 c 56.4 588.69 55.92 589.05 55.68 589.41 c 55.32 589.65 54.96 589.77 54.72 589.77 c 54.36 589.77 54.12 589.65 53.88 589.41 c 53.76 589.17 53.64 588.93 53.64 588.57 c 53.64 588.09 53.76 587.85 54 587.61 c 54.12 587.37 54.48 587.25 54.84 587.25 c 54.84 586.53 l 54.24 586.53 53.76 586.77 53.4 587.13 c 53.16 587.49 52.92 587.97 52.92 588.57 c 52.92 589.17 53.16 589.65 53.52 590.01 c 53.76 590.37 54.24 590.49 54.72 590.49 c 54.96 590.49 55.2 590.49 55.44 590.37 c 55.68 590.25 55.92 590.13 56.28 589.89 c 56.52 589.65 56.88 589.17 57.36 588.69 c 57.72 588.21 57.96 587.85 58.2 587.73 c 58.32 587.61 58.44 587.49 58.56 587.37 c 58.56 590.49 l h f 
53.76 591.33 m 53.04 591.33 l 53.04 595.41 l 53.64 595.41 l 54.12 595.05 54.72 594.69 55.44 594.21 c 56.04 593.85 56.88 593.49 57.6 593.37 c 58.08 593.13 58.68 593.01 59.28 593.01 c 59.28 592.17 l 58.8 592.17 58.2 592.29 57.48 592.53 c 56.76 592.65 56.16 593.01 55.44 593.37 c 54.84 593.61 54.24 594.09 53.76 594.45 c 53.76 591.33 l h f 
q 207 544.89 88.68 80.28 re W* n
88.68 0 0 80.28 207 544.89 cm /Im50 Do Q 
q 295.44 544.89 29.64 80.28 re W* n
29.64 0 0 80.28 295.44 544.89 cm /Im51 Do Q 
q 0.12 0 0 -0.12 0 841.89 cm 6 w 0 J 0 j 3 M 1 1 1 SC 2131 1800 m 2128 1800 2126 1800 2124 1799 c 2122 1798 2121 1796 2121 1794 c 2120 1792 l 2118 1798 l 2116 1798 2115 1797 2114 1797 c 2113 1797 2112 1797 2111 1797 c 2111 1797 2110 1796 2109 1796 c 2108 1796 2107 1795 2106 1795 c 2105 1794 2104 1793 2103 1793 c 2102 1792 2102 1791 2102 1791 c 2102 1790 2102 1790 2102 1789 c 2103 1788 2103 1787 2103 1786 c 2104 1785 2104 1784 2105 1783 c 2105 1783 2106 1782 2107 1781 c 2108 1780 2110 1778 2112 1777 c 2113 1776 2115 1775 2117 1774 c 2117 1772 l 2118 1771 2118 1771 2119 1770 c 2120 1770 2120 1769 2121 1769 c 2122 1768 2122 1768 2123 1767 c 2123 1772 2123 1776 2123 1780 c 2123 1784 2123 1788 2123 1792 c 2126 1793 2128 1794 2131 1794 c 2132 1794 2132 1794 2132 1794 c 2132 1800 l 2132 1800 2132 1800 2131 1800 c h S Q 
q 0.12 0 0 -0.12 0 841.89 cm 6 w 0 J 0 j 3 M 1 1 1 SC 2120 1791 m 2120 1789 2119 1787 2119 1785 c 2119 1784 2118 1782 2118 1780 c 2113 1781 2109 1784 2106 1787 c 2107 1788 2109 1789 2110 1789 c 2112 1790 2113 1790 2115 1790 c 2116 1790 2117 1791 2117 1791 c 2118 1791 2119 1791 2120 1791 c S Q 
q 0.12 0 0 -0.12 0 841.89 cm 6 w 0 J 0 j 3 M 1 1 1 SC 2119 1765 m 2118 1764 2117 1763 2116 1763 c 2116 1762 2115 1761 2114 1760 c 2115 1760 2115 1759 2116 1758 c 2117 1758 2118 1757 2119 1755 c 2119 1756 2120 1756 2121 1757 c 2121 1758 2122 1759 2124 1760 c 2123 1761 2121 1763 2119 1765 c S Q 
q 0.12 0 0 -0.12 0 841.89 cm 6 w 0 J 0 j 3 M 1 1 1 SC 2108 1766 m 2107 1765 2106 1764 2106 1764 c 2105 1763 2104 1762 2104 1761 c 2104 1761 2105 1760 2106 1759 c 2107 1758 2107 1757 2108 1756 c 2109 1757 2109 1757 2110 1758 c 2111 1759 2112 1760 2113 1761 c 2112 1762 2112 1762 2111 1763 c 2110 1764 2109 1765 2108 1766 c S Q 
q 0.12 0 0 -0.12 0 841.89 cm 6 w 0 J 0 j 3 M 1 1 1 SC 2160 1801 m 2158 1801 2155 1800 2153 1800 c 2150 1800 2148 1799 2146 1799 c 2143 1798 2142 1797 2140 1797 c 2140 1797 2139 1797 2139 1797 c 2139 1797 2139 1798 2139 1798 c 2138 1799 2137 1799 2135 1800 c 2134 1800 2132 1800 2130 1800 c 2130 1800 2130 1800 2130 1800 c 2130 1794 l 2130 1794 2130 1794 2130 1794 c 2132 1794 2133 1794 2134 1793 c 2136 1793 2136 1792 2137 1792 c 2138 1791 2139 1790 2140 1788 c 2140 1788 2140 1787 2140 1787 c 2141 1787 2141 1786 2141 1786 c 2141 1785 2142 1784 2144 1784 c 2144 1784 2145 1785 2145 1785 c 2145 1786 2145 1787 2144 1788 c 2144 1789 2143 1790 2143 1791 c 2144 1791 2144 1791 2145 1792 c 2145 1792 2146 1792 2146 1792 c 2151 1786 2156 1781 2160 1778 c 2164 1775 2167 1773 2170 1773 c 2171 1773 2173 1773 2174 1774 c 2175 1775 2177 1775 2178 1776 c 2179 1777 2180 1779 2182 1780 c 2183 1782 2184 1783 2184 1785 c 2184 1788 2183 1790 2181 1793 c 2179 1795 2176 1797 2172 1798 c 2168 1800 2164 1801 2160 1801 c h S Q 
q 0.12 0 0 -0.12 0 841.89 cm 6 w 0 J 0 j 3 M 1 1 1 SC 2161 1794 m 2164 1794 2167 1794 2170 1793 c 2174 1792 2177 1790 2180 1788 c 2179 1786 2177 1784 2175 1782 c 2173 1781 2171 1780 2169 1780 c 2166 1780 2164 1781 2160 1783 c 2157 1786 2154 1789 2150 1793 c 2152 1793 2154 1794 2156 1794 c 2157 1794 2159 1794 2161 1794 c S Q 
q 0.12 0 0 -0.12 0 841.89 cm 6 w 0 J 0 j 3 M 1 1 1 SC 2202 1815 m 2201 1815 2200 1815 2199 1815 c 2197 1814 2196 1814 2194 1813 c 2193 1812 2192 1811 2191 1810 c 2192 1808 l 2193 1808 2195 1808 2196 1809 c 2197 1809 2199 1809 2200 1809 c 2204 1809 2206 1808 2209 1807 c 2211 1805 2213 1803 2215 1800 c 2212 1800 2210 1800 2209 1800 c 2207 1800 2206 1799 2204 1799 c 2202 1798 2200 1797 2199 1796 c 2198 1795 2197 1793 2197 1790 c 2197 1787 2197 1785 2198 1782 c 2199 1780 2201 1778 2202 1776 c 2204 1775 2206 1774 2207 1774 c 2209 1774 2211 1775 2213 1777 c 2215 1778 2216 1781 2217 1784 c 2218 1786 2218 1787 2219 1789 c 2219 1790 2219 1792 2219 1794 c 2223 1794 l 2224 1794 2224 1794 2224 1794 c 2224 1800 l 2224 1800 2224 1800 2223 1800 c 2218 1800 l 2218 1803 2216 1806 2215 1808 c 2213 1811 2211 1812 2209 1814 c 2207 1815 2204 1815 2202 1815 c h S Q 
q 0.12 0 0 -0.12 0 841.89 cm 6 w 0 J 0 j 3 M 1 1 1 SC 2216 1794 m 2215 1791 2214 1789 2213 1787 c 2212 1785 2211 1784 2210 1783 c 2209 1782 2208 1781 2206 1781 c 2205 1781 2204 1781 2203 1782 c 2202 1783 2202 1784 2201 1785 c 2200 1786 2200 1787 2200 1787 c 2200 1789 2201 1790 2202 1791 c 2203 1792 2205 1793 2207 1793 c 2208 1793 2209 1793 2211 1793 c 2212 1793 2214 1794 2216 1794 c S Q 
q 0.12 0 0 -0.12 0 841.89 cm 6 w 0 J 0 j 3 M 1 1 1 SC 2223 1800 m 2222 1800 2222 1800 2222 1800 c 2222 1794 l 2222 1794 2222 1794 2223 1794 c 2225 1794 2227 1793 2230 1793 c 2232 1792 2234 1792 2236 1791 c 2235 1790 2235 1789 2234 1787 c 2234 1786 2233 1785 2233 1783 c 2232 1782 2232 1781 2232 1780 c 2231 1780 2231 1779 2231 1779 c 2231 1777 2232 1776 2233 1775 c 2234 1774 2235 1773 2237 1772 c 2237 1773 2237 1774 2238 1776 c 2238 1777 2238 1779 2239 1781 c 2239 1783 2239 1784 2239 1785 c 2240 1787 2240 1788 2240 1788 c 2240 1789 2239 1790 2239 1792 c 2238 1793 2238 1795 2237 1796 c 2232 1799 2228 1800 2223 1800 c h S Q 
q 0.12 0 0 -0.12 0 841.89 cm 6 w 0 J 0 j 3 M 1 1 1 SC 2233 1816 m 2232 1815 2231 1814 2230 1814 c 2229 1813 2228 1812 2228 1811 c 2229 1810 2230 1809 2231 1808 c 2232 1807 2232 1807 2233 1806 c 2235 1807 2236 1809 2238 1811 c 2238 1812 2237 1812 2236 1813 c 2235 1814 2234 1815 2233 1816 c S Q 
1 w 0.141 0.125 0.129 sc 255.72 625.89 m 255.36 625.89 255.12 625.89 254.88 626.01 c 254.64 626.13 254.52 626.37 254.52 626.61 c 254.4 626.85 l 254.16 626.13 l 253.92 626.13 253.8 626.25 253.68 626.25 c 253.56 626.25 253.44 626.25 253.32 626.25 c 253.32 626.25 253.2 626.37 253.08 626.37 c 252.96 626.37 252.84 626.49 252.72 626.49 c 252.6 626.61 252.48 626.73 252.36 626.73 c 252.24 626.85 252.24 626.97 252.24 626.97 c 252.24 627.09 252.24 627.09 252.24 627.21 c 252.36 627.33 252.36 627.45 252.36 627.57 c 252.48 627.69 252.48 627.81 252.6 627.93 c 252.6 627.93 252.72 628.05 252.84 628.17 c 252.96 628.29 253.2 628.53 253.44 628.65 c 253.56 628.77 253.8 628.89 254.04 629.01 c 254.04 629.25 l 254.16 629.37 254.16 629.37 254.28 629.49 c 254.4 629.49 254.4 629.61 254.52 629.61 c 254.64 629.73 254.64 629.73 254.76 629.85 c 254.76 629.25 254.76 628.77 254.76 628.29 c 254.76 627.81 254.76 627.33 254.76 626.85 c 255.12 626.73 255.36 626.61 255.72 626.61 c 255.84 626.61 255.84 626.61 255.84 626.61 c 255.84 625.89 l 255.84 625.89 255.84 625.89 255.72 625.89 c h 254.4 626.97 m 254.4 627.21 254.28 627.45 254.28 627.69 c 254.28 627.81 254.16 628.05 254.16 628.29 c 253.56 628.17 253.08 627.81 252.72 627.45 c 252.84 627.33 253.08 627.21 253.2 627.21 c 253.44 627.09 253.56 627.09 253.8 627.09 c 253.92 627.09 254.04 626.97 254.04 626.97 c 254.16 626.97 254.28 626.97 254.4 626.97 c h 254.28 630.09 m 254.16 630.21 254.04 630.33 253.92 630.33 c 253.92 630.45 253.8 630.57 253.68 630.69 c 253.8 630.69 253.8 630.81 253.92 630.93 c 254.04 630.93 254.16 631.05 254.28 631.29 c 254.28 631.17 254.4 631.17 254.52 631.05 c 254.52 630.93 254.64 630.81 254.88 630.69 c 254.76 630.57 254.52 630.33 254.28 630.09 c h 252.96 629.97 m 252.84 630.09 252.72 630.21 252.72 630.21 c 252.6 630.33 252.48 630.45 252.48 630.57 c 252.48 630.57 252.6 630.69 252.72 630.81 c 252.84 630.93 252.84 631.05 252.96 631.17 c 253.08 631.05 253.08 631.05 253.2 630.93 c 253.32 630.81 253.44 630.69 253.56 630.57 c 253.44 630.45 253.44 630.45 253.32 630.33 c 253.2 630.21 253.08 630.09 252.96 629.97 c h f 
259.2 625.77 m 258.96 625.77 258.6 625.89 258.36 625.89 c 258 625.89 257.76 626.01 257.52 626.01 c 257.16 626.13 257.04 626.25 256.8 626.25 c 256.8 626.25 256.68 626.25 256.68 626.25 c 256.68 626.25 256.68 626.13 256.68 626.13 c 256.56 626.01 256.44 626.01 256.2 625.89 c 256.08 625.89 255.84 625.89 255.6 625.89 c 255.6 625.89 255.6 625.89 255.6 625.89 c 255.6 626.61 l 255.6 626.61 255.6 626.61 255.6 626.61 c 255.84 626.61 255.96 626.61 256.08 626.73 c 256.32 626.73 256.32 626.85 256.44 626.85 c 256.56 626.97 256.68 627.09 256.8 627.33 c 256.8 627.33 256.8 627.45 256.8 627.45 c 256.92 627.45 256.92 627.57 256.92 627.57 c 256.92 627.69 257.04 627.81 257.28 627.81 c 257.28 627.81 257.4 627.69 257.4 627.69 c 257.4 627.57 257.4 627.45 257.28 627.33 c 257.28 627.21 257.16 627.09 257.16 626.97 c 257.28 626.97 257.28 626.97 257.4 626.85 c 257.4 626.85 257.52 626.85 257.52 626.85 c 258.12 627.57 258.72 628.17 259.2 628.53 c 259.68 628.89 260.04 629.13 260.4 629.13 c 260.52 629.13 260.76 629.13 260.88 629.01 c 261 628.89 261.24 628.89 261.36 628.77 c 261.48 628.65 261.6 628.41 261.84 628.29 c 261.96 628.05 262.08 627.93 262.08 627.69 c 262.08 627.33 261.96 627.09 261.72 626.73 c 261.48 626.49 261.12 626.25 260.64 626.13 c 260.16 625.89 259.68 625.77 259.2 625.77 c h 259.32 626.61 m 259.68 626.61 260.04 626.61 260.4 626.73 c 260.88 626.85 261.24 627.09 261.6 627.33 c 261.48 627.57 261.24 627.81 261 628.05 c 260.76 628.17 260.52 628.29 260.28 628.29 c 259.92 628.29 259.68 628.17 259.2 627.93 c 258.84 627.57 258.48 627.21 258 626.73 c 258.24 626.73 258.48 626.61 258.72 626.61 c 258.84 626.61 259.08 626.61 259.32 626.61 c h f 
264.24 624.09 m 264.12 624.09 264 624.09 263.88 624.09 c 263.64 624.21 263.52 624.21 263.28 624.33 c 263.16 624.45 263.04 624.57 262.92 624.69 c 263.04 624.93 l 263.16 624.93 263.4 624.93 263.52 624.81 c 263.64 624.81 263.88 624.81 264 624.81 c 264.48 624.81 264.72 624.93 265.08 625.05 c 265.32 625.29 265.56 625.53 265.8 625.89 c 265.44 625.89 265.2 625.89 265.08 625.89 c 264.84 625.89 264.72 626.01 264.48 626.01 c 264.24 626.13 264 626.25 263.88 626.37 c 263.76 626.49 263.64 626.73 263.64 627.09 c 263.64 627.45 263.64 627.69 263.76 628.05 c 263.88 628.29 264.12 628.53 264.24 628.77 c 264.48 628.89 264.72 629.01 264.84 629.01 c 265.08 629.01 265.32 628.89 265.56 628.65 c 265.8 628.53 265.92 628.17 266.04 627.81 c 266.16 627.57 266.16 627.45 266.28 627.21 c 266.28 627.09 266.28 626.85 266.28 626.61 c 266.76 626.61 l 266.88 626.61 266.88 626.61 266.88 626.61 c 266.88 625.89 l 266.88 625.89 266.88 625.89 266.76 625.89 c 266.16 625.89 l 266.16 625.53 265.92 625.17 265.8 624.93 c 265.56 624.57 265.32 624.45 265.08 624.21 c 264.84 624.09 264.48 624.09 264.24 624.09 c h 265.92 626.61 m 265.8 626.97 265.68 627.21 265.56 627.45 c 265.44 627.69 265.32 627.81 265.2 627.93 c 265.08 628.05 264.96 628.17 264.72 628.17 c 264.6 628.17 264.48 628.17 264.36 628.05 c 264.24 627.93 264.24 627.81 264.12 627.69 c 264 627.57 264 627.45 264 627.45 c 264 627.21 264.12 627.09 264.24 626.97 c 264.36 626.85 264.6 626.73 264.84 626.73 c 264.96 626.73 265.08 626.73 265.32 626.73 c 265.44 626.73 265.68 626.61 265.92 626.61 c h f 
266.76 625.89 m 266.64 625.89 266.64 625.89 266.64 625.89 c 266.64 626.61 l 266.64 626.61 266.64 626.61 266.76 626.61 c 267 626.61 267.24 626.73 267.6 626.73 c 267.84 626.85 268.08 626.85 268.32 626.97 c 268.2 627.09 268.2 627.21 268.08 627.45 c 268.08 627.57 267.96 627.69 267.96 627.93 c 267.84 628.05 267.84 628.17 267.84 628.29 c 267.72 628.29 267.72 628.41 267.72 628.41 c 267.72 628.65 267.84 628.77 267.96 628.89 c 268.08 629.01 268.2 629.13 268.44 629.25 c 268.44 629.13 268.44 629.01 268.56 628.77 c 268.56 628.65 268.56 628.41 268.68 628.17 c 268.68 627.93 268.68 627.81 268.68 627.69 c 268.8 627.45 268.8 627.33 268.8 627.33 c 268.8 627.21 268.68 627.09 268.68 626.85 c 268.56 626.73 268.56 626.49 268.44 626.37 c 267.84 626.01 267.36 625.89 266.76 625.89 c h 267.96 623.97 m 267.84 624.09 267.72 624.21 267.6 624.21 c 267.48 624.33 267.36 624.45 267.36 624.57 c 267.48 624.69 267.6 624.81 267.72 624.93 c 267.84 625.05 267.84 625.05 267.96 625.17 c 268.2 625.05 268.32 624.81 268.56 624.57 c 268.56 624.45 268.44 624.45 268.32 624.33 c 268.2 624.21 268.08 624.09 267.96 623.97 c h f 
q 0.12 0 0 -0.12 0 841.89 cm 6 w 0 J 0 j 3 M 1 1 1 SC 2264 1787 m 2270 1786 l 2271 1789 2272 1792 2274 1794 c 2276 1795 2278 1796 2280 1796 c 2284 1796 2286 1795 2288 1793 c 2290 1791 2291 1788 2291 1785 c 2291 1782 2290 1780 2288 1778 c 2287 1776 2284 1775 2281 1775 c 2280 1775 2278 1775 2276 1775 c 2277 1770 l 2278 1770 2278 1770 2278 1770 c 2281 1770 2283 1769 2286 1768 c 2288 1766 2289 1764 2289 1761 c 2289 1759 2288 1757 2287 1755 c 2285 1754 2283 1753 2280 1753 c 2278 1753 2276 1754 2274 1755 c 2272 1757 2271 1759 2271 1762 c 2264 1761 l 2265 1757 2267 1753 2270 1751 c 2273 1749 2276 1747 2280 1747 c 2283 1747 2286 1748 2288 1749 c 2291 1750 2292 1752 2294 1754 c 2295 1756 2296 1759 2296 1761 c 2296 1763 2295 1765 2294 1767 c 2293 1769 2291 1771 2288 1772 c 2291 1773 2294 1774 2296 1776 c 2297 1779 2298 1781 2298 1785 c 2298 1790 2297 1793 2293 1797 c 2290 1800 2286 1801 2280 1801 c 2276 1801 2272 1800 2269 1797 c 2266 1795 2264 1791 2264 1787 c h S Q 
q 0.12 0 0 -0.12 0 841.89 cm 6 w 0 J 0 j 3 M 1 1 1 SC 2338 1761 m 2331 1761 l 2331 1759 2330 1757 2329 1756 c 2327 1754 2325 1753 2322 1753 c 2320 1753 2318 1753 2317 1754 c 2315 1756 2313 1758 2312 1761 c 2311 1764 2310 1768 2310 1773 c 2312 1771 2313 1769 2316 1768 c 2318 1767 2320 1766 2323 1766 c 2327 1766 2331 1768 2334 1771 c 2337 1774 2338 1778 2338 1783 c 2338 1787 2338 1790 2336 1793 c 2335 1796 2333 1798 2330 1799 c 2328 1801 2325 1801 2322 1801 c 2317 1801 2312 1799 2309 1796 c 2305 1792 2304 1785 2304 1776 c 2304 1766 2305 1758 2309 1753 c 2313 1749 2317 1747 2323 1747 c 2327 1747 2330 1749 2333 1751 c 2335 1753 2337 1756 2338 1761 c h S Q 
q 0.12 0 0 -0.12 0 841.89 cm 6 w 0 J 0 j 3 M 1 1 1 SC 2311 1783 m 2311 1786 2312 1788 2312 1790 c 2313 1792 2315 1793 2316 1795 c 2318 1796 2320 1796 2322 1796 c 2325 1796 2327 1795 2329 1793 c 2331 1791 2332 1788 2332 1784 c 2332 1780 2331 1777 2329 1775 c 2327 1773 2325 1772 2322 1772 c 2319 1772 2316 1773 2314 1775 c 2312 1777 2311 1780 2311 1783 c S Q 
1 w 0.141 0.125 0.129 sc 271.68 627.45 m 272.4 627.57 l 272.52 627.21 272.64 626.85 272.88 626.61 c 273.12 626.49 273.36 626.37 273.6 626.37 c 274.08 626.37 274.32 626.49 274.56 626.73 c 274.8 626.97 274.92 627.33 274.92 627.69 c 274.92 628.05 274.8 628.29 274.56 628.53 c 274.44 628.77 274.08 628.89 273.72 628.89 c 273.6 628.89 273.36 628.89 273.12 628.89 c 273.24 629.49 l 273.36 629.49 273.36 629.49 273.36 629.49 c 273.72 629.49 273.96 629.61 274.32 629.73 c 274.56 629.97 274.68 630.21 274.68 630.57 c 274.68 630.81 274.56 631.05 274.44 631.29 c 274.2 631.41 273.96 631.53 273.6 631.53 c 273.36 631.53 273.12 631.41 272.88 631.29 c 272.64 631.05 272.52 630.81 272.52 630.45 c 271.68 630.57 l 271.8 631.05 272.04 631.53 272.4 631.77 c 272.76 632.01 273.12 632.25 273.6 632.25 c 273.96 632.25 274.32 632.13 274.56 632.01 c 274.92 631.89 275.04 631.65 275.28 631.41 c 275.4 631.17 275.52 630.81 275.52 630.57 c 275.52 630.33 275.4 630.09 275.28 629.85 c 275.16 629.61 274.92 629.37 274.56 629.25 c 274.92 629.13 275.28 629.01 275.52 628.77 c 275.64 628.41 275.76 628.17 275.76 627.69 c 275.76 627.09 275.64 626.73 275.16 626.25 c 274.8 625.89 274.32 625.77 273.6 625.77 c 273.12 625.77 272.64 625.89 272.28 626.25 c 271.92 626.49 271.68 626.97 271.68 627.45 c h f 
280.56 630.57 m 279.72 630.57 l 279.72 630.81 279.6 631.05 279.48 631.17 c 279.24 631.41 279 631.53 278.64 631.53 c 278.4 631.53 278.16 631.53 278.04 631.41 c 277.8 631.17 277.56 630.93 277.44 630.57 c 277.32 630.21 277.2 629.73 277.2 629.13 c 277.44 629.37 277.56 629.61 277.92 629.73 c 278.16 629.85 278.4 629.97 278.76 629.97 c 279.24 629.97 279.72 629.73 280.08 629.37 c 280.44 629.01 280.56 628.53 280.56 627.93 c 280.56 627.45 280.56 627.09 280.32 626.73 c 280.2 626.37 279.96 626.13 279.6 626.01 c 279.36 625.77 279 625.77 278.64 625.77 c 278.04 625.77 277.44 626.01 277.08 626.37 c 276.6 626.85 276.48 627.69 276.48 628.77 c 276.48 629.97 276.6 630.93 277.08 631.53 c 277.56 632.01 278.04 632.25 278.76 632.25 c 279.24 632.25 279.6 632.01 279.96 631.77 c 280.2 631.53 280.44 631.17 280.56 630.57 c h 277.32 627.93 m 277.32 627.57 277.44 627.33 277.44 627.09 c 277.56 626.85 277.8 626.73 277.92 626.49 c 278.16 626.37 278.4 626.37 278.64 626.37 c 279 626.37 279.24 626.49 279.48 626.73 c 279.72 626.97 279.84 627.33 279.84 627.81 c 279.84 628.29 279.72 628.65 279.48 628.89 c 279.24 629.13 279 629.25 278.64 629.25 c 278.28 629.25 277.92 629.13 277.68 628.89 c 277.44 628.65 277.32 628.29 277.32 627.93 c h f 
q 0.12 0 0 -0.12 0 841.89 cm 7 w 0 J 0 j 4 M 0.141 0.125 0.129 SC 2689 1801 m 2689 1753 l S Q 
q 0.12 0 0 -0.12 0 841.89 cm 7 w 0 J 0 j 4 M 0.141 0.125 0.129 SC 2691 1777 m 2366 1777 l S Q 
q 0.12 0 0 -0.12 0 841.89 cm 7 w 0 J 0 j 4 M 0.141 0.125 0.129 SC 1748 1801 m 1748 1753 l S Q 
q 0.12 0 0 -0.12 0 841.89 cm 7 w 0 J 0 j 4 M 0.141 0.125 0.129 SC 1745 1777 m 2070 1777 l S Q 
q 0.12 0 0 -0.12 0 841.89 cm 7 w 0 J 0 j 4 M 0.141 0.125 0.129 SC 1718 1828 m 1670 1828 l S Q 
q 0.12 0 0 -0.12 0 841.89 cm 7 w 0 J 0 j 4 M 0.141 0.125 0.129 SC 1694 1826 m 1694 1942 l S Q 
q 0.12 0 0 -0.12 0 841.89 cm 6 w 0 J 0 j 3 M 1 1 1 SC 1707 2179 m 1707 2182 1707 2185 1706 2187 c 1705 2189 1703 2190 1701 2190 c 1699 2190 l 1705 2193 l 1705 2195 1704 2196 1704 2197 c 1704 2198 1704 2199 1704 2199 c 1704 2200 1703 2201 1703 2202 c 1703 2203 1702 2204 1702 2205 c 1701 2206 1700 2207 1700 2208 c 1699 2208 1698 2209 1698 2209 c 1697 2209 1697 2209 1696 2208 c 1695 2208 1694 2208 1693 2207 c 1692 2207 1691 2206 1690 2206 c 1690 2206 1689 2205 1688 2204 c 1687 2203 1685 2201 1684 2199 c 1683 2197 1682 2195 1681 2193 c 1679 2194 l 1678 2193 1678 2192 1677 2192 c 1677 2191 1676 2190 1676 2190 c 1675 2189 1675 2188 1675 2188 c 1679 2188 1683 2188 1687 2187 c 1691 2187 1695 2187 1699 2187 c 1700 2185 1701 2182 1701 2179 c 1701 2179 1701 2179 1701 2179 c 1707 2179 l 1707 2179 1707 2179 1707 2179 c h S Q 
q 0.12 0 0 -0.12 0 841.89 cm 6 w 0 J 0 j 3 M 1 1 1 SC 1698 2191 m 1696 2191 1694 2191 1693 2192 c 1691 2192 1689 2192 1687 2193 c 1688 2198 1691 2202 1694 2205 c 1695 2203 1696 2202 1696 2200 c 1697 2199 1697 2197 1697 2196 c 1698 2195 1698 2194 1698 2193 c 1698 2192 1698 2192 1698 2191 c S Q 
q 0.12 0 0 -0.12 0 841.89 cm 6 w 0 J 0 j 3 M 1 1 1 SC 1672 2191 m 1671 2193 1670 2193 1670 2194 c 1669 2195 1668 2196 1667 2196 c 1667 2196 1666 2195 1666 2194 c 1665 2194 1664 2193 1662 2192 c 1663 2191 1663 2191 1664 2190 c 1665 2189 1666 2188 1667 2187 c 1669 2188 1670 2190 1672 2191 c S Q 
q 0.12 0 0 -0.12 0 841.89 cm 6 w 0 J 0 j 3 M 1 1 1 SC 1673 2202 m 1672 2203 1671 2204 1671 2205 c 1670 2206 1669 2207 1669 2207 c 1668 2206 1667 2206 1666 2205 c 1665 2204 1665 2203 1664 2202 c 1664 2202 1664 2201 1665 2201 c 1666 2200 1667 2199 1668 2198 c 1669 2198 1670 2199 1670 2200 c 1671 2200 1672 2201 1673 2202 c S Q 
q 0.12 0 0 -0.12 0 841.89 cm 6 w 0 J 0 j 3 M 1 1 1 SC 1708 2151 m 1708 2153 1707 2155 1707 2158 c 1707 2160 1706 2163 1706 2165 c 1705 2167 1704 2169 1704 2171 c 1704 2171 1704 2171 1704 2171 c 1704 2171 1705 2172 1705 2172 c 1706 2173 1706 2174 1707 2175 c 1707 2177 1707 2178 1707 2180 c 1707 2181 1707 2181 1707 2181 c 1701 2181 l 1701 2181 1701 2181 1701 2180 c 1701 2178 1701 2177 1700 2176 c 1700 2175 1699 2174 1699 2173 c 1698 2173 1697 2172 1695 2171 c 1695 2171 1694 2170 1694 2170 c 1694 2170 1693 2170 1693 2170 c 1692 2169 1691 2168 1691 2167 c 1691 2166 1692 2166 1692 2165 c 1693 2166 1694 2166 1695 2166 c 1696 2167 1697 2167 1698 2167 c 1698 2167 1698 2166 1699 2166 c 1699 2165 1699 2165 1699 2164 c 1693 2159 1688 2155 1685 2151 c 1682 2147 1680 2143 1680 2140 c 1680 2139 1681 2138 1681 2136 c 1682 2135 1683 2134 1683 2132 c 1684 2131 1686 2130 1687 2129 c 1689 2127 1690 2126 1692 2126 c 1695 2126 1697 2127 1700 2129 c 1702 2131 1704 2134 1705 2138 c 1707 2142 1708 2146 1708 2151 c h S Q 
q 0.12 0 0 -0.12 0 841.89 cm 6 w 0 J 0 j 3 M 1 1 1 SC 1701 2150 m 1701 2147 1701 2143 1700 2140 c 1699 2137 1697 2133 1695 2130 c 1693 2132 1691 2134 1689 2136 c 1688 2138 1687 2140 1687 2142 c 1687 2144 1688 2147 1691 2150 c 1693 2153 1696 2156 1700 2160 c 1700 2158 1701 2156 1701 2155 c 1701 2153 1701 2151 1701 2150 c S Q 
q 0.12 0 0 -0.12 0 841.89 cm 6 w 0 J 0 j 3 M 1 1 1 SC 1722 2108 m 1722 2109 1722 2110 1722 2112 c 1721 2113 1720 2114 1720 2116 c 1719 2117 1718 2119 1717 2120 c 1715 2118 l 1715 2117 1715 2116 1716 2114 c 1716 2113 1716 2111 1716 2110 c 1716 2107 1715 2104 1714 2101 c 1712 2099 1710 2097 1707 2096 c 1707 2098 1707 2100 1707 2102 c 1707 2103 1706 2105 1706 2106 c 1705 2108 1704 2110 1703 2112 c 1702 2113 1700 2113 1697 2113 c 1694 2113 1692 2113 1689 2112 c 1687 2111 1685 2109 1683 2108 c 1682 2106 1681 2104 1681 2103 c 1681 2101 1682 2099 1684 2097 c 1686 2095 1688 2094 1691 2093 c 1693 2092 1694 2092 1696 2091 c 1697 2091 1699 2091 1701 2091 c 1701 2087 l 1701 2086 1701 2086 1701 2086 c 1707 2086 l 1707 2086 1707 2086 1707 2087 c 1707 2092 l 1710 2092 1713 2094 1715 2095 c 1718 2097 1719 2099 1721 2101 c 1722 2104 1722 2106 1722 2108 c h S Q 
q 0.12 0 0 -0.12 0 841.89 cm 6 w 0 J 0 j 3 M 1 1 1 SC 1701 2095 m 1698 2095 1696 2096 1694 2097 c 1692 2098 1691 2099 1690 2100 c 1689 2101 1688 2103 1688 2104 c 1688 2105 1688 2106 1689 2107 c 1690 2108 1691 2109 1692 2109 c 1693 2110 1694 2110 1694 2110 c 1696 2110 1697 2109 1698 2108 c 1699 2107 1700 2105 1700 2103 c 1700 2102 1700 2101 1700 2100 c 1700 2098 1701 2097 1701 2095 c S Q 
q 0.12 0 0 -0.12 0 841.89 cm 6 w 0 J 0 j 3 M 1 1 1 SC 1707 2087 m 1707 2088 1707 2088 1707 2088 c 1701 2088 l 1701 2088 1701 2088 1701 2087 c 1701 2085 1700 2083 1700 2080 c 1699 2078 1699 2076 1698 2074 c 1697 2075 1696 2075 1694 2076 c 1693 2076 1692 2077 1690 2077 c 1689 2078 1688 2078 1687 2078 c 1687 2079 1686 2079 1686 2079 c 1684 2079 1683 2078 1682 2077 c 1681 2076 1680 2075 1679 2073 c 1680 2073 1681 2073 1683 2073 c 1684 2072 1686 2072 1688 2071 c 1690 2071 1691 2071 1692 2071 c 1694 2070 1695 2070 1695 2070 c 1696 2070 1697 2071 1699 2071 c 1700 2072 1702 2072 1703 2073 c 1706 2078 1707 2082 1707 2087 c h S Q 
q 0.12 0 0 -0.12 0 841.89 cm 6 w 0 J 0 j 3 M 1 1 1 SC 1723 2077 m 1722 2078 1721 2079 1721 2080 c 1720 2081 1719 2082 1718 2082 c 1717 2081 1716 2080 1715 2079 c 1714 2079 1713 2078 1713 2077 c 1714 2075 1716 2074 1718 2072 c 1718 2073 1719 2073 1720 2074 c 1721 2075 1722 2076 1723 2077 c S Q 
1 w 0.141 0.125 0.129 sc 204.84 580.41 m 204.84 580.05 204.84 579.69 204.72 579.45 c 204.6 579.21 204.36 579.09 204.12 579.09 c 203.88 579.09 l 204.6 578.73 l 204.6 578.49 204.48 578.37 204.48 578.25 c 204.48 578.13 204.48 578.01 204.48 578.01 c 204.48 577.89 204.36 577.77 204.36 577.65 c 204.36 577.53 204.24 577.41 204.24 577.29 c 204.12 577.17 204 577.05 204 576.93 c 203.88 576.93 203.76 576.81 203.76 576.81 c 203.64 576.81 203.64 576.81 203.52 576.93 c 203.4 576.93 203.28 576.93 203.16 577.05 c 203.04 577.05 202.92 577.17 202.8 577.17 c 202.8 577.17 202.68 577.29 202.56 577.41 c 202.44 577.53 202.2 577.77 202.08 578.01 c 201.96 578.25 201.84 578.49 201.72 578.73 c 201.48 578.61 l 201.36 578.73 201.36 578.85 201.24 578.85 c 201.24 578.97 201.12 579.09 201.12 579.09 c 201 579.21 201 579.33 201 579.33 c 201.48 579.33 201.96 579.33 202.44 579.45 c 202.92 579.45 203.4 579.45 203.88 579.45 c 204 579.69 204.12 580.05 204.12 580.41 c 204.12 580.41 204.12 580.41 204.12 580.41 c 204.84 580.41 l 204.84 580.41 204.84 580.41 204.84 580.41 c h 203.76 578.97 m 203.52 578.97 203.28 578.97 203.16 578.85 c 202.92 578.85 202.68 578.85 202.44 578.73 c 202.56 578.13 202.92 577.65 203.28 577.29 c 203.4 577.53 203.52 577.65 203.52 577.89 c 203.64 578.01 203.64 578.25 203.64 578.37 c 203.76 578.49 203.76 578.61 203.76 578.73 c 203.76 578.85 203.76 578.85 203.76 578.97 c h 200.64 578.97 m 200.52 578.73 200.4 578.73 200.4 578.61 c 200.28 578.49 200.16 578.37 200.04 578.37 c 200.04 578.37 199.92 578.49 199.92 578.61 c 199.8 578.61 199.68 578.73 199.44 578.85 c 199.56 578.97 199.56 578.97 199.68 579.09 c 199.8 579.21 199.92 579.33 200.04 579.45 c 200.28 579.33 200.4 579.09 200.64 578.97 c h 200.76 577.65 m 200.64 577.53 200.52 577.41 200.52 577.29 c 200.4 577.17 200.28 577.05 200.28 577.05 c 200.16 577.17 200.04 577.17 199.92 577.29 c 199.8 577.41 199.8 577.53 199.68 577.65 c 199.68 577.65 199.68 577.77 199.8 577.77 c 199.92 577.89 200.04 578.01 200.16 578.13 c 200.28 578.13 200.4 578.01 200.4 577.89 c 200.52 577.89 200.64 577.77 200.76 577.65 c h f 
204.96 583.77 m 204.96 583.53 204.84 583.29 204.84 582.93 c 204.84 582.69 204.72 582.33 204.72 582.09 c 204.6 581.85 204.48 581.61 204.48 581.37 c 204.48 581.37 204.48 581.37 204.48 581.37 c 204.48 581.37 204.6 581.25 204.6 581.25 c 204.72 581.13 204.72 581.01 204.84 580.89 c 204.84 580.65 204.84 580.53 204.84 580.29 c 204.84 580.17 204.84 580.17 204.84 580.17 c 204.12 580.17 l 204.12 580.17 204.12 580.17 204.12 580.29 c 204.12 580.53 204.12 580.65 204 580.77 c 204 580.89 203.88 581.01 203.88 581.13 c 203.76 581.13 203.64 581.25 203.4 581.37 c 203.4 581.37 203.28 581.49 203.28 581.49 c 203.28 581.49 203.16 581.49 203.16 581.49 c 203.04 581.61 202.92 581.73 202.92 581.85 c 202.92 581.97 203.04 581.97 203.04 582.09 c 203.16 581.97 203.28 581.97 203.4 581.97 c 203.52 581.85 203.64 581.85 203.76 581.85 c 203.76 581.85 203.76 581.97 203.88 581.97 c 203.88 582.09 203.88 582.09 203.88 582.21 c 203.16 582.81 202.56 583.29 202.2 583.77 c 201.84 584.25 201.6 584.73 201.6 585.09 c 201.6 585.21 201.72 585.33 201.72 585.57 c 201.84 585.69 201.96 585.81 201.96 586.05 c 202.08 586.17 202.32 586.29 202.44 586.41 c 202.68 586.65 202.8 586.77 203.04 586.77 c 203.4 586.77 203.64 586.65 204 586.41 c 204.24 586.17 204.48 585.81 204.6 585.33 c 204.84 584.85 204.96 584.37 204.96 583.77 c h 204.12 583.89 m 204.12 584.25 204.12 584.73 204 585.09 c 203.88 585.45 203.64 585.93 203.4 586.29 c 203.16 586.05 202.92 585.81 202.68 585.57 c 202.56 585.33 202.44 585.09 202.44 584.85 c 202.44 584.61 202.56 584.25 202.92 583.89 c 203.16 583.53 203.52 583.17 204 582.69 c 204 582.93 204.12 583.17 204.12 583.29 c 204.12 583.53 204.12 583.77 204.12 583.89 c h f 
206.64 588.93 m 206.64 588.81 206.64 588.69 206.64 588.45 c 206.52 588.33 206.4 588.21 206.4 587.97 c 206.28 587.85 206.16 587.61 206.04 587.49 c 205.8 587.73 l 205.8 587.85 205.8 587.97 205.92 588.21 c 205.92 588.33 205.92 588.57 205.92 588.69 c 205.92 589.05 205.8 589.41 205.68 589.77 c 205.44 590.01 205.2 590.25 204.84 590.37 c 204.84 590.13 204.84 589.89 204.84 589.65 c 204.84 589.53 204.72 589.29 204.72 589.17 c 204.6 588.93 204.48 588.69 204.36 588.45 c 204.24 588.33 204 588.33 203.64 588.33 c 203.28 588.33 203.04 588.33 202.68 588.45 c 202.44 588.57 202.2 588.81 201.96 588.93 c 201.84 589.17 201.72 589.41 201.72 589.53 c 201.72 589.77 201.84 590.01 202.08 590.25 c 202.32 590.49 202.56 590.61 202.92 590.73 c 203.16 590.85 203.28 590.85 203.52 590.97 c 203.64 590.97 203.88 590.97 204.12 590.97 c 204.12 591.45 l 204.12 591.57 204.12 591.57 204.12 591.57 c 204.84 591.57 l 204.84 591.57 204.84 591.57 204.84 591.45 c 204.84 590.85 l 205.2 590.85 205.56 590.61 205.8 590.49 c 206.16 590.25 206.28 590.01 206.52 589.77 c 206.64 589.41 206.64 589.17 206.64 588.93 c h 204.12 590.49 m 203.76 590.49 203.52 590.37 203.28 590.25 c 203.04 590.13 202.92 590.01 202.8 589.89 c 202.68 589.77 202.56 589.53 202.56 589.41 c 202.56 589.29 202.56 589.17 202.68 589.05 c 202.8 588.93 202.92 588.81 203.04 588.81 c 203.16 588.69 203.28 588.69 203.28 588.69 c 203.52 588.69 203.64 588.81 203.76 588.93 c 203.88 589.05 204 589.29 204 589.53 c 204 589.65 204 589.77 204 589.89 c 204 590.13 204.12 590.25 204.12 590.49 c h f 
204.84 591.45 m 204.84 591.33 204.84 591.33 204.84 591.33 c 204.12 591.33 l 204.12 591.33 204.12 591.33 204.12 591.45 c 204.12 591.69 204 591.93 204 592.29 c 203.88 592.53 203.88 592.77 203.76 593.01 c 203.64 592.89 203.52 592.89 203.28 592.77 c 203.16 592.77 203.04 592.65 202.8 592.65 c 202.68 592.53 202.56 592.53 202.44 592.53 c 202.44 592.41 202.32 592.41 202.32 592.41 c 202.08 592.41 201.96 592.53 201.84 592.65 c 201.72 592.77 201.6 592.89 201.48 593.13 c 201.6 593.13 201.72 593.13 201.96 593.13 c 202.08 593.25 202.32 593.25 202.56 593.37 c 202.8 593.37 202.92 593.37 203.04 593.37 c 203.28 593.49 203.4 593.49 203.4 593.49 c 203.52 593.49 203.64 593.37 203.88 593.37 c 204 593.25 204.24 593.25 204.36 593.13 c 204.72 592.53 204.84 592.05 204.84 591.45 c h 206.76 592.65 m 206.64 592.53 206.52 592.41 206.52 592.29 c 206.4 592.17 206.28 592.05 206.16 592.05 c 206.04 592.17 205.92 592.29 205.8 592.41 c 205.68 592.41 205.56 592.53 205.56 592.65 c 205.68 592.89 205.92 593.01 206.16 593.25 c 206.16 593.13 206.28 593.13 206.4 593.01 c 206.52 592.89 206.64 592.77 206.76 592.65 c h f 
q 0.12 0 0 -0.12 0 841.89 cm 6 w 0 J 0 j 3 M 1 1 1 SC 1701 2012 m 1708 2012 l 1708 2047 l 1706 2047 1705 2047 1703 2046 c 1701 2046 1698 2044 1696 2042 c 1694 2040 1691 2037 1688 2034 c 1683 2028 1680 2024 1677 2022 c 1674 2020 1672 2019 1669 2019 c 1667 2019 1664 2020 1663 2022 c 1661 2024 1660 2026 1660 2029 c 1660 2032 1661 2035 1663 2036 c 1665 2038 1667 2039 1671 2039 c 1670 2046 l 1665 2046 1661 2044 1659 2041 c 1656 2038 1655 2034 1655 2029 c 1655 2024 1656 2020 1659 2017 c 1662 2014 1665 2012 1669 2012 c 1671 2012 1673 2013 1675 2014 c 1678 2014 1680 2016 1682 2018 c 1684 2020 1687 2023 1691 2028 c 1694 2032 1697 2034 1698 2035 c 1699 2037 1700 2037 1701 2038 c 1701 2012 l h S Q 
q 0.12 0 0 -0.12 0 841.89 cm 6 w 0 J 0 j 3 M 1 1 1 SC 1682 2006 m 1675 2006 1670 2005 1666 2004 c 1663 2003 1660 2001 1658 1998 c 1656 1996 1655 1993 1655 1989 c 1655 1986 1655 1983 1656 1981 c 1657 1979 1659 1977 1661 1976 c 1663 1975 1666 1973 1669 1973 c 1672 1972 1676 1971 1682 1971 c 1688 1971 1693 1972 1697 1973 c 1700 1975 1703 1977 1705 1979 c 1707 1982 1708 1985 1708 1989 c 1708 1994 1707 1998 1703 2001 c 1699 2004 1691 2006 1682 2006 c S Q 
q 0.12 0 0 -0.12 0 841.89 cm 6 w 0 J 0 j 3 M 1 1 1 SC 1682 1999 m 1690 1999 1696 1998 1699 1996 c 1702 1994 1703 1992 1703 1989 c 1703 1986 1702 1983 1699 1981 c 1696 1979 1690 1978 1682 1978 c 1673 1978 1667 1979 1664 1981 c 1661 1983 1660 1986 1660 1989 c 1660 1992 1661 1994 1664 1996 c 1667 1998 1673 1999 1682 1999 c S Q 
1 w 0.141 0.125 0.129 sc 204.12 600.45 m 204.96 600.45 l 204.96 596.25 l 204.72 596.25 204.6 596.25 204.36 596.37 c 204.12 596.37 203.76 596.61 203.52 596.85 c 203.28 597.09 202.92 597.45 202.56 597.81 c 201.96 598.53 201.6 599.01 201.24 599.25 c 200.88 599.49 200.64 599.61 200.28 599.61 c 200.04 599.61 199.68 599.49 199.56 599.25 c 199.32 599.01 199.2 598.77 199.2 598.41 c 199.2 598.05 199.32 597.69 199.56 597.57 c 199.8 597.33 200.04 597.21 200.52 597.21 c 200.4 596.37 l 199.8 596.37 199.32 596.61 199.08 596.97 c 198.72 597.33 198.6 597.81 198.6 598.41 c 198.6 599.01 198.72 599.49 199.08 599.85 c 199.44 600.21 199.8 600.45 200.28 600.45 c 200.52 600.45 200.76 600.33 201 600.21 c 201.36 600.21 201.6 599.97 201.84 599.73 c 202.08 599.49 202.44 599.13 202.92 598.53 c 203.28 598.05 203.64 597.81 203.76 597.69 c 203.88 597.45 204 597.45 204.12 597.33 c 204.12 600.45 l h f 
201.84 601.17 m 201 601.17 200.4 601.29 199.92 601.41 c 199.56 601.53 199.2 601.77 198.96 602.13 c 198.72 602.37 198.6 602.73 198.6 603.21 c 198.6 603.57 198.6 603.93 198.72 604.17 c 198.84 604.41 199.08 604.65 199.32 604.77 c 199.56 604.89 199.92 605.13 200.28 605.13 c 200.64 605.25 201.12 605.37 201.84 605.37 c 202.56 605.37 203.16 605.25 203.64 605.13 c 204 604.89 204.36 604.65 204.6 604.41 c 204.84 604.05 204.96 603.69 204.96 603.21 c 204.96 602.61 204.84 602.13 204.36 601.77 c 203.88 601.41 202.92 601.17 201.84 601.17 c h 201.84 602.01 m 202.8 602.01 203.52 602.13 203.88 602.37 c 204.24 602.61 204.36 602.85 204.36 603.21 c 204.36 603.57 204.24 603.93 203.88 604.17 c 203.52 604.41 202.8 604.53 201.84 604.53 c 200.76 604.53 200.04 604.41 199.68 604.17 c 199.32 603.93 199.2 603.57 199.2 603.21 c 199.2 602.85 199.32 602.61 199.68 602.37 c 200.04 602.13 200.76 602.01 201.84 602.01 c h f 
q 0.12 0 0 -0.12 0 841.89 cm 7 w 0 J 0 j 4 M 0.141 0.125 0.129 SC 1718 2361 m 1670 2361 l S Q 
q 0.12 0 0 -0.12 0 841.89 cm 7 w 0 J 0 j 4 M 0.141 0.125 0.129 SC 1694 2240 m 1694 2363 l S Q 
1 w 1 1 1 sc 485.4 72.33 m 561 72.33 l 561 4.65 l 485.4 4.65 l h f 
0.969 0.58 0.114 sc 515.28 72.33 m 593.88 72.33 l 593.88 4.65 l 515.28 4.65 l h f 
0 0.49 0.769 sc 1.56 72.33 m 511.8 72.33 l 511.8 4.65 l 1.56 4.65 l h f 
1 1 1 sc 537 50.13 m 535.68 50.13 534.72 50.37 533.88 50.73 c 533.88 52.41 l 534.36 52.17 534.84 51.93 535.32 51.81 c 535.92 51.69 536.52 51.57 537 51.57 c 537.96 51.57 538.56 51.81 539.04 52.17 c 539.52 52.65 539.76 53.25 539.76 53.97 c 539.76 55.41 538.8 56.25 537 56.25 c 536.64 56.25 536.28 56.13 536.04 56.13 c 535.68 56.13 535.32 56.01 534.96 56.01 c 534.12 56.49 l 534.6 62.25 l 540.72 62.25 l 540.72 60.69 l 536.16 60.69 l 535.92 57.57 l 536.28 57.57 536.52 57.69 536.76 57.69 c 537.12 57.69 537.36 57.69 537.72 57.69 c 538.92 57.69 539.88 57.45 540.6 56.73 c 541.2 56.13 541.56 55.29 541.56 54.21 c 541.56 52.89 541.2 51.93 540.36 51.21 c 539.64 50.49 538.44 50.13 537 50.13 c h f 
548.28 50.25 m 548.28 52.89 l 542.88 52.89 l 542.88 54.33 l 548.28 62.25 l 550.08 62.25 l 550.08 54.45 l 551.76 54.45 l 551.76 52.89 l 550.08 52.89 l 550.08 50.25 l 548.28 50.25 l h 544.56 54.45 m 548.28 54.45 l 548.28 57.69 l 548.28 57.81 548.28 58.05 548.28 58.29 c 548.4 58.53 548.4 58.65 548.4 58.89 c 548.4 59.13 548.4 59.37 548.4 59.61 c 548.4 59.85 548.4 60.09 548.4 60.21 c 548.4 60.21 l 548.28 60.09 548.16 59.85 548.04 59.61 c 547.92 59.37 547.8 59.13 547.68 59.01 c 544.56 54.45 l h f 
421.68 56.97 m 421.68 56.97 l 421.44 56.85 421.2 56.73 420.96 56.61 c 420.72 56.61 420.48 56.49 420.36 56.49 c 420.12 56.37 420 56.37 419.76 56.25 c 419.64 56.13 419.52 56.01 419.52 55.89 c 419.04 54.69 l 419.04 54.69 419.04 54.69 419.04 54.57 c 419.04 54.57 419.16 54.45 419.16 54.45 c 421.56 53.97 l 421.92 55.05 l 422.04 53.97 l 422.16 53.73 422.16 53.61 422.28 53.61 c 422.28 53.49 422.4 53.49 422.52 53.49 c 423.6 53.49 l 423.6 54.93 l 422.76 54.93 l 422.28 58.29 l 422.28 58.41 422.28 58.41 422.28 58.41 c 422.16 58.41 422.16 58.41 422.16 58.29 c 421.68 56.97 l h 421.68 56.37 m 421.92 55.53 l 420.72 55.77 l 420.96 55.89 421.2 56.01 421.32 56.01 c 421.56 56.13 421.68 56.25 421.68 56.37 c h 419.28 59.37 m 420.12 58.53 l 420.84 59.25 l 421.44 58.53 l 422.28 59.37 l 421.44 60.21 l 420.84 59.49 l 420.12 60.21 l 419.28 59.37 l h f 
427.56 54.93 m 426 54.93 l 426.12 55.17 426.12 55.29 426.24 55.41 c 426.24 55.65 426.36 55.77 426.36 56.01 c 426.36 56.13 426.48 56.25 426.48 56.37 c 426.48 56.49 426.6 56.61 426.6 56.61 c 426.6 56.61 426.48 56.61 426.48 56.61 c 426.48 56.61 426.48 56.61 426.36 56.61 c 425.28 55.65 l 425.04 54.93 l 423.6 54.93 l 423.48 54.93 423.36 54.93 423.24 54.81 c 423.12 54.69 423.12 54.69 423.12 54.45 c 423.12 53.97 l 423.12 53.85 423.12 53.73 423.24 53.61 c 423.36 53.49 423.48 53.49 423.6 53.49 c 425.4 53.49 l 425.64 54.21 l 425.64 53.97 425.76 53.85 425.88 53.73 c 426 53.61 426.12 53.49 426.48 53.49 c 427.8 53.49 l 427.92 53.49 428.04 53.49 428.04 53.49 c 428.04 53.61 428.16 53.61 428.16 53.61 c 428.16 54.21 l 428.28 53.97 428.4 53.85 428.52 53.73 c 428.64 53.61 428.88 53.49 429.12 53.49 c 429.6 53.49 l 429.72 53.49 429.72 53.49 429.72 53.49 c 429.84 53.61 429.84 53.61 429.84 53.61 c 430.32 54.81 l 430.32 55.05 430.44 55.17 430.44 55.41 c 430.44 55.65 430.32 55.77 430.32 55.89 c 430.32 56.13 430.32 56.25 430.32 56.37 c 430.32 56.49 430.2 56.61 430.2 56.73 c 430.2 56.85 430.08 56.85 430.08 56.85 c 429.96 56.85 429.96 56.85 429.96 56.73 c 429.6 55.41 l 429.6 55.29 429.6 55.17 429.72 55.17 c 429.72 55.05 429.72 55.05 429.72 54.93 c 428.4 54.93 l 428.52 55.29 428.52 55.53 428.64 55.77 c 428.64 56.01 428.64 56.25 428.76 56.37 c 428.76 56.61 428.76 56.61 428.76 56.61 c 428.76 56.73 428.76 56.73 428.64 56.73 c 428.64 56.73 428.64 56.73 428.52 56.61 c 427.68 55.65 l 427.56 54.93 l h f 
435.36 54.93 m 434.64 58.29 l 434.64 58.41 434.64 58.41 434.52 58.41 c 434.52 58.41 434.52 58.41 434.52 58.29 c 434.04 57.09 l 434.4 54.93 l 432.48 54.93 l 432.24 54.93 432.12 55.05 432 55.05 c 431.88 55.17 431.88 55.17 431.76 55.29 c 431.76 55.29 431.64 55.41 431.64 55.53 c 431.64 55.53 431.64 55.53 431.52 55.53 c 431.52 55.53 431.4 55.53 431.4 55.41 c 431.4 54.09 l 431.4 53.73 431.76 53.49 432.24 53.49 c 434.04 53.49 l 434.52 54.45 l 434.64 53.85 l 434.64 53.61 434.88 53.49 435.12 53.49 c 436.2 53.49 l 436.2 54.93 l 435.36 54.93 l h f 
439.44 54.93 m 438.36 54.93 l 438.36 56.85 l 438.36 56.85 438.36 56.97 438.24 56.97 c 438.24 56.97 438.24 56.97 438.12 56.85 c 437.28 55.65 l 437.4 54.93 l 436.2 54.93 l 435.96 54.93 435.96 54.93 435.84 54.81 c 435.72 54.69 435.72 54.69 435.72 54.45 c 435.72 53.97 l 435.72 53.85 435.72 53.73 435.84 53.61 c 435.96 53.49 435.96 53.49 436.2 53.49 c 437.76 53.49 l 438 54.09 l 438.12 53.85 438.12 53.73 438.24 53.61 c 438.36 53.49 438.48 53.49 438.72 53.49 c 439.44 53.49 l 439.44 54.93 l h 436.92 58.89 m 437.76 58.05 l 438.72 58.89 l 437.76 59.61 l 436.92 58.89 l h f 
443.28 53.49 m 444 53.49 l 444 54.93 l 442.68 54.93 l 442.8 55.05 442.92 55.29 442.92 55.41 c 443.04 55.53 443.16 55.77 443.16 55.89 c 443.28 56.13 443.28 56.37 443.4 56.49 c 443.4 56.73 443.4 56.85 443.4 57.09 c 443.4 57.21 443.4 57.33 443.4 57.45 c 443.16 57.45 442.92 57.33 442.56 57.21 c 442.32 57.09 442.08 56.85 441.72 56.61 c 441.48 56.49 441.24 56.13 441 55.89 c 440.76 55.65 440.52 55.29 440.28 54.93 c 439.44 54.93 l 439.32 54.93 439.2 54.93 439.2 54.81 c 439.08 54.69 439.08 54.69 439.08 54.45 c 439.08 53.97 l 439.08 53.85 439.08 53.73 439.2 53.61 c 439.2 53.49 439.32 53.49 439.44 53.49 c 440.04 53.49 l 440.04 52.77 440.28 52.29 440.64 51.93 c 441 51.69 441.36 51.45 441.72 51.45 c 441.84 51.45 442.08 51.57 442.2 51.57 c 442.44 51.69 442.56 51.81 442.8 52.05 c 442.92 52.17 443.04 52.41 443.16 52.65 c 443.16 52.89 443.28 53.13 443.28 53.49 c 443.28 53.49 l h 440.76 53.49 m 441 53.49 l 441.48 53.49 441.84 53.37 442.08 53.25 c 442.32 53.13 442.44 53.01 442.56 52.89 c 442.56 52.89 442.44 52.89 442.32 52.89 c 442.32 52.89 442.2 52.89 442.08 52.89 c 441.84 52.89 441.6 52.89 441.36 53.01 c 441.24 53.13 441 53.25 440.76 53.49 c 440.76 53.49 l h 442.56 56.13 m 442.56 56.01 442.56 55.89 442.68 55.77 c 442.68 55.77 442.68 55.65 442.68 55.53 c 442.44 55.41 442.2 55.29 441.96 55.17 c 441.6 55.05 441.36 54.93 441 54.93 c 441.24 55.17 441.48 55.41 441.84 55.65 c 442.08 55.89 442.32 56.01 442.56 56.13 c 442.56 56.13 l h f 
444.72 58.65 m 445.2 54.93 l 444 54.93 l 443.88 54.93 443.76 54.93 443.76 54.81 c 443.64 54.69 443.64 54.69 443.64 54.45 c 443.64 53.97 l 443.64 53.85 443.64 53.73 443.76 53.61 c 443.76 53.49 443.88 53.49 444 53.49 c 445.32 53.49 l 445.32 53.49 445.44 53.49 445.44 53.61 c 445.44 53.61 445.56 53.73 445.56 53.97 c 445.68 54.09 445.68 54.21 445.68 54.33 c 445.8 54.57 445.8 54.69 445.92 54.81 c 445.92 54.93 445.92 55.05 445.92 55.05 c 445.92 55.05 445.92 55.17 445.92 55.29 c 445.92 55.41 445.92 55.53 445.92 55.65 c 445.92 55.89 445.92 56.01 445.8 56.25 c 445.8 56.37 445.8 56.61 445.8 56.73 c 445.8 57.21 445.68 57.69 445.68 58.17 c 445.8 58.17 l 445.92 58.41 445.92 58.65 446.04 58.77 c 446.16 59.01 446.16 59.13 446.28 59.25 c 446.28 59.49 446.28 59.49 446.28 59.49 c 446.28 59.61 446.28 59.61 446.16 59.61 c 445.92 59.73 445.8 59.85 445.68 59.97 c 445.56 60.09 445.44 60.21 445.32 60.21 c 445.2 60.33 445.2 60.45 445.2 60.45 c 445.08 60.57 445.08 60.57 445.08 60.57 c 444.96 60.57 444.96 60.57 444.96 60.45 c 444.96 60.45 444.96 60.33 444.84 60.21 c 444.72 60.09 444.72 59.85 444.6 59.73 c 444.6 59.61 444.48 59.49 444.48 59.37 c 444.48 59.25 444.36 59.13 444.36 59.13 c 444.36 59.01 444.48 59.01 444.48 58.89 c 444.48 58.89 444.6 58.77 444.72 58.65 c 444.72 58.65 l h f 
448.2 60.33 m 447.48 59.13 l 447.96 53.85 l 447.96 53.61 l 447.96 53.49 448.08 53.49 448.08 53.49 c 448.08 53.49 448.2 53.61 448.2 53.73 c 448.32 53.85 448.32 53.97 448.44 54.09 c 448.44 54.21 448.56 54.45 448.56 54.57 c 448.68 54.69 448.68 54.81 448.68 54.93 c 448.68 54.93 448.68 55.05 448.68 55.41 c 448.56 55.65 448.56 55.89 448.56 56.37 c 448.56 56.73 448.56 57.09 448.44 57.57 c 448.44 58.05 448.44 58.41 448.44 58.89 c 448.44 59.25 448.44 59.61 448.32 59.85 c 448.32 60.09 448.32 60.21 448.32 60.21 c 448.32 60.33 448.32 60.33 448.32 60.33 c 448.2 60.33 448.2 60.33 448.2 60.33 c 448.2 60.33 l h f 
1 0.945 0.004 sc 456.84 56.97 m 456.84 56.97 l 456.6 56.85 456.36 56.73 456.12 56.61 c 455.88 56.61 455.64 56.49 455.52 56.49 c 455.28 56.37 455.16 56.37 454.92 56.25 c 454.8 56.13 454.68 56.01 454.68 55.89 c 454.2 54.69 l 454.2 54.69 454.2 54.69 454.2 54.57 c 454.2 54.57 454.2 54.45 454.32 54.45 c 456.72 53.97 l 457.08 55.05 l 457.2 53.97 l 457.2 53.73 457.32 53.61 457.32 53.61 c 457.44 53.49 457.56 53.49 457.68 53.49 c 458.64 53.49 l 458.64 54.93 l 457.92 54.93 l 457.44 58.29 l 457.44 58.41 457.44 58.41 457.32 58.41 c 457.32 58.41 457.32 58.41 457.2 58.29 c 456.84 56.97 l h 456.84 56.37 m 456.96 55.53 l 455.88 55.77 l 456.12 55.89 456.36 56.01 456.48 56.01 c 456.6 56.13 456.72 56.25 456.84 56.37 c h 454.44 59.37 m 455.28 58.53 l 456 59.25 l 456.6 58.53 l 457.44 59.37 l 456.6 60.21 l 456 59.49 l 455.28 60.21 l 454.44 59.37 l h f 
462 54.93 m 460.92 54.93 l 460.92 56.85 l 460.92 56.85 460.92 56.97 460.8 56.97 c 460.8 56.97 460.8 56.97 460.68 56.85 c 459.84 55.65 l 459.96 54.93 l 458.64 54.93 l 458.52 54.93 458.4 54.93 458.4 54.81 c 458.28 54.69 458.28 54.69 458.28 54.45 c 458.28 53.97 l 458.28 53.85 458.28 53.73 458.4 53.61 c 458.4 53.49 458.52 53.49 458.64 53.49 c 460.32 53.49 l 460.56 54.09 l 460.56 53.85 460.68 53.73 460.8 53.61 c 460.92 53.49 461.04 53.49 461.28 53.49 c 462 53.49 l 462 54.93 l h 459 58.41 m 459.72 57.69 l 460.32 58.29 l 461.04 57.69 l 461.76 58.41 l 461.04 59.13 l 460.32 58.41 l 459.72 59.13 l 459 58.41 l h 459.6 59.61 m 460.32 58.89 l 461.16 59.61 l 460.32 60.33 l 459.6 59.61 l h f 
462.72 58.65 m 463.2 54.93 l 462 54.93 l 461.88 54.93 461.76 54.93 461.76 54.81 c 461.64 54.69 461.64 54.69 461.64 54.45 c 461.64 53.97 l 461.64 53.85 461.64 53.73 461.76 53.61 c 461.76 53.49 461.88 53.49 462 53.49 c 463.32 53.49 l 463.32 53.49 463.44 53.49 463.44 53.61 c 463.44 53.61 463.56 53.73 463.56 53.97 c 463.68 54.09 463.68 54.21 463.68 54.33 c 463.8 54.57 463.8 54.69 463.92 54.81 c 463.92 54.93 463.92 55.05 463.92 55.05 c 463.92 55.05 463.92 55.17 463.92 55.29 c 463.92 55.41 463.92 55.53 463.92 55.65 c 463.92 55.89 463.92 56.01 463.8 56.25 c 463.8 56.37 463.8 56.61 463.8 56.73 c 463.8 57.21 463.68 57.69 463.68 58.17 c 463.8 58.17 l 463.92 58.41 463.92 58.65 464.04 58.77 c 464.16 59.01 464.16 59.13 464.28 59.25 c 464.28 59.49 464.28 59.49 464.28 59.49 c 464.28 59.61 464.28 59.61 464.16 59.61 c 463.92 59.73 463.8 59.85 463.68 59.97 c 463.56 60.09 463.44 60.21 463.32 60.21 c 463.2 60.33 463.2 60.45 463.2 60.45 c 463.08 60.57 463.08 60.57 463.08 60.57 c 462.96 60.57 462.96 60.57 462.96 60.45 c 462.96 60.45 462.96 60.33 462.84 60.21 c 462.72 60.09 462.72 59.85 462.6 59.73 c 462.6 59.61 462.48 59.49 462.48 59.37 c 462.48 59.25 462.36 59.13 462.36 59.13 c 462.36 59.01 462.48 59.01 462.48 58.89 c 462.48 58.89 462.6 58.77 462.72 58.65 c 462.72 58.65 l h f 
466.92 54.93 m 466.44 60.21 l 466.44 60.33 466.44 60.33 466.32 60.33 c 466.32 60.33 466.2 60.33 466.2 60.33 c 465.6 59.13 l 466.08 53.49 l 467.76 53.49 l 467.76 54.93 l 466.92 54.93 l h f 
471.12 54.93 m 469.92 54.93 l 469.92 56.85 l 469.92 56.85 469.92 56.97 469.8 56.97 c 469.8 56.97 469.8 56.97 469.8 56.85 c 468.96 55.65 l 468.96 54.93 l 467.76 54.93 l 467.64 54.93 467.52 54.93 467.4 54.81 c 467.28 54.69 467.28 54.69 467.28 54.45 c 467.28 53.97 l 467.28 53.85 467.28 53.73 467.4 53.61 c 467.52 53.49 467.64 53.49 467.76 53.49 c 469.32 53.49 l 469.56 54.09 l 469.68 53.85 469.68 53.73 469.8 53.61 c 469.92 53.49 470.04 53.49 470.28 53.49 c 471.12 53.49 l 471.12 54.93 l h 468 58.41 m 468.72 57.69 l 469.44 58.29 l 470.04 57.69 l 470.76 58.41 l 470.04 59.13 l 469.44 58.41 l 468.72 59.13 l 468 58.41 l h 468.6 59.61 m 469.44 58.89 l 470.16 59.61 l 469.44 60.33 l 468.6 59.61 l h f 
471.84 58.65 m 472.2 54.93 l 471.12 54.93 l 470.88 54.93 470.88 54.93 470.76 54.81 c 470.64 54.69 470.64 54.69 470.64 54.45 c 470.64 53.97 l 470.64 53.85 470.64 53.73 470.76 53.61 c 470.88 53.49 470.88 53.49 471.12 53.49 c 472.32 53.49 l 472.44 53.49 472.44 53.49 472.44 53.61 c 472.44 53.61 472.56 53.73 472.56 53.97 c 472.68 54.09 472.68 54.21 472.8 54.33 c 472.8 54.57 472.92 54.69 472.92 54.81 c 472.92 54.93 473.04 55.05 473.04 55.05 c 473.04 55.05 472.92 55.17 472.92 55.29 c 472.92 55.41 472.92 55.53 472.92 55.65 c 472.92 55.89 472.92 56.01 472.92 56.25 c 472.92 56.37 472.8 56.61 472.8 56.73 c 472.8 57.21 472.68 57.69 472.68 58.17 c 472.8 58.17 l 472.92 58.41 472.92 58.65 473.04 58.77 c 473.16 59.01 473.16 59.13 473.28 59.25 c 473.28 59.49 473.28 59.49 473.28 59.49 c 473.28 59.61 473.28 59.61 473.16 59.61 c 473.04 59.73 472.8 59.85 472.68 59.97 c 472.56 60.09 472.44 60.21 472.32 60.21 c 472.32 60.33 472.2 60.45 472.2 60.45 c 472.2 60.57 472.08 60.57 472.08 60.57 c 472.08 60.57 471.96 60.57 471.96 60.45 c 471.96 60.45 471.96 60.33 471.84 60.21 c 471.84 60.09 471.72 59.85 471.72 59.73 c 471.6 59.61 471.6 59.49 471.48 59.37 c 471.48 59.25 471.48 59.13 471.48 59.13 c 471.48 59.01 471.48 59.01 471.48 58.89 c 471.6 58.89 471.6 58.77 471.84 58.65 c 471.84 58.65 l h f 
475.2 60.33 m 474.48 59.13 l 474.96 53.85 l 474.96 53.61 l 474.96 53.49 475.08 53.49 475.08 53.49 c 475.08 53.49 475.2 53.61 475.2 53.73 c 475.32 53.85 475.32 53.97 475.44 54.09 c 475.56 54.21 475.56 54.45 475.56 54.57 c 475.68 54.69 475.68 54.81 475.68 54.93 c 475.68 54.93 475.68 55.05 475.68 55.41 c 475.68 55.65 475.56 55.89 475.56 56.37 c 475.56 56.73 475.56 57.09 475.56 57.57 c 475.44 58.05 475.44 58.41 475.44 58.89 c 475.44 59.25 475.44 59.61 475.44 59.85 c 475.32 60.09 475.32 60.21 475.32 60.21 c 475.32 60.33 475.32 60.33 475.32 60.33 c 475.2 60.33 475.2 60.33 475.2 60.33 c 475.2 60.33 l h f 
479.16 53.49 m 480.36 53.49 l 480.48 53.49 480.6 53.49 480.6 53.49 c 480.6 53.49 480.72 53.61 480.72 53.61 c 480.84 53.85 480.96 54.09 480.96 54.21 c 481.08 54.45 481.08 54.57 481.2 54.69 c 481.2 54.69 481.2 54.81 481.2 54.93 c 481.2 54.93 481.2 55.05 481.2 55.05 c 481.2 55.41 481.2 55.65 481.08 56.01 c 480.96 56.25 480.84 56.49 480.72 56.73 c 480.6 56.97 480.48 57.09 480.24 57.33 c 480.12 57.45 479.88 57.57 479.76 57.69 c 479.64 57.81 479.64 57.81 479.52 57.81 c 479.52 57.81 479.52 57.69 479.52 57.69 c 479.4 57.45 479.28 57.21 479.16 57.09 c 479.16 56.97 479.04 56.73 479.04 56.61 c 478.92 56.49 478.92 56.49 478.92 56.49 c 478.92 56.37 478.92 56.37 478.92 56.37 c 479.04 56.37 479.04 56.37 479.04 56.25 c 479.04 56.13 478.92 56.01 478.8 55.89 c 478.68 55.77 478.56 55.53 478.44 55.41 c 478.44 55.17 478.32 55.05 478.32 54.81 c 478.2 54.69 478.2 54.45 478.2 54.33 c 478.2 54.09 478.32 53.85 478.44 53.73 c 478.56 53.61 478.8 53.49 479.16 53.49 c 479.16 53.49 l h 480.48 54.93 m 479.52 54.93 l 479.28 54.93 479.16 55.05 479.16 55.05 c 479.04 55.17 479.04 55.17 479.04 55.29 c 479.04 55.41 479.04 55.65 479.16 55.77 c 479.16 55.89 479.28 56.01 479.4 56.13 c 479.64 56.01 479.88 55.77 480.12 55.53 c 480.24 55.29 480.36 55.05 480.48 54.93 c 480.48 54.93 l h 478.08 59.37 m 478.92 58.53 l 479.52 59.25 l 480.24 58.53 l 481.08 59.37 l 480.24 60.21 l 479.52 59.49 l 478.92 60.21 l 478.08 59.37 l h f 
486 54.93 m 485.28 58.29 l 485.28 58.41 485.28 58.41 485.28 58.41 c 485.16 58.41 485.16 58.41 485.16 58.29 c 484.68 57.09 l 485.16 54.93 l 483.12 54.93 l 482.88 54.93 482.76 55.05 482.64 55.05 c 482.52 55.17 482.52 55.17 482.4 55.29 c 482.4 55.29 482.4 55.41 482.28 55.53 c 482.28 55.53 482.28 55.53 482.28 55.53 c 482.16 55.53 482.16 55.53 482.16 55.41 c 482.16 54.09 l 482.16 53.73 482.4 53.49 483 53.49 c 484.68 53.49 l 485.16 54.45 l 485.28 53.85 l 485.4 53.61 485.52 53.49 485.76 53.49 c 486.84 53.49 l 486.84 54.93 l 486 54.93 l h f 
492.24 54.33 m 492.24 54.57 492.36 54.69 492.48 54.93 c 492.48 55.05 492.6 55.17 492.6 55.29 c 492.72 55.41 492.72 55.41 492.72 55.41 c 492.72 55.53 492.72 55.53 492.6 55.53 c 492 55.65 491.4 55.65 490.92 55.89 c 490.56 56.13 490.08 56.25 489.84 56.49 c 489.48 56.73 489.24 56.97 489 57.09 c 488.76 57.21 488.64 57.33 488.4 57.33 c 488.28 57.33 488.16 57.33 488.04 57.21 c 488.04 57.21 487.92 57.09 487.8 56.97 c 487.56 56.61 487.32 56.25 487.2 56.13 c 487.08 56.01 487.08 55.89 487.08 55.89 c 487.08 55.89 487.08 55.77 487.08 55.77 c 487.2 55.77 487.32 55.89 487.32 55.89 c 487.44 55.89 487.44 55.89 487.56 55.89 c 487.68 55.89 487.92 55.77 488.04 55.77 c 488.16 55.77 488.28 55.77 488.4 55.65 c 488.64 55.65 488.76 55.53 488.88 55.53 c 489.12 55.41 489.36 55.29 489.6 55.29 c 489.48 55.17 489.36 55.17 489.24 55.17 c 489.24 55.05 489.12 55.05 489 55.05 c 489 55.05 488.88 55.05 488.88 54.93 c 488.76 54.93 488.64 54.93 488.52 54.93 c 486.84 54.93 l 486.72 54.93 486.6 54.93 486.48 54.81 c 486.36 54.69 486.36 54.69 486.36 54.45 c 486.36 53.97 l 486.36 53.85 486.36 53.73 486.48 53.61 c 486.6 53.49 486.72 53.49 486.84 53.49 c 487.92 53.49 l 488.16 53.49 488.4 53.49 488.64 53.61 c 488.76 53.61 488.88 53.73 489 53.73 c 489.24 53.97 489.6 54.09 489.84 54.21 c 490.2 54.33 490.44 54.45 490.8 54.45 c 490.8 54.45 490.92 54.45 491.04 54.45 c 491.16 54.45 491.28 54.33 491.52 54.33 c 491.76 54.33 492 54.33 492.24 54.33 c 492.24 54.33 l h f 
496.56 53.49 m 497.4 53.49 l 497.4 54.93 l 496.68 54.93 l 496.56 55.29 496.44 55.53 496.32 55.77 c 496.32 56.13 496.2 56.25 495.96 56.49 c 495.84 56.61 495.72 56.85 495.6 56.85 c 495.36 56.97 495.24 57.09 495.12 57.09 c 494.88 57.09 494.76 56.97 494.64 56.85 c 494.52 56.73 494.4 56.61 494.28 56.37 c 494.16 56.25 494.04 56.01 494.04 55.77 c 493.92 55.53 493.92 55.29 493.92 55.05 c 493.92 54.81 493.92 54.69 493.92 54.45 c 494.04 54.33 494.04 54.21 494.16 53.97 c 494.16 53.85 494.28 53.73 494.4 53.61 c 494.52 53.49 494.64 53.49 494.76 53.49 c 495.72 53.49 l 495.6 53.37 495.48 53.25 495.24 53.01 c 495 52.89 494.88 52.77 494.52 52.65 c 494.28 52.53 494.04 52.41 493.68 52.29 c 493.44 52.29 493.08 52.17 492.72 52.17 c 492.72 52.17 492.6 52.17 492.6 52.17 c 492.48 52.17 492.48 52.17 492.36 52.17 c 492.36 52.17 492.24 52.17 492.24 52.05 c 492.24 52.05 492.36 51.93 492.48 51.93 c 492.6 51.93 492.72 51.81 492.96 51.81 c 493.2 51.69 493.44 51.57 493.68 51.57 c 493.92 51.45 494.16 51.45 494.4 51.33 c 494.52 51.33 494.64 51.33 494.76 51.33 c 494.88 51.33 495 51.33 495.12 51.45 c 495.36 51.69 495.48 51.81 495.72 52.05 c 495.84 52.29 495.96 52.41 496.2 52.77 c 496.32 53.01 496.44 53.25 496.56 53.49 c 496.56 53.49 l h 495.72 54.93 m 494.4 54.93 l 494.52 55.41 494.64 55.53 494.88 55.53 c 495.24 55.53 495.48 55.41 495.72 54.93 c h f 
498.12 58.65 m 498.48 54.93 l 497.4 54.93 l 497.16 54.93 497.16 54.93 497.04 54.81 c 496.92 54.69 496.92 54.69 496.92 54.45 c 496.92 53.97 l 496.92 53.85 496.92 53.73 497.04 53.61 c 497.16 53.49 497.16 53.49 497.4 53.49 c 498.6 53.49 l 498.72 53.49 498.72 53.49 498.72 53.61 c 498.72 53.61 498.84 53.73 498.84 53.97 c 498.96 54.09 498.96 54.21 499.08 54.33 c 499.08 54.57 499.2 54.69 499.2 54.81 c 499.2 54.93 499.2 55.05 499.2 55.05 c 499.2 55.05 499.2 55.17 499.2 55.29 c 499.2 55.41 499.2 55.53 499.2 55.65 c 499.2 55.89 499.2 56.01 499.2 56.25 c 499.2 56.37 499.08 56.61 499.08 56.73 c 499.08 57.21 498.96 57.69 498.96 58.17 c 499.08 58.17 l 499.2 58.41 499.2 58.65 499.32 58.77 c 499.44 59.01 499.44 59.13 499.56 59.25 c 499.56 59.49 499.56 59.49 499.56 59.49 c 499.56 59.61 499.56 59.61 499.44 59.61 c 499.32 59.73 499.08 59.85 498.96 59.97 c 498.84 60.09 498.72 60.21 498.6 60.21 c 498.6 60.33 498.48 60.45 498.48 60.45 c 498.36 60.57 498.36 60.57 498.36 60.57 c 498.36 60.57 498.24 60.57 498.24 60.45 c 498.24 60.45 498.24 60.33 498.12 60.21 c 498.12 60.09 498 59.85 498 59.73 c 497.88 59.61 497.88 59.49 497.76 59.37 c 497.76 59.25 497.76 59.13 497.76 59.13 c 497.76 59.01 497.76 59.01 497.76 58.89 c 497.88 58.89 497.88 58.77 498.12 58.65 c 498.12 58.65 l h f 
501.48 60.33 m 500.76 59.13 l 501.24 53.85 l 501.24 53.61 l 501.24 53.49 501.36 53.49 501.36 53.49 c 501.36 53.49 501.48 53.61 501.48 53.73 c 501.6 53.85 501.6 53.97 501.72 54.09 c 501.84 54.21 501.84 54.45 501.84 54.57 c 501.96 54.69 501.96 54.81 501.96 54.93 c 501.96 54.93 501.96 55.05 501.96 55.41 c 501.96 55.65 501.84 55.89 501.84 56.37 c 501.84 56.73 501.84 57.09 501.84 57.57 c 501.72 58.05 501.72 58.41 501.72 58.89 c 501.72 59.25 501.72 59.61 501.72 59.85 c 501.6 60.09 501.6 60.21 501.6 60.21 c 501.6 60.33 501.6 60.33 501.6 60.33 c 501.48 60.33 501.48 60.33 501.48 60.33 c 501.48 60.33 l h f 
1 1 1 sc 47.88 55.77 m 47.52 55.53 47.28 55.41 46.92 55.29 c 46.56 55.29 46.2 55.17 45.84 55.17 c 45.6 55.17 45.36 55.29 45.24 55.29 c 45 55.29 44.76 55.41 44.64 55.53 c 44.52 55.53 44.4 55.77 44.28 55.89 c 44.16 56.01 44.16 56.25 44.16 56.37 c 44.16 56.73 44.28 57.09 44.4 57.57 c 44.52 57.57 44.52 57.57 44.52 57.57 c 44.52 57.69 44.4 57.69 44.4 57.69 c 44.4 57.69 44.4 57.69 44.28 57.69 c 44.28 57.69 44.28 57.69 44.28 57.57 c 43.8 56.85 43.68 56.13 43.68 55.53 c 43.68 55.05 43.8 54.69 44.04 54.45 c 44.4 54.09 44.76 53.97 45.48 53.97 c 45.96 53.97 46.32 54.09 46.8 54.21 c 47.28 54.33 47.64 54.57 48 54.81 c 48 54.93 48 54.93 48.12 55.05 c 48.12 55.17 48.24 55.29 48.24 55.41 c 48.36 55.53 48.36 55.65 48.36 55.77 c 48.36 55.89 48.48 56.01 48.48 56.13 c 48.48 56.25 48.36 56.37 48.36 56.49 c 48.36 56.61 48.24 56.61 48.12 56.61 c 48 56.61 47.76 56.61 47.52 56.73 c 47.4 56.73 47.16 56.73 47.04 56.73 c 46.8 56.73 46.68 56.73 46.44 56.85 c 46.32 56.85 46.32 56.85 46.32 56.97 c 46.32 57.09 46.44 57.21 46.44 57.33 c 46.56 57.45 46.68 57.45 46.8 57.57 c 46.92 57.69 47.04 57.81 47.16 57.81 c 47.28 57.93 47.4 57.93 47.64 57.93 c 47.64 57.93 47.76 57.93 47.76 57.93 c 47.88 57.81 47.88 57.81 47.88 57.81 c 47.88 57.69 48 57.69 48 57.57 c 48 57.57 48 57.57 48 57.57 c 48.12 57.57 48.12 57.57 48.12 57.69 c 48.12 57.69 48.12 57.69 48.24 57.81 c 48.24 57.93 48.24 57.93 48.36 58.05 c 48.36 58.17 48.36 58.29 48.36 58.41 c 48.48 58.41 48.48 58.53 48.48 58.53 c 48.48 58.77 48.36 58.89 48.24 58.89 c 48.12 59.01 48 59.01 47.88 59.01 c 47.64 59.01 47.4 59.01 47.16 58.89 c 46.92 58.65 46.68 58.53 46.44 58.29 c 46.32 58.05 46.08 57.69 45.96 57.45 c 45.84 57.09 45.72 56.85 45.72 56.49 c 45.72 56.25 45.84 56.13 45.96 56.01 c 46.2 55.89 46.32 55.89 46.56 55.77 c 46.8 55.77 46.92 55.77 47.16 55.77 c 47.52 55.77 47.64 55.77 47.88 55.77 c 47.88 55.77 l h f 
51.96 56.13 m 51.96 56.25 51.96 56.37 51.96 56.61 c 51.96 56.73 51.84 56.97 51.72 57.21 c 51.6 57.45 51.48 57.69 51.24 57.93 c 51.12 58.17 50.88 58.53 50.64 58.77 c 50.52 58.77 50.52 58.77 50.52 58.77 c 50.52 58.77 50.4 58.77 50.4 58.77 c 50.16 57.57 l 50.52 57.33 50.76 57.09 50.88 56.85 c 51.12 56.61 51.24 56.49 51.36 56.25 c 49.8 56.25 l 49.68 56.25 49.68 56.25 49.56 56.25 c 49.56 56.25 49.56 56.37 49.44 56.37 c 49.44 56.49 49.44 56.49 49.44 56.49 c 49.44 56.49 49.44 56.61 49.32 56.61 c 49.32 56.61 49.32 56.61 49.32 56.49 c 49.32 56.49 49.32 56.49 49.32 56.49 c 49.32 55.41 l 49.32 55.17 49.32 55.17 49.44 55.05 c 49.44 55.05 49.56 55.05 49.68 55.05 c 51.36 55.05 l 51.48 55.05 51.48 55.05 51.48 55.05 c 51.6 55.05 51.6 55.17 51.6 55.17 c 51.6 55.17 51.6 55.29 51.72 55.41 c 51.72 55.41 51.72 55.53 51.84 55.65 c 51.84 55.77 51.96 55.89 51.96 56.01 c 51.96 56.13 51.96 56.13 51.96 56.13 c 51.96 56.13 l h f 
53.28 60.57 m 52.68 59.61 l 53.16 55.29 l 53.16 55.05 l 53.16 55.05 53.16 55.05 53.28 55.05 c 53.28 55.05 53.28 55.05 53.4 55.17 c 53.4 55.29 53.52 55.41 53.52 55.53 c 53.52 55.65 53.64 55.77 53.64 55.89 c 53.64 56.01 53.76 56.13 53.76 56.25 c 53.76 56.25 53.76 56.37 53.64 56.49 c 53.64 56.73 53.64 56.97 53.64 57.33 c 53.64 57.69 53.64 57.93 53.64 58.41 c 53.52 58.77 53.52 59.01 53.52 59.37 c 53.52 59.73 53.52 59.97 53.52 60.21 c 53.52 60.45 53.52 60.57 53.52 60.57 c 53.52 60.57 53.4 60.69 53.4 60.69 c 53.4 60.69 53.28 60.57 53.28 60.57 c 53.28 60.57 l h f 
57.84 56.25 m 57.24 58.89 l 57.24 59.01 57.24 59.01 57.12 59.01 c 57.12 59.01 57.12 59.01 57.12 59.01 c 56.64 57.93 l 57 56.25 l 55.44 56.25 l 55.2 56.25 55.08 56.25 55.08 56.25 c 54.96 56.37 54.96 56.37 54.84 56.49 c 54.84 56.49 54.84 56.61 54.84 56.61 c 54.72 56.73 54.72 56.73 54.72 56.73 c 54.6 56.73 54.6 56.61 54.6 56.61 c 54.6 55.53 l 54.6 55.17 54.84 55.05 55.32 55.05 c 56.76 55.05 l 57.12 55.77 l 57.24 55.29 l 57.24 55.17 57.36 55.05 57.6 55.05 c 58.44 55.05 l 58.44 56.25 l 57.84 56.25 l h f 
58.8 56.25 m 58.44 56.25 l 58.32 56.25 58.2 56.13 58.2 56.13 c 58.08 56.13 58.08 56.01 58.08 55.89 c 58.08 55.41 l 58.08 55.29 58.08 55.17 58.2 55.05 c 58.2 55.05 58.32 55.05 58.44 55.05 c 61.56 55.05 l 62.4 56.01 l 62.4 56.13 62.4 56.13 62.4 56.13 c 62.4 56.25 62.4 56.25 62.28 56.25 c 60.48 56.25 l 60.24 56.25 60.12 56.49 60 56.61 c 59.76 56.73 59.64 56.97 59.64 57.09 c 59.76 57.21 60 57.21 60.12 57.21 c 60.24 57.33 60.48 57.33 60.6 57.33 c 60.84 57.33 61.08 57.21 61.2 57.21 c 61.44 57.21 61.68 57.09 61.8 56.97 c 61.92 56.97 61.92 56.97 61.92 57.09 c 61.92 57.09 61.92 57.09 61.8 57.21 c 61.8 57.45 61.68 57.57 61.56 57.69 c 61.44 57.93 61.2 58.05 61.08 58.17 c 60.96 58.29 60.72 58.41 60.6 58.41 c 60.48 58.41 60.24 58.29 60 58.17 c 59.88 57.93 59.64 57.81 59.4 57.57 c 59.28 57.45 59.16 57.21 59.04 56.97 c 58.92 56.73 58.8 56.61 58.8 56.49 c 58.8 56.49 58.8 56.37 58.8 56.37 c 58.8 56.25 58.8 56.25 58.8 56.25 c 58.8 56.25 l h f 
66.36 58.89 m 66.72 58.77 l 66.72 59.01 66.84 59.25 66.96 59.37 c 66.96 59.49 66.96 59.61 67.08 59.73 c 67.08 59.73 67.08 59.85 67.08 59.85 c 67.08 59.97 67.08 59.97 67.08 59.97 c 67.08 59.97 67.08 59.97 67.08 60.09 c 67.08 60.09 66.96 60.09 66.96 60.09 c 66.84 60.21 66.72 60.21 66.6 60.33 c 66.48 60.33 66.48 60.45 66.36 60.45 c 66.36 60.57 66.36 60.57 66.24 60.57 c 66.24 60.69 66.24 60.69 66.24 60.69 c 66.24 60.81 66.12 60.81 66.12 60.81 c 66.12 60.81 66.12 60.81 66.12 60.69 c 66 60.69 66 60.69 66 60.57 c 65.88 60.45 65.88 60.33 65.88 60.21 c 65.76 60.09 65.76 59.97 65.64 59.85 c 65.64 59.73 65.64 59.61 65.64 59.61 c 65.64 59.61 65.64 59.61 65.64 59.49 c 65.64 59.37 65.76 59.37 65.88 59.25 c 65.76 59.01 65.76 58.77 65.76 58.53 c 65.76 58.41 65.64 58.17 65.52 57.93 c 65.4 58.17 65.28 58.29 65.04 58.53 c 64.92 58.77 64.68 58.89 64.56 59.13 c 64.32 59.25 64.2 59.49 63.96 59.61 c 63.72 59.73 63.6 59.85 63.48 59.97 c 63.36 59.97 63.36 59.97 63.36 59.97 c 63.24 59.97 63.24 59.97 63.24 59.85 c 63.24 59.85 63.24 59.73 63.24 59.61 c 63.12 59.49 63.12 59.37 63.12 59.25 c 63.12 59.13 63.12 58.89 63 58.77 c 63 58.65 l 63 58.53 63 58.53 63.12 58.41 c 63.12 58.41 63.24 58.29 63.36 58.29 c 63.36 58.17 63.48 58.17 63.6 58.17 c 63.72 58.17 63.72 58.05 63.84 58.05 c 63.96 58.05 63.96 58.17 63.96 58.17 c 64.2 58.05 64.44 57.93 64.68 57.69 c 64.8 57.57 65.04 57.33 65.16 57.09 c 65.16 57.09 65.04 56.97 64.92 56.85 c 64.8 56.73 64.68 56.61 64.56 56.49 c 64.44 56.49 64.32 56.37 64.2 56.25 c 64.08 56.25 63.96 56.25 63.84 56.25 c 63.6 56.25 l 63.6 56.01 63.6 55.77 63.6 55.65 c 63.48 55.53 63.48 55.53 63.48 55.41 c 63.48 55.41 63.48 55.29 63.48 55.29 c 63.48 55.17 63.48 55.17 63.48 55.05 c 63.48 55.05 63.48 55.05 63.6 55.05 c 65.76 55.05 l 65.88 55.05 65.88 55.05 66 55.17 c 66 55.29 66 55.41 66 55.53 c 66.12 55.53 66.12 55.65 66.12 55.77 c 66.12 55.89 66.12 56.01 66.12 56.01 c 66.24 56.13 66.24 56.13 66.24 56.25 c 66.24 56.37 66.12 56.61 66.12 56.73 c 66 56.97 66 57.21 65.88 57.33 c 66 57.69 66.12 57.93 66.12 58.17 c 66.24 58.53 66.24 58.77 66.36 58.89 c 66.36 58.89 l h 65.76 56.25 m 65.16 56.25 l 65.28 56.25 65.28 56.37 65.28 56.49 c 65.4 56.49 65.4 56.61 65.52 56.73 c 65.52 56.61 65.64 56.49 65.64 56.37 c 65.76 56.37 65.76 56.25 65.76 56.25 c 65.76 56.25 l h 64.32 53.13 m 64.68 53.49 l 64.68 53.49 64.68 53.61 64.68 53.61 c 64.68 53.61 64.68 53.61 64.56 53.61 c 64.44 53.61 64.2 53.61 63.96 53.73 c 63.84 53.73 63.72 53.73 63.6 53.97 c 63.6 53.97 63.72 53.97 63.72 53.97 c 63.84 53.97 63.84 53.97 63.96 53.97 c 63.96 53.97 64.08 53.97 64.08 53.97 c 64.08 53.97 64.2 53.97 64.2 53.97 c 64.2 53.85 64.2 53.85 64.2 53.85 c 64.2 53.85 64.2 53.85 64.2 53.85 c 64.2 53.85 64.32 53.85 64.32 53.85 c 64.32 53.85 64.32 53.85 64.32 53.85 c 64.44 54.21 l 64.44 54.21 64.44 54.21 64.44 54.33 c 64.44 54.33 64.44 54.45 64.32 54.45 c 64.32 54.45 64.2 54.57 64.08 54.57 c 64.08 54.57 63.96 54.45 63.84 54.45 c 63.72 54.45 63.6 54.33 63.6 54.33 c 63.48 54.21 63.48 54.09 63.36 54.09 c 63.36 53.97 63.36 53.85 63.36 53.73 c 63.36 53.61 63.48 53.49 63.6 53.37 c 63.6 53.25 63.48 53.25 63.48 53.13 c 63.36 53.01 63.36 52.89 63.36 52.77 c 63.48 53.01 63.6 53.13 63.84 53.13 c 63.96 53.13 64.2 53.13 64.32 53.13 c 64.32 53.13 l h f 
68.76 60.57 m 68.16 59.61 l 68.64 55.29 l 68.64 55.05 l 68.64 55.05 68.64 55.05 68.76 55.05 c 68.76 55.05 68.76 55.05 68.88 55.17 c 68.88 55.29 68.88 55.41 69 55.53 c 69 55.65 69.12 55.77 69.12 55.89 c 69.12 56.01 69.24 56.13 69.24 56.25 c 69.24 56.25 69.12 56.37 69.12 56.49 c 69.12 56.73 69.12 56.97 69.12 57.33 c 69.12 57.69 69.12 57.93 69 58.41 c 69 58.77 69 59.01 69 59.37 c 69 59.73 69 59.97 69 60.21 c 68.88 60.45 68.88 60.57 68.88 60.57 c 68.88 60.57 68.88 60.69 68.88 60.69 c 68.88 60.69 68.76 60.57 68.76 60.57 c 68.76 60.57 l h f 
76.8 56.85 m 76.92 56.25 l 72.84 56.25 l 72.6 56.25 72.24 56.25 72.12 56.49 c 71.88 56.61 71.88 56.85 71.88 57.09 c 71.88 57.33 71.88 57.45 72 57.69 c 72 57.69 72 57.81 72 57.81 c 72 57.81 72 57.81 71.88 57.81 c 71.88 57.81 71.88 57.81 71.88 57.81 c 71.64 57.57 71.52 57.33 71.4 56.97 c 71.28 56.73 71.28 56.37 71.28 56.13 c 71.28 56.01 71.28 55.89 71.28 55.65 c 71.4 55.53 71.4 55.41 71.52 55.29 c 71.64 55.29 71.76 55.17 72 55.05 c 72.12 55.05 72.36 55.05 72.6 55.05 c 77.16 55.05 l 77.4 55.53 l 77.4 55.41 77.52 55.17 77.64 55.17 c 77.64 55.05 77.88 55.05 78 55.05 c 78.6 55.05 l 78.6 56.25 l 77.64 56.25 l 77.64 57.69 l 77.64 57.81 77.64 57.81 77.64 57.81 c 77.64 57.81 77.52 57.81 77.52 57.81 c 76.8 56.85 l h 73.32 58.77 m 73.92 58.17 l 74.52 58.65 l 75 58.17 l 75.6 58.77 l 75 59.37 l 74.52 58.77 l 73.92 59.37 l 73.32 58.77 l h 73.8 59.73 m 74.52 59.13 l 75.12 59.73 l 74.52 60.33 l 73.8 59.73 l h f 
79.2 59.25 m 79.56 56.25 l 78.6 56.25 l 78.48 56.25 78.48 56.13 78.36 56.13 c 78.24 56.01 78.24 55.89 78.24 55.89 c 78.24 55.41 l 78.24 55.29 78.24 55.17 78.36 55.17 c 78.48 55.05 78.48 55.05 78.6 55.05 c 79.68 55.05 l 79.68 55.05 79.8 55.05 79.8 55.05 c 79.8 55.17 79.8 55.29 79.92 55.41 c 79.92 55.53 79.92 55.65 80.04 55.77 c 80.04 55.89 80.04 56.01 80.16 56.13 c 80.16 56.25 80.16 56.25 80.16 56.25 c 80.16 56.37 80.16 56.37 80.16 56.49 c 80.16 56.61 80.16 56.73 80.16 56.85 c 80.16 56.97 80.16 57.09 80.16 57.21 c 80.04 57.33 80.04 57.57 80.04 57.69 c 80.04 58.05 80.04 58.41 79.92 58.89 c 80.04 58.77 l 80.16 59.01 80.16 59.25 80.28 59.37 c 80.28 59.49 80.4 59.61 80.4 59.73 c 80.4 59.85 80.52 59.97 80.52 59.97 c 80.52 59.97 80.4 59.97 80.4 60.09 c 80.16 60.09 80.04 60.21 79.92 60.33 c 79.8 60.33 79.68 60.45 79.68 60.57 c 79.56 60.57 79.56 60.69 79.56 60.69 c 79.44 60.81 79.44 60.81 79.44 60.81 c 79.44 60.81 79.44 60.81 79.32 60.69 c 79.32 60.69 79.32 60.57 79.32 60.45 c 79.2 60.33 79.2 60.21 79.08 60.09 c 79.08 59.97 79.08 59.85 78.96 59.85 c 78.96 59.73 78.96 59.61 78.96 59.61 c 78.96 59.61 78.96 59.49 78.96 59.49 c 78.96 59.37 79.08 59.37 79.2 59.25 c 79.2 59.25 l h f 
82.56 56.25 m 82.2 60.57 l 82.2 60.57 82.2 60.69 82.08 60.69 c 82.08 60.69 82.08 60.69 82.08 60.57 c 81.48 59.61 l 81.96 55.05 l 83.28 55.05 l 83.28 56.25 l 82.56 56.25 l h f 
86.04 56.25 m 85.08 56.25 l 85.08 57.69 l 85.08 57.81 85.08 57.81 84.96 57.81 c 84.96 57.81 84.96 57.81 84.96 57.81 c 84.24 56.85 l 84.36 56.25 l 83.28 56.25 l 83.16 56.25 83.04 56.13 83.04 56.13 c 82.92 56.01 82.92 55.89 82.92 55.89 c 82.92 55.41 l 82.92 55.29 82.92 55.17 83.04 55.17 c 83.04 55.05 83.16 55.05 83.28 55.05 c 84.6 55.05 l 84.84 55.53 l 84.84 55.41 84.84 55.17 84.96 55.17 c 85.08 55.05 85.2 55.05 85.44 55.05 c 86.04 55.05 l 86.04 56.25 l h 83.52 59.01 m 84.12 58.41 l 84.6 58.89 l 85.2 58.41 l 85.8 59.01 l 85.2 59.61 l 84.6 59.01 l 84.12 59.61 l 83.52 59.01 l h 84 59.97 m 84.6 59.37 l 85.2 59.97 l 84.6 60.57 l 84 59.97 l h f 
86.64 59.25 m 86.88 56.25 l 86.04 56.25 l 85.92 56.25 85.8 56.13 85.68 56.13 c 85.68 56.01 85.68 55.89 85.68 55.89 c 85.68 55.41 l 85.68 55.29 85.68 55.17 85.68 55.17 c 85.8 55.05 85.92 55.05 86.04 55.05 c 87 55.05 l 87.12 55.05 87.12 55.05 87.12 55.05 c 87.12 55.17 87.24 55.29 87.24 55.41 c 87.24 55.53 87.36 55.65 87.36 55.77 c 87.48 55.89 87.48 56.01 87.48 56.13 c 87.6 56.25 87.6 56.25 87.6 56.25 c 87.6 56.37 87.6 56.37 87.6 56.49 c 87.6 56.61 87.48 56.73 87.48 56.85 c 87.48 56.97 87.48 57.09 87.48 57.21 c 87.48 57.33 87.48 57.57 87.48 57.69 c 87.36 58.05 87.36 58.41 87.36 58.89 c 87.36 58.77 l 87.48 59.01 87.6 59.25 87.6 59.37 c 87.72 59.49 87.72 59.61 87.84 59.73 c 87.84 59.85 87.84 59.97 87.84 59.97 c 87.84 59.97 87.84 59.97 87.72 60.09 c 87.6 60.09 87.48 60.21 87.36 60.33 c 87.24 60.33 87.12 60.45 87 60.57 c 87 60.57 86.88 60.69 86.88 60.69 c 86.88 60.81 86.88 60.81 86.88 60.81 c 86.76 60.81 86.76 60.81 86.76 60.69 c 86.76 60.69 86.76 60.57 86.64 60.45 c 86.64 60.33 86.52 60.21 86.52 60.09 c 86.4 59.97 86.4 59.85 86.4 59.85 c 86.28 59.73 86.28 59.61 86.28 59.61 c 86.28 59.61 86.28 59.49 86.4 59.49 c 86.4 59.37 86.52 59.37 86.64 59.25 c 86.64 59.25 l h f 
89.4 60.57 m 88.8 59.61 l 89.16 55.29 l 89.16 55.05 l 89.28 55.05 89.28 55.05 89.28 55.05 c 89.28 55.05 89.4 55.05 89.4 55.17 c 89.52 55.29 89.52 55.41 89.52 55.53 c 89.64 55.65 89.64 55.77 89.76 55.89 c 89.76 56.01 89.76 56.13 89.76 56.25 c 89.76 56.25 89.76 56.37 89.76 56.49 c 89.76 56.73 89.76 56.97 89.76 57.33 c 89.64 57.69 89.64 57.93 89.64 58.41 c 89.64 58.77 89.64 59.01 89.64 59.37 c 89.52 59.73 89.52 59.97 89.52 60.21 c 89.52 60.45 89.52 60.57 89.52 60.57 c 89.52 60.57 89.52 60.69 89.4 60.69 c 89.4 60.69 89.4 60.57 89.4 60.57 c 89.4 60.57 l h f 
93.24 55.05 m 99.6 55.05 l 99.6 56.25 l 98.76 56.25 l 98.88 56.37 99 56.49 99 56.61 c 99 56.85 99 56.97 99 57.21 c 99 57.45 99 57.69 98.88 57.93 c 98.76 58.17 98.64 58.29 98.4 58.29 c 98.16 58.29 98.04 58.17 97.8 58.05 c 97.56 57.93 97.32 57.69 97.2 57.45 c 96.96 57.33 96.84 57.09 96.6 56.85 c 96.48 56.61 96.48 56.37 96.36 56.25 c 93.48 56.25 l 93.12 56.25 92.88 56.25 92.64 56.49 c 92.52 56.61 92.4 56.85 92.4 57.09 c 92.4 57.33 92.52 57.45 92.52 57.69 c 92.64 57.69 92.64 57.81 92.64 57.81 c 92.64 57.81 92.52 57.81 92.52 57.81 c 92.52 57.81 92.4 57.81 92.4 57.81 c 92.28 57.57 92.16 57.33 92.04 56.97 c 91.92 56.73 91.8 56.37 91.8 56.13 c 91.8 56.01 91.8 55.89 91.92 55.65 c 91.92 55.53 92.04 55.41 92.16 55.29 c 92.28 55.29 92.4 55.17 92.52 55.05 c 92.76 55.05 92.88 55.05 93.24 55.05 c 93.24 55.05 l h 97.56 56.25 m 97.56 56.25 97.44 56.37 97.32 56.49 c 97.2 56.49 97.2 56.61 97.08 56.73 c 97.2 56.85 97.32 56.97 97.44 56.97 c 97.56 57.09 97.68 57.09 97.8 57.09 c 98.16 57.09 98.28 56.85 98.4 56.49 c 98.28 56.37 98.16 56.37 98.04 56.25 c 97.92 56.25 97.8 56.25 97.56 56.25 c 97.56 56.25 l h 97.2 59.37 m 97.92 58.77 l 98.64 59.37 l 97.92 60.09 l 97.2 59.37 l h f 
101.52 55.05 m 106.8 55.05 l 106.8 56.25 l 105.96 56.25 l 106.08 56.37 106.2 56.61 106.32 56.73 c 106.32 56.85 106.32 56.97 106.32 56.97 c 106.32 57.09 106.32 57.21 106.32 57.21 c 106.2 57.33 106.2 57.45 106.08 57.57 c 105.96 57.69 105.84 57.81 105.6 57.81 c 105.48 57.93 105.24 57.93 105.12 57.93 c 105 57.93 104.88 57.93 104.76 57.93 c 104.64 57.81 104.52 57.81 104.4 57.69 c 101.88 56.25 l 101.4 56.25 l 101.16 56.25 101.16 56.25 101.16 56.37 c 101.16 56.61 101.28 56.85 101.28 56.97 c 101.4 57.09 101.4 57.21 101.4 57.33 c 101.52 57.45 101.52 57.45 101.52 57.45 c 101.52 57.45 l 101.52 57.57 101.52 57.57 101.4 57.57 c 101.4 57.57 101.4 57.57 101.4 57.57 c 100.44 56.85 l 100.32 56.25 l 99.6 56.25 l 99.48 56.25 99.36 56.13 99.36 56.13 c 99.24 56.01 99.24 55.89 99.24 55.89 c 99.24 55.41 l 99.24 55.29 99.24 55.17 99.36 55.17 c 99.36 55.05 99.48 55.05 99.6 55.05 c 100.56 55.05 l 100.8 55.53 l 100.8 55.41 100.92 55.29 101.04 55.17 c 101.16 55.05 101.4 55.05 101.52 55.05 c h 102.84 56.25 m 103.92 56.73 l 104.16 56.85 104.28 56.85 104.4 56.85 c 104.52 56.85 104.64 56.85 104.76 56.85 c 104.88 56.85 105 56.73 105 56.73 c 105.12 56.61 105.24 56.61 105.24 56.49 c 105.36 56.49 105.36 56.37 105.48 56.37 c 105.36 56.37 105.12 56.25 105 56.25 c 104.88 56.25 104.76 56.25 104.64 56.25 c 102.84 56.25 l h f 
108.6 56.25 m 108.24 60.57 l 108.24 60.57 108.24 60.69 108.12 60.69 c 108.12 60.69 108.12 60.69 108.12 60.57 c 107.52 59.61 l 107.76 56.25 l 106.8 56.25 l 106.8 56.25 106.68 56.13 106.56 56.13 c 106.56 56.01 106.44 55.89 106.44 55.89 c 106.44 55.41 l 106.44 55.29 106.56 55.17 106.56 55.17 c 106.68 55.05 106.8 55.05 106.8 55.05 c 107.28 55.05 l 107.88 55.77 l 107.88 55.05 l 109.2 55.05 l 109.2 56.25 l 108.6 56.25 l h f 
109.8 59.25 m 110.16 56.25 l 109.2 56.25 l 109.08 56.25 109.08 56.13 108.96 56.13 c 108.84 56.01 108.84 55.89 108.84 55.89 c 108.84 55.41 l 108.84 55.29 108.84 55.17 108.96 55.17 c 109.08 55.05 109.08 55.05 109.2 55.05 c 110.28 55.05 l 110.28 55.05 110.4 55.05 110.4 55.05 c 110.4 55.17 110.4 55.29 110.52 55.41 c 110.52 55.53 110.52 55.65 110.64 55.77 c 110.64 55.89 110.64 56.01 110.76 56.13 c 110.76 56.25 110.76 56.25 110.76 56.25 c 110.76 56.37 110.76 56.37 110.76 56.49 c 110.76 56.61 110.76 56.73 110.76 56.85 c 110.76 56.97 110.76 57.09 110.76 57.21 c 110.64 57.33 110.64 57.57 110.64 57.69 c 110.64 58.05 110.64 58.41 110.52 58.89 c 110.64 58.77 l 110.76 59.01 110.76 59.25 110.88 59.37 c 110.88 59.49 111 59.61 111 59.73 c 111 59.85 111.12 59.97 111.12 59.97 c 111.12 59.97 111 59.97 111 60.09 c 110.76 60.09 110.64 60.21 110.52 60.33 c 110.4 60.33 110.28 60.45 110.28 60.57 c 110.16 60.57 110.16 60.69 110.16 60.69 c 110.16 60.81 110.04 60.81 110.04 60.81 c 110.04 60.81 110.04 60.81 109.92 60.69 c 109.92 60.69 109.92 60.57 109.92 60.45 c 109.8 60.33 109.8 60.21 109.68 60.09 c 109.68 59.97 109.68 59.85 109.56 59.85 c 109.56 59.73 109.56 59.61 109.56 59.61 c 109.56 59.61 109.56 59.49 109.56 59.49 c 109.56 59.37 109.68 59.37 109.8 59.25 c 109.8 59.25 l h f 
118.92 57.93 m 118.92 57.93 118.92 58.05 118.8 58.05 c 118.8 58.05 118.8 57.93 118.8 57.93 c 118.44 56.85 l 118.44 56.85 118.44 56.73 118.44 56.73 c 118.56 56.61 118.56 56.61 118.56 56.49 c 118.68 56.37 118.68 56.25 118.68 56.25 c 114.6 56.25 l 114.24 56.25 114 56.25 113.76 56.49 c 113.64 56.61 113.52 56.85 113.52 57.09 c 113.52 57.33 113.64 57.45 113.64 57.69 c 113.76 57.69 113.76 57.81 113.76 57.81 c 113.76 57.81 113.64 57.81 113.64 57.81 c 113.64 57.81 113.52 57.81 113.52 57.81 c 113.4 57.57 113.28 57.33 113.16 56.97 c 113.04 56.73 112.92 56.37 112.92 56.13 c 112.92 56.01 112.92 55.89 113.04 55.65 c 113.04 55.53 113.16 55.41 113.28 55.29 c 113.4 55.29 113.52 55.17 113.64 55.05 c 113.88 55.05 114 55.05 114.36 55.05 c 118.68 55.05 l 118.8 55.05 118.92 55.05 118.92 55.17 c 119.28 56.13 l 119.28 56.37 119.4 56.49 119.4 56.61 c 119.4 56.85 119.28 57.09 119.28 57.33 c 119.16 57.57 119.04 57.81 118.92 57.93 c h 114.96 59.49 m 115.68 58.77 l 116.16 59.37 l 116.76 58.77 l 117.48 59.49 l 116.76 60.09 l 116.16 59.49 l 115.68 60.09 l 114.96 59.49 l h f 
121.32 56.25 m 120.96 60.57 l 120.84 60.57 120.84 60.69 120.84 60.69 c 120.84 60.69 120.72 60.69 120.72 60.57 c 120.24 59.61 l 120.6 55.05 l 121.92 55.05 l 121.92 56.25 l 121.32 56.25 l h f 
124.68 56.25 m 123.72 56.25 l 123.72 57.69 l 123.72 57.81 123.72 57.81 123.72 57.81 c 123.72 57.81 123.6 57.81 123.6 57.81 c 122.88 56.85 l 123 56.25 l 121.92 56.25 l 121.8 56.25 121.8 56.13 121.68 56.13 c 121.68 56.01 121.56 55.89 121.56 55.89 c 121.56 55.41 l 121.56 55.29 121.68 55.17 121.68 55.17 c 121.8 55.05 121.8 55.05 121.92 55.05 c 123.24 55.05 l 123.48 55.53 l 123.48 55.41 123.6 55.17 123.72 55.17 c 123.72 55.05 123.96 55.05 124.08 55.05 c 124.68 55.05 l 124.68 56.25 l h 122.16 53.73 m 122.76 53.13 l 123.36 53.73 l 123.84 53.13 l 124.56 53.73 l 123.84 54.45 l 123.36 53.85 l 122.76 54.45 l 122.16 53.73 l h f 
126.72 55.05 m 130.56 55.05 l 130.68 55.05 130.68 55.05 130.68 55.05 c 130.8 55.05 130.8 55.05 130.8 55.17 c 130.92 55.41 131.04 55.65 131.16 55.89 c 131.28 56.01 131.4 56.25 131.4 56.37 c 131.52 56.61 131.52 56.73 131.52 56.73 c 131.52 56.85 131.52 56.97 131.4 57.09 c 131.4 57.21 131.28 57.45 131.16 57.57 c 131.04 57.57 130.92 57.69 130.68 57.81 c 130.56 57.93 130.44 57.93 130.2 57.93 c 130.08 57.93 129.84 57.81 129.6 57.69 c 126.96 56.25 l 126.48 56.25 l 126.36 56.25 126.24 56.25 126.24 56.37 c 126.36 56.61 126.36 56.85 126.48 56.97 c 126.48 57.09 126.6 57.21 126.6 57.33 c 126.6 57.45 126.6 57.45 126.6 57.45 c 126.6 57.45 l 126.6 57.57 126.6 57.57 126.6 57.57 c 126.48 57.57 126.48 57.57 126.48 57.57 c 125.52 56.85 l 125.4 56.25 l 124.68 56.25 l 124.56 56.25 124.56 56.13 124.44 56.13 c 124.32 56.01 124.32 55.89 124.32 55.89 c 124.32 55.41 l 124.32 55.29 124.32 55.17 124.44 55.17 c 124.56 55.05 124.56 55.05 124.68 55.05 c 125.64 55.05 l 125.88 55.53 l 125.88 55.41 126 55.29 126.12 55.17 c 126.36 55.05 126.48 55.05 126.72 55.05 c 126.72 55.05 l h 127.92 56.25 m 129 56.73 l 129.24 56.85 129.36 56.85 129.6 56.85 c 129.72 56.85 129.96 56.85 130.08 56.73 c 130.32 56.61 130.44 56.37 130.56 56.25 c 127.92 56.25 l h 127.44 59.37 m 128.16 58.77 l 128.88 59.37 l 128.16 60.09 l 127.44 59.37 l h f 
133.44 56.25 m 132.96 60.57 l 132.96 60.57 132.96 60.69 132.96 60.69 c 132.84 60.69 132.84 60.69 132.84 60.57 c 132.24 59.61 l 132.72 55.05 l 134.04 55.05 l 134.04 56.25 l 133.44 56.25 l h f 
136.8 56.49 m 136.8 56.73 136.8 56.85 136.8 56.97 c 136.8 57.09 136.68 57.33 136.68 57.45 c 136.68 57.57 136.56 57.69 136.56 57.81 c 136.56 57.93 136.44 58.05 136.44 58.17 c 136.44 58.17 136.32 58.17 136.32 58.17 c 136.32 58.17 136.32 58.17 136.2 58.05 c 135.84 57.09 l 135.96 56.97 135.96 56.85 135.96 56.73 c 136.08 56.73 136.08 56.61 136.08 56.49 c 136.08 56.37 136.2 56.25 136.2 56.25 c 134.04 56.25 l 133.92 56.25 133.92 56.13 133.8 56.13 c 133.68 56.01 133.68 55.89 133.68 55.89 c 133.68 55.41 l 133.68 55.29 133.68 55.17 133.8 55.17 c 133.92 55.05 133.92 55.05 134.04 55.05 c 136.2 55.05 l 136.32 55.05 136.32 55.05 136.44 55.17 c 136.44 55.29 136.44 55.41 136.56 55.53 c 136.56 55.65 136.68 55.77 136.68 55.89 c 136.68 56.01 136.8 56.13 136.8 56.25 c 136.8 56.37 136.8 56.49 136.8 56.49 c 136.8 56.49 l h 134.04 53.73 m 134.76 53.13 l 135.24 53.73 l 135.84 53.13 l 136.56 53.73 l 135.84 54.45 l 135.24 53.85 l 134.76 54.45 l 134.04 53.73 l h f 
139.44 55.05 m 140.16 55.05 l 140.16 56.25 l 140.04 56.25 l 139.92 56.25 139.8 56.25 139.68 56.25 c 139.68 56.25 139.56 56.37 139.44 56.61 c 139.44 56.61 139.32 56.73 139.32 56.85 c 139.2 56.85 139.08 56.97 139.08 57.09 c 138.96 57.21 138.96 57.21 138.84 57.33 c 138.84 57.45 138.72 57.45 138.72 57.45 c 138.72 57.45 138.72 57.45 138.6 57.33 c 138.48 56.25 l 138.6 56.01 138.72 55.89 138.84 55.77 c 138.84 55.65 138.96 55.53 139.08 55.41 c 138.72 55.05 138.36 54.69 137.88 54.45 c 137.52 54.33 137.04 54.21 136.56 54.21 c 136.44 54.21 136.32 54.21 136.2 54.21 c 136.2 54.21 136.08 54.21 135.96 54.21 c 135.84 54.21 135.84 54.21 135.84 54.09 c 135.84 54.09 135.96 53.97 135.96 53.97 c 136.08 53.97 136.32 53.85 136.44 53.85 c 136.68 53.73 136.8 53.73 137.04 53.61 c 137.28 53.49 137.4 53.49 137.64 53.37 c 137.76 53.37 137.88 53.37 138 53.37 c 138 53.37 138.12 53.37 138.24 53.49 c 138.48 53.61 138.6 53.73 138.72 53.85 c 138.84 54.09 138.96 54.21 139.08 54.45 c 139.2 54.57 139.32 54.81 139.44 55.05 c 139.44 55.05 l h f 
140.76 59.25 m 141.12 56.25 l 140.16 56.25 l 140.16 56.25 140.04 56.13 139.92 56.13 c 139.92 56.01 139.8 55.89 139.8 55.89 c 139.8 55.41 l 139.8 55.29 139.92 55.17 139.92 55.17 c 140.04 55.05 140.16 55.05 140.16 55.05 c 141.24 55.05 l 141.36 55.05 141.36 55.05 141.36 55.05 c 141.36 55.17 141.36 55.29 141.48 55.41 c 141.48 55.53 141.6 55.65 141.6 55.77 c 141.6 55.89 141.72 56.01 141.72 56.13 c 141.72 56.25 141.84 56.25 141.84 56.25 c 141.84 56.37 141.72 56.37 141.72 56.49 c 141.72 56.61 141.72 56.73 141.72 56.85 c 141.72 56.97 141.72 57.09 141.72 57.21 c 141.72 57.33 141.72 57.57 141.6 57.69 c 141.6 58.05 141.6 58.41 141.48 58.89 c 141.6 58.77 l 141.72 59.01 141.72 59.25 141.84 59.37 c 141.96 59.49 141.96 59.61 141.96 59.73 c 142.08 59.85 142.08 59.97 142.08 59.97 c 142.08 59.97 142.08 59.97 141.96 60.09 c 141.84 60.09 141.6 60.21 141.48 60.33 c 141.36 60.33 141.36 60.45 141.24 60.57 c 141.24 60.57 141.12 60.69 141.12 60.69 c 141.12 60.81 141.12 60.81 141 60.81 c 141 60.81 141 60.81 141 60.69 c 141 60.69 140.88 60.57 140.88 60.45 c 140.76 60.33 140.76 60.21 140.76 60.09 c 140.64 59.97 140.64 59.85 140.52 59.85 c 140.52 59.73 140.52 59.61 140.52 59.61 c 140.52 59.61 140.52 59.49 140.52 59.49 c 140.64 59.37 140.64 59.37 140.76 59.25 c 140.76 59.25 l h f 
143.64 60.57 m 143.04 59.61 l 143.4 55.29 l 143.4 55.05 l 143.4 55.05 143.52 55.05 143.52 55.05 c 143.52 55.05 143.64 55.05 143.64 55.17 c 143.64 55.29 143.76 55.41 143.76 55.53 c 143.88 55.65 143.88 55.77 143.88 55.89 c 144 56.01 144 56.13 144 56.25 c 144 56.25 144 56.37 144 56.49 c 144 56.73 143.88 56.97 143.88 57.33 c 143.88 57.69 143.88 57.93 143.88 58.41 c 143.88 58.77 143.76 59.01 143.76 59.37 c 143.76 59.73 143.76 59.97 143.76 60.21 c 143.76 60.45 143.76 60.57 143.76 60.57 c 143.76 60.57 143.76 60.69 143.64 60.69 c 143.64 60.69 143.64 60.57 143.64 60.57 c 143.64 60.57 l h f 
