/CS1 cs /CS1 CS 1 w 0.8 0.871 0.949 sc 1.56 837.45 m 593.88 837.45 l 593.88 65.61 l 1.56 65.61 l h f 
q 44.52 65.61 506.52 707.88 re W* n
1 1 1 sc 57 773.49 m 50.16 773.49 44.52 767.85 44.52 760.89 c 44.52 42.21 l 44.52 35.25 50.16 29.61 57 29.61 c 538.44 29.61 l 545.28 29.61 550.92 35.25 550.92 42.21 c 550.92 760.89 l 550.92 767.85 545.28 773.49 538.44 773.49 c 57 773.49 l h f Q 
q 1.68 690.09 592.2 147.36 re W* n
1 w 0.8 0.871 0.949 sc 1.68 690.21 m 1.68 837.45 l 593.88 837.45 l 593.88 690.21 l 551.04 690.21 l 551.04 711.33 l 551.04 718.29 545.4 723.93 538.44 723.93 c 56.88 723.93 l 50.04 723.93 44.4 718.29 44.4 711.33 c 44.4 690.21 l 1.68 690.21 l h f Q 
1 w 0 0.49 0.769 sc 294.24 776.13 m 287.64 776.13 282.24 770.85 282.24 764.25 c 282.24 738.09 l 593.76 738.09 l 593.76 776.13 l 294.24 776.13 l h f 
1 1 1 sc 372.12 756.69 m 372.12 753.81 370.2 751.65 367.8 751.65 c 359.4 751.65 l 358.08 749.37 356.28 748.17 353.76 748.17 c 350.04 748.17 347.16 751.29 347.16 755.37 c 347.16 761.25 l 350.04 761.25 l 350.04 755.61 l 350.04 752.97 351.48 750.93 353.76 750.93 c 356.04 750.93 357.36 752.85 357.36 755.61 c 357.36 761.25 l 360.36 761.25 l 360.36 755.37 l 360.36 755.01 360.36 754.77 360.24 754.53 c 361.8 754.53 l 362.76 754.53 363.36 755.13 363.36 756.33 c 363.36 761.13 l 366.24 761.13 l 366.24 756.57 l 366.24 755.85 366.12 755.13 365.88 754.53 c 367.68 754.53 l 368.76 754.53 369.24 755.13 369.24 756.33 c 369.24 761.13 l 372.12 761.13 l 372.12 756.69 l h f 
379.8 753.57 m 379.8 751.65 379.32 750.33 378.36 749.49 c 377.4 748.65 375.96 748.29 374.04 748.29 c 374.04 750.57 l 375.84 750.57 376.8 751.53 376.8 753.33 c 376.8 761.13 l 379.8 761.13 l 379.8 753.57 l h f 
395.28 751.65 m 381.72 751.65 l 381.72 754.53 l 389.28 754.53 l 389.28 757.41 387.72 758.73 384 758.73 c 384 761.13 l 385.92 761.13 387.12 761.01 387.96 760.77 c 390.84 759.81 392.28 757.65 392.28 754.53 c 395.28 754.53 l 395.28 751.65 l h f 
400.8 755.73 m 400.8 754.65 400.44 753.69 399.84 752.97 c 399.12 752.13 398.16 751.65 396.96 751.65 c 394.2 751.65 l 394.2 754.53 l 396.36 754.53 l 397.32 754.53 397.8 755.25 397.8 756.57 c 397.8 765.21 l 400.8 765.21 l 400.8 755.73 l h f 
402.84 765.21 m 405.84 765.21 l 405.84 751.65 l 402.84 751.65 l h f 
431.28 751.65 m 431.16 751.65 l 429.24 751.65 427.8 752.13 426.6 753.33 c 425.76 752.25 424.44 751.65 422.76 751.65 c 419.88 751.65 418.08 753.57 418.08 756.33 c 418.08 757.05 418.08 757.77 418.32 758.37 c 417 758.37 l 415.44 758.37 414.6 757.29 414.6 755.13 c 414.6 748.17 l 411.72 748.17 l 411.72 755.61 l 411.72 758.97 413.76 761.13 416.88 761.13 c 422.88 761.13 l 425.28 761.13 426.96 759.81 427.44 757.65 c 428.04 755.25 428.88 754.53 431.16 754.53 c 431.28 754.53 l 431.28 751.65 l h 424.68 756.45 m 424.68 757.89 423.96 758.85 422.76 758.85 c 421.56 758.85 420.84 757.77 420.84 756.33 c 420.84 755.01 421.56 754.05 422.64 754.05 c 422.88 754.05 l 424.08 754.05 424.68 754.77 424.68 756.45 c h f 
440.4 751.65 m 431.04 751.65 l 431.04 754.53 l 432.96 754.53 l 433.92 754.53 434.4 755.13 434.4 756.57 c 434.4 761.13 l 437.28 761.13 l 437.28 756.57 l 437.28 755.85 437.28 755.13 437.04 754.53 c 440.4 754.53 l 440.4 751.65 l h 437.04 748.17 m 434.4 748.17 l 434.4 750.69 l 437.04 750.69 l 437.04 748.17 l h 433.08 748.17 m 430.56 748.17 l 430.56 750.69 l 433.08 750.69 l 433.08 748.17 l h f 
449.4 751.65 m 440.04 751.65 l 440.04 754.53 l 441.96 754.53 l 442.92 754.53 443.4 755.13 443.4 756.57 c 443.4 761.13 l 446.4 761.13 l 446.4 756.57 l 446.4 755.85 446.28 755.13 446.04 754.53 c 449.4 754.53 l 449.4 751.65 l h 446.04 748.17 m 443.52 748.17 l 443.52 750.69 l 446.04 750.69 l 446.04 748.17 l h 442.08 748.17 m 439.56 748.17 l 439.56 750.69 l 442.08 750.69 l 442.08 748.17 l h f 
459.12 764.85 m 456.48 764.85 l 456.48 767.25 l 459.12 767.25 l 459.12 764.85 l h 455.16 764.85 m 452.52 764.85 l 452.52 767.25 l 455.16 767.25 l 455.16 764.85 l h 462.72 751.65 m 461.04 751.65 l 459 751.65 457.2 752.01 455.76 752.49 c 454.32 752.01 452.64 751.65 450.6 751.65 c 448.68 751.65 l 448.68 754.53 l 450.6 754.53 l 451.44 754.53 452.04 754.53 452.28 754.65 c 451.44 755.73 450.96 756.81 450.96 758.13 c 450.96 758.61 450.96 759.21 451.2 759.69 c 451.8 761.73 453.6 763.05 455.76 763.05 c 458.04 763.05 459.72 761.73 460.44 759.69 c 460.56 759.21 460.68 758.61 460.68 758.13 c 460.68 756.81 460.2 755.73 459.24 754.65 c 459.6 754.53 460.08 754.53 461.04 754.53 c 462.72 754.53 l 462.72 751.65 l h 456.84 755.85 m 457.68 756.45 458.04 757.29 458.04 758.37 c 458.04 759.69 457.2 760.77 455.76 760.77 c 455.16 760.77 454.56 760.41 454.08 759.93 c 453.72 759.57 453.6 758.97 453.6 758.37 c 453.6 757.29 453.96 756.45 454.8 755.85 c 455.16 755.61 455.4 755.49 455.76 755.25 c 456.12 755.49 456.48 755.61 456.84 755.85 c h f 
468.12 762.81 m 465.48 762.81 l 465.48 765.21 l 468.12 765.21 l 468.12 762.81 l h 464.16 762.81 m 461.64 762.81 l 461.64 765.21 l 464.16 765.21 l 464.16 762.81 l h 468.24 755.73 m 468.24 754.65 468 753.69 467.4 752.97 c 466.68 752.13 465.72 751.65 464.52 751.65 c 462 751.65 l 462 754.53 l 463.92 754.53 l 464.88 754.53 465.36 755.25 465.36 756.57 c 465.36 761.13 l 468.24 761.13 l 468.24 755.73 l h f 
0.945 0.345 0.294 sc 115.44 759.93 m 115.44 752.97 109.8 747.33 102.84 747.33 c 95.88 747.33 90.24 752.97 90.24 759.93 c 90.24 766.89 95.88 772.53 102.84 772.53 c 109.8 772.53 115.44 766.89 115.44 759.93 c h f 
q 0.12 0 0 -0.12 0 841.89 cm 8 w 0 J 0 j 10 M 0.141 0.125 0.129 SC 962 683 m 962 741 915 788 857 788 c 799 788 752 741 752 683 c 752 625 799 578 857 578 c 915 578 962 625 962 683 c S Q 
1 w 0 0 0.008 sc 100.68 761.01 m 100.68 759.93 99.72 758.97 98.64 758.97 c 97.56 758.97 96.6 759.93 96.6 761.01 c 96.6 762.09 97.56 763.05 98.64 763.05 c 99.72 763.05 100.68 762.09 100.68 761.01 c h f 
105 761.01 m 105 759.93 105.96 758.97 107.04 758.97 c 108.12 758.97 109.08 759.93 109.08 761.01 c 109.08 762.09 108.12 763.05 107.04 763.05 c 105.96 763.05 105 762.09 105 761.01 c h f 
106.32 753.33 m 106.08 753.33 105.96 753.45 105.84 753.57 c 105.84 753.69 104.76 755.13 102.84 755.13 c 100.92 755.13 99.84 753.57 99.84 753.57 c 99.72 753.33 99.36 753.21 99.12 753.45 c 98.88 753.57 98.76 753.93 98.88 754.17 c 99 754.29 100.32 756.33 102.84 756.33 c 105.48 756.33 106.68 754.29 106.8 754.17 c 106.92 753.93 106.92 753.57 106.56 753.45 c 106.56 753.33 106.44 753.33 106.32 753.33 c h f 
0.945 0.788 0.196 sc 146.28 759.93 m 146.28 752.97 140.64 747.33 133.68 747.33 c 126.72 747.33 121.08 752.97 121.08 759.93 c 121.08 766.89 126.72 772.53 133.68 772.53 c 140.64 772.53 146.28 766.89 146.28 759.93 c h f 
q 0.12 0 0 -0.12 0 841.89 cm 8 w 0 J 0 j 10 M 0.141 0.125 0.129 SC 1219 683 m 1219 741 1172 788 1114 788 c 1056 788 1009 741 1009 683 c 1009 625 1056 578 1114 578 c 1172 578 1219 625 1219 683 c S Q 
1 w 0 0 0.008 sc 131.4 759.93 m 131.4 758.85 130.56 757.89 129.48 757.89 c 128.4 757.89 127.44 758.85 127.44 759.93 c 127.44 761.01 128.4 761.97 129.48 761.97 c 130.56 761.97 131.4 761.01 131.4 759.93 c h f 
135.84 759.93 m 135.84 758.85 136.68 757.89 137.88 757.89 c 138.96 757.89 139.8 758.85 139.8 759.93 c 139.8 761.01 138.96 761.97 137.88 761.97 c 136.68 761.97 135.84 761.01 135.84 759.93 c h f 
137.04 753.33 m 130.2 753.33 l 129.84 753.33 129.6 753.57 129.6 753.93 c 129.6 754.17 129.84 754.41 130.2 754.41 c 137.04 754.41 l 137.4 754.41 137.64 754.17 137.64 753.93 c 137.64 753.57 137.4 753.33 137.04 753.33 c h f 
0.431 0.749 0.329 sc 177 759.93 m 177 752.97 171.36 747.33 164.4 747.33 c 157.44 747.33 151.8 752.97 151.8 759.93 c 151.8 766.89 157.44 772.53 164.4 772.53 c 171.36 772.53 177 766.89 177 759.93 c h f 
q 0.12 0 0 -0.12 0 841.89 cm 8 w 0 J 0 j 10 M 0.141 0.125 0.129 SC 1475 683 m 1475 741 1428 788 1370 788 c 1312 788 1265 741 1265 683 c 1265 625 1312 578 1370 578 c 1428 578 1475 625 1475 683 c S Q 
1 w 0 0 0.008 sc 162.24 761.01 m 162.24 759.93 161.4 758.97 160.2 758.97 c 159.12 758.97 158.28 759.93 158.28 761.01 c 158.28 762.09 159.12 763.05 160.2 763.05 c 161.4 763.05 162.24 762.09 162.24 761.01 c h f 
166.56 761.01 m 166.56 759.93 167.52 758.97 168.6 758.97 c 169.68 758.97 170.64 759.93 170.64 761.01 c 170.64 762.09 169.68 763.05 168.6 763.05 c 167.52 763.05 166.56 762.09 166.56 761.01 c h f 
164.4 753.33 m 161.88 753.33 160.56 755.37 160.44 755.49 c 160.32 755.73 160.44 756.09 160.68 756.21 c 160.92 756.45 161.28 756.33 161.4 756.09 c 161.52 755.97 162.48 754.41 164.4 754.41 c 166.32 754.41 167.4 756.09 167.4 756.09 c 167.52 756.33 167.88 756.45 168.24 756.21 c 168.48 756.09 168.48 755.73 168.36 755.49 c 168.24 755.37 166.92 753.33 164.4 753.33 c h f 
0 0.678 0.933 sc 207.72 759.93 m 207.72 752.97 202.08 747.33 195.12 747.33 c 188.16 747.33 182.52 752.97 182.52 759.93 c 182.52 766.89 188.16 772.53 195.12 772.53 c 202.08 772.53 207.72 766.89 207.72 759.93 c h f 
q 0.12 0 0 -0.12 0 841.89 cm 8 w 0 J 0 j 10 M 0.141 0.125 0.129 SC 1731 683 m 1731 741 1684 788 1626 788 c 1568 788 1521 741 1521 683 c 1521 625 1568 578 1626 578 c 1684 578 1731 625 1731 683 c S Q 
1 w 0 0 0.008 sc 192.84 760.17 m 192.72 760.05 192.6 760.05 192.6 760.17 c 190.56 761.25 188.4 760.65 187.92 760.65 c 187.92 760.65 187.92 760.65 187.92 760.65 c 187.8 760.65 187.8 760.65 187.68 760.77 c 187.68 760.89 187.68 761.01 187.8 761.01 c 188.16 761.37 190.44 763.17 192.84 760.53 c 192.96 760.41 192.96 760.29 192.84 760.17 c h f 
197.4 760.17 m 197.52 760.05 197.52 760.05 197.64 760.17 c 199.68 761.25 201.84 760.65 202.2 760.65 c 202.32 760.65 202.32 760.65 202.32 760.65 c 202.44 760.65 202.44 760.65 202.56 760.77 c 202.56 760.89 202.44 761.01 202.44 761.01 c 202.08 761.37 199.8 763.17 197.4 760.53 c 197.28 760.41 197.28 760.29 197.4 760.17 c h f 
190.68 755.73 m 190.68 755.73 191.4 752.49 195.12 752.49 c 198.84 752.49 199.56 755.73 199.56 755.73 c 190.68 755.73 l h f 
0.945 0.788 0.196 sc 117.96 741.93 m 148.92 741.93 l 148.92 737.85 l 117.96 737.85 l h f 
0.247 0.71 0.282 sc 148.8 741.93 m 179.76 741.93 l 179.76 737.85 l 148.8 737.85 l h f 
0 0.553 0.827 sc 208.92 737.85 m 179.76 737.85 l 179.76 741.81 l 208.92 741.81 l 209.88 741.81 210.6 741.09 210.6 740.13 c 210.6 739.65 l 210.6 738.57 209.88 737.85 208.92 737.85 c h f 
0.945 0.345 0.294 sc 118.2 737.85 m 89.16 737.85 l 88.08 737.85 87.36 738.57 87.36 739.65 c 87.36 740.13 l 87.36 741.09 88.08 741.81 89.16 741.81 c 118.2 741.81 l 118.2 737.85 l h f 
0.22 0.298 0.627 sc 302.64 674.97 m 302.4 675.09 302.16 675.21 301.92 675.45 c 301.68 675.57 301.56 675.69 301.32 675.81 c 301.32 675.93 301.44 676.05 301.44 676.17 c 301.56 676.29 301.56 676.41 301.68 676.53 c 301.68 676.65 301.8 676.77 301.8 676.77 c 301.92 676.89 301.92 677.01 302.04 677.13 c 302.16 677.01 302.4 676.89 302.64 676.77 c 302.76 676.65 303 676.53 303.12 676.41 c 303.24 676.29 303.36 676.17 303.36 676.17 c 303.36 676.05 303.12 675.57 302.64 674.97 c h 302.64 670.53 m 302.4 670.65 302.16 670.89 301.92 671.01 c 301.68 671.13 301.56 671.25 301.32 671.37 c 301.32 671.49 301.44 671.61 301.44 671.73 c 301.56 671.85 301.56 671.97 301.68 672.09 c 301.68 672.21 301.8 672.33 301.8 672.45 c 301.92 672.57 301.92 672.57 302.04 672.69 c 302.88 672.21 303.36 671.85 303.36 671.73 c 303.36 671.61 303.12 671.13 302.64 670.53 c h f 
309.6 671.25 m 309.12 671.25 308.64 671.37 308.4 671.73 c 308.04 672.09 307.92 672.45 307.92 673.05 c 307.92 673.41 307.92 673.77 308.16 674.13 c 308.28 674.49 308.64 674.85 309 675.33 c 308.88 675.45 308.88 675.45 308.76 675.69 c 308.76 675.81 308.76 675.93 308.76 676.05 c 308.76 676.17 308.76 676.41 308.76 676.53 c 308.88 676.65 309 676.77 309.12 676.89 c 309.6 676.77 310.08 676.53 310.44 676.17 c 310.92 675.81 311.28 675.33 311.52 674.97 c 311.76 674.49 311.88 674.01 311.88 673.65 c 311.88 673.53 311.88 673.41 311.76 673.17 c 311.76 672.93 311.64 672.81 311.52 672.57 c 311.4 672.33 311.28 672.09 311.28 671.97 c 311.16 671.73 311.04 671.73 310.92 671.61 c 310.8 671.49 310.56 671.37 310.32 671.37 c 310.08 671.25 309.84 671.25 309.6 671.25 c h 309.72 672.57 m 309.96 672.57 310.2 672.69 310.44 672.69 c 310.56 672.81 310.8 672.93 311.04 672.93 c 310.92 673.41 310.68 673.77 310.44 674.01 c 310.2 674.37 309.96 674.61 309.6 674.85 c 309.36 674.61 309.12 674.37 309 674.13 c 308.88 673.89 308.88 673.65 308.88 673.41 c 308.88 673.17 308.88 673.05 309.12 672.81 c 309.24 672.69 309.48 672.57 309.72 672.57 c h 310.44 677.85 m 310.2 678.09 310.08 678.21 309.96 678.33 c 309.72 678.45 309.6 678.57 309.48 678.69 c 309.72 678.81 309.84 679.05 309.96 679.17 c 310.08 679.29 310.2 679.53 310.44 679.65 c 310.44 679.53 310.56 679.41 310.68 679.29 c 310.8 679.17 311.04 679.05 311.16 678.81 c 310.92 678.45 310.68 678.21 310.44 677.85 c h 308.64 677.73 m 308.52 677.85 308.28 677.97 308.16 678.09 c 308.04 678.33 307.92 678.45 307.8 678.57 c 307.92 678.69 308.04 678.81 308.16 678.93 c 308.4 679.17 308.52 679.29 308.64 679.41 c 308.76 679.41 308.88 679.29 309 679.05 c 309.12 678.93 309.24 678.81 309.48 678.57 c 309.36 678.45 309.24 678.33 309.12 678.21 c 309 677.97 308.76 677.85 308.64 677.73 c h f 
316.44 671.37 m 315.84 671.37 315.48 671.49 315.12 671.61 c 314.88 671.85 314.64 672.09 314.4 672.33 c 314.28 672.57 314.16 672.93 314.16 673.29 c 314.16 673.53 314.04 673.77 314.04 674.13 c 314.04 674.61 313.92 674.97 313.92 675.45 c 313.92 676.05 313.8 676.53 313.8 677.01 c 313.68 677.49 313.68 677.97 313.68 678.33 c 313.56 678.81 313.56 679.05 313.56 679.29 c 313.8 679.41 314.04 679.65 314.28 679.77 c 314.52 679.89 314.76 680.01 315.12 680.13 c 315.12 679.53 315.12 678.81 315.12 678.21 c 315.12 677.61 315.12 676.89 315.24 676.29 c 315.24 675.57 315.24 674.97 315.24 674.25 c 315.36 673.29 l 315.48 673.17 315.6 673.05 315.84 672.93 c 315.96 672.93 316.2 672.93 316.44 672.93 c 316.44 672.93 316.56 672.93 316.56 672.81 c 316.56 671.49 l 316.56 671.37 316.44 671.37 316.44 671.37 c h f 
316.32 671.37 m 316.2 671.37 316.2 671.37 316.2 671.49 c 316.2 672.81 l 316.2 672.93 316.2 672.93 316.32 672.93 c 316.56 672.93 316.8 672.93 316.92 672.93 c 317.16 672.93 317.4 672.93 317.64 672.93 c 317.76 673.05 317.88 673.17 317.88 673.29 c 318 673.41 318.12 673.53 318.12 673.65 c 318 674.73 317.76 675.57 317.64 676.17 c 317.52 676.77 317.4 677.37 317.28 677.73 c 317.28 678.09 317.16 678.33 317.16 678.57 c 317.16 678.69 317.16 678.81 317.16 678.93 c 317.16 679.29 317.28 679.53 317.52 679.77 c 317.76 680.01 318.12 680.13 318.48 680.13 c 318.6 679.89 318.6 679.53 318.72 679.29 c 318.84 679.05 318.96 678.81 318.96 678.57 c 318.6 678.21 l 318.6 678.09 318.6 677.85 318.6 677.61 c 318.6 677.49 318.6 677.25 318.72 677.01 c 318.72 676.89 318.72 676.65 318.72 676.53 c 318.72 676.29 318.72 676.05 318.72 675.93 c 318.72 675.69 318.84 675.45 318.84 675.21 c 318.84 674.97 318.84 674.73 318.84 674.49 c 319.44 675.21 320.04 675.81 320.52 676.17 c 321.12 676.53 321.6 676.77 321.96 676.77 c 322.32 676.77 322.8 676.65 323.16 676.41 c 323.52 676.17 323.88 675.93 324.24 675.45 c 324.48 675.09 324.72 674.85 324.72 674.61 c 324.72 674.13 324.48 673.65 324.24 673.29 c 324.6 673.05 325.08 672.93 325.56 672.93 c 325.68 672.93 325.68 672.93 325.68 672.81 c 325.68 671.49 l 325.68 671.37 325.68 671.37 325.56 671.37 c 325.2 671.37 324.72 671.49 324.36 671.61 c 323.88 671.85 323.64 672.09 323.28 672.45 c 322.68 672.09 321.72 671.85 320.64 671.61 c 319.56 671.49 318.12 671.37 316.32 671.37 c h 318.6 672.93 m 318.72 672.93 318.84 672.93 318.96 672.93 c 319.2 672.93 319.32 672.93 319.56 673.05 c 319.92 673.05 320.16 673.05 320.4 673.05 c 320.64 673.05 320.76 673.05 321 673.17 c 321.24 673.17 321.36 673.17 321.6 673.29 c 321.84 673.29 322.2 673.41 322.44 673.41 c 322.8 673.53 323.28 673.65 323.88 673.77 c 323.52 674.13 323.28 674.37 323.04 674.61 c 322.8 674.73 322.56 674.97 322.44 674.97 c 322.2 675.09 321.96 675.09 321.72 675.09 c 321.24 675.09 320.88 674.97 320.28 674.61 c 319.8 674.25 319.32 673.65 318.6 672.93 c h f 
325.56 671.37 m 325.44 671.37 325.44 671.37 325.44 671.49 c 325.44 672.81 l 325.44 672.93 325.44 672.93 325.56 672.93 c 326.04 672.93 326.4 672.93 326.76 672.93 c 327.12 672.93 327.48 672.93 327.84 673.05 c 327.6 673.41 l 327.48 673.53 327.36 673.65 327.24 673.77 c 327.12 673.89 327 674.01 326.88 674.13 c 326.88 674.13 326.76 674.25 326.76 674.25 c 326.64 674.37 326.52 674.37 326.52 674.49 c 326.28 674.25 l 326.04 674.49 325.92 674.85 325.92 675.09 c 325.92 675.33 325.92 675.45 326.04 675.69 c 326.16 675.81 326.4 675.93 326.64 676.17 c 326.76 676.29 327.12 676.41 327.36 676.53 c 327.84 676.65 328.2 676.77 328.68 676.77 c 329.04 676.77 329.4 676.65 329.76 676.41 c 330.12 676.29 330.36 676.05 330.6 675.81 c 330.72 675.45 330.84 675.21 330.84 674.85 c 330.84 674.49 330.72 674.25 330.6 673.89 c 330.36 673.65 330.12 673.29 329.88 673.05 c 330.12 672.93 330.36 672.93 330.6 672.93 c 330.84 672.93 331.08 672.93 331.44 672.93 c 331.56 672.93 331.56 672.93 331.56 672.81 c 331.56 671.49 l 331.56 671.37 331.56 671.37 331.44 671.37 c 330.84 671.37 330.24 671.49 329.76 671.61 c 329.28 671.73 328.92 671.85 328.68 672.21 c 328.2 671.85 327.72 671.73 327.12 671.61 c 326.64 671.37 326.04 671.37 325.56 671.37 c h 328.8 673.41 m 329.04 673.53 329.28 673.77 329.4 673.89 c 329.52 674.13 329.52 674.37 329.52 674.49 c 329.52 674.73 329.52 674.97 329.28 675.09 c 329.16 675.21 328.92 675.21 328.68 675.21 c 328.44 675.21 328.32 675.21 328.08 675.21 c 327.84 675.09 327.6 675.09 327.36 674.97 c 327.48 674.85 327.6 674.73 327.84 674.49 c 327.96 674.37 328.2 674.13 328.44 673.77 c 328.56 673.77 328.56 673.65 328.68 673.65 c 328.68 673.53 328.8 673.53 328.8 673.41 c h f 
335.52 671.25 m 334.92 671.25 334.44 671.25 333.96 671.37 c 333.48 671.49 333.12 671.61 332.76 671.85 c 332.52 671.61 332.28 671.49 332.04 671.49 c 331.8 671.37 331.56 671.37 331.32 671.37 c 331.32 671.37 331.2 671.37 331.2 671.49 c 331.2 672.81 l 331.2 672.93 331.32 672.93 331.32 672.93 c 331.44 672.93 331.56 672.93 331.68 672.93 c 331.8 672.93 331.92 672.93 332.04 673.05 c 332.04 673.05 332.04 673.05 332.04 673.05 c 332.04 673.05 332.04 673.05 332.04 673.17 c 332.04 673.41 332.16 673.77 332.28 674.01 c 332.4 674.37 332.64 674.73 332.76 674.97 c 333 675.21 333.24 675.45 333.48 675.57 c 333.84 675.93 334.2 676.05 334.56 676.05 c 334.68 676.05 334.68 676.05 334.8 675.93 c 334.92 675.93 334.92 675.81 335.04 675.69 c 335.16 675.57 335.16 675.45 335.28 675.21 c 335.4 674.97 335.52 674.73 335.64 674.49 c 335.64 674.13 335.76 673.89 335.88 673.77 c 336 673.53 336.12 673.29 336.24 673.17 c 336.48 673.05 336.6 672.93 336.84 672.93 c 336.96 672.93 336.96 672.93 336.96 672.81 c 336.96 671.49 l 336.96 671.37 336.96 671.37 336.84 671.37 c 336.36 671.37 336 671.49 335.64 671.85 c 335.52 671.25 l h 335.04 672.69 m 334.92 672.93 334.8 673.29 334.68 673.65 c 334.68 673.89 334.56 674.25 334.56 674.61 c 334.32 674.61 334.08 674.49 333.84 674.37 c 333.6 674.25 333.36 674.13 333.24 673.89 c 333.12 673.77 332.88 673.65 332.76 673.41 c 333 673.29 333.36 673.17 333.72 672.93 c 334.08 672.81 334.56 672.81 335.04 672.69 c h f 
336.72 671.37 m 336.72 671.37 336.6 671.37 336.6 671.49 c 336.6 672.81 l 336.6 672.93 336.72 672.93 336.72 672.93 c 337.08 672.93 337.56 673.05 338.16 673.17 c 338.04 673.41 338.04 673.77 338.04 674.01 c 338.04 674.25 337.92 674.49 337.92 674.73 c 337.92 674.97 337.8 675.45 337.68 676.29 c 337.56 677.01 337.32 677.97 337.08 679.29 c 337.32 679.41 337.56 679.65 337.8 679.77 c 338.16 679.89 338.4 680.01 338.64 680.13 c 338.64 679.41 338.64 678.81 338.76 678.09 c 338.76 677.49 338.76 676.89 338.76 676.29 c 338.76 675.81 338.76 675.21 338.76 674.73 c 338.76 674.25 338.76 673.89 338.76 673.41 c 338.76 673.17 338.76 672.81 338.64 672.57 c 338.64 672.33 338.52 671.97 338.28 671.73 c 338.28 671.61 338.04 671.49 337.8 671.49 c 337.44 671.37 337.08 671.37 336.72 671.37 c h f 
341.16 671.37 m 341.16 672.21 341.04 673.05 341.04 673.77 c 341.04 674.37 340.92 675.09 340.92 675.57 c 340.92 676.17 340.8 676.77 340.8 677.25 c 340.68 677.85 340.68 678.45 340.56 679.05 c 340.56 679.29 340.56 679.41 340.8 679.65 c 340.92 679.77 341.04 679.89 341.28 680.01 c 341.52 680.13 341.76 680.13 342 680.13 c 342 679.89 342.12 679.65 342.24 679.29 c 342.36 679.05 342.48 678.81 342.48 678.57 c 342.12 678.21 l 342.12 677.73 342.12 677.13 342.12 676.53 c 342.12 675.81 342.12 675.09 342.12 674.25 c 342.12 673.41 342 672.45 342 671.49 c 341.16 671.37 l h f 
350.28 671.25 m 349.2 671.25 348.48 671.49 347.88 671.97 c 347.4 672.45 347.04 673.17 347.04 674.01 c 347.04 674.37 347.16 674.85 347.4 675.45 c 347.88 675.45 l 347.88 675.45 347.88 675.33 347.88 675.21 c 347.88 675.09 347.88 674.97 347.88 674.85 c 347.88 674.37 348 673.89 348.24 673.65 c 348.36 673.41 348.72 673.17 349.08 673.05 c 349.32 672.93 349.56 672.93 349.8 672.81 c 350.16 672.81 350.4 672.81 350.76 672.81 c 351.48 672.81 352.32 672.93 353.04 673.05 c 353.76 673.17 354.36 673.41 354.96 673.65 c 354.96 673.89 354.84 674.01 354.72 674.25 c 354.48 674.61 354.48 674.73 354.36 674.85 c 354.24 675.09 354.24 675.21 354.12 675.33 c 354.12 675.45 354 675.57 354 675.69 c 354 675.93 354.12 676.17 354.36 676.41 c 354.6 676.65 354.84 676.89 355.2 677.01 c 355.32 676.41 355.44 675.81 355.56 675.45 c 355.56 675.09 355.68 674.73 355.68 674.49 c 355.68 674.25 355.8 674.13 355.8 674.01 c 355.8 673.77 355.68 673.53 355.56 673.29 c 355.56 672.93 355.44 672.69 355.2 672.45 c 354.84 672.21 354.36 671.97 353.88 671.85 c 353.28 671.61 352.8 671.49 352.2 671.37 c 351.48 671.25 350.88 671.25 350.28 671.25 c h 351.84 675.93 m 351.6 676.05 351.48 676.17 351.36 676.29 c 351.12 676.41 351 676.65 350.88 676.77 c 351.12 676.89 351.24 677.01 351.36 677.13 c 351.48 677.37 351.6 677.49 351.72 677.61 c 351.84 677.61 351.96 677.49 352.08 677.37 c 352.2 677.13 352.44 677.01 352.56 676.89 c 352.32 676.53 352.08 676.17 351.84 675.93 c h 350.04 675.69 m 349.8 675.81 349.68 676.05 349.56 676.17 c 349.44 676.29 349.32 676.41 349.2 676.53 c 349.32 676.65 349.44 676.89 349.56 677.01 c 349.68 677.13 349.92 677.25 350.04 677.49 c 350.16 677.37 350.28 677.25 350.4 677.13 c 350.52 677.01 350.64 676.77 350.88 676.65 c 350.76 676.53 350.64 676.29 350.52 676.17 c 350.4 676.05 350.16 675.81 350.04 675.69 c h f 
360.6 671.37 m 360.12 671.37 359.64 671.49 359.28 671.61 c 359.04 671.85 358.8 672.09 358.68 672.33 c 358.44 672.57 358.32 672.93 358.32 673.29 c 358.32 673.53 358.32 673.77 358.2 674.13 c 358.2 674.61 358.2 674.97 358.08 675.45 c 358.08 676.05 357.96 676.53 357.96 677.01 c 357.84 677.49 357.84 677.97 357.84 678.33 c 357.72 678.81 357.72 679.05 357.72 679.29 c 357.96 679.41 358.2 679.65 358.44 679.77 c 358.68 679.89 359.04 680.01 359.28 680.13 c 359.28 679.53 359.28 678.81 359.28 678.21 c 359.28 677.61 359.4 676.89 359.4 676.29 c 359.4 675.57 359.4 674.97 359.4 674.25 c 359.52 673.29 l 359.64 673.17 359.76 673.05 360 672.93 c 360.12 672.93 360.36 672.93 360.6 672.93 c 360.72 672.93 360.72 672.93 360.72 672.81 c 360.72 671.49 l 360.72 671.37 360.6 671.37 360.6 671.37 c h f 
360.48 671.37 m 360.36 671.37 360.36 671.37 360.36 671.49 c 360.36 672.81 l 360.36 672.93 360.36 672.93 360.48 672.93 c 360.96 672.93 361.32 672.93 361.8 673.05 c 362.16 673.05 362.52 673.17 362.76 673.29 c 362.76 673.53 362.64 673.77 362.52 674.01 c 362.28 674.25 362.16 674.37 362.16 674.49 c 362.04 674.73 362.04 674.85 361.92 674.97 c 361.8 675.09 361.8 675.21 361.8 675.33 c 361.8 675.57 361.92 675.81 362.16 676.05 c 362.4 676.29 362.64 676.53 363 676.77 c 363.12 676.41 363.12 676.17 363.24 675.81 c 363.24 675.45 363.36 675.09 363.48 674.73 c 363.48 674.49 363.48 674.25 363.48 674.01 c 363.6 673.89 363.6 673.77 363.6 673.65 c 363.6 673.41 363.48 673.17 363.36 672.93 c 363.36 672.69 363.24 672.33 363 672.09 c 362.28 671.61 361.44 671.37 360.48 671.37 c h 362.28 668.37 m 362.16 668.49 361.92 668.73 361.68 668.85 c 361.56 668.97 361.44 669.09 361.32 669.21 c 361.44 669.45 361.68 669.57 361.8 669.81 c 362.04 669.93 362.16 670.17 362.28 670.29 c 362.52 670.05 362.88 669.69 363.24 669.33 c 363.12 669.21 363 669.09 362.88 668.85 c 362.76 668.73 362.52 668.49 362.28 668.37 c h f 
367.92 671.37 m 367.44 671.37 366.96 671.49 366.72 671.61 c 366.36 671.85 366.12 672.09 366 672.33 c 365.88 672.57 365.76 672.93 365.64 673.29 c 365.64 673.53 365.64 673.77 365.64 674.13 c 365.52 674.61 365.52 674.97 365.4 675.45 c 365.4 676.05 365.4 676.53 365.28 677.01 c 365.28 677.49 365.16 677.97 365.16 678.33 c 365.16 678.81 365.04 679.05 365.04 679.29 c 365.28 679.41 365.52 679.65 365.76 679.77 c 366.12 679.89 366.36 680.01 366.6 680.13 c 366.6 679.53 366.6 678.81 366.72 678.21 c 366.72 677.61 366.72 676.89 366.72 676.29 c 366.72 675.57 366.72 674.97 366.84 674.25 c 366.84 673.29 l 366.96 673.17 367.2 673.05 367.32 672.93 c 367.56 672.93 367.68 672.93 367.92 672.93 c 368.04 672.93 368.04 672.93 368.04 672.81 c 368.04 671.49 l 368.04 671.37 368.04 671.37 367.92 671.37 c h f 
367.8 671.37 m 367.8 671.37 367.68 671.37 367.68 671.49 c 367.68 672.81 l 367.68 672.93 367.8 672.93 367.8 672.93 c 368.4 672.93 369 672.93 369.48 672.93 c 369.84 672.93 370.32 673.05 370.68 673.17 c 371.16 673.29 371.4 673.41 371.64 673.41 c 372 673.53 372.12 673.53 372.36 673.65 c 372.24 673.65 372.12 673.77 372 673.77 c 371.88 673.89 371.76 674.01 371.64 674.01 c 371.28 674.25 371.04 674.37 370.92 674.49 c 370.68 674.49 370.56 674.49 370.32 674.49 c 370.08 674.49 369.84 674.49 369.6 674.49 c 369.36 674.37 369.12 674.25 368.76 674.01 c 368.76 674.13 368.64 674.25 368.64 674.37 c 368.52 674.49 368.52 674.73 368.52 674.85 c 368.52 675.21 368.64 675.57 369 675.81 c 369.36 676.05 369.72 676.17 370.32 676.17 c 370.56 676.17 370.8 676.05 371.04 675.93 c 371.4 675.93 371.64 675.69 372 675.45 c 372.36 675.21 372.72 674.97 373.08 674.85 c 373.32 674.73 373.8 674.61 374.28 674.49 c 374.4 674.37 374.64 674.37 375 674.25 c 375.24 674.25 375.48 674.25 375.84 674.25 c 375.12 672.93 l 374.88 672.93 374.64 672.93 374.52 672.93 c 374.28 672.93 374.16 672.93 373.92 672.93 c 373.68 672.93 373.44 672.93 373.2 672.81 c 372.96 672.69 372.72 672.69 372.6 672.57 c 372.36 672.45 372.12 672.33 371.88 672.21 c 371.52 671.97 371.28 671.85 370.92 671.73 c 370.68 671.61 370.32 671.49 370.08 671.49 c 369.84 671.37 369.48 671.37 369.12 671.37 c 368.76 671.37 368.28 671.37 367.8 671.37 c h 372.48 668.97 m 372.24 669.21 372 669.33 371.88 669.45 c 371.64 669.69 371.52 669.81 371.4 669.93 c 371.64 670.05 371.76 670.29 372 670.41 c 372.12 670.65 372.24 670.77 372.48 671.01 c 372.6 670.65 372.96 670.41 373.32 670.05 c 373.32 669.93 373.2 669.69 372.96 669.57 c 372.84 669.33 372.6 669.21 372.48 668.97 c h f 
378.12 671.25 m 378.12 671.25 378.12 671.25 378.12 671.37 c 378.12 671.49 378.12 671.73 378.12 671.85 c 378.12 672.09 378.12 672.33 378.24 672.45 c 378.24 672.57 378.24 672.69 378.24 672.69 c 378.6 672.69 378.84 672.69 379.08 672.69 c 379.44 672.69 379.68 672.69 380.04 672.69 c 380.28 672.81 380.64 672.81 381 672.81 c 381.24 672.81 381.6 672.93 381.96 672.93 c 381.6 673.29 381.36 673.65 381 674.01 c 380.76 674.25 380.52 674.61 380.16 674.85 c 379.92 675.09 379.56 675.33 379.2 675.69 c 378.84 675.93 378.48 676.17 378 676.41 c 377.52 676.41 l 377.28 676.53 377.16 676.65 376.92 676.89 c 376.8 677.13 376.8 677.37 376.8 677.61 c 376.8 677.85 376.8 678.09 376.92 678.21 c 377.04 678.45 377.28 678.57 377.52 678.69 c 377.64 678.57 377.88 678.45 378.12 678.21 c 378.36 678.09 378.6 677.85 378.84 677.61 c 379.08 677.37 379.44 677.01 379.68 676.77 c 380.04 676.41 380.4 676.05 380.64 675.81 c 381 675.45 381.24 675.21 381.36 674.97 c 381.48 674.73 381.72 674.61 381.84 674.37 c 381.96 674.13 382.2 673.89 382.32 673.77 c 382.44 673.53 382.56 673.29 382.68 673.17 c 382.68 673.05 382.8 672.93 382.8 672.81 c 382.8 672.69 382.8 672.69 382.68 672.45 c 382.68 672.33 382.56 672.21 382.56 672.09 c 382.44 671.85 382.44 671.73 382.32 671.61 c 382.32 671.49 382.32 671.49 382.2 671.49 c 382.08 671.49 381.84 671.37 381.6 671.37 c 381.36 671.37 381.12 671.37 380.76 671.37 c 380.52 671.25 380.28 671.25 380.04 671.25 c 379.92 671.25 379.8 671.25 379.56 671.25 c 379.44 671.25 379.2 671.25 379.08 671.25 c 378.84 671.25 378.72 671.25 378.48 671.25 c 378.36 671.25 378.24 671.25 378.12 671.25 c h 377.52 667.41 m 377.52 668.01 l 378 668.25 l 377.76 668.37 377.64 668.49 377.64 668.73 c 377.64 668.97 377.64 669.09 377.76 669.21 c 377.88 669.45 378 669.57 378.12 669.69 c 378.24 669.69 378.36 669.81 378.48 669.81 c 378.84 669.81 378.96 669.57 378.96 669.21 c 378.96 669.09 378.96 668.97 378.96 668.85 c 378.72 668.97 l 378.72 668.97 l 378.72 669.09 378.6 669.09 378.48 669.09 c 378.48 669.09 378.36 669.09 378.24 668.97 c 378.24 668.97 378.12 668.85 378.12 668.73 c 378.24 668.61 378.48 668.49 378.72 668.49 c 378.84 668.49 378.84 668.49 378.96 668.61 c 379.08 668.61 379.08 668.61 379.2 668.61 c 379.2 668.01 l 378.96 668.01 378.72 667.89 378.6 667.89 c 378.48 667.89 378.24 667.77 378.12 667.65 c 378 667.65 377.76 667.53 377.52 667.41 c h f 
379.32 672.33 m 378.6 672.57 l 378.96 672.81 379.32 673.05 379.68 673.41 c 379.92 673.65 380.16 674.01 380.4 674.25 c 380.64 674.61 380.76 674.97 380.88 675.21 c 381 675.57 381.12 675.93 381.12 676.29 c 381.12 676.41 381.12 676.53 381.12 676.77 c 381 677.01 381 677.13 381 677.37 c 380.88 677.61 380.88 677.85 380.88 678.09 c 380.76 678.33 380.76 678.57 380.76 678.81 c 380.76 678.93 380.64 679.17 380.64 679.17 c 380.64 679.53 380.88 679.89 381.12 680.13 c 381.36 680.25 381.72 680.37 382.08 680.37 c 382.2 680.01 382.2 679.77 382.32 679.53 c 382.44 679.29 382.44 679.05 382.56 678.81 c 382.2 678.45 l 382.2 678.33 382.2 678.21 382.2 678.09 c 382.2 677.97 382.2 677.73 382.2 677.61 c 382.2 677.49 382.2 677.37 382.2 677.25 c 382.2 677.13 382.2 677.01 382.2 677.01 c 382.2 676.41 382.08 675.81 381.96 675.33 c 381.72 674.85 381.48 674.37 381.12 673.89 c 380.88 673.65 380.64 673.29 380.28 673.05 c 380.04 672.81 379.68 672.57 379.32 672.33 c h f 
384.96 671.37 m 384.96 672.21 384.96 673.05 384.84 673.77 c 384.84 674.37 384.84 675.09 384.72 675.57 c 384.72 676.17 384.6 676.77 384.6 677.25 c 384.6 677.85 384.48 678.45 384.48 679.05 c 384.36 679.29 384.48 679.41 384.6 679.65 c 384.72 679.77 384.84 679.89 385.08 680.01 c 385.32 680.13 385.56 680.13 385.8 680.13 c 385.92 679.89 386.04 679.65 386.04 679.29 c 386.16 679.05 386.28 678.81 386.4 678.57 c 385.92 678.21 l 385.92 677.73 385.92 677.13 385.92 676.53 c 385.92 675.81 385.92 675.09 385.92 674.25 c 385.92 673.41 385.92 672.45 385.8 671.49 c 384.96 671.37 l h f 
393.36 667.89 m 392.52 667.89 391.92 668.13 391.56 668.61 c 391.08 669.09 390.96 669.81 390.96 670.65 c 390.96 670.77 390.96 670.89 390.96 671.13 c 390.96 671.37 390.96 671.49 391.08 671.73 c 391.08 671.97 391.2 672.21 391.2 672.57 c 391.8 672.33 l 391.68 671.97 391.68 671.61 391.68 671.37 c 391.68 670.77 391.8 670.29 392.04 669.93 c 392.28 669.69 392.76 669.45 393.36 669.45 c 393.84 669.45 394.2 669.57 394.56 669.57 c 394.92 669.69 395.28 669.81 395.64 669.93 c 395.88 670.17 396.24 670.41 396.48 670.65 c 396.24 671.25 396 671.73 395.76 672.09 c 395.52 672.57 395.4 672.81 395.4 673.05 c 395.4 673.41 395.52 673.77 395.76 674.01 c 395.88 674.37 396.24 674.61 396.72 674.73 c 396.72 674.61 396.72 674.49 396.84 674.13 c 396.84 673.89 396.96 673.53 396.96 673.17 c 397.32 672.93 397.56 672.93 397.92 672.93 c 398.04 672.93 398.04 672.93 398.04 672.81 c 398.04 671.49 l 398.04 671.37 398.04 671.37 397.92 671.37 c 397.8 671.37 397.68 671.37 397.56 671.37 c 397.44 671.37 397.32 671.49 397.2 671.49 c 397.2 671.13 l 397.2 670.53 397.08 670.05 396.72 669.57 c 396.36 668.97 395.88 668.61 395.28 668.37 c 395.04 668.25 394.68 668.13 394.32 668.01 c 393.96 668.01 393.6 667.89 393.36 667.89 c h 393.72 674.49 m 393.24 674.85 393 675.21 392.76 675.45 c 392.88 675.57 393.12 675.81 393.24 675.93 c 393.36 676.17 393.6 676.29 393.72 676.53 c 393.84 676.41 393.96 676.29 394.08 676.05 c 394.2 675.93 394.44 675.69 394.68 675.57 c 394.56 675.33 394.44 675.21 394.2 675.09 c 394.08 674.85 393.96 674.73 393.72 674.49 c h f 
397.8 671.37 m 397.8 671.37 397.8 671.37 397.8 671.49 c 397.8 672.81 l 397.8 672.93 397.8 672.93 397.8 672.93 c 398.28 672.93 398.64 672.93 399 672.93 c 399.36 672.93 399.6 673.05 399.84 673.17 c 400.08 673.29 400.2 673.41 400.32 673.53 c 400.32 673.65 400.44 673.89 400.56 674.13 c 400.8 674.49 400.92 674.61 401.04 674.73 c 401.04 674.73 401.16 674.73 401.4 674.73 c 401.52 674.73 401.76 674.73 401.88 674.61 c 401.76 674.37 401.76 674.25 401.64 674.13 c 401.52 673.89 401.52 673.77 401.4 673.65 c 401.4 673.53 401.4 673.41 401.28 673.29 c 401.52 673.17 401.76 673.05 402 673.05 c 402.24 672.93 402.48 672.93 402.72 672.93 c 402.72 672.93 402.72 672.93 402.72 672.81 c 402.72 671.49 l 402.72 671.37 402.72 671.37 402.72 671.37 c 402 671.37 401.4 671.61 400.8 672.21 c 400.68 672.09 l 400.56 671.85 400.32 671.73 400.08 671.61 c 399.84 671.49 399.48 671.49 399.12 671.37 c 398.76 671.37 398.4 671.37 397.8 671.37 c h 401.16 668.73 m 400.8 668.97 400.56 669.33 400.32 669.57 c 400.56 669.81 400.92 670.05 401.16 670.41 c 401.16 670.41 401.28 670.29 401.4 670.17 c 401.52 670.05 401.76 669.93 402 669.69 c 401.88 669.45 401.76 669.33 401.64 669.21 c 401.52 669.09 401.4 668.85 401.16 668.73 c h 399.48 668.49 m 399.24 668.73 399.12 668.85 398.88 668.97 c 398.76 669.09 398.64 669.21 398.52 669.33 c 398.76 669.45 398.88 669.69 399 669.81 c 399.12 669.93 399.36 670.17 399.48 670.29 c 399.48 670.17 399.6 670.05 399.72 669.93 c 399.84 669.81 400.08 669.69 400.32 669.45 c 400.2 669.33 400.08 669.09 399.84 668.97 c 399.72 668.85 399.6 668.61 399.48 668.49 c h f 
402.6 671.37 m 402.48 671.37 402.48 671.37 402.48 671.49 c 402.48 672.81 l 402.48 672.93 402.48 672.93 402.6 672.93 c 402.96 672.93 403.44 672.93 403.8 673.05 c 404.28 673.05 404.64 673.17 404.88 673.29 c 404.76 673.53 404.64 673.77 404.52 674.01 c 404.4 674.25 404.28 674.37 404.28 674.49 c 404.16 674.73 404.04 674.85 404.04 674.97 c 403.92 675.09 403.92 675.21 403.92 675.33 c 403.92 675.57 404.04 675.81 404.28 676.05 c 404.52 676.29 404.76 676.53 405.12 676.77 c 405.12 676.41 405.24 676.17 405.24 675.81 c 405.36 675.45 405.48 675.09 405.48 674.73 c 405.6 674.49 405.6 674.25 405.6 674.01 c 405.6 673.89 405.6 673.77 405.6 673.65 c 405.6 673.41 405.6 673.17 405.48 672.93 c 405.36 672.69 405.24 672.33 405.12 672.09 c 404.4 671.61 403.44 671.37 402.6 671.37 c h 404.4 668.37 m 404.16 668.49 404.04 668.73 403.8 668.85 c 403.68 668.97 403.56 669.09 403.44 669.21 c 403.56 669.45 403.8 669.57 403.92 669.81 c 404.04 669.93 404.28 670.17 404.4 670.29 c 404.64 670.05 404.88 669.69 405.36 669.33 c 405.24 669.21 405.12 669.09 405 668.85 c 404.76 668.73 404.64 668.49 404.4 668.37 c h f 
412.32 667.89 m 411.48 667.89 410.88 668.13 410.52 668.61 c 410.16 669.09 409.92 669.81 409.92 670.65 c 409.92 670.77 409.92 670.89 409.92 671.13 c 409.92 671.37 410.04 671.49 410.04 671.73 c 410.16 671.97 410.16 672.21 410.28 672.57 c 410.76 672.33 l 410.64 671.97 410.64 671.61 410.64 671.37 c 410.64 670.77 410.76 670.29 411 669.93 c 411.36 669.69 411.72 669.45 412.32 669.45 c 412.8 669.45 413.16 669.57 413.52 669.57 c 413.88 669.69 414.24 669.81 414.6 669.93 c 414.96 670.17 415.2 670.41 415.56 670.65 c 415.2 671.25 414.96 671.73 414.72 672.09 c 414.48 672.57 414.36 672.81 414.36 673.05 c 414.36 673.41 414.48 673.77 414.72 674.01 c 414.96 674.37 415.32 674.61 415.68 674.73 c 415.8 674.61 415.8 674.49 415.8 674.13 c 415.92 673.89 415.92 673.53 416.04 673.17 c 416.28 672.93 416.64 672.93 417 672.93 c 417 672.93 417.12 672.93 417.12 672.81 c 417.12 671.49 l 417.12 671.37 417 671.37 417 671.37 c 416.88 671.37 416.76 671.37 416.64 671.37 c 416.52 671.37 416.4 671.49 416.28 671.49 c 416.28 671.13 l 416.28 670.53 416.04 670.05 415.68 669.57 c 415.32 668.97 414.84 668.61 414.24 668.37 c 414 668.25 413.64 668.13 413.4 668.01 c 413.04 668.01 412.68 667.89 412.32 667.89 c h 412.68 674.49 m 412.32 674.85 411.96 675.21 411.72 675.45 c 411.96 675.57 412.08 675.81 412.2 675.93 c 412.44 676.17 412.56 676.29 412.68 676.53 c 412.8 676.41 412.92 676.29 413.04 676.05 c 413.28 675.93 413.4 675.69 413.64 675.57 c 413.52 675.33 413.4 675.21 413.28 675.09 c 413.04 674.85 412.92 674.73 412.68 674.49 c h f 
421.68 671.25 m 421.2 671.25 420.84 671.25 420.48 671.37 c 420.12 671.37 419.76 671.49 419.4 671.61 c 419.04 671.73 418.68 671.85 418.44 671.97 c 418.2 671.73 417.96 671.61 417.72 671.49 c 417.48 671.37 417.24 671.37 416.88 671.37 c 416.76 671.37 416.76 671.37 416.76 671.49 c 416.76 672.81 l 416.76 672.93 416.76 672.93 416.88 672.93 c 417.24 672.93 417.48 673.05 417.84 673.17 c 418.08 673.29 418.32 673.53 418.44 673.89 c 418.56 674.13 418.68 674.25 418.68 674.49 c 418.8 674.61 418.92 674.73 418.92 674.85 c 419.04 674.97 419.16 675.09 419.16 675.21 c 419.4 675.57 419.64 675.69 419.76 675.81 c 420 675.93 420.24 676.05 420.48 676.05 c 420.84 676.05 421.08 675.93 421.44 675.57 c 421.68 675.21 421.92 674.73 422.16 674.25 c 422.28 673.77 422.4 673.17 422.4 672.69 c 422.4 672.45 422.28 672.21 422.16 671.97 c 422.04 671.61 421.8 671.37 421.68 671.25 c h 421.2 672.69 m 421.2 673.05 421.08 673.29 420.96 673.53 c 420.84 673.89 420.84 674.13 420.6 674.25 c 420.48 674.37 420.36 674.49 420.24 674.49 c 420.12 674.49 419.88 674.37 419.76 674.25 c 419.64 674.13 419.64 674.01 419.52 673.89 c 419.4 673.65 419.28 673.53 419.16 673.17 c 419.4 673.05 419.76 672.93 420.12 672.93 c 420.36 672.81 420.84 672.69 421.2 672.69 c h f 
432.6 671.37 m 432.12 671.37 431.64 671.49 431.4 671.61 c 431.04 671.73 430.8 671.97 430.8 672.33 c 430.68 672.81 l 430.2 671.73 l 429.96 671.73 429.84 671.73 429.6 671.85 c 429.48 671.85 429.36 671.85 429.24 671.85 c 429 671.97 428.88 671.97 428.76 671.97 c 428.52 672.09 428.28 672.21 428.16 672.33 c 427.92 672.45 427.68 672.57 427.56 672.69 c 427.44 672.81 427.32 672.93 427.32 673.05 c 427.32 673.17 427.32 673.29 427.44 673.41 c 427.44 673.65 427.56 673.89 427.68 674.01 c 427.68 674.25 427.8 674.37 427.8 674.49 c 427.92 674.73 428.04 674.85 428.28 675.09 c 428.52 675.33 428.88 675.57 429.12 675.69 c 429.48 675.93 429.72 676.05 429.96 676.17 c 429.84 676.77 l 430.08 676.89 430.32 677.01 430.44 677.13 c 430.56 677.25 430.68 677.37 430.8 677.37 c 430.92 677.49 431.16 677.61 431.28 677.73 c 431.28 676.89 431.28 676.17 431.28 675.45 c 431.28 674.73 431.28 674.01 431.28 673.29 c 431.64 673.05 432.12 672.93 432.6 672.93 c 432.72 672.93 432.72 672.93 432.72 672.81 c 432.72 671.49 l 432.72 671.37 432.72 671.37 432.6 671.37 c h 430.56 673.29 m 430.44 673.53 430.44 673.77 430.32 674.01 c 430.32 674.37 430.2 674.61 430.2 674.97 c 429.36 674.73 428.76 674.37 428.28 673.89 c 428.52 673.77 428.76 673.65 429 673.53 c 429.36 673.53 429.6 673.41 429.72 673.41 c 429.96 673.41 430.08 673.29 430.2 673.29 c 430.32 673.29 430.44 673.29 430.56 673.29 c h 430.32 677.97 m 430.08 678.09 429.96 678.21 429.72 678.33 c 429.6 678.45 429.48 678.57 429.36 678.69 c 429.48 678.93 429.72 679.05 429.84 679.17 c 429.96 679.29 430.08 679.53 430.2 679.65 c 430.32 679.53 430.44 679.41 430.56 679.29 c 430.68 679.17 430.92 679.05 431.04 678.81 c 430.8 678.57 430.56 678.21 430.32 677.97 c h 428.52 677.73 m 428.28 677.85 428.16 677.97 428.04 678.21 c 427.92 678.33 427.68 678.45 427.68 678.57 c 427.8 678.69 427.92 678.81 428.04 679.05 c 428.16 679.17 428.4 679.29 428.52 679.41 c 428.64 679.41 428.64 679.29 428.88 679.17 c 429 678.93 429.12 678.81 429.36 678.69 c 429.24 678.45 429.12 678.33 429 678.21 c 428.88 677.97 428.64 677.85 428.52 677.73 c h f 
432.48 671.37 m 432.48 671.37 432.48 671.37 432.48 671.49 c 432.48 672.81 l 432.48 672.93 432.48 672.93 432.48 672.93 c 433.2 672.93 433.68 672.93 434.16 672.93 c 434.64 672.93 435 673.05 435.48 673.17 c 435.84 673.29 436.2 673.41 436.44 673.41 c 436.68 673.53 436.92 673.53 437.04 673.65 c 436.92 673.65 436.8 673.77 436.68 673.77 c 436.56 673.89 436.44 674.01 436.32 674.01 c 436.08 674.25 435.84 674.37 435.6 674.49 c 435.48 674.49 435.24 674.49 435 674.49 c 434.76 674.49 434.52 674.49 434.28 674.49 c 434.04 674.37 433.8 674.25 433.56 674.01 c 433.44 674.13 433.32 674.25 433.32 674.37 c 433.2 674.49 433.2 674.73 433.2 674.85 c 433.2 675.21 433.44 675.57 433.68 675.81 c 434.04 676.05 434.52 676.17 435 676.17 c 435.24 676.17 435.6 676.05 435.84 675.93 c 436.08 675.93 436.32 675.69 436.68 675.45 c 437.04 675.21 437.4 674.97 437.76 674.85 c 438.12 674.73 438.48 674.61 438.96 674.49 c 439.2 674.37 439.44 674.37 439.68 674.25 c 439.92 674.25 440.28 674.25 440.52 674.25 c 440.04 673.17 l 439.92 673.17 439.8 673.17 439.8 673.17 c 439.68 673.17 439.68 673.17 439.56 673.17 c 439.56 673.17 439.44 673.17 439.32 673.17 c 439.44 673.05 439.56 673.05 439.68 673.05 c 439.8 673.05 439.92 672.93 440.04 672.93 c 440.16 672.93 440.4 672.93 440.64 672.93 c 440.88 672.93 441 672.93 441.24 672.93 c 441.36 672.93 441.36 672.93 441.36 672.81 c 441.36 671.49 l 441.36 671.37 441.36 671.37 441.24 671.37 c 440.88 671.37 440.64 671.37 440.28 671.37 c 439.92 671.49 439.56 671.49 439.32 671.61 c 439.08 671.61 438.84 671.73 438.72 671.73 c 438.48 671.97 438.36 672.09 438.36 672.33 c 438.24 672.57 438.24 672.81 438.12 673.05 c 438 673.05 437.88 672.93 437.64 672.93 c 437.52 672.81 437.4 672.69 437.28 672.57 c 437.04 672.57 436.8 672.33 436.56 672.21 c 436.32 671.97 435.96 671.85 435.72 671.73 c 435.36 671.61 435.12 671.49 434.76 671.49 c 434.4 671.37 434.16 671.37 433.8 671.37 c 433.44 671.37 432.96 671.37 432.48 671.37 c h f 
441.12 671.37 m 441 671.37 441 671.37 441 671.49 c 441 672.81 l 441 672.93 441 672.93 441.12 672.93 c 441.48 672.93 441.96 672.93 442.32 672.93 c 442.68 672.93 442.92 673.05 443.16 673.17 c 443.28 673.29 443.4 673.41 443.52 673.53 c 443.64 673.65 443.76 673.89 443.88 674.13 c 444 674.49 444.12 674.61 444.24 674.73 c 444.36 674.73 444.48 674.73 444.6 674.73 c 444.84 674.73 444.96 674.73 445.08 674.61 c 445.08 674.37 444.96 674.25 444.96 674.13 c 444.84 673.89 444.84 673.77 444.72 673.65 c 444.72 673.53 444.6 673.41 444.6 673.29 c 444.72 673.17 444.96 673.05 445.2 673.05 c 445.44 672.93 445.68 672.93 445.92 672.93 c 446.04 672.93 446.04 672.93 446.04 672.81 c 446.04 671.49 l 446.04 671.37 446.04 671.37 445.92 671.37 c 445.32 671.37 444.6 671.61 444 672.21 c 443.88 672.09 l 443.76 671.85 443.52 671.73 443.28 671.61 c 443.04 671.49 442.8 671.49 442.44 671.37 c 442.08 671.37 441.6 671.37 441.12 671.37 c h 444.48 668.73 m 444.12 668.97 443.76 669.33 443.64 669.57 c 443.88 669.81 444.12 670.05 444.48 670.41 c 444.48 670.41 444.6 670.29 444.72 670.17 c 444.84 670.05 445.08 669.93 445.32 669.69 c 445.2 669.45 445.08 669.33 444.96 669.21 c 444.84 669.09 444.6 668.85 444.48 668.73 c h 442.68 668.49 m 442.56 668.73 442.32 668.85 442.2 668.97 c 442.08 669.09 441.96 669.21 441.84 669.33 c 441.96 669.45 442.08 669.69 442.32 669.81 c 442.44 669.93 442.56 670.17 442.68 670.29 c 442.8 670.17 442.92 670.05 443.04 669.93 c 443.16 669.81 443.28 669.69 443.52 669.45 c 443.4 669.33 443.28 669.09 443.16 668.97 c 443.04 668.85 442.92 668.61 442.68 668.49 c h f 
445.8 671.37 m 445.8 671.37 445.68 671.37 445.68 671.49 c 445.68 672.81 l 445.68 672.93 445.8 672.93 445.8 672.93 c 446.4 672.93 447 672.93 447.48 672.93 c 447.84 672.93 448.32 673.05 448.68 673.17 c 449.16 673.29 449.4 673.41 449.64 673.41 c 450 673.53 450.12 673.53 450.36 673.65 c 450.24 673.65 450.12 673.77 450 673.77 c 449.88 673.89 449.76 674.01 449.64 674.01 c 449.28 674.25 449.04 674.37 448.92 674.49 c 448.68 674.49 448.56 674.49 448.32 674.49 c 448.08 674.49 447.84 674.49 447.6 674.49 c 447.36 674.37 447.12 674.25 446.76 674.01 c 446.76 674.13 446.64 674.25 446.64 674.37 c 446.52 674.49 446.52 674.73 446.52 674.85 c 446.52 675.21 446.64 675.57 447 675.81 c 447.36 676.05 447.72 676.17 448.32 676.17 c 448.56 676.17 448.8 676.05 449.04 675.93 c 449.4 675.93 449.64 675.69 450 675.45 c 450.36 675.21 450.72 674.97 451.08 674.85 c 451.32 674.73 451.8 674.61 452.16 674.49 c 452.4 674.37 452.64 674.37 453 674.25 c 453.24 674.25 453.48 674.25 453.84 674.25 c 453.24 673.17 l 453.24 673.17 453.12 673.17 453.12 673.17 c 453 673.17 452.88 673.17 452.88 673.17 c 452.76 673.17 452.76 673.17 452.64 673.17 c 452.76 673.05 452.88 673.05 452.88 673.05 c 453 673.05 453.12 672.93 453.24 672.93 c 453.48 672.93 453.72 672.93 453.96 672.93 c 454.08 672.93 454.32 672.93 454.56 672.93 c 454.56 672.93 454.56 672.93 454.56 672.81 c 454.56 671.49 l 454.56 671.37 454.56 671.37 454.56 671.37 c 454.2 671.37 453.84 671.37 453.48 671.37 c 453.24 671.49 452.88 671.49 452.64 671.61 c 452.28 671.61 452.16 671.73 452.04 671.73 c 451.8 671.97 451.68 672.09 451.56 672.33 c 451.56 672.57 451.44 672.81 451.44 673.05 c 451.2 673.05 451.08 672.93 450.96 672.93 c 450.84 672.81 450.72 672.69 450.48 672.57 c 450.36 672.57 450.12 672.33 449.88 672.21 c 449.52 671.97 449.28 671.85 448.92 671.73 c 448.68 671.61 448.32 671.49 448.08 671.49 c 447.72 671.37 447.36 671.37 447 671.37 c 446.64 671.37 446.28 671.37 445.8 671.37 c h f 
459.72 671.25 m 459.36 671.25 458.88 671.25 458.52 671.37 c 458.04 671.37 457.68 671.49 457.2 671.49 c 456.84 671.61 456.48 671.73 456.12 671.97 c 456.12 671.85 456.12 671.85 456 671.85 c 456 671.85 456 671.73 455.88 671.73 c 455.76 671.61 455.52 671.49 455.28 671.49 c 454.92 671.37 454.68 671.37 454.44 671.37 c 454.32 671.37 454.32 671.37 454.32 671.49 c 454.32 672.81 l 454.32 672.93 454.32 672.93 454.44 672.93 c 454.8 672.93 455.04 672.93 455.16 672.93 c 455.4 673.05 455.52 673.17 455.64 673.29 c 455.76 673.41 456 673.65 456.12 673.89 c 456.12 673.89 456.12 674.01 456.24 674.01 c 456.24 674.13 456.24 674.13 456.36 674.25 c 456.48 674.49 456.6 674.61 456.84 674.61 c 457.08 674.61 457.2 674.61 457.32 674.49 c 457.2 674.25 457.08 674.01 457.08 673.77 c 456.96 673.65 456.84 673.41 456.84 673.17 c 456.84 673.17 456.96 673.17 457.08 673.05 c 457.2 673.05 457.2 673.05 457.32 673.05 c 458.28 674.25 459 675.09 459.72 675.69 c 460.32 676.17 460.92 676.53 461.52 676.53 c 461.64 676.53 461.88 676.41 462.24 676.29 c 462.48 676.17 462.72 676.05 462.96 675.81 c 463.2 675.57 463.44 675.33 463.68 675.09 c 463.92 674.73 464.16 674.49 464.16 674.25 c 464.16 673.89 464.04 673.65 463.92 673.41 c 464.28 673.17 464.52 673.05 464.76 673.05 c 465 672.93 465.24 672.93 465.6 672.93 c 465.6 672.93 465.72 672.93 465.72 672.81 c 465.72 671.49 l 465.72 671.37 465.6 671.37 465.6 671.37 c 465.12 671.37 464.76 671.49 464.4 671.61 c 463.92 671.85 463.56 672.09 463.32 672.45 c 463.08 672.21 462.72 671.97 462.36 671.85 c 462 671.61 461.52 671.49 461.04 671.37 c 460.8 671.37 460.56 671.25 460.32 671.25 c 460.08 671.25 459.96 671.25 459.72 671.25 c h 459.84 672.69 m 460.44 672.69 461.04 672.81 461.52 672.93 c 462.12 673.05 462.72 673.29 463.32 673.65 c 462.96 674.01 462.6 674.37 462.24 674.61 c 461.88 674.85 461.52 674.97 461.16 674.97 c 460.8 674.97 460.32 674.73 459.84 674.37 c 459.24 674.01 458.76 673.53 458.16 672.81 c 458.52 672.81 458.76 672.81 459 672.69 c 459.24 672.69 459.6 672.69 459.84 672.69 c h f 
465.48 671.37 m 465.36 671.37 465.36 671.37 465.36 671.49 c 465.36 672.81 l 465.36 672.93 465.36 672.93 465.48 672.93 c 465.84 672.93 466.32 673.05 466.8 673.17 c 466.8 673.41 466.8 673.77 466.68 674.01 c 466.68 674.25 466.68 674.49 466.56 674.73 c 466.56 674.97 466.44 675.45 466.32 676.29 c 466.2 677.01 466.08 677.97 465.84 679.29 c 466.08 679.41 466.32 679.65 466.56 679.77 c 466.8 679.89 467.04 680.01 467.4 680.13 c 467.4 679.41 467.4 678.81 467.4 678.09 c 467.4 677.49 467.4 676.89 467.4 676.29 c 467.52 675.81 467.52 675.21 467.52 674.73 c 467.52 674.25 467.52 673.89 467.52 673.41 c 467.52 673.17 467.52 672.81 467.4 672.57 c 467.28 672.33 467.16 671.97 467.04 671.73 c 466.92 671.61 466.68 671.49 466.44 671.49 c 466.2 671.37 465.84 671.37 465.48 671.37 c h f 
469.8 671.37 m 469.8 672.21 469.8 673.05 469.68 673.77 c 469.68 674.37 469.68 675.09 469.56 675.57 c 469.56 676.17 469.56 676.77 469.44 677.25 c 469.44 677.85 469.32 678.45 469.32 679.05 c 469.2 679.29 469.32 679.41 469.44 679.65 c 469.56 679.77 469.68 679.89 469.92 680.01 c 470.16 680.13 470.4 680.13 470.64 680.13 c 470.76 679.89 470.88 679.65 470.88 679.29 c 471 679.05 471.12 678.81 471.24 678.57 c 470.76 678.21 l 470.76 677.73 470.76 677.13 470.76 676.53 c 470.76 675.81 470.76 675.09 470.76 674.25 c 470.76 673.41 470.76 672.45 470.64 671.49 c 469.8 671.37 l h f 
481.56 671.37 m 481.08 671.37 480.6 671.49 480.36 671.61 c 480 671.73 479.76 671.97 479.76 672.33 c 479.64 672.81 l 479.16 671.73 l 478.92 671.73 478.8 671.73 478.56 671.85 c 478.44 671.85 478.32 671.85 478.2 671.85 c 477.96 671.97 477.84 671.97 477.72 671.97 c 477.48 672.09 477.24 672.21 477.12 672.33 c 476.88 672.45 476.64 672.57 476.52 672.69 c 476.4 672.81 476.28 672.93 476.28 673.05 c 476.28 673.17 476.28 673.29 476.4 673.41 c 476.4 673.65 476.52 673.89 476.64 674.01 c 476.64 674.25 476.76 674.37 476.76 674.49 c 476.88 674.73 477 674.85 477.24 675.09 c 477.48 675.33 477.84 675.57 478.08 675.69 c 478.44 675.93 478.68 676.05 478.92 676.17 c 478.8 676.77 l 479.04 676.89 479.28 677.01 479.4 677.13 c 479.52 677.25 479.64 677.37 479.76 677.37 c 479.88 677.49 480.12 677.61 480.24 677.73 c 480.24 676.89 480.24 676.17 480.24 675.45 c 480.24 674.73 480.24 674.01 480.24 673.29 c 480.6 673.05 481.08 672.93 481.56 672.93 c 481.68 672.93 481.68 672.93 481.68 672.81 c 481.68 671.49 l 481.68 671.37 481.68 671.37 481.56 671.37 c h 479.52 673.29 m 479.4 673.53 479.4 673.77 479.4 674.01 c 479.28 674.37 479.16 674.61 479.16 674.97 c 478.32 674.73 477.72 674.37 477.24 673.89 c 477.48 673.77 477.72 673.65 478.08 673.53 c 478.32 673.53 478.56 673.41 478.68 673.41 c 478.92 673.41 479.04 673.29 479.16 673.29 c 479.28 673.29 479.4 673.29 479.52 673.29 c h 479.28 677.97 m 479.04 678.09 478.92 678.21 478.68 678.33 c 478.56 678.45 478.44 678.57 478.32 678.69 c 478.56 678.93 478.68 679.05 478.8 679.17 c 478.92 679.29 479.04 679.53 479.16 679.65 c 479.28 679.53 479.4 679.41 479.52 679.29 c 479.64 679.17 479.88 679.05 480 678.81 c 479.76 678.57 479.52 678.21 479.28 677.97 c h 477.48 677.73 m 477.24 677.85 477.12 677.97 477 678.21 c 476.88 678.33 476.64 678.45 476.64 678.57 c 476.76 678.69 476.88 678.81 477 679.05 c 477.12 679.17 477.36 679.29 477.48 679.41 c 477.6 679.41 477.6 679.29 477.84 679.17 c 477.96 678.93 478.08 678.81 478.32 678.69 c 478.2 678.45 478.08 678.33 477.96 678.21 c 477.84 677.97 477.6 677.85 477.48 677.73 c h f 
481.44 671.37 m 481.44 671.37 481.44 671.37 481.44 671.49 c 481.44 672.81 l 481.44 672.93 481.44 672.93 481.44 672.93 c 481.92 672.93 482.4 672.93 482.76 673.05 c 483.24 673.05 483.6 673.17 483.84 673.29 c 483.72 673.53 483.6 673.77 483.48 674.01 c 483.36 674.25 483.24 674.37 483.12 674.49 c 483.12 674.73 483 674.85 483 674.97 c 482.88 675.09 482.88 675.21 482.88 675.33 c 482.88 675.57 483 675.81 483.24 676.05 c 483.48 676.29 483.72 676.53 484.08 676.77 c 484.08 676.41 484.2 676.17 484.2 675.81 c 484.32 675.45 484.44 675.09 484.44 674.73 c 484.44 674.49 484.56 674.25 484.56 674.01 c 484.56 673.89 484.56 673.77 484.56 673.65 c 484.56 673.41 484.56 673.17 484.44 672.93 c 484.32 672.69 484.2 672.33 484.08 672.09 c 483.24 671.61 482.4 671.37 481.44 671.37 c h 483.36 668.37 m 483.12 668.49 482.88 668.73 482.76 668.85 c 482.64 668.97 482.4 669.09 482.4 669.21 c 482.52 669.45 482.64 669.57 482.88 669.81 c 483 669.93 483.12 670.17 483.36 670.29 c 483.6 670.05 483.84 669.69 484.32 669.33 c 484.2 669.21 484.08 669.09 483.84 668.85 c 483.72 668.73 483.6 668.49 483.36 668.37 c h f 
489 671.37 m 488.4 671.37 488.04 671.49 487.68 671.61 c 487.44 671.85 487.2 672.09 486.96 672.33 c 486.84 672.57 486.72 672.93 486.72 673.29 c 486.72 673.53 486.6 673.77 486.6 674.13 c 486.6 674.61 486.48 674.97 486.48 675.45 c 486.48 676.05 486.36 676.53 486.36 677.01 c 486.24 677.49 486.24 677.97 486.24 678.33 c 486.12 678.81 486.12 679.05 486.12 679.29 c 486.36 679.41 486.6 679.65 486.84 679.77 c 487.08 679.89 487.32 680.01 487.68 680.13 c 487.68 679.53 487.68 678.81 487.68 678.21 c 487.68 677.61 487.68 676.89 487.8 676.29 c 487.8 675.57 487.8 674.97 487.8 674.25 c 487.92 673.29 l 488.04 673.17 488.16 673.05 488.4 672.93 c 488.52 672.93 488.76 672.93 489 672.93 c 489 672.93 489.12 672.93 489.12 672.81 c 489.12 671.49 l 489.12 671.37 489 671.37 489 671.37 c h f 
488.88 671.37 m 488.76 671.37 488.76 671.37 488.76 671.49 c 488.76 672.81 l 488.76 672.93 488.76 672.93 488.88 672.93 c 489.48 672.93 490.08 672.93 490.44 672.93 c 490.92 672.93 491.4 673.05 491.76 673.17 c 492.12 673.29 492.48 673.41 492.72 673.41 c 492.96 673.53 493.2 673.53 493.32 673.65 c 493.2 673.65 493.08 673.77 492.96 673.77 c 492.84 673.89 492.72 674.01 492.6 674.01 c 492.36 674.25 492.12 674.37 491.88 674.49 c 491.76 674.49 491.52 674.49 491.4 674.49 c 491.16 674.49 490.8 674.49 490.68 674.49 c 490.44 674.37 490.08 674.25 489.84 674.01 c 489.72 674.13 489.72 674.25 489.6 674.37 c 489.6 674.49 489.48 674.73 489.48 674.85 c 489.48 675.21 489.72 675.57 490.08 675.81 c 490.32 676.05 490.8 676.17 491.28 676.17 c 491.64 676.17 491.88 676.05 492.12 675.93 c 492.36 675.93 492.72 675.69 492.96 675.45 c 493.32 675.21 493.8 674.97 494.04 674.85 c 494.4 674.73 494.76 674.61 495.24 674.49 c 495.48 674.37 495.72 674.37 495.96 674.25 c 496.32 674.25 496.56 674.25 496.92 674.25 c 496.2 672.93 l 495.96 672.93 495.72 672.93 495.48 672.93 c 495.36 672.93 495.12 672.93 494.88 672.93 c 494.64 672.93 494.52 672.93 494.28 672.81 c 494.04 672.69 493.8 672.69 493.56 672.57 c 493.32 672.45 493.08 672.33 492.96 672.21 c 492.6 671.97 492.24 671.85 492 671.73 c 491.64 671.61 491.4 671.49 491.16 671.49 c 490.8 671.37 490.44 671.37 490.08 671.37 c 489.72 671.37 489.36 671.37 488.88 671.37 c h 493.44 668.97 m 493.2 669.21 493.08 669.33 492.84 669.45 c 492.72 669.69 492.6 669.81 492.48 669.93 c 492.6 670.05 492.84 670.29 492.96 670.41 c 493.2 670.65 493.32 670.77 493.44 671.01 c 493.68 670.65 494.04 670.41 494.4 670.05 c 494.28 669.93 494.16 669.69 494.04 669.57 c 493.92 669.33 493.68 669.21 493.44 668.97 c h f 
499.2 671.25 m 499.08 671.25 499.08 671.25 499.08 671.37 c 499.08 671.49 499.08 671.73 499.2 671.85 c 499.2 672.09 499.2 672.33 499.2 672.45 c 499.32 672.57 499.32 672.69 499.32 672.69 c 499.56 672.69 499.8 672.69 500.16 672.69 c 500.4 672.69 500.76 672.69 501 672.69 c 501.36 672.81 501.72 672.81 501.96 672.81 c 502.32 672.81 502.68 672.93 502.92 672.93 c 502.68 673.29 502.32 673.65 502.08 674.01 c 501.84 674.25 501.48 674.61 501.24 674.85 c 500.88 675.09 500.52 675.33 500.28 675.69 c 499.92 675.93 499.44 676.17 499.08 676.41 c 498.48 676.41 l 498.36 676.53 498.12 676.65 498 676.89 c 497.88 677.13 497.76 677.37 497.76 677.61 c 497.76 677.85 497.88 678.09 498 678.21 c 498.12 678.45 498.24 678.57 498.48 678.69 c 498.72 678.57 498.84 678.45 499.08 678.21 c 499.32 678.09 499.56 677.85 499.8 677.61 c 500.16 677.37 500.4 677.01 500.76 676.77 c 501.12 676.41 501.36 676.05 501.72 675.81 c 501.96 675.45 502.2 675.21 502.44 674.97 c 502.56 674.73 502.68 674.61 502.92 674.37 c 503.04 674.13 503.16 673.89 503.28 673.77 c 503.4 673.53 503.52 673.29 503.64 673.17 c 503.76 673.05 503.76 672.93 503.76 672.81 c 503.76 672.69 503.76 672.69 503.76 672.45 c 503.64 672.33 503.64 672.21 503.64 672.09 c 503.52 671.85 503.52 671.73 503.4 671.61 c 503.4 671.49 503.28 671.49 503.28 671.49 c 503.16 671.49 502.92 671.37 502.68 671.37 c 502.32 671.37 502.08 671.37 501.84 671.37 c 501.48 671.25 501.24 671.25 501 671.25 c 500.88 671.25 500.76 671.25 500.64 671.25 c 500.52 671.25 500.28 671.25 500.04 671.25 c 499.92 671.25 499.68 671.25 499.56 671.25 c 499.32 671.25 499.2 671.25 499.2 671.25 c h 498.6 667.41 m 498.6 668.01 l 499.08 668.25 l 498.72 668.37 498.6 668.49 498.6 668.73 c 498.6 668.97 498.72 669.09 498.72 669.21 c 498.84 669.45 498.96 669.57 499.08 669.69 c 499.32 669.69 499.44 669.81 499.56 669.81 c 499.92 669.81 500.04 669.57 500.04 669.21 c 500.04 669.09 500.04 668.97 499.92 668.85 c 499.68 668.97 l 499.68 668.97 l 499.68 669.09 499.68 669.09 499.56 669.09 c 499.44 669.09 499.32 669.09 499.32 668.97 c 499.2 668.97 499.2 668.85 499.08 668.73 c 499.2 668.61 499.44 668.49 499.68 668.49 c 499.8 668.49 499.92 668.49 500.04 668.61 c 500.04 668.61 500.16 668.61 500.28 668.61 c 500.16 668.01 l 500.04 668.01 499.8 667.89 499.68 667.89 c 499.44 667.89 499.32 667.77 499.2 667.65 c 498.96 667.65 498.84 667.53 498.6 667.41 c h f 
500.4 672.33 m 499.68 672.57 l 500.04 672.81 500.4 673.05 500.64 673.41 c 501 673.65 501.24 674.01 501.48 674.25 c 501.72 674.61 501.84 674.97 501.96 675.21 c 502.08 675.57 502.08 675.93 502.08 676.29 c 502.08 676.41 502.08 676.53 502.08 676.77 c 502.08 677.01 502.08 677.13 501.96 677.37 c 501.96 677.61 501.96 677.85 501.84 678.09 c 501.84 678.33 501.84 678.57 501.72 678.81 c 501.72 678.93 501.72 679.17 501.72 679.17 c 501.72 679.53 501.84 679.89 502.08 680.13 c 502.32 680.25 502.68 680.37 503.04 680.37 c 503.16 680.01 503.28 679.77 503.28 679.53 c 503.4 679.29 503.52 679.05 503.64 678.81 c 503.16 678.45 l 503.16 678.33 503.16 678.21 503.16 678.09 c 503.16 677.97 503.16 677.73 503.28 677.61 c 503.28 677.49 503.28 677.37 503.28 677.25 c 503.28 677.13 503.28 677.01 503.28 677.01 c 503.28 676.41 503.16 675.81 502.92 675.33 c 502.8 674.85 502.44 674.37 502.2 673.89 c 501.84 673.65 501.6 673.29 501.36 673.05 c 501 672.81 500.64 672.57 500.4 672.33 c h f 
506.04 671.37 m 506.04 672.21 505.92 673.05 505.92 673.77 c 505.92 674.37 505.8 675.09 505.8 675.57 c 505.68 676.17 505.68 676.77 505.68 677.25 c 505.56 677.85 505.56 678.45 505.44 679.05 c 505.44 679.29 505.44 679.41 505.56 679.65 c 505.68 679.77 505.92 679.89 506.16 680.01 c 506.4 680.13 506.64 680.13 506.88 680.13 c 506.88 679.89 507 679.65 507.12 679.29 c 507.24 679.05 507.24 678.81 507.36 678.57 c 506.88 678.21 l 507 677.73 507 677.13 507 676.53 c 507 675.81 507 675.09 507 674.25 c 506.88 673.41 506.88 672.45 506.88 671.49 c 506.04 671.37 l h f 
512.4 668.73 m 512.28 668.73 512.16 668.73 511.92 668.85 c 511.8 668.85 511.56 668.97 511.32 669.21 c 511.08 669.33 510.84 669.57 510.6 669.69 c 510.84 670.29 l 511.08 670.29 511.32 670.17 511.56 670.17 c 511.68 670.17 511.92 670.17 512.16 670.17 c 512.76 670.17 513.36 670.29 513.72 670.65 c 514.2 670.89 514.56 671.37 514.68 671.97 c 514.68 672.09 514.56 672.33 514.56 672.45 c 514.44 672.57 514.32 672.69 514.32 672.81 c 514.08 673.17 513.96 673.41 513.84 673.65 c 513.72 673.77 513.6 674.01 513.48 674.13 c 513.48 674.25 513.36 674.37 513.36 674.61 c 513.36 674.73 513.36 674.73 513.36 674.85 c 513.36 675.09 513.36 675.45 513.6 675.69 c 513.84 675.93 514.08 676.05 514.44 676.29 c 514.44 676.05 514.44 675.93 514.56 675.81 c 514.56 675.57 514.68 675.45 514.68 675.21 c 514.92 674.73 515.04 674.25 515.16 673.89 c 515.28 673.53 515.28 673.29 515.4 673.17 c 515.64 673.05 516 672.93 516.36 672.93 c 516.36 672.93 516.48 672.93 516.48 672.81 c 516.48 671.49 l 516.48 671.37 516.36 671.37 516.36 671.37 c 516 671.37 515.64 671.49 515.4 671.61 c 515.28 671.01 515.04 670.53 514.8 670.05 c 514.56 669.69 514.2 669.33 513.72 669.09 c 513.36 668.85 512.88 668.73 512.4 668.73 c h f 
516.24 671.37 m 516.12 671.37 516.12 671.37 516.12 671.49 c 516.12 672.81 l 516.12 672.93 516.12 672.93 516.24 672.93 c 516.6 672.93 516.96 672.93 517.32 672.93 c 517.68 672.93 518.04 673.05 518.28 673.17 c 518.4 673.29 518.52 673.41 518.64 673.53 c 518.76 673.65 518.88 673.89 519 674.13 c 519.12 674.49 519.24 674.61 519.36 674.73 c 519.48 674.73 519.6 674.73 519.72 674.73 c 519.96 674.73 520.08 674.73 520.2 674.61 c 520.2 674.37 520.08 674.25 519.96 674.13 c 519.96 673.89 519.84 673.77 519.84 673.65 c 519.72 673.53 519.72 673.41 519.6 673.29 c 519.84 673.17 520.08 673.05 520.32 673.05 c 520.56 672.93 520.8 672.93 521.04 672.93 c 521.04 672.93 521.16 672.93 521.16 672.81 c 521.16 671.49 l 521.16 671.37 521.04 671.37 521.04 671.37 c 520.32 671.37 519.72 671.61 519.12 672.21 c 519 672.09 l 518.88 671.85 518.64 671.73 518.4 671.61 c 518.16 671.49 517.92 671.49 517.56 671.37 c 517.2 671.37 516.72 671.37 516.24 671.37 c h 519.6 675.81 m 519.48 676.05 519.24 676.17 519.12 676.29 c 519 676.41 518.88 676.53 518.76 676.65 c 518.88 676.77 519 677.01 519.12 677.13 c 519.36 677.25 519.48 677.49 519.6 677.61 c 519.6 677.49 519.72 677.37 519.96 677.25 c 520.08 677.13 520.2 677.01 520.44 676.77 c 520.2 676.41 519.84 676.17 519.6 675.81 c h 517.8 675.69 m 517.68 675.81 517.44 675.93 517.32 676.05 c 517.2 676.29 517.08 676.41 516.96 676.53 c 517.08 676.65 517.2 676.77 517.44 676.89 c 517.56 677.13 517.68 677.25 517.8 677.37 c 517.92 677.25 518.04 677.25 518.16 677.01 c 518.28 676.89 518.4 676.77 518.64 676.53 c 518.52 676.41 518.4 676.29 518.28 676.17 c 518.16 675.93 518.04 675.81 517.8 675.69 c h f 
520.92 671.37 m 520.8 671.37 520.8 671.37 520.8 671.49 c 520.8 672.81 l 520.8 672.93 520.8 672.93 520.92 672.93 c 521.52 672.93 522.12 672.93 522.48 672.93 c 522.96 672.93 523.44 673.05 523.8 673.17 c 524.16 673.29 524.52 673.41 524.76 673.41 c 525 673.53 525.24 673.53 525.36 673.65 c 525.24 673.65 525.12 673.77 525 673.77 c 524.88 673.89 524.76 674.01 524.64 674.01 c 524.4 674.25 524.16 674.37 524.04 674.49 c 523.8 674.49 523.68 674.49 523.44 674.49 c 523.2 674.49 522.96 674.49 522.72 674.49 c 522.48 674.37 522.24 674.25 521.88 674.01 c 521.76 674.13 521.76 674.25 521.64 674.37 c 521.64 674.49 521.64 674.73 521.64 674.85 c 521.64 675.21 521.76 675.57 522.12 675.81 c 522.48 676.05 522.84 676.17 523.32 676.17 c 523.68 676.17 523.92 676.05 524.16 675.93 c 524.4 675.93 524.76 675.69 525 675.45 c 525.48 675.21 525.84 674.97 526.08 674.85 c 526.44 674.73 526.8 674.61 527.28 674.49 c 527.52 674.37 527.76 674.37 528 674.25 c 528.36 674.25 528.6 674.25 528.96 674.25 c 528.24 672.93 l 528 672.93 527.76 672.93 527.64 672.93 c 527.4 672.93 527.16 672.93 526.92 672.93 c 526.8 672.93 526.56 672.93 526.32 672.81 c 526.08 672.69 525.84 672.69 525.6 672.57 c 525.36 672.45 525.24 672.33 525 672.21 c 524.64 671.97 524.28 671.85 524.04 671.73 c 523.8 671.61 523.44 671.49 523.2 671.49 c 522.84 671.37 522.6 671.37 522.24 671.37 c 521.88 671.37 521.4 671.37 520.92 671.37 c h 524.76 677.13 m 524.28 677.49 524.04 677.85 523.8 678.09 c 523.92 678.33 524.16 678.45 524.28 678.69 c 524.52 678.81 524.64 678.93 524.76 679.17 c 524.88 679.05 525 678.93 525.12 678.69 c 525.24 678.57 525.48 678.45 525.72 678.21 c 525.6 678.09 525.48 677.85 525.36 677.73 c 525.12 677.49 525 677.37 524.76 677.13 c h f 
531 671.37 m 530.88 672.21 530.88 673.05 530.88 673.77 c 530.76 674.37 530.76 675.09 530.76 675.57 c 530.64 676.17 530.64 676.77 530.52 677.25 c 530.52 677.85 530.4 678.45 530.4 679.05 c 530.4 679.29 530.4 679.41 530.52 679.65 c 530.64 679.77 530.88 679.89 531.12 680.01 c 531.24 680.13 531.48 680.13 531.84 680.13 c 531.84 679.89 531.96 679.65 532.08 679.29 c 532.08 679.05 532.2 678.81 532.32 678.57 c 531.84 678.21 l 531.84 677.73 531.84 677.13 531.84 676.53 c 531.84 675.81 531.84 675.09 531.84 674.25 c 531.84 673.41 531.84 672.45 531.84 671.49 c 531 671.37 l h f 
541.8 671.25 m 536.64 674.01 l 541.8 676.89 l 541.8 671.25 l h f 
0.969 0.58 0.114 sc 420.6 712.29 m 420.6 693.33 l 510 693.33 l 513.12 693.33 515.64 695.85 515.64 698.97 c 515.64 706.65 l 515.64 709.77 513.12 712.29 510 712.29 c 420.6 712.29 l h f 
0.941 0.945 0.945 sc 412.68 703.41 m 413.16 704.25 414.24 704.49 414.96 704.01 c 415.8 703.53 416.04 702.57 415.56 701.73 c 415.08 701.01 414.12 700.65 413.28 701.13 c 412.56 701.61 412.32 702.57 412.68 703.41 c h 419.76 699.33 m 420.96 701.37 420.84 703.89 419.76 705.81 c 422.64 707.49 l 421.8 708.93 420.6 710.25 419.04 711.09 c 414.36 713.85 408.36 712.29 405.6 707.49 c 402.96 702.81 404.52 696.69 409.2 694.05 c 412.44 692.13 416.16 692.25 419.04 694.05 c 417.36 696.93 l 418.32 697.53 419.16 698.25 419.76 699.33 c h f 
0.271 0.282 0.29 sc 412.68 703.41 m 412.32 702.57 412.56 701.61 413.28 701.13 c 414.12 700.65 415.08 701.01 415.56 701.73 c 415.92 702.33 415.92 702.93 415.56 703.41 c 415.44 703.65 415.2 703.89 414.96 704.01 c 414.24 704.49 413.16 704.25 412.68 703.41 c h f* 
0.945 0.365 0.349 sc 419.76 705.81 m 420.84 703.89 420.96 701.37 419.76 699.33 c 419.16 698.25 418.32 697.53 417.36 696.93 c 419.04 694.05 l 420.48 694.89 421.8 696.09 422.64 697.65 c 424.56 700.77 424.44 704.61 422.64 707.49 c 419.76 705.81 l h f* 
q 402 689.97 24.72 25.56 re W* n
0.984 0.667 0.176 sc 424.68 696.45 m 427.68 701.85 426.36 708.45 421.68 712.17 c 421.2 712.53 420.72 712.89 420.24 713.13 c 419.76 713.37 419.16 713.73 418.68 713.85 c 414.72 715.53 410.4 714.81 407.04 712.41 c 405.84 711.57 404.76 710.49 403.92 709.17 c 403.8 709.05 403.8 708.81 403.68 708.69 c 403.08 707.73 402.72 706.89 402.48 705.93 c 402.12 704.73 402 703.65 402 702.57 c 402 701.49 402.12 700.41 402.48 699.33 c 402.84 698.13 403.32 697.05 403.92 695.97 c 404.76 694.77 405.84 693.57 407.04 692.73 c 407.4 692.49 407.76 692.25 408.12 692.01 c 413.88 688.65 421.32 690.69 424.68 696.45 c h 419.04 711.09 m 420.6 710.25 421.8 708.93 422.64 707.49 c 424.44 704.61 424.56 700.77 422.64 697.65 c 421.8 696.09 420.48 694.89 419.04 694.05 c 416.16 692.25 412.44 692.13 409.2 694.05 c 404.52 696.69 402.96 702.81 405.6 707.49 c 408.36 712.29 414.36 713.85 419.04 711.09 c h f* Q 
1 w 0.42 0.435 0.443 sc 420.24 713.13 m 420.72 712.89 421.2 712.53 421.68 712.17 c 422.64 713.97 l 419.76 715.65 l 418.68 713.85 l 419.16 713.73 419.76 713.37 420.24 713.13 c h f 
0.984 0.667 0.176 sc 419.76 715.65 m 423.72 713.37 l 423.96 713.13 424.32 713.25 424.56 713.61 c 425.4 715.05 l 425.52 715.29 425.4 715.77 425.16 715.89 c 420.12 718.77 l 419.88 719.01 419.4 718.89 419.28 718.53 c 418.44 717.09 l 418.32 716.85 418.44 716.37 418.68 716.25 c 419.76 715.65 l h f* 
q 400.68 689.97 26.04 25.56 re W* n
0.141 0.125 0.129 sc 414.12 714.45 m 413.16 714.45 412.08 714.33 411.12 713.97 c 408.12 713.13 405.48 711.21 403.92 708.45 c 400.68 702.81 402.6 695.61 408.24 692.37 c 410.16 691.29 412.2 690.81 414.12 690.81 c 418.2 690.81 422.16 692.85 424.32 696.69 c 427.56 702.33 425.64 709.53 420 712.77 c 418.2 713.85 416.16 714.45 414.12 714.45 c h 414.12 690.09 m 411.96 690.09 409.92 690.57 407.88 691.77 c 405 693.45 402.96 696.09 402.12 699.33 c 401.28 702.57 401.64 705.93 403.32 708.81 c 405 711.81 407.76 713.85 410.88 714.69 c 414.12 715.53 417.48 715.17 420.36 713.49 c 426.36 710.01 428.4 702.33 424.92 696.33 c 422.64 692.25 418.44 690.09 414.12 690.09 c h f Q 
1 w 0.141 0.125 0.129 sc 414.12 712.05 m 410.88 712.05 407.64 710.37 405.96 707.37 c 404.64 705.09 404.28 702.57 405 700.17 c 405.6 697.65 407.16 695.61 409.44 694.29 c 411.6 693.09 414.12 692.73 416.64 693.33 c 419.04 694.05 421.08 695.61 422.4 697.77 c 425.04 702.33 423.48 708.21 418.92 710.85 c 417.36 711.69 415.8 712.05 414.12 712.05 c h 414.12 692.37 m 412.32 692.37 410.64 692.85 409.08 693.69 c 406.68 695.13 405 697.29 404.28 699.93 c 403.56 702.57 403.92 705.33 405.36 707.73 c 408.12 712.65 414.36 714.33 419.28 711.45 c 424.08 708.69 425.76 702.33 423 697.41 c 421.68 695.13 419.4 693.33 416.76 692.73 c 415.92 692.49 415.08 692.37 414.12 692.37 c h f 
418.68 713.49 m 418.68 713.49 418.56 713.49 418.56 713.61 c 418.32 713.61 418.32 713.85 418.44 714.09 c 419.4 715.89 l 419.52 716.01 419.76 716.01 419.88 716.01 c 420.12 715.89 420.12 715.65 420 715.53 c 419.04 713.73 l 418.92 713.61 418.8 713.49 418.68 713.49 c h 421.68 711.81 m 421.56 711.81 421.56 711.81 421.44 711.81 c 421.32 711.93 421.2 712.17 421.32 712.41 c 422.4 714.09 l 422.4 714.33 422.64 714.33 422.88 714.21 c 423 714.21 423.12 713.97 423 713.73 c 421.92 712.05 l 421.92 711.93 421.8 711.81 421.68 711.81 c h f 
q 417.96 712.77 8.16 6.36 re W* n
419.88 718.53 m 419.76 718.53 419.64 718.41 419.64 718.41 c 418.8 716.97 l 418.68 716.85 418.68 716.85 418.8 716.73 c 418.8 716.61 418.8 716.61 418.92 716.61 c 423.84 713.73 l 423.96 713.61 423.96 713.61 424.08 713.61 c 424.2 713.61 424.2 713.73 424.2 713.73 c 425.04 715.17 l 425.04 715.29 425.16 715.29 425.04 715.41 c 425.04 715.53 425.04 715.53 424.92 715.53 c 420 718.41 l 419.88 718.53 419.88 718.53 419.88 718.53 c h 423.96 712.89 m 423.84 712.89 423.6 713.01 423.48 713.01 c 418.56 715.89 l 418.32 716.01 418.08 716.25 418.08 716.49 c 417.96 716.85 417.96 717.09 418.2 717.33 c 418.92 718.77 l 419.28 719.25 419.88 719.37 420.36 719.13 c 425.28 716.25 l 425.76 715.89 426 715.29 425.64 714.81 c 424.92 713.37 l 424.68 713.13 424.56 713.01 424.2 712.89 c 424.2 712.89 424.08 712.89 423.96 712.89 c h f Q 
1 w 0.141 0.125 0.129 sc 417.36 707.85 m 417.36 707.85 417.24 707.85 417.24 707.85 c 417 707.97 417 708.21 417.12 708.33 c 418.8 711.33 l 418.92 711.45 419.04 711.57 419.28 711.45 c 419.4 711.33 419.52 711.09 419.4 710.97 c 417.72 707.97 l 417.6 707.97 417.48 707.85 417.36 707.85 c h f 
414.12 692.37 m 414 692.37 413.76 692.49 413.76 692.73 c 413.76 696.09 l 413.76 696.33 414 696.45 414.12 696.45 c 414.36 696.45 414.48 696.33 414.48 696.09 c 414.48 692.73 l 414.48 692.49 414.36 692.37 414.12 692.37 c h f 
409.2 693.69 m 409.2 693.69 409.08 693.69 409.08 693.69 c 408.84 693.81 408.84 694.05 408.96 694.17 c 410.64 697.17 l 410.76 697.29 410.88 697.41 411.12 697.29 c 411.24 697.17 411.36 696.93 411.24 696.81 c 409.56 693.81 l 409.44 693.69 409.32 693.69 409.2 693.69 c h f 
405.6 697.29 m 405.48 697.29 405.36 697.29 405.36 697.41 c 405.24 697.65 405.24 697.89 405.48 697.89 c 408.36 699.69 l 408.6 699.69 408.72 699.69 408.84 699.57 c 408.96 699.33 408.96 699.09 408.72 698.97 c 405.84 697.29 l 405.72 697.29 405.72 697.29 405.6 697.29 c h f 
407.64 702.21 m 404.28 702.21 l 404.16 702.21 403.92 702.33 403.92 702.57 c 403.92 702.81 404.16 702.93 404.28 702.93 c 407.64 702.93 l 407.88 702.93 408 702.81 408 702.57 c 408 702.33 407.88 702.21 407.64 702.21 c h f 
408.6 705.45 m 408.48 705.45 408.48 705.45 408.36 705.57 c 405.48 707.25 l 405.24 707.37 405.24 707.49 405.36 707.73 c 405.36 707.85 405.6 707.97 405.84 707.85 c 408.72 706.17 l 408.96 706.05 408.96 705.81 408.84 705.69 c 408.84 705.57 408.72 705.45 408.6 705.45 c h f 
410.88 707.85 m 410.76 707.85 410.64 707.97 410.64 707.97 c 408.96 710.97 l 408.84 711.09 408.84 711.33 409.08 711.45 c 409.2 711.57 409.44 711.45 409.56 711.33 c 411.24 708.33 l 411.36 708.21 411.24 707.97 411.12 707.85 c 411 707.85 411 707.85 410.88 707.85 c h f 
414.12 708.69 m 414 708.69 413.76 708.93 413.76 709.05 c 413.76 712.41 l 413.76 712.65 414 712.89 414.12 712.89 c 414.36 712.89 414.48 712.65 414.48 712.41 c 414.48 709.05 l 414.48 708.93 414.36 708.69 414.12 708.69 c h f 
419.04 693.69 m 418.92 693.69 418.8 693.69 418.8 693.81 c 417.12 696.81 l 417 696.81 417 696.93 417 697.05 c 417.12 697.17 417.12 697.17 417.24 697.29 c 418.08 697.77 418.92 698.61 419.4 699.57 c 420.48 701.37 420.48 703.77 419.4 705.69 c 419.4 705.81 419.4 706.05 419.64 706.17 c 422.52 707.85 l 422.64 707.97 422.88 707.85 423 707.73 c 423.12 707.49 423 707.37 422.88 707.25 c 420.24 705.69 l 421.32 703.65 421.2 701.13 420.12 699.21 c 419.52 698.25 418.8 697.41 417.84 696.81 c 419.4 694.17 l 419.52 694.05 419.4 693.81 419.28 693.69 c 419.16 693.69 419.16 693.69 419.04 693.69 c h f 
414.12 703.89 m 414 703.89 413.88 703.89 413.88 703.89 c 413.52 703.77 413.16 703.53 413.04 703.29 c 412.68 702.57 412.92 701.85 413.52 701.49 c 413.76 701.25 414.12 701.25 414.48 701.37 c 414.84 701.37 415.08 701.61 415.32 701.97 c 415.44 702.21 415.56 702.57 415.44 702.93 c 415.32 703.29 415.08 703.53 414.84 703.77 c 414.6 703.77 414.36 703.89 414.12 703.89 c h 414.12 700.53 m 413.76 700.53 413.4 700.65 413.16 700.77 c 412.2 701.37 411.84 702.57 412.44 703.65 c 412.68 704.01 413.16 704.37 413.64 704.49 c 414.12 704.73 414.72 704.61 415.2 704.37 c 415.68 704.01 415.92 703.65 416.16 703.05 c 416.28 702.57 416.16 702.09 415.92 701.61 c 415.68 701.13 415.2 700.77 414.72 700.65 c 414.48 700.53 414.36 700.53 414.12 700.53 c h f 
415.56 703.05 m 415.44 703.05 415.32 703.17 415.32 703.29 c 415.2 703.41 415.2 703.65 415.44 703.77 c 418.32 705.33 l 418.44 705.45 418.68 705.45 418.8 705.21 c 418.8 705.09 418.8 704.85 418.68 704.73 c 415.8 703.05 l 415.68 703.05 415.68 703.05 415.56 703.05 c h f 
407.04 712.05 m 393.96 712.05 l 393.72 712.05 393.6 712.29 393.6 712.41 c 393.6 712.65 393.72 712.77 393.96 712.77 c 407.04 712.77 l 407.28 712.77 407.4 712.65 407.4 712.41 c 407.4 712.29 407.28 712.05 407.04 712.05 c h f 
403.92 708.81 m 396.6 708.81 l 396.36 708.81 396.24 708.93 396.24 709.17 c 396.24 709.41 396.36 709.53 396.6 709.53 c 403.92 709.53 l 404.16 709.53 404.28 709.41 404.28 709.17 c 404.28 708.93 404.16 708.81 403.92 708.81 c h f 
402.48 705.57 m 399.48 705.57 l 399.24 705.57 399.12 705.69 399.12 705.93 c 399.12 706.05 399.24 706.29 399.48 706.29 c 402.48 706.29 l 402.72 706.29 402.84 706.05 402.84 705.93 c 402.84 705.69 402.72 705.57 402.48 705.57 c h f 
402 702.21 m 393.96 702.21 l 393.72 702.21 393.6 702.33 393.6 702.57 c 393.6 702.81 393.72 702.93 393.96 702.93 c 402 702.93 l 402.24 702.93 402.36 702.81 402.36 702.57 c 402.36 702.33 402.24 702.21 402 702.21 c h f 
402.48 698.97 m 395.4 698.97 l 395.16 698.97 395.04 699.09 395.04 699.33 c 395.04 699.45 395.16 699.69 395.4 699.69 c 402.48 699.69 l 402.72 699.69 402.84 699.45 402.84 699.33 c 402.84 699.09 402.72 698.97 402.48 698.97 c h f 
403.92 695.61 m 397.8 695.61 l 397.68 695.61 397.44 695.85 397.44 695.97 c 397.44 696.21 397.68 696.33 397.8 696.33 c 403.92 696.33 l 404.16 696.33 404.28 696.21 404.28 695.97 c 404.28 695.85 404.16 695.61 403.92 695.61 c h f 
407.04 692.37 m 396.6 692.37 l 396.36 692.37 396.24 692.49 396.24 692.73 c 396.24 692.85 396.36 693.09 396.6 693.09 c 407.04 693.09 l 407.28 693.09 407.4 692.85 407.4 692.73 c 407.4 692.49 407.28 692.37 407.04 692.37 c h f 
1 1 1 sc 434.28 697.05 m 434.04 697.05 433.8 697.17 433.56 697.29 c 433.32 697.41 433.2 697.53 432.96 697.77 c 432.72 698.01 432.6 698.25 432.48 698.49 c 432.36 698.97 432.24 699.45 432.24 700.05 c 432.24 700.17 l 432.24 700.65 432.36 701.37 432.48 701.97 c 432.72 702.69 433.08 703.41 433.56 704.25 c 434.04 704.85 434.64 705.21 435.36 705.21 c 435.6 705.21 435.84 705.09 436.08 705.09 c 436.44 704.97 436.8 704.73 437.16 704.49 c 437.64 704.01 438 703.53 438.24 703.05 c 438.48 702.69 438.48 702.33 438.48 701.85 c 438.48 701.85 438.48 701.61 438.48 701.37 c 438.48 701.13 438.24 700.77 438 700.41 c 437.76 700.05 437.4 699.81 437.04 699.69 c 436.68 699.57 436.44 699.57 436.2 699.57 c 436.08 699.57 435.84 699.57 435.6 699.57 c 435.36 699.69 435 699.81 434.76 700.17 c 434.52 700.29 434.4 700.65 434.04 701.01 c 433.92 700.53 433.92 700.05 433.92 699.69 c 433.92 699.45 433.92 699.21 433.92 698.73 c 434.04 698.37 434.16 697.77 434.28 697.05 c 434.4 697.05 434.28 697.05 434.28 697.05 c h 435.48 700.77 m 435.96 700.77 436.44 701.01 436.68 701.73 c 436.8 701.85 436.8 702.09 436.92 702.33 c 436.92 702.45 436.92 702.45 436.92 702.57 c 436.92 702.69 436.92 702.93 436.8 703.05 c 436.8 703.29 436.68 703.41 436.44 703.65 c 436.32 703.77 436.2 703.77 435.96 703.77 c 435.96 703.77 435.84 703.77 435.72 703.77 c 435.6 703.65 435.48 703.53 435.24 703.41 c 435.12 703.17 434.88 703.05 434.76 702.81 c 434.64 702.45 434.52 702.21 434.52 701.85 c 434.52 701.49 434.64 701.25 434.88 701.01 c 435.12 700.89 435.24 700.77 435.48 700.77 c h f 
439.8 699.45 m 439.56 699.45 439.32 699.45 439.08 699.57 c 438.72 699.69 438.48 699.93 438.12 700.29 c 438 700.53 437.76 700.77 437.64 701.01 c 437.52 701.37 437.4 701.61 437.4 701.97 c 437.28 702.09 437.28 702.21 437.28 702.33 c 437.28 702.57 437.4 702.69 437.4 702.69 c 437.4 702.69 437.4 702.69 437.4 702.69 c 437.52 702.57 437.52 702.45 437.64 702.33 c 437.76 701.97 437.88 701.73 438.12 701.49 c 438.24 701.25 438.48 701.01 438.72 700.89 c 438.84 700.89 438.96 700.89 439.08 700.89 c 439.2 700.89 439.44 700.89 439.56 701.01 c 439.8 701.13 440.04 701.37 440.16 701.73 c 440.16 702.09 440.28 702.45 440.28 702.81 c 440.28 702.81 440.28 702.93 440.28 703.17 c 440.28 703.41 440.16 703.77 440.04 704.13 c 440.04 704.49 439.92 704.73 439.8 704.85 c 440.04 704.97 440.4 705.09 440.64 705.09 c 440.76 705.21 440.88 705.21 441 705.21 c 441.24 705.21 441.36 705.09 441.6 704.97 c 441.84 704.97 441.96 704.73 441.96 704.37 c 442.08 703.77 442.2 703.05 442.2 702.57 c 442.2 702.33 442.2 701.97 442.08 701.49 c 441.96 701.01 441.84 700.65 441.48 700.29 c 441 699.69 440.52 699.45 439.8 699.45 c h 440.16 698.73 m 440.04 698.73 440.04 698.73 440.04 698.61 c 440.04 698.61 440.04 698.49 440.04 698.37 c 440.04 698.13 440.04 698.01 439.92 697.77 c 439.92 697.65 439.92 697.53 439.8 697.41 c 439.56 697.29 439.32 697.29 439.08 697.29 c 438.84 697.29 438.72 697.29 438.48 697.53 c 438.48 697.65 438.48 697.77 438.48 697.89 c 438.48 698.13 438.48 698.25 438.48 698.37 c 438.6 698.61 438.6 698.61 438.6 698.61 c 438.72 698.61 438.84 698.49 439.2 698.49 c 439.44 698.61 439.8 698.61 440.16 698.73 c h 442.08 698.73 m 441.96 698.73 441.96 698.73 441.96 698.61 c 441.96 698.61 441.96 698.49 441.96 698.37 c 441.96 698.13 441.96 698.01 441.84 697.77 c 441.84 697.65 441.84 697.53 441.72 697.41 c 441.48 697.29 441.24 697.29 441 697.29 c 440.76 697.29 440.52 697.29 440.4 697.53 c 440.4 697.65 440.4 697.77 440.4 697.89 c 440.4 698.13 440.4 698.25 440.4 698.37 c 440.4 698.61 440.52 698.61 440.52 698.61 c 440.52 698.61 440.76 698.49 441 698.49 c 441.36 698.61 441.72 698.61 442.08 698.73 c h f 
446.52 700.05 m 446.76 700.05 447 700.05 447.24 700.29 c 447.36 700.41 447.48 700.65 447.6 700.89 c 447.72 701.13 447.84 701.37 447.96 701.61 c 447.96 701.85 447.96 702.09 447.96 702.33 c 447.96 702.45 447.96 702.69 447.96 702.81 c 447.84 703.05 447.84 703.17 447.72 703.29 c 447.6 703.41 447.48 703.53 447.24 703.53 c 447 703.53 446.76 703.41 446.52 703.17 c 446.4 703.05 446.16 702.81 446.04 702.57 c 445.92 702.33 445.92 702.21 445.8 701.97 c 445.8 701.73 445.68 701.49 445.68 701.25 c 445.68 701.25 445.68 701.13 445.68 701.01 c 445.8 700.77 445.8 700.65 445.92 700.41 c 446.04 700.17 446.28 700.05 446.52 700.05 c 446.52 700.05 l h 446.4 699.21 m 446.28 699.21 l 445.56 699.21 445.08 699.45 444.72 699.93 c 444.24 700.29 444.12 700.89 444.12 701.49 c 444.12 701.85 444.24 702.21 444.36 702.57 c 444.48 702.93 444.72 703.17 445.08 703.41 c 445.32 703.65 445.68 703.89 446.04 704.01 c 446.4 704.25 446.88 704.25 447.36 704.25 c 448.08 704.25 448.68 704.01 449.04 703.65 c 449.4 703.17 449.64 702.69 449.64 701.97 c 449.64 701.61 449.52 701.25 449.4 700.89 c 449.16 700.65 449.04 700.29 448.68 700.05 c 448.44 699.81 448.08 699.57 447.72 699.45 c 447.24 699.33 446.88 699.21 446.4 699.21 c h 446.28 699.45 m 446.52 699.45 446.64 699.45 446.88 699.57 c 446.88 699.69 447 699.81 447.24 699.81 c 447.72 700.05 447.96 700.17 448.08 700.29 c 448.2 700.29 448.44 700.29 448.8 700.29 c 449.16 700.29 449.64 700.41 450 700.53 c 450.48 700.77 450.84 701.01 451.08 701.25 c 451.44 701.61 451.56 701.97 451.68 702.45 c 451.68 702.93 451.68 703.41 451.56 703.89 c 451.32 704.25 451.08 704.49 450.84 704.73 c 450.6 704.97 450.24 705.09 450 705.21 c 449.52 705.33 449.16 705.21 448.68 705.09 c 448.2 704.97 447.96 704.61 447.72 704.25 c 447.72 704.25 447.72 704.37 447.6 704.37 c 447.6 704.37 447.48 704.49 447.24 704.61 c 447.12 704.61 447 704.73 446.88 704.85 c 446.88 704.97 446.88 705.21 446.88 705.33 c 446.88 705.69 447.12 705.93 447.48 706.17 c 447.84 706.41 448.2 706.53 448.8 706.65 c 449.28 706.65 449.88 706.65 450.48 706.53 c 451.08 706.41 451.56 706.17 451.92 705.81 c 452.4 705.57 452.76 705.09 453 704.61 c 453.24 704.01 453.36 703.41 453.36 702.57 c 453.36 702.09 453.24 701.49 452.88 701.01 c 452.64 700.53 452.16 700.05 451.68 699.69 c 451.2 699.33 450.6 699.09 449.88 698.97 c 449.28 698.73 448.68 698.73 447.96 698.85 c 447.48 698.85 446.88 699.09 446.4 699.33 c 446.16 699.21 445.92 699.09 445.44 698.97 c 444.96 698.85 444.48 698.85 444 698.73 c 443.52 698.73 443.16 698.73 442.92 698.85 c 442.44 698.97 442.08 699.21 441.72 699.57 c 441.48 699.81 441.36 700.17 441.12 700.41 c 441 700.77 440.88 701.01 440.76 701.13 c 440.88 701.25 l 440.88 701.25 l 440.88 701.25 l 440.88 701.37 440.88 701.37 440.88 701.37 c 440.88 701.37 l 440.88 701.25 440.88 701.25 440.88 701.37 c 440.88 701.37 l 440.88 701.37 440.88 701.37 440.88 701.37 c 440.88 701.37 l 440.88 701.37 440.88 701.37 440.88 701.49 c 440.88 701.49 l 440.88 701.37 440.88 701.37 440.76 701.25 c 440.88 701.49 l 440.88 701.61 440.88 701.61 440.88 701.61 c 440.88 701.61 l 440.88 701.85 l 441 702.09 441 702.21 441 702.21 c 441 702.33 441.12 702.21 441.24 702.21 c 441.36 702.09 441.48 701.73 441.6 701.37 c 441.6 701.37 441.72 701.25 441.72 701.13 c 441.84 701.01 441.84 700.89 442.08 700.77 c 442.2 700.65 442.32 700.53 442.44 700.41 c 442.68 700.29 443.04 700.29 443.4 700.17 c 443.76 700.17 444.12 700.29 444.48 700.53 c 444.48 700.53 444.48 700.53 444.48 700.53 c 444.96 700.17 l 445.32 699.81 445.56 699.69 445.68 699.69 c 445.92 699.57 446.04 699.45 446.28 699.45 c h f 
454.92 699.33 m 454.92 701.01 454.92 701.97 454.8 702.45 c 454.68 702.81 454.68 703.29 454.56 703.77 c 454.44 704.49 454.32 705.09 454.2 705.81 c 454.2 706.41 454.2 707.13 454.2 707.73 c 454.32 707.85 454.44 708.09 454.8 708.21 c 455.16 708.33 455.52 708.45 455.76 708.45 c 455.76 707.73 455.76 706.77 455.88 705.81 c 456 704.85 456.12 704.01 456.24 703.05 c 456.36 702.45 456.48 701.97 456.48 701.49 c 456.6 701.01 456.6 700.65 456.6 700.29 c 456.48 700.05 456.36 699.81 456.12 699.69 c 455.88 699.45 455.52 699.45 454.92 699.33 c h f 
461.04 706.89 m 460.68 707.01 460.32 707.13 459.96 707.13 c 459.72 707.13 459.6 707.01 459.48 707.01 c 459.48 707.01 459.48 707.01 459.36 707.25 c 459.36 707.37 459.24 707.49 459.24 707.73 c 459.24 707.85 459.24 707.85 459.24 707.97 c 459.24 707.97 459.24 707.97 459.24 708.09 c 459.36 708.21 459.48 708.33 459.84 708.33 c 460.08 708.33 460.2 708.21 460.44 708.09 c 460.56 708.09 460.68 707.97 460.68 707.73 c 460.8 707.61 460.8 707.49 460.92 707.25 c 460.92 707.13 460.92 707.01 460.92 706.89 c 460.92 706.89 460.92 706.89 461.04 706.89 c h 460.08 702.21 m 460.44 702.21 460.68 702.33 460.92 702.69 c 461.04 702.93 461.16 703.17 461.16 703.53 c 461.16 703.65 l 461.16 703.77 461.16 704.01 461.04 704.25 c 461.04 704.49 460.92 704.73 460.8 704.85 c 460.68 704.97 460.44 705.09 460.2 705.09 c 459.96 705.09 459.72 704.97 459.6 704.85 c 459.36 704.73 459.24 704.61 459.24 704.37 c 459.12 704.13 459 703.77 459 703.53 c 459 703.41 459.12 703.17 459.12 702.93 c 459.24 702.81 459.36 702.57 459.48 702.45 c 459.72 702.33 459.84 702.21 460.08 702.21 c h 462.36 700.77 m 461.88 699.81 461.16 699.21 460.08 698.97 c 459.12 698.73 458.4 698.61 457.8 698.85 c 457.2 699.09 456.72 699.33 456.36 699.81 c 456 700.29 455.76 700.77 455.76 701.49 c 455.64 702.09 455.76 702.45 455.76 702.45 c 455.88 702.45 456.12 702.21 456.48 701.61 c 456.84 701.01 457.44 700.65 458.52 700.41 c 459.6 700.29 460.44 700.65 461.16 701.73 c 460.8 701.49 460.32 701.37 459.84 701.37 c 459.24 701.37 458.76 701.61 458.28 701.97 c 457.8 702.45 457.56 702.93 457.56 703.65 c 457.44 704.13 457.56 704.49 457.68 704.85 c 457.92 705.21 458.16 705.57 458.64 705.81 c 459 706.05 459.6 706.17 460.2 706.17 c 460.68 706.17 461.16 706.05 461.52 705.93 c 461.88 705.69 462.24 705.45 462.48 705.09 c 462.84 704.73 462.96 704.37 462.96 703.77 c 463.08 702.81 462.96 701.73 462.36 700.77 c h f 
467.04 699.33 m 466.8 699.33 466.44 699.33 466.2 699.33 c 465.48 699.45 465 699.81 464.64 700.41 c 464.4 700.77 464.16 701.25 464.16 701.73 c 464.16 701.97 464.28 702.21 464.28 702.33 c 464.4 703.41 464.88 704.13 465.48 704.61 c 465.96 704.97 466.56 705.09 467.28 705.09 c 467.4 705.09 467.64 705.09 467.76 705.09 c 468.24 704.97 468.6 704.85 468.96 704.49 c 469.32 704.25 469.56 703.89 469.68 703.41 c 469.8 703.05 469.8 702.81 469.8 702.45 c 469.8 702.33 469.8 702.09 469.8 701.97 c 469.68 701.13 469.44 700.65 469.08 700.29 c 468.6 699.57 467.88 699.33 467.04 699.33 c h 466.8 700.65 m 467.4 700.65 467.76 700.89 468.12 701.49 c 468.12 701.73 468.24 701.97 468.24 702.21 c 468.24 702.33 468.36 702.45 468.36 702.57 c 468.36 702.69 468.24 702.81 468.24 703.05 c 468.24 703.17 468.12 703.41 467.88 703.53 c 467.76 703.65 467.52 703.77 467.4 703.77 c 467.28 703.77 467.28 703.77 467.04 703.65 c 466.92 703.65 466.8 703.53 466.56 703.29 c 466.08 702.81 465.84 702.33 465.84 701.73 c 465.84 701.37 465.96 701.01 466.2 700.77 c 466.44 700.65 466.68 700.65 466.8 700.65 c h 464.16 699.33 m 464.16 699.33 463.92 699.33 463.56 699.33 c 463.32 699.33 462.96 699.69 462.6 700.17 c 462.36 700.41 462.24 700.65 462.12 700.89 c 462 701.25 461.88 701.49 461.76 701.73 c 461.76 701.97 461.76 702.09 461.76 702.21 c 461.76 702.45 461.76 702.57 461.88 702.57 c 461.88 702.57 461.88 702.57 461.88 702.57 c 461.88 702.45 462 702.33 462 702.09 c 462.12 701.85 462.36 701.61 462.48 701.37 c 462.6 701.13 462.84 700.89 463.08 700.77 c 463.2 700.77 463.32 700.65 463.44 700.65 c 463.68 700.65 463.8 700.77 464.04 700.89 c 464.28 701.01 464.4 701.25 464.52 701.49 c 465.24 700.77 l 465.6 700.65 465.72 700.53 465.84 700.41 c 465.84 700.41 465.84 700.41 465.84 700.29 c 465.84 700.29 465.84 700.17 465.84 700.05 c 465.72 700.05 465.6 699.93 465.48 699.81 c 465.12 699.45 464.64 699.33 464.16 699.33 c h f 
472.32 699.21 m 472.08 699.21 471.84 699.21 471.36 699.21 c 470.88 699.21 470.52 699.33 470.04 699.57 c 469.68 699.69 469.32 700.17 468.96 700.65 c 468.72 701.25 468.6 701.61 468.48 701.85 c 468.48 702.09 468.48 702.21 468.6 702.33 c 468.6 702.33 468.6 702.21 468.72 702.21 c 468.72 702.09 468.96 701.97 469.32 701.61 c 469.68 701.13 470.04 701.01 470.52 700.89 c 471 700.77 471.36 700.77 471.6 701.01 c 471.84 701.13 471.84 701.37 471.84 701.49 c 471.84 701.97 471.72 702.69 471.48 703.77 c 471.24 705.09 471.12 706.05 471.12 706.77 c 471.12 707.01 471.12 707.37 471.24 707.73 c 471.24 707.85 471.48 708.09 471.72 708.21 c 472.08 708.33 472.44 708.45 472.8 708.45 c 472.68 708.09 472.68 707.73 472.68 707.25 c 472.68 706.29 472.92 704.85 473.16 703.05 c 473.4 701.97 473.52 701.25 473.52 701.01 c 473.52 700.77 473.52 700.53 473.52 700.29 c 473.4 700.05 473.16 699.81 472.92 699.57 c 472.8 699.45 472.56 699.33 472.32 699.21 c h f 
475.08 699.33 m 475.08 701.01 475.08 701.97 474.96 702.45 c 474.96 702.81 474.84 703.29 474.72 703.77 c 474.6 704.49 474.48 705.09 474.48 705.81 c 474.36 706.41 474.36 707.13 474.48 707.73 c 474.48 707.85 474.72 708.09 475.08 708.21 c 475.32 708.33 475.68 708.45 476.04 708.45 c 475.92 707.73 475.92 706.77 476.04 705.81 c 476.16 704.85 476.28 704.01 476.4 703.05 c 476.52 702.45 476.64 701.97 476.76 701.49 c 476.76 701.01 476.76 700.65 476.76 700.29 c 476.76 700.05 476.64 699.81 476.28 699.69 c 476.04 699.45 475.68 699.45 475.08 699.33 c h f 
493.44 699.45 m 493.08 699.45 492.84 699.57 492.6 699.69 c 492 700.05 491.4 700.53 490.8 701.37 c 490.8 700.89 490.92 700.65 490.92 700.53 c 490.92 700.29 490.8 700.05 490.8 699.81 c 490.68 699.69 490.44 699.57 490.2 699.45 c 490.08 699.45 490.08 699.45 490.08 699.45 c 489.72 699.45 489.48 699.57 489.24 699.69 c 488.64 699.93 488.04 700.53 487.56 701.13 c 487.56 700.65 l 487.56 700.41 487.56 700.29 487.44 700.05 c 487.44 699.93 487.2 699.81 486.96 699.69 c 486.6 699.69 486.36 699.57 486 699.57 c 485.88 699.57 485.76 699.57 485.76 699.57 c 485.76 699.69 485.76 699.93 485.76 700.17 c 485.76 700.53 485.76 700.89 485.64 701.49 c 485.52 701.73 485.52 701.97 485.52 702.33 c 485.52 702.45 485.52 702.57 485.52 702.57 c 485.52 702.81 485.52 702.93 485.52 703.17 c 485.64 703.77 486 704.01 486.72 704.01 c 486.96 704.01 487.2 704.01 487.44 703.89 c 487.44 703.77 487.44 703.65 487.44 703.53 c 487.44 703.29 487.44 703.17 487.44 702.93 c 487.44 702.81 487.44 702.69 487.44 702.57 c 487.44 702.45 487.56 702.21 487.68 701.97 c 487.8 701.73 487.92 701.49 488.16 701.25 c 488.28 701.13 488.4 700.89 488.64 700.89 c 488.64 700.77 488.64 700.77 488.76 700.77 c 488.88 700.77 488.88 700.89 488.88 701.01 c 488.88 701.13 l 488.88 701.61 488.76 701.97 488.64 702.33 c 488.64 702.69 488.52 702.93 488.52 703.17 c 488.52 703.29 488.52 703.53 488.64 703.65 c 488.76 704.25 489.12 704.61 489.72 704.61 c 490.08 704.61 490.32 704.49 490.56 704.37 c 490.56 704.37 490.44 704.25 490.44 704.01 c 490.44 703.89 490.44 703.77 490.44 703.65 c 490.44 703.41 490.44 703.17 490.56 702.81 c 490.68 702.45 490.92 702.09 491.16 701.73 c 491.4 701.37 491.64 701.13 491.88 700.89 c 491.88 700.89 492 700.77 492.12 700.77 c 492.24 700.77 492.24 700.89 492.24 701.01 c 492.24 701.13 l 492.24 701.49 492.12 701.97 492.12 702.33 c 492 702.93 491.88 703.29 491.88 703.65 c 491.88 703.89 491.88 704.01 492 704.25 c 492.12 704.85 492.48 705.09 493.08 705.09 c 493.44 705.09 493.68 705.09 493.92 704.97 c 493.8 704.73 493.8 704.37 493.8 704.01 c 493.8 703.89 493.8 703.77 493.8 703.41 c 493.8 703.05 493.92 702.69 494.04 702.09 c 494.16 701.61 494.16 701.13 494.28 700.77 c 494.28 700.65 494.28 700.53 494.28 700.53 c 494.28 700.17 494.16 700.05 494.16 699.81 c 494.04 699.69 493.8 699.57 493.56 699.45 c 493.44 699.45 493.44 699.45 493.44 699.45 c h 483.84 697.05 m 483.48 697.05 483.12 697.17 482.64 697.17 c 482.04 697.41 481.56 697.65 481.08 698.01 c 480.6 698.37 480.36 698.85 480.12 699.33 c 479.88 699.81 479.76 700.41 479.76 700.89 c 479.76 701.37 479.88 701.73 480 702.21 c 480.12 702.57 480.36 702.93 480.6 703.17 c 480.84 703.41 481.08 703.53 481.32 703.65 c 481.44 703.77 481.68 703.77 481.8 703.77 c 482.16 703.77 482.4 703.65 482.52 703.41 c 482.52 703.29 482.64 703.05 482.64 702.69 c 482.64 702.69 482.64 702.57 482.64 702.45 c 482.64 702.45 482.64 702.45 482.64 702.45 c 482.4 702.45 482.16 702.33 481.92 702.21 c 481.56 702.09 481.44 701.97 481.2 701.85 c 481.08 701.61 480.96 701.37 480.96 701.01 c 480.96 700.65 481.2 700.29 481.56 699.93 c 482.04 699.57 482.52 699.21 483.12 699.09 c 483.36 699.09 483.6 699.09 483.72 699.09 c 483.84 699.09 483.84 699.09 484.08 699.09 c 484.2 699.09 484.44 699.09 484.68 699.21 c 484.92 699.21 485.16 699.33 485.4 699.45 c 485.64 699.57 485.76 699.81 485.88 700.05 c 486.12 700.29 486.12 700.53 486.12 700.89 c 486.12 701.01 486.12 701.13 486 701.25 c 486 701.37 486 701.49 485.88 701.61 c 485.76 701.61 485.88 701.61 486.12 701.49 c 486.84 701.49 l 487.08 701.37 487.2 701.13 487.32 700.89 c 487.44 700.65 487.56 700.29 487.56 699.93 c 487.56 699.93 l 487.44 699.21 487.2 698.73 486.72 698.25 c 486.24 697.77 485.64 697.41 484.92 697.29 c 484.56 697.17 484.2 697.05 483.84 697.05 c h f 
495.84 699.33 m 495.84 701.01 495.72 701.97 495.72 702.45 c 495.6 702.81 495.48 703.29 495.48 703.77 c 495.36 704.49 495.24 705.09 495.12 705.81 c 495 706.41 495 707.13 495.12 707.73 c 495.24 707.85 495.36 708.09 495.72 708.21 c 496.08 708.33 496.32 708.45 496.68 708.45 c 496.56 707.73 496.56 706.77 496.68 705.81 c 496.8 704.85 496.92 704.01 497.16 703.05 c 497.28 702.45 497.28 701.97 497.4 701.49 c 497.52 701.01 497.52 700.65 497.4 700.29 c 497.4 700.05 497.28 699.81 497.04 699.69 c 496.8 699.45 496.32 699.45 495.84 699.33 c h f 
499.32 699.45 m 499.08 699.45 498.72 699.45 498.48 699.57 c 498.12 699.69 497.88 699.93 497.64 700.29 c 497.4 700.53 497.28 700.77 497.16 701.01 c 496.92 701.37 496.92 701.61 496.8 701.97 c 496.8 702.09 496.8 702.21 496.8 702.33 c 496.8 702.57 496.8 702.69 496.8 702.69 c 496.8 702.69 496.8 702.69 496.8 702.69 c 496.92 702.57 496.92 702.45 497.04 702.33 c 497.16 701.97 497.28 701.73 497.52 701.49 c 497.64 701.25 497.88 701.01 498.12 700.89 c 498.24 700.89 498.36 700.89 498.48 700.89 c 498.6 700.89 498.84 700.89 499.08 701.01 c 499.32 701.13 499.44 701.37 499.56 701.73 c 499.68 702.09 499.68 702.45 499.68 702.81 c 499.68 702.81 499.68 702.93 499.68 703.17 c 499.68 703.41 499.56 703.77 499.56 704.13 c 499.44 704.49 499.32 704.73 499.2 704.85 c 499.44 704.97 499.8 705.09 500.16 705.09 c 500.28 705.21 500.28 705.21 500.4 705.21 c 500.64 705.21 500.88 705.09 501 704.97 c 501.24 704.97 501.36 704.73 501.36 704.37 c 501.6 703.77 501.6 703.05 501.6 702.57 c 501.6 702.33 501.6 701.97 501.48 701.49 c 501.48 701.01 501.24 700.65 500.88 700.29 c 500.4 699.69 499.92 699.45 499.32 699.45 c h 499.56 698.73 m 499.44 698.73 499.44 698.73 499.44 698.61 c 499.44 698.61 499.44 698.49 499.44 698.37 c 499.44 698.13 499.44 698.01 499.44 697.77 c 499.32 697.65 499.32 697.53 499.32 697.41 c 499.08 697.29 498.84 697.29 498.6 697.29 c 498.36 697.29 498.12 697.29 498 697.53 c 497.88 697.65 497.88 697.77 497.88 697.89 c 497.88 698.13 497.88 698.25 498 698.37 c 498 698.61 498 698.61 498 698.61 c 498.12 698.61 498.24 698.49 498.6 698.49 c 498.84 698.61 499.2 698.61 499.56 698.73 c h 501.48 698.73 m 501.36 698.73 501.36 698.73 501.36 698.61 c 501.36 698.61 501.36 698.49 501.36 698.37 c 501.36 698.13 501.36 698.01 501.36 697.77 c 501.24 697.65 501.24 697.53 501.12 697.41 c 501 697.29 500.76 697.29 500.4 697.29 c 500.16 697.29 500.04 697.29 499.92 697.53 c 499.8 697.65 499.8 697.77 499.8 697.89 c 499.8 698.13 499.8 698.25 499.8 698.37 c 499.92 698.61 499.92 698.61 499.92 698.61 c 500.04 698.61 500.16 698.49 500.52 698.49 c 500.76 698.61 501.12 698.61 501.48 698.73 c h f 
506.76 707.01 m 506.4 707.13 506.04 707.13 505.68 707.13 c 505.44 707.13 505.32 707.13 505.2 707.13 c 505.2 707.13 505.2 707.13 505.08 707.37 c 505.08 707.49 504.96 707.61 504.96 707.85 c 504.96 707.97 504.96 707.97 504.96 708.09 c 504.96 708.09 504.96 708.21 504.96 708.21 c 505.08 708.33 505.2 708.45 505.44 708.45 c 505.68 708.45 505.92 708.33 506.16 708.21 c 506.28 708.21 506.4 708.09 506.4 707.85 c 506.52 707.73 506.52 707.61 506.64 707.37 c 506.64 707.25 506.64 707.13 506.64 707.01 c 506.64 707.01 506.64 707.01 506.76 707.01 c h 504.6 707.01 m 504.24 707.13 503.88 707.13 503.64 707.13 c 503.28 707.25 503.16 707.13 503.04 707.13 c 503.04 707.13 503.04 707.13 502.92 707.37 c 502.92 707.49 502.8 707.61 502.8 707.85 c 502.8 707.97 502.8 708.09 502.8 708.21 c 502.92 708.33 503.04 708.45 503.28 708.45 c 503.52 708.33 503.76 708.33 504 708.21 c 504.12 708.09 504.12 707.97 504.24 707.85 c 504.36 707.73 504.36 707.49 504.36 707.37 c 504.48 707.25 504.48 707.13 504.48 707.01 c 504.48 707.01 504.48 707.01 504.6 707.01 c h 504.84 702.21 m 505.2 702.21 505.44 702.33 505.56 702.69 c 505.8 702.93 505.92 703.17 505.92 703.53 c 505.92 703.65 l 505.92 703.77 505.8 704.01 505.8 704.25 c 505.68 704.49 505.68 704.73 505.44 704.85 c 505.32 704.97 505.08 705.09 504.84 705.09 c 504.6 705.09 504.48 704.97 504.24 704.85 c 504.12 704.73 504 704.61 503.88 704.37 c 503.76 704.13 503.76 703.77 503.76 703.53 c 503.76 703.41 503.76 703.17 503.88 702.93 c 503.88 702.81 504 702.57 504.24 702.45 c 504.36 702.33 504.6 702.21 504.84 702.21 c h 507.12 700.77 m 506.64 699.81 505.8 699.21 504.84 698.97 c 503.88 698.73 503.04 698.61 502.56 698.85 c 501.96 699.09 501.48 699.33 501.12 699.81 c 500.76 700.29 500.52 700.77 500.4 701.49 c 500.4 702.09 500.4 702.45 500.52 702.45 c 500.64 702.45 500.88 702.21 501.12 701.61 c 501.48 701.01 502.2 700.65 503.28 700.41 c 504.24 700.29 505.2 700.65 505.92 701.73 c 505.56 701.49 505.08 701.37 504.48 701.37 c 504 701.37 503.52 701.61 503.04 701.97 c 502.56 702.45 502.32 702.93 502.2 703.65 c 502.2 704.13 502.2 704.49 502.44 704.85 c 502.56 705.21 502.92 705.57 503.28 705.81 c 503.76 706.05 504.24 706.17 504.84 706.17 c 505.32 706.17 505.8 706.05 506.28 705.93 c 506.64 705.69 507 705.45 507.24 705.09 c 507.48 704.73 507.72 704.37 507.72 703.77 c 507.84 702.81 507.6 701.73 507.12 700.77 c h f 
0.106 0.549 0.804 sc 531.36 690.81 m 538.08 690.81 543.48 696.33 543.48 703.05 c 543.48 709.77 538.08 715.17 531.36 715.17 c 524.64 715.17 519.24 709.77 519.24 703.05 c 519.24 696.33 524.64 690.81 531.36 690.81 c h f 
1 1 1 sc 524.28 707.13 m 524.16 707.01 523.92 707.13 523.92 707.13 c 523.92 707.25 523.8 707.25 523.8 707.25 c 525.72 707.61 l 525.84 707.61 525.96 707.61 525.96 707.49 c 525.96 707.37 l 525.12 707.25 524.52 707.13 524.28 707.13 c h 524.04 707.85 m 524.04 707.85 523.92 707.85 523.92 707.85 c 523.92 707.85 523.92 707.97 523.92 707.97 c 523.92 708.09 523.92 708.09 523.92 708.09 c 525.12 708.33 525.72 708.45 525.84 708.45 c 525.84 708.45 525.84 708.45 525.84 708.45 c 525.96 708.45 525.96 708.33 525.96 708.33 c 525.96 708.21 l 524.64 707.97 524.04 707.85 524.04 707.85 c h f 
530.28 700.65 m 530.16 700.05 529.92 699.57 529.44 699.09 c 528.96 698.73 528.36 698.37 527.64 698.13 c 526.92 698.01 526.2 698.01 525.48 698.13 c 524.88 698.37 524.4 698.61 523.92 698.97 c 523.56 699.33 523.2 699.93 522.72 700.89 c 523.08 701.13 523.44 701.01 524.04 700.65 c 524.64 700.17 525.12 699.93 525.6 699.81 c 526.08 699.69 526.44 699.69 526.8 699.81 c 527.04 699.81 527.4 699.93 527.76 700.05 c 528.12 700.17 528.36 700.53 528.6 701.01 c 528.72 701.37 528.84 701.73 528.72 702.09 c 528.72 702.33 528.6 702.45 528.6 702.69 c 528.48 703.05 528.48 703.41 528.36 703.77 c 528.12 704.73 528 706.05 528.12 707.73 c 528.12 707.85 528.36 707.97 528.6 708.09 c 528.96 708.21 529.32 708.33 529.68 708.33 c 529.68 706.05 529.8 704.37 530.16 703.17 c 530.16 702.93 530.28 702.57 530.28 702.21 c 530.4 701.73 530.4 701.25 530.28 700.65 c h 525.72 698.25 m 525.6 699.57 525.48 700.53 525.48 700.89 c 525.36 701.25 525.24 701.49 525.24 701.61 c 525 702.21 524.88 702.81 524.88 703.29 c 524.76 703.89 524.76 704.49 524.76 704.97 c 524.76 705.09 524.88 705.33 525.24 705.45 c 525.6 705.57 525.84 705.69 526.2 705.69 c 526.2 705.09 526.2 704.37 526.32 703.53 c 526.56 702.69 526.68 701.97 526.8 701.49 c 526.92 701.01 527.04 700.53 527.16 700.17 c 527.28 699.69 527.28 699.45 527.28 699.21 c 527.28 698.85 527.16 698.73 526.92 698.61 c 526.68 698.37 526.32 698.25 525.72 698.25 c h f 
533.4 696.57 m 533.16 696.57 532.92 696.69 532.68 696.69 c 532.44 696.81 532.2 696.81 532.08 697.05 c 532.8 697.41 533.28 697.89 533.76 698.37 c 534.24 698.73 534.6 699.33 534.96 700.05 c 534.36 699.81 533.88 699.69 533.64 699.69 c 533.28 699.69 532.92 699.81 532.56 700.05 c 532.2 700.17 531.96 700.53 531.72 700.89 c 531.48 701.25 531.36 701.73 531.36 702.09 c 531.36 702.57 531.48 703.05 531.72 703.41 c 532.08 703.89 532.44 704.25 532.92 704.49 c 533.4 704.73 534 704.85 534.6 704.85 c 534.84 704.85 l 535.32 704.85 535.8 704.73 536.16 704.61 c 536.52 704.37 536.88 704.13 537.12 703.77 c 537.36 703.41 537.48 702.93 537.48 702.45 c 537.48 702.33 l 537.36 701.25 537.12 700.41 536.76 699.69 c 536.52 698.97 536.16 698.49 535.8 698.01 c 535.32 697.53 534.96 697.17 534.6 696.93 c 534.36 696.81 534.12 696.69 533.76 696.69 c 533.64 696.57 533.52 696.57 533.4 696.57 c h 534.24 700.53 m 534.6 700.53 534.84 700.77 535.08 701.01 c 535.32 701.25 535.44 701.61 535.56 701.85 c 535.56 702.09 535.56 702.21 535.56 702.45 c 535.56 702.45 535.56 702.69 535.56 702.81 c 535.56 703.05 535.44 703.17 535.32 703.41 c 535.2 703.65 534.96 703.65 534.72 703.65 c 534.36 703.65 534.12 703.65 534 703.41 c 533.76 703.29 533.64 703.05 533.52 702.93 c 533.28 702.45 533.16 702.09 533.16 701.73 c 533.16 701.61 533.16 701.49 533.28 701.37 c 533.28 701.13 533.4 701.01 533.52 700.77 c 533.76 700.65 534 700.53 534.24 700.53 c h f 
537.96 707.37 m 537.96 707.37 537.84 707.49 537.84 707.61 c 537.84 707.73 537.84 707.73 537.84 707.85 c 537.84 707.85 537.96 707.97 538.08 707.97 c 538.2 708.09 538.44 708.09 538.92 708.21 c 538.32 708.33 537.96 708.45 537.84 708.57 c 537.72 708.69 537.6 708.81 537.6 708.93 c 537.6 709.17 537.72 709.29 537.96 709.41 c 538.08 709.53 538.2 709.53 538.44 709.53 c 538.44 709.53 538.56 709.53 538.68 709.53 c 538.8 709.53 538.8 709.53 538.92 709.53 c 539.04 709.53 539.16 709.53 539.28 709.53 c 539.52 709.53 539.64 709.53 539.64 709.65 c 539.76 709.53 539.76 709.41 539.76 709.29 c 539.76 709.29 539.76 709.29 539.76 709.17 c 539.76 709.17 539.64 709.05 539.52 708.93 c 539.4 708.93 539.28 708.93 539.16 708.93 c 539.04 708.93 538.8 708.93 538.68 708.93 c 538.56 708.93 538.44 708.93 538.44 708.93 c 538.2 708.93 538.08 708.93 538.08 708.69 c 538.08 708.69 l 538.2 708.45 538.32 708.33 538.56 708.21 c 538.8 708.21 539.16 708.09 539.4 708.09 c 539.76 708.09 539.88 708.09 540 708.09 c 540 708.09 540 708.09 540 707.97 c 540 707.97 540 707.85 540 707.73 c 540 707.73 539.88 707.61 539.88 707.61 c 539.76 707.49 539.76 707.49 539.52 707.49 c 539.52 707.49 539.4 707.49 539.28 707.49 c 539.04 707.49 l 538.92 707.49 l 538.8 707.49 538.56 707.49 538.32 707.49 c 538.2 707.49 538.08 707.37 537.96 707.37 c h 538.56 698.85 m 538.56 700.17 538.56 701.13 538.44 701.49 c 538.44 701.85 538.32 702.21 538.2 702.57 c 538.08 703.17 537.96 703.77 537.84 704.37 c 537.84 704.97 537.84 705.57 537.84 706.05 c 537.96 706.17 538.08 706.29 538.44 706.41 c 538.8 706.53 539.16 706.65 539.52 706.65 c 539.4 706.05 539.4 705.33 539.52 704.37 c 539.64 703.53 539.76 702.81 540 701.97 c 540.12 701.49 540.24 701.01 540.24 700.53 c 540.36 700.17 540.36 699.81 540.24 699.57 c 540.24 699.33 540.12 699.21 539.88 699.09 c 539.64 698.85 539.16 698.85 538.56 698.85 c h f 
q 0.12 0 0 -0.12 0 841.89 cm 2 w 0 J 0 j 10 M 0.141 0.125 0.129 SC 2589 3207 m 2589 1508 l S Q 
q 0.12 0 0 -0.12 0 841.89 cm 2 w 0 J 0 j 10 M 0.141 0.125 0.129 SC 2589 4859 m 2589 3207 l S Q 
q 0.12 0 0 -0.12 0 841.89 cm 2 w 0 J 0 j 10 M 0.141 0.125 0.129 SC 2589 6370 m 2589 4859 l S Q 
1 w 0.141 0.125 0.129 sc 453.72 651.81 m 453.48 651.93 453.36 652.05 453.12 652.17 c 453 652.29 452.88 652.41 452.76 652.53 c 452.76 652.65 452.76 652.65 452.88 652.77 c 452.88 652.89 453 652.89 453 653.01 c 453 653.13 453.12 653.13 453.12 653.25 c 453.12 653.37 453.24 653.37 453.24 653.49 c 453.48 653.37 453.6 653.25 453.72 653.25 c 453.96 653.13 454.08 653.01 454.08 652.89 c 454.2 652.89 454.2 652.77 454.2 652.77 c 454.2 652.65 454.08 652.29 453.72 651.81 c h 453.72 647.85 m 453.48 647.97 453.36 648.09 453.24 648.21 c 453 648.33 452.88 648.45 452.76 648.45 c 452.76 648.57 452.76 648.69 452.88 648.81 c 452.88 648.81 453 648.93 453 649.05 c 453 649.05 453.12 649.17 453.12 649.29 c 453.12 649.29 453.24 649.41 453.24 649.53 c 453.96 649.17 454.2 648.81 454.2 648.69 c 454.2 648.69 454.08 648.33 453.72 647.85 c h f 
460.56 645.57 m 459.72 645.57 459.12 645.81 458.76 646.17 c 458.28 646.53 458.04 647.13 458.04 647.85 c 458.04 647.97 458.04 648.09 458.16 648.21 c 458.16 648.33 458.16 648.57 458.16 648.69 c 458.16 648.93 458.28 649.17 458.28 649.41 c 458.76 649.29 l 458.64 648.93 458.64 648.57 458.64 648.45 c 458.64 647.85 458.76 647.37 459.12 647.13 c 459.48 646.77 459.96 646.65 460.68 646.65 c 461.28 646.65 461.76 646.65 462.12 646.77 c 462.6 646.89 462.96 646.89 463.32 647.01 c 463.56 647.13 463.68 647.13 463.92 647.25 c 464.04 647.37 464.16 647.49 464.4 647.49 c 464.04 647.73 463.8 647.85 463.56 647.97 c 463.44 648.09 463.2 648.21 462.96 648.33 c 462.84 648.45 462.72 648.45 462.6 648.57 c 462.36 648.69 462.24 648.81 462.24 648.93 c 462.24 648.93 462.36 649.05 462.36 649.17 c 462.36 649.17 462.48 649.29 462.48 649.41 c 462.48 649.53 462.6 649.65 462.6 649.77 c 462.72 649.77 462.72 649.77 462.72 649.77 c 463.08 649.77 463.44 649.77 463.92 649.65 c 464.28 649.65 464.76 649.65 465.24 649.65 c 465.36 649.65 465.36 649.53 465.36 649.53 c 465.36 648.69 l 465.36 648.57 465.36 648.57 465.24 648.57 c 465.12 648.57 464.88 648.57 464.76 648.57 c 464.52 648.57 464.28 648.69 464.04 648.69 c 463.92 648.69 463.68 648.81 463.56 648.81 c 463.68 648.69 463.8 648.57 463.92 648.57 c 464.16 648.45 464.28 648.45 464.28 648.33 c 464.4 648.33 464.52 648.21 464.64 648.21 c 464.64 648.09 464.76 648.09 464.76 647.97 c 464.76 647.85 464.76 647.73 464.76 647.49 c 464.76 647.37 464.76 647.13 464.52 646.89 c 464.28 646.77 464.04 646.53 463.68 646.41 c 463.32 646.17 462.96 646.05 462.48 645.93 c 461.88 645.69 461.16 645.57 460.56 645.57 c h f 
465.24 648.57 m 465.12 648.57 465.12 648.57 465.12 648.69 c 465.12 649.53 l 465.12 649.65 465.12 649.65 465.24 649.65 c 465.6 649.65 466.08 649.77 466.44 649.89 c 466.44 650.25 466.44 650.49 466.32 650.73 c 466.32 650.97 466.32 651.21 466.32 651.45 c 466.2 652.05 466.2 652.65 466.08 653.37 c 465.96 654.09 465.84 654.81 465.72 655.65 c 465.96 655.77 466.08 655.89 466.2 656.01 c 466.32 656.13 466.56 656.25 466.68 656.37 c 466.8 655.89 466.8 655.29 466.8 654.81 c 466.8 654.21 466.8 653.61 466.92 653.01 c 466.92 652.53 466.92 651.93 466.92 651.57 c 466.92 651.09 467.04 650.61 467.04 650.25 c 467.04 650.01 466.92 649.89 466.92 649.65 c 466.8 649.41 466.68 649.17 466.56 648.93 c 466.44 648.81 466.32 648.81 466.08 648.69 c 465.84 648.57 465.6 648.57 465.24 648.57 c h f 
470.76 648.57 m 470.52 648.57 470.16 648.69 469.92 648.69 c 469.68 648.81 469.44 649.05 469.32 649.17 c 469.2 649.41 469.08 649.53 469.08 649.89 c 469.08 650.01 468.96 650.25 468.96 650.61 c 468.96 650.85 468.96 651.21 468.84 651.57 c 468.84 651.93 468.84 652.29 468.84 652.77 c 468.72 653.13 468.72 653.61 468.72 654.09 c 468.6 654.57 468.6 655.17 468.6 655.65 c 468.72 655.77 468.84 655.89 468.96 656.01 c 469.2 656.13 469.32 656.25 469.56 656.37 c 469.56 655.77 469.56 655.17 469.56 654.57 c 469.56 653.97 469.56 653.37 469.68 652.77 c 469.68 652.17 469.68 651.45 469.68 650.73 c 469.68 649.89 l 469.8 649.77 470.04 649.77 470.16 649.65 c 470.4 649.65 470.64 649.65 470.76 649.65 c 470.88 649.65 470.88 649.65 470.88 649.53 c 470.88 648.69 l 470.88 648.57 470.88 648.57 470.76 648.57 c h f 
470.76 648.57 m 470.64 648.57 470.64 648.57 470.64 648.69 c 470.64 649.53 l 470.64 649.65 470.64 649.65 470.76 649.65 c 471.12 649.65 471.48 649.65 471.84 649.65 c 472.2 649.77 472.44 649.77 472.56 649.89 c 472.68 649.89 472.8 650.01 472.92 650.25 c 473.04 650.37 473.16 650.61 473.28 651.09 c 473.4 651.21 473.52 651.21 473.52 651.33 c 473.64 651.33 473.64 651.33 473.76 651.33 c 473.88 651.33 474 651.33 474.12 651.21 c 474.12 651.09 474 650.97 473.88 650.73 c 473.88 650.61 473.76 650.49 473.76 650.37 c 473.64 650.13 473.64 650.13 473.64 650.01 c 473.88 649.89 474 649.77 474.24 649.77 c 474.48 649.65 474.72 649.65 474.96 649.65 c 474.96 649.65 475.08 649.65 475.08 649.53 c 475.08 648.69 l 475.08 648.57 474.96 648.57 474.96 648.57 c 474.24 648.57 473.64 648.81 473.16 649.29 c 473.04 649.05 l 472.92 649.05 472.8 648.93 472.56 648.81 c 472.32 648.81 472.08 648.69 471.72 648.69 c 471.36 648.57 471.12 648.57 470.76 648.57 c h 473.76 652.29 m 473.64 652.53 473.52 652.65 473.28 652.77 c 473.16 652.89 473.16 653.01 473.04 653.01 c 473.04 653.13 473.16 653.25 473.28 653.37 c 473.4 653.49 473.64 653.61 473.76 653.85 c 473.76 653.85 473.88 653.73 474 653.61 c 474.12 653.49 474.24 653.37 474.48 653.13 c 474.36 652.89 474.12 652.65 473.76 652.29 c h 472.08 652.17 m 471.96 652.29 471.84 652.41 471.72 652.53 c 471.48 652.65 471.48 652.77 471.36 652.89 c 471.48 653.01 471.6 653.13 471.72 653.25 c 471.84 653.37 471.96 653.49 472.08 653.73 c 472.2 653.61 472.2 653.49 472.32 653.37 c 472.44 653.25 472.68 653.13 472.8 653.01 c 472.68 652.89 472.68 652.77 472.56 652.65 c 472.44 652.53 472.32 652.29 472.08 652.17 c h f 
474.84 648.57 m 474.72 648.57 474.72 648.57 474.72 648.69 c 474.72 649.53 l 474.72 649.65 474.72 649.65 474.84 649.65 c 475.2 649.65 475.68 649.77 476.04 649.89 c 476.04 650.25 476.04 650.49 476.04 650.73 c 476.04 650.97 475.92 651.21 475.92 651.45 c 475.92 652.05 475.8 652.65 475.68 653.37 c 475.68 654.09 475.56 654.81 475.44 655.65 c 475.56 655.77 475.68 655.89 475.92 656.01 c 476.04 656.13 476.16 656.25 476.4 656.37 c 476.4 655.89 476.4 655.29 476.4 654.81 c 476.52 654.21 476.52 653.61 476.52 653.01 c 476.52 652.53 476.64 651.93 476.64 651.57 c 476.64 651.09 476.64 650.61 476.64 650.25 c 476.64 650.01 476.64 649.89 476.52 649.65 c 476.4 649.41 476.28 649.17 476.16 648.93 c 476.16 648.81 476.04 648.81 475.8 648.69 c 475.56 648.57 475.2 648.57 474.84 648.57 c h f 
478.56 648.57 m 478.56 649.29 478.56 650.01 478.56 650.61 c 478.44 651.21 478.44 651.81 478.44 652.29 c 478.44 652.89 478.32 653.37 478.32 653.85 c 478.32 654.33 478.2 654.81 478.2 655.29 c 478.2 655.53 478.2 655.65 478.32 655.89 c 478.32 656.01 478.44 656.13 478.56 656.13 c 478.68 656.25 478.92 656.25 479.16 656.37 c 479.16 656.13 479.16 655.89 479.28 655.65 c 479.4 655.41 479.4 655.17 479.52 654.93 c 479.16 654.69 l 479.16 654.09 479.28 653.61 479.28 653.01 c 479.28 652.41 479.28 651.69 479.28 651.09 c 479.28 650.37 479.16 649.53 479.16 648.69 c 478.56 648.57 l h f 
485.64 645.57 m 484.92 645.57 484.44 645.81 484.08 646.17 c 483.72 646.53 483.48 647.13 483.48 647.85 c 483.48 647.97 483.6 648.09 483.6 648.21 c 483.6 648.33 483.6 648.57 483.6 648.69 c 483.72 648.93 483.72 649.17 483.72 649.41 c 484.2 649.29 l 484.08 648.93 484.08 648.57 484.08 648.45 c 484.08 647.85 484.2 647.37 484.44 647.13 c 484.8 646.77 485.16 646.65 485.64 646.65 c 486 646.65 486.48 646.77 486.84 646.77 c 487.2 646.89 487.44 647.13 487.8 647.25 c 488.04 647.49 488.28 647.73 488.4 647.97 c 488.16 649.65 l 488.04 650.37 487.92 651.09 487.8 651.69 c 487.68 652.29 487.68 652.89 487.56 653.37 c 487.56 653.61 487.56 653.73 487.44 653.97 c 487.44 654.21 487.44 654.33 487.44 654.57 c 487.32 654.69 487.32 654.93 487.32 655.05 c 487.32 655.17 487.32 655.29 487.32 655.29 c 487.32 655.65 487.44 655.89 487.56 656.01 c 487.68 656.13 487.92 656.25 488.16 656.37 c 488.28 656.13 488.28 655.89 488.4 655.65 c 488.52 655.41 488.52 655.17 488.64 654.93 c 488.4 654.69 l 488.52 653.49 488.64 652.41 488.64 651.57 c 488.76 650.85 488.88 650.25 488.88 649.89 c 489.12 649.65 489.48 649.65 489.72 649.65 c 489.84 649.65 489.84 649.65 489.84 649.53 c 489.84 648.69 l 489.84 648.57 489.84 648.57 489.72 648.57 c 489.6 648.57 489.48 648.57 489.36 648.69 c 489.24 648.69 489.12 648.69 488.88 648.81 c 488.88 648.45 l 488.88 647.85 488.76 647.49 488.52 647.01 c 488.16 646.53 487.8 646.17 487.32 645.93 c 486.96 645.81 486.72 645.69 486.48 645.69 c 486.24 645.57 485.88 645.57 485.64 645.57 c h f 
489.6 648.57 m 489.6 648.57 489.6 648.57 489.6 648.69 c 489.6 649.53 l 489.6 649.65 489.6 649.65 489.6 649.65 c 490.56 649.65 491.4 649.65 492 649.89 c 492.48 649.89 492.72 650.01 493.08 650.25 c 492.96 650.49 492.84 650.61 492.72 650.85 c 492.48 651.09 492.36 651.33 492.12 651.45 c 491.88 651.69 491.76 651.81 491.52 651.93 c 491.28 652.05 491.04 652.17 490.8 652.41 c 490.44 652.53 490.08 652.77 489.96 652.89 c 489.84 653.01 489.72 653.25 489.72 653.37 c 489.72 653.61 489.72 653.73 489.72 653.85 c 489.84 653.97 489.84 654.09 489.96 654.09 c 490.08 654.21 490.2 654.21 490.32 654.33 c 490.56 654.45 490.8 654.57 491.04 654.69 c 491.28 654.81 491.64 655.05 492 655.17 c 492.36 655.29 492.72 655.53 493.2 655.65 c 493.56 655.77 494.04 656.01 494.52 656.25 c 494.64 656.13 494.64 655.89 494.64 655.77 c 494.64 655.53 494.64 655.41 494.52 655.29 c 494.4 655.17 494.28 655.05 494.16 654.93 c 493.8 654.81 493.32 654.57 492.96 654.45 c 492.6 654.33 492.12 654.09 491.76 653.97 c 491.28 653.73 490.8 653.61 490.32 653.37 c 490.92 653.25 491.4 653.01 491.88 652.77 c 492.48 652.41 492.84 652.05 493.08 651.69 c 493.44 651.21 493.56 650.85 493.56 650.49 c 493.56 650.37 493.56 650.25 493.56 650.13 c 494.04 649.77 494.52 649.65 495 649.65 c 495.12 649.65 495.12 649.65 495.12 649.53 c 495.12 648.69 l 495.12 648.57 495.12 648.57 495 648.57 c 494.64 648.57 494.4 648.69 494.04 648.81 c 493.68 648.93 493.44 649.17 493.08 649.41 c 493.08 649.41 492.96 649.29 492.96 649.29 c 492.84 649.17 492.72 649.17 492.72 649.05 c 492 648.81 491.04 648.57 489.6 648.57 c h f 
497.52 648.57 m 497.4 648.57 497.16 648.57 496.92 648.69 c 496.56 648.69 496.44 648.81 496.2 648.93 c 496.08 648.81 495.96 648.69 495.72 648.69 c 495.48 648.57 495.24 648.57 495 648.57 c 494.88 648.57 494.88 648.57 494.88 648.69 c 494.88 649.53 l 494.88 649.65 494.88 649.65 495 649.65 c 495.24 649.65 495.48 649.65 495.6 649.65 c 495.72 649.77 495.84 649.77 495.96 649.89 c 496.08 650.01 496.2 650.13 496.32 650.25 c 496.32 650.37 496.44 650.49 496.56 650.73 c 496.68 650.85 496.68 650.85 496.8 650.85 c 496.8 650.97 496.92 650.97 497.04 650.97 c 497.04 650.97 497.16 650.97 497.28 650.85 c 497.16 650.61 497.04 650.37 497.04 650.13 c 496.92 650.01 496.8 649.77 496.8 649.65 c 496.92 649.65 497.04 649.65 497.16 649.65 c 497.28 649.65 497.52 649.65 497.64 649.65 c 497.88 649.65 498 649.65 498.12 649.65 c 498.24 649.65 498.36 649.65 498.6 649.77 c 498.6 649.77 498.6 649.89 498.72 650.13 c 498.84 650.25 498.84 650.49 498.96 650.73 c 498.96 650.85 499.08 651.09 499.08 651.21 c 499.2 651.45 499.2 651.45 499.32 651.57 c 499.44 651.57 499.56 651.57 499.68 651.57 c 499.8 651.57 499.8 651.57 499.92 651.57 c 499.92 651.45 499.8 651.21 499.68 650.97 c 499.68 650.61 499.56 650.25 499.32 649.65 c 499.44 649.65 499.56 649.65 499.56 649.65 c 499.68 649.65 499.8 649.65 499.8 649.65 c 500.04 649.65 500.28 649.65 500.52 649.77 c 500.52 649.77 500.64 649.89 500.64 650.01 c 500.76 650.13 500.76 650.25 500.88 650.49 c 500.88 650.61 501 650.85 501 650.97 c 501.12 651.21 501.12 651.33 501.24 651.45 c 501.24 651.57 501.36 651.57 501.48 651.69 c 501.48 651.69 501.6 651.69 501.72 651.69 c 501.84 651.69 501.96 651.69 501.96 651.57 c 501.96 651.45 501.84 651.33 501.84 651.09 c 501.72 650.85 501.6 650.49 501.48 650.01 c 501.72 649.89 501.84 649.77 502.08 649.77 c 502.32 649.65 502.56 649.65 502.8 649.65 c 502.92 649.65 502.92 649.65 502.92 649.53 c 502.92 648.69 l 502.92 648.57 502.92 648.57 502.8 648.57 c 502.56 648.57 502.2 648.69 501.84 648.81 c 501.6 648.93 501.36 649.05 501.12 649.29 c 501.12 649.17 501.12 649.05 501 648.93 c 501 648.93 500.88 648.81 500.88 648.81 c 500.76 648.69 500.64 648.69 500.4 648.57 c 500.28 648.57 500.04 648.57 499.92 648.57 c 499.56 648.57 499.32 648.69 498.96 648.81 c 498.84 648.81 498.84 648.69 498.6 648.69 c 498.48 648.69 498.36 648.57 498.12 648.57 c 497.88 648.57 497.76 648.57 497.52 648.57 c h 498.36 652.41 m 498.12 652.53 498 652.65 497.88 652.77 c 497.76 652.89 497.64 652.89 497.64 653.01 c 497.76 653.13 497.76 653.25 497.88 653.37 c 498 653.49 498.12 653.61 498.36 653.73 c 498.36 653.73 498.48 653.61 498.6 653.49 c 498.6 653.37 498.84 653.25 498.96 653.13 c 498.84 653.01 498.84 652.89 498.72 652.77 c 498.6 652.65 498.48 652.53 498.36 652.41 c h 499.92 652.53 m 499.8 652.65 499.68 652.77 499.56 652.89 c 499.44 653.01 499.32 653.13 499.2 653.25 c 499.32 653.25 499.44 653.37 499.56 653.49 c 499.68 653.61 499.8 653.73 499.92 653.97 c 500.04 653.85 500.16 653.73 500.16 653.61 c 500.28 653.49 500.4 653.37 500.64 653.25 c 500.52 653.13 500.4 653.01 500.28 652.89 c 500.16 652.77 500.04 652.65 499.92 652.53 c h 499.08 653.49 m 498.96 653.61 498.84 653.61 498.72 653.73 c 498.72 653.85 498.6 653.97 498.48 654.09 c 498.6 654.21 498.72 654.33 498.84 654.45 c 498.96 654.57 498.96 654.69 499.08 654.69 c 499.2 654.57 499.2 654.57 499.32 654.45 c 499.44 654.33 499.56 654.21 499.68 654.09 c 499.56 653.97 499.44 653.85 499.44 653.73 c 499.32 653.61 499.2 653.49 499.08 653.49 c h f 
502.68 648.57 m 502.68 648.57 502.56 648.57 502.56 648.69 c 502.56 649.53 l 502.56 649.65 502.68 649.65 502.68 649.65 c 503.16 649.65 503.52 649.77 504 649.89 c 503.88 650.25 503.88 650.49 503.88 650.73 c 503.88 650.97 503.88 651.21 503.76 651.45 c 503.76 652.05 503.64 652.65 503.64 653.37 c 503.52 654.09 503.4 654.81 503.28 655.65 c 503.4 655.77 503.52 655.89 503.76 656.01 c 503.88 656.13 504 656.25 504.24 656.37 c 504.24 655.89 504.24 655.29 504.36 654.81 c 504.36 654.21 504.36 653.61 504.36 653.01 c 504.48 652.53 504.48 651.93 504.48 651.57 c 504.48 651.09 504.48 650.61 504.48 650.25 c 504.48 650.01 504.48 649.89 504.36 649.65 c 504.24 649.41 504.24 649.17 504.12 648.93 c 504 648.81 503.88 648.81 503.64 648.69 c 503.4 648.57 503.04 648.57 502.68 648.57 c h f 
506.4 648.57 m 506.4 649.29 506.4 650.01 506.4 650.61 c 506.28 651.21 506.28 651.81 506.28 652.29 c 506.28 652.89 506.16 653.37 506.16 653.85 c 506.16 654.33 506.04 654.81 506.04 655.29 c 506.04 655.53 506.04 655.65 506.16 655.89 c 506.16 656.01 506.28 656.13 506.4 656.13 c 506.52 656.25 506.76 656.25 507 656.37 c 507 656.13 507.12 655.89 507.12 655.65 c 507.24 655.41 507.36 655.17 507.36 654.93 c 507 654.69 l 507.12 654.09 507.12 653.61 507.12 653.01 c 507.12 652.41 507.12 651.69 507.12 651.09 c 507.12 650.37 507 649.53 507 648.69 c 506.4 648.57 l h f 
513.84 645.57 m 513.12 645.57 512.52 645.81 512.04 646.17 c 511.56 646.53 511.44 647.13 511.44 647.85 c 511.44 647.97 511.44 648.09 511.44 648.21 c 511.44 648.33 511.44 648.57 511.44 648.69 c 511.56 648.93 511.56 649.17 511.68 649.41 c 512.04 649.29 l 512.04 648.93 511.92 648.57 511.92 648.45 c 511.92 647.85 512.16 647.37 512.52 647.13 c 512.76 646.77 513.36 646.65 513.96 646.65 c 514.56 646.65 515.04 646.65 515.52 646.77 c 515.88 646.89 516.36 646.89 516.72 647.01 c 516.84 647.13 517.08 647.13 517.2 647.25 c 517.32 647.37 517.56 647.49 517.68 647.49 c 517.44 647.73 517.2 647.85 516.96 647.97 c 516.72 648.09 516.48 648.21 516.36 648.33 c 516.12 648.45 516 648.45 515.88 648.57 c 515.64 648.69 515.64 648.81 515.64 648.93 c 515.64 648.93 515.64 649.05 515.64 649.17 c 515.64 649.17 515.76 649.29 515.76 649.41 c 515.88 649.53 515.88 649.65 516 649.77 c 516 649.77 516 649.77 516.12 649.77 c 516.36 649.77 516.72 649.77 517.2 649.65 c 517.68 649.65 518.16 649.65 518.64 649.65 c 518.64 649.65 518.76 649.53 518.76 649.53 c 518.76 648.69 l 518.76 648.57 518.64 648.57 518.64 648.57 c 518.4 648.57 518.28 648.57 518.04 648.57 c 517.8 648.57 517.56 648.69 517.44 648.69 c 517.2 648.69 516.96 648.81 516.84 648.81 c 516.96 648.69 517.2 648.57 517.32 648.57 c 517.44 648.45 517.56 648.45 517.68 648.33 c 517.68 648.33 517.8 648.21 517.92 648.21 c 518.04 648.09 518.04 648.09 518.04 647.97 c 518.16 647.85 518.16 647.73 518.16 647.49 c 518.16 647.37 518.04 647.13 517.8 646.89 c 517.68 646.77 517.32 646.53 517.08 646.41 c 516.72 646.17 516.24 646.05 515.88 645.93 c 515.16 645.69 514.44 645.57 513.84 645.57 c h f 
518.52 648.57 m 518.52 648.57 518.4 648.57 518.4 648.69 c 518.4 649.53 l 518.4 649.65 518.52 649.65 518.52 649.65 c 519.36 649.65 520.08 649.65 520.68 649.77 c 521.28 649.89 521.76 650.01 522.24 650.25 c 522.24 650.37 522.12 650.49 522.12 650.61 c 522.12 650.73 522.12 650.85 522.12 650.97 c 521.88 650.73 521.64 650.61 521.4 650.49 c 521.04 650.37 520.8 650.37 520.56 650.37 c 520.2 650.37 519.84 650.49 519.6 650.73 c 519.48 650.97 519.36 651.33 519.36 651.69 c 519.36 652.05 519.36 652.41 519.48 652.77 c 519.72 653.13 519.84 653.37 520.08 653.49 c 520.2 653.61 520.32 653.73 520.44 653.73 c 520.56 653.85 520.68 653.85 520.8 653.85 c 521.16 653.85 521.52 653.73 521.88 653.37 c 522.12 653.13 522.36 652.65 522.6 652.17 c 522.6 651.93 522.72 651.69 522.72 651.33 c 522.72 651.09 522.84 650.85 522.84 650.49 c 522.84 650.49 522.84 650.37 522.72 650.13 c 522.72 650.01 522.72 649.89 522.72 649.77 c 522.6 649.53 522.48 649.41 522.36 649.29 c 522.24 649.29 522 649.17 521.52 649.05 c 521.16 648.93 520.8 648.81 520.2 648.69 c 519.72 648.57 519.12 648.57 518.52 648.57 c h 520.8 651.21 m 521.16 651.21 521.52 651.33 521.88 651.45 c 521.76 651.93 521.52 652.17 521.4 652.41 c 521.16 652.65 520.92 652.77 520.56 652.77 c 520.44 652.77 520.2 652.65 520.08 652.53 c 519.84 652.29 519.84 652.05 519.84 651.93 c 519.84 651.69 519.84 651.45 520.08 651.33 c 520.2 651.33 520.44 651.21 520.8 651.21 c h 520.8 654.57 m 520.44 654.81 520.2 655.17 519.96 655.41 c 520.08 655.53 520.32 655.77 520.44 655.89 c 520.56 656.01 520.68 656.13 520.8 656.25 c 520.92 656.13 521.04 656.01 521.16 655.89 c 521.28 655.77 521.4 655.53 521.52 655.41 c 521.4 655.29 521.4 655.17 521.28 655.05 c 521.04 654.93 520.92 654.69 520.8 654.57 c h f 
0.992 0.941 0.918 sc 536.16 643.89 m 540.24 643.89 543.48 647.25 543.48 651.33 c 543.48 655.41 540.24 658.77 536.16 658.77 c 532.08 658.77 528.72 655.41 528.72 651.33 c 528.72 647.25 532.08 643.89 536.16 643.89 c h f 
q 0.12 0 0 -0.12 0 841.89 cm 4 w 1 J 0 j 4 M 0.933 0.114 0.145 SC 4468 1650 m 4502 1650 4529 1622 4529 1588 c 4529 1554 4502 1526 4468 1526 c 4434 1526 4406 1554 4406 1588 c 4406 1622 4434 1650 4468 1650 c S Q 
1 w 0.933 0.114 0.145 sc 535.92 647.25 m 535.92 652.65 l 535.92 652.89 535.92 653.13 535.92 653.37 c 535.92 653.61 535.92 653.85 535.92 654.21 c 535.92 654.09 535.8 653.97 535.8 653.97 c 535.68 653.85 535.68 653.85 535.56 653.73 c 535.44 653.61 535.2 653.49 535.08 653.25 c 534.84 653.13 534.72 653.01 534.6 652.77 c 534 653.61 l 536.04 655.53 l 537 655.53 l 537 647.25 l 535.92 647.25 l h f 
0.141 0.125 0.129 sc 482.04 545.97 m 481.44 545.97 l 481.32 545.61 481.08 545.37 480.84 545.01 c 480.48 544.77 480 544.41 479.64 544.29 c 479.64 543.45 l 479.88 543.57 480.12 543.69 480.48 543.93 c 480.72 544.05 481.08 544.29 481.2 544.41 c 481.2 539.25 l 482.04 539.25 l 482.04 545.97 l h f 
487.68 545.49 m 487.32 545.73 486.96 545.97 486.48 545.97 c 485.76 545.97 485.16 545.73 484.8 545.13 c 484.32 544.53 484.08 543.69 484.08 542.37 c 484.08 541.29 484.32 540.45 484.68 539.97 c 485.16 539.37 485.64 539.13 486.36 539.13 c 486.72 539.13 487.08 539.25 487.44 539.49 c 487.68 539.61 487.92 539.97 488.16 540.33 c 488.28 540.69 488.4 541.05 488.4 541.41 c 488.4 542.01 488.28 542.61 487.8 542.97 c 487.44 543.33 486.96 543.57 486.48 543.57 c 486.12 543.57 485.88 543.45 485.64 543.33 c 485.28 543.21 485.04 542.97 484.92 542.73 c 484.92 543.33 484.92 543.93 485.04 544.17 c 485.28 544.53 485.4 544.89 485.64 545.01 c 485.88 545.13 486.12 545.25 486.36 545.25 c 486.72 545.25 486.96 545.13 487.2 544.89 c 487.32 544.77 487.44 544.53 487.56 544.17 c 488.28 544.29 l 488.28 544.77 488.04 545.25 487.68 545.49 c h 485.4 542.49 m 485.64 542.73 486 542.85 486.36 542.85 c 486.72 542.85 486.96 542.73 487.2 542.49 c 487.44 542.25 487.56 541.89 487.56 541.41 c 487.56 540.93 487.44 540.57 487.2 540.21 c 486.96 539.97 486.72 539.85 486.36 539.85 c 486.12 539.85 485.88 539.85 485.64 540.09 c 485.4 540.21 485.28 540.33 485.16 540.57 c 485.04 540.93 485.04 541.17 485.04 541.41 c 485.04 541.89 485.16 542.25 485.4 542.49 c h f 
515.16 562.41 m 514.92 562.05 514.8 561.69 514.8 561.33 c 514.8 560.73 515.04 560.25 515.4 559.89 c 515.88 559.41 516.36 559.29 516.96 559.29 c 517.68 559.29 518.16 559.41 518.52 559.89 c 519 560.25 519.12 560.73 519.12 561.21 c 519.12 561.69 519.12 562.05 518.88 562.29 c 518.64 562.65 518.28 562.77 517.92 563.01 c 518.28 563.13 518.52 563.25 518.64 563.49 c 518.76 563.73 518.88 563.97 518.88 564.33 c 518.88 564.81 518.76 565.17 518.4 565.53 c 518.04 565.89 517.56 566.01 516.96 566.01 c 516.36 566.01 516 565.89 515.64 565.53 c 515.28 565.17 515.16 564.81 515.16 564.33 c 515.16 563.97 515.16 563.73 515.4 563.49 c 515.52 563.25 515.76 563.13 516.12 563.01 c 515.64 562.89 515.4 562.65 515.16 562.41 c h 516.24 565.05 m 516.48 565.29 516.72 565.29 516.96 565.29 c 517.32 565.29 517.56 565.29 517.8 565.05 c 517.92 564.81 518.04 564.57 518.04 564.33 c 518.04 563.97 517.92 563.73 517.8 563.61 c 517.56 563.37 517.32 563.25 516.96 563.25 c 516.72 563.25 516.48 563.37 516.24 563.61 c 516 563.73 515.88 563.97 515.88 564.33 c 515.88 564.57 516 564.81 516.24 565.05 c h 516 562.17 m 516.24 562.53 516.6 562.65 516.96 562.65 c 517.32 562.65 517.68 562.53 517.92 562.17 c 518.16 561.93 518.28 561.69 518.4 561.21 c 518.4 560.85 518.16 560.61 517.92 560.25 c 517.68 560.01 517.44 559.89 516.96 559.89 c 516.72 559.89 516.48 560.01 516.36 560.13 c 516.12 560.25 515.88 560.37 515.88 560.61 c 515.76 560.85 515.64 561.09 515.64 561.33 c 515.64 561.69 515.76 561.93 516 562.17 c h f 
456.12 580.77 m 455.52 580.77 l 455.4 580.53 455.16 580.17 454.8 579.93 c 454.44 579.57 454.08 579.33 453.6 579.09 c 453.6 578.37 l 453.84 578.49 454.2 578.61 454.56 578.73 c 454.8 578.97 455.04 579.21 455.28 579.33 c 455.28 574.17 l 456.12 574.17 l 456.12 580.77 l h f 
461.76 580.41 m 461.4 580.65 461.04 580.77 460.44 580.77 c 459.84 580.77 459.24 580.53 458.88 580.05 c 458.4 579.45 458.16 578.49 458.16 577.29 c 458.16 576.09 458.28 575.25 458.76 574.77 c 459.24 574.29 459.72 574.05 460.44 574.05 c 460.8 574.05 461.16 574.17 461.52 574.29 c 461.76 574.53 462 574.77 462.24 575.13 c 462.36 575.49 462.48 575.85 462.48 576.33 c 462.48 576.93 462.24 577.41 461.88 577.89 c 461.52 578.25 461.04 578.49 460.56 578.49 c 460.2 578.49 459.96 578.37 459.6 578.25 c 459.36 578.13 459.12 577.89 458.88 577.53 c 458.88 578.25 459 578.73 459.12 579.09 c 459.24 579.45 459.48 579.69 459.72 579.93 c 459.96 580.05 460.2 580.17 460.44 580.17 c 460.8 580.17 461.04 580.05 461.28 579.81 c 461.4 579.69 461.52 579.45 461.52 579.09 c 462.36 579.21 l 462.24 579.69 462.12 580.05 461.76 580.41 c h 459.48 577.29 m 459.72 577.65 459.96 577.77 460.32 577.77 c 460.68 577.77 461.04 577.65 461.28 577.29 c 461.52 577.05 461.64 576.69 461.64 576.21 c 461.64 575.85 461.52 575.37 461.28 575.13 c 461.04 574.89 460.8 574.77 460.44 574.77 c 460.2 574.77 459.96 574.77 459.72 574.89 c 459.48 575.01 459.36 575.25 459.24 575.49 c 459.12 575.73 459 576.09 459 576.33 c 459 576.69 459.12 577.05 459.48 577.29 c h f 
497.64 598.17 m 497.04 598.17 l 496.92 597.93 496.68 597.57 496.32 597.33 c 496.08 596.97 495.6 596.73 495.12 596.49 c 495.12 595.77 l 495.48 595.89 495.72 596.01 496.08 596.13 c 496.32 596.37 496.56 596.61 496.8 596.73 c 496.8 591.57 l 497.64 591.57 l 497.64 598.17 l h f 
500.64 592.29 m 500.76 592.53 500.88 592.65 501 592.77 c 501.12 592.89 501.48 593.25 501.96 593.61 c 502.56 594.09 502.92 594.45 503.16 594.81 c 503.52 595.05 503.64 595.29 503.76 595.53 c 503.88 595.89 503.88 596.13 503.88 596.37 c 503.88 596.85 503.76 597.33 503.4 597.69 c 503.04 598.05 502.44 598.17 501.84 598.17 c 501.24 598.17 500.76 598.05 500.4 597.69 c 500.04 597.45 499.8 596.97 499.68 596.25 c 500.52 596.25 l 500.52 596.61 500.64 596.97 500.88 597.21 c 501.12 597.45 501.48 597.57 501.84 597.57 c 502.2 597.57 502.56 597.45 502.8 597.21 c 502.92 596.97 503.04 596.73 503.04 596.37 c 503.04 596.13 502.92 595.77 502.68 595.41 c 502.44 595.05 501.96 594.57 501.24 593.97 c 500.76 593.61 500.4 593.25 500.16 593.01 c 499.92 592.77 499.8 592.41 499.68 592.17 c 499.56 591.93 499.56 591.81 499.56 591.57 c 503.88 591.57 l 503.88 592.29 l 500.64 592.29 l h f 
q 0.12 0 0 -0.12 0 841.89 cm 7 w 1 J 1 j 0.925 0.008 0.553 SC 4269 2439 m 3794 2439 l 3975 1998 l 4269 2201 l 4269 2439 l h S Q 
1 w 0.141 0.125 0.129 sc 508.32 539.25 m 510.72 539.25 l 510.72 539.49 l 510.36 539.49 510.12 539.61 510 539.73 c 509.88 539.85 509.76 540.21 509.76 540.81 c 509.76 544.77 l 512.28 539.25 l 512.4 539.25 l 514.92 545.01 l 514.92 540.45 l 514.92 540.09 514.92 539.85 514.8 539.73 c 514.68 539.61 514.44 539.49 514.08 539.49 c 514.08 539.25 l 516.84 539.25 l 516.84 539.49 l 516.48 539.49 516.24 539.61 516.12 539.73 c 516 539.73 516 539.97 516 540.33 c 516 544.89 l 516 545.25 516 545.49 516.12 545.61 c 516.24 545.61 516.48 545.73 516.84 545.73 c 516.84 545.97 l 514.92 545.97 l 512.64 540.93 l 510.36 545.97 l 508.32 545.97 l 508.32 545.73 l 508.8 545.73 509.04 545.73 509.16 545.61 c 509.28 545.49 509.28 545.25 509.28 544.89 c 509.28 540.81 l 509.28 540.21 509.28 539.85 509.16 539.73 c 509.04 539.61 508.8 539.49 508.32 539.49 c 508.32 539.25 l h f 
511.56 580.41 m 513.96 580.41 l 513.96 580.53 l 513.6 580.53 513.36 580.65 513.24 580.77 c 513.12 580.89 513 581.25 513 581.85 c 513 585.81 l 517.44 580.29 l 517.56 580.29 l 517.56 585.57 l 517.56 586.05 517.68 586.41 517.8 586.53 c 517.92 586.65 518.16 586.77 518.52 586.89 c 518.52 587.01 l 516.24 587.01 l 516.24 586.89 l 516.6 586.77 516.84 586.77 516.96 586.65 c 517.08 586.41 517.2 586.05 517.2 585.57 c 517.2 582.21 l 513.24 587.01 l 511.56 587.01 l 511.56 586.77 l 511.8 586.77 511.92 586.77 512.04 586.77 c 512.16 586.77 512.28 586.65 512.4 586.41 c 512.52 586.29 l 512.52 581.85 l 512.52 581.25 512.52 581.01 512.4 580.77 c 512.28 580.65 511.92 580.53 511.56 580.53 c 511.56 580.41 l h f 
452.76 539.25 m 458.16 539.25 l 458.64 541.05 l 458.4 541.05 l 458.16 540.45 457.8 540.09 457.44 539.85 c 457.2 539.73 456.6 539.73 455.64 539.73 c 455.4 539.73 455.28 539.73 455.16 539.73 c 455.16 539.73 455.04 539.73 454.92 539.73 c 454.8 539.73 454.8 539.73 454.68 539.85 c 454.68 539.85 454.68 539.97 454.68 540.09 c 454.68 544.89 l 454.68 545.25 454.68 545.49 454.92 545.61 c 455.04 545.73 455.28 545.73 455.64 545.73 c 455.64 545.97 l 452.76 545.97 l 452.76 545.73 l 453.12 545.73 453.36 545.61 453.48 545.61 c 453.6 545.49 453.6 545.25 453.6 544.89 c 453.6 540.33 l 453.6 539.97 453.6 539.73 453.48 539.61 c 453.36 539.61 453.12 539.49 452.76 539.49 c 452.76 539.25 l h f 
474.48 604.53 m 477.36 604.53 l 477.36 604.77 l 477 604.77 476.76 604.89 476.64 604.89 c 476.52 605.01 476.4 605.25 476.4 605.61 c 476.4 607.53 l 476.76 607.77 l 478.68 605.61 l 478.8 605.49 478.92 605.37 478.92 605.25 c 479.04 605.13 479.04 605.01 479.04 605.01 c 479.04 604.89 479.04 604.89 478.92 604.77 c 478.8 604.77 478.68 604.77 478.32 604.77 c 478.32 604.53 l 481.44 604.53 l 481.44 604.77 l 481.08 604.77 480.84 604.89 480.72 605.01 c 480.6 605.13 480.24 605.37 479.88 605.85 c 477.48 608.37 l 479.4 610.29 l 479.76 610.53 480 610.77 480.24 610.89 c 480.36 611.01 480.6 611.01 480.96 611.01 c 480.96 611.25 l 478.32 611.25 l 478.32 611.01 l 478.56 611.01 478.68 611.01 478.8 611.01 c 478.92 610.89 479.04 610.89 479.04 610.77 c 479.04 610.53 478.68 610.05 477.96 609.45 c 477.6 609.09 477 608.61 476.4 608.01 c 476.4 610.17 l 476.4 610.53 476.52 610.77 476.64 610.89 c 476.64 611.01 477 611.01 477.36 611.01 c 477.36 611.25 l 474.48 611.25 l 474.48 611.01 l 474.84 611.01 475.08 610.89 475.2 610.89 c 475.32 610.77 475.44 610.53 475.44 610.17 c 475.44 605.73 l 475.44 605.37 475.32 605.01 475.2 605.01 c 475.2 604.89 474.84 604.77 474.48 604.77 c 474.48 604.53 l h f 
q 0.12 0 0 -0.12 0 841.89 cm 7 w 0 J 0 j 4 M 0.925 0.008 0.553 SC 4230 2439 m 4230 2400 l 4269 2400 l S Q 
q 0.12 0 0 -0.12 0 841.89 cm 7 w 1 J 1 j 0.925 0.008 0.553 SC 4237 2178 m 4232 2185 4230 2192 4230 2201 c 4230 2222 4247 2240 4269 2240 c S Q 
1 w 0.141 0.125 0.129 sc 480 596.13 m 480 596.13 479.88 596.01 479.76 596.01 c 479.64 596.01 479.4 596.13 479.28 596.37 c 479.04 596.49 478.8 596.73 478.68 596.85 c 478.68 596.73 478.8 596.61 478.8 596.37 c 478.8 596.25 478.92 596.01 478.92 595.89 c 478.92 595.53 478.8 595.29 478.56 595.29 c 478.44 595.29 478.32 595.53 478.32 595.77 c 478.32 596.01 478.32 596.13 478.32 596.37 c 478.44 596.61 478.44 596.73 478.56 596.85 c 478.32 596.73 478.2 596.49 477.96 596.37 c 477.72 596.13 477.6 596.01 477.36 596.01 c 477.24 596.01 477.24 596.13 477.24 596.13 c 477 596.37 477.12 596.61 477.6 596.73 c 477.96 596.85 478.2 596.97 478.44 596.97 c 478.08 597.09 477.84 597.33 477.48 597.45 c 477.24 597.57 477.12 597.81 477.24 597.93 c 477.24 598.05 477.24 598.05 477.36 598.05 c 477.48 598.05 477.72 597.93 477.96 597.81 c 478.08 597.57 478.32 597.33 478.56 597.09 c 478.44 597.33 478.44 597.45 478.44 597.69 c 478.32 597.93 478.32 598.05 478.32 598.29 c 478.32 598.53 478.44 598.77 478.56 598.77 c 478.8 598.77 478.92 598.53 478.92 598.29 c 478.92 598.05 478.8 597.81 478.8 597.57 c 478.8 597.45 478.68 597.21 478.68 597.21 c 478.8 597.33 479.04 597.57 479.28 597.81 c 479.52 597.93 479.64 598.05 479.88 598.05 c 480 598.05 480 598.05 480 597.93 c 480.12 597.81 480 597.57 479.76 597.45 c 479.4 597.33 479.04 597.09 478.68 596.97 c 479.28 596.85 479.64 596.73 479.88 596.61 c 480.12 596.49 480.12 596.37 480 596.13 c h f 
461.4 553.77 m 461.76 553.41 l 459 550.53 l 458.52 551.01 l 461.4 553.77 l h f 
461.76 551.01 m 461.4 550.53 l 458.52 553.41 l 459 553.77 l 461.76 551.01 l h f 
381.24 539.97 m 381.36 540.09 381.48 540.21 381.6 540.45 c 381.72 540.57 381.96 540.81 382.44 541.29 c 383.04 541.77 383.52 542.13 383.76 542.37 c 384 542.73 384.12 542.97 384.24 543.21 c 384.36 543.45 384.48 543.69 384.48 543.93 c 384.48 544.53 384.24 544.89 383.88 545.25 c 383.52 545.61 383.04 545.85 382.44 545.85 c 381.72 545.85 381.24 545.61 380.88 545.37 c 380.52 545.01 380.28 544.53 380.28 543.93 c 381.12 543.81 l 381.12 544.29 381.24 544.53 381.48 544.77 c 381.72 545.01 381.96 545.13 382.32 545.13 c 382.68 545.13 383.04 545.01 383.28 544.77 c 383.52 544.65 383.64 544.29 383.64 544.05 c 383.64 543.69 383.52 543.33 383.28 542.97 c 383.04 542.73 382.44 542.25 381.84 541.65 c 381.36 541.29 381 540.93 380.76 540.57 c 380.52 540.33 380.28 540.09 380.16 539.73 c 380.16 539.61 380.04 539.37 380.04 539.13 c 384.48 539.13 l 384.48 539.97 l 381.24 539.97 l h f 
388.68 539.13 m 388.68 540.81 l 389.64 540.81 l 389.64 541.53 l 388.68 541.53 l 388.68 545.85 l 388.08 545.85 l 385.08 541.53 l 385.08 540.81 l 387.96 540.81 l 387.96 539.13 l 388.68 539.13 l h 385.8 541.53 m 387.96 544.53 l 387.96 541.53 l 385.8 541.53 l h f 
348.6 592.17 m 348.72 592.41 348.84 592.53 348.96 592.65 c 349.08 592.77 349.32 593.13 349.8 593.49 c 350.4 593.97 350.88 594.33 351.12 594.69 c 351.36 594.93 351.48 595.17 351.6 595.41 c 351.72 595.77 351.84 596.01 351.84 596.25 c 351.84 596.73 351.6 597.21 351.24 597.57 c 350.88 597.93 350.4 598.05 349.8 598.05 c 349.08 598.05 348.6 597.93 348.24 597.57 c 347.88 597.33 347.64 596.85 347.64 596.13 c 348.48 596.13 l 348.48 596.49 348.6 596.85 348.84 597.09 c 348.96 597.33 349.32 597.45 349.68 597.45 c 350.04 597.45 350.4 597.33 350.64 597.09 c 350.88 596.85 351 596.61 351 596.25 c 351 596.01 350.88 595.65 350.64 595.29 c 350.28 594.93 349.8 594.45 349.08 593.85 c 348.72 593.49 348.36 593.13 348.12 592.89 c 347.88 592.65 347.64 592.29 347.52 592.05 c 347.52 591.81 347.4 591.69 347.4 591.45 c 351.84 591.45 l 351.84 592.17 l 348.6 592.17 l h f 
356.04 591.45 m 356.04 593.01 l 357 593.01 l 357 593.73 l 356.04 593.73 l 356.04 598.05 l 355.44 598.05 l 352.44 593.73 l 352.44 593.01 l 355.32 593.01 l 355.32 591.45 l 356.04 591.45 l h 353.16 593.73 m 355.32 596.73 l 355.32 593.73 l 353.16 593.73 l h f 
405.48 620.61 m 405 620.61 l 404.76 620.37 404.52 620.01 404.28 619.77 c 403.92 619.41 403.44 619.17 403.08 618.93 c 403.08 618.21 l 403.32 618.21 403.56 618.45 403.92 618.57 c 404.16 618.81 404.52 618.93 404.64 619.17 c 404.64 614.01 l 405.48 614.01 l 405.48 620.61 l h f 
407.88 617.01 m 407.64 616.65 407.52 616.29 407.52 615.93 c 407.52 615.33 407.76 614.85 408.12 614.49 c 408.48 614.01 409.08 613.89 409.68 613.89 c 410.4 613.89 410.88 614.01 411.24 614.37 c 411.72 614.85 411.84 615.33 411.84 615.81 c 411.84 616.29 411.72 616.65 411.6 616.89 c 411.36 617.25 411 617.37 410.64 617.49 c 411 617.73 411.24 617.85 411.36 618.09 c 411.48 618.33 411.6 618.57 411.6 618.93 c 411.6 619.41 411.48 619.77 411.12 620.13 c 410.76 620.49 410.28 620.61 409.68 620.61 c 409.08 620.61 408.6 620.49 408.36 620.13 c 408 619.77 407.76 619.41 407.76 618.93 c 407.76 618.57 407.88 618.33 408 618.09 c 408.24 617.85 408.48 617.73 408.84 617.49 c 408.36 617.49 408.12 617.25 407.88 617.01 c h 408.96 619.65 m 409.08 619.89 409.44 619.89 409.68 619.89 c 410.04 619.89 410.28 619.89 410.52 619.65 c 410.64 619.41 410.76 619.17 410.76 618.93 c 410.76 618.57 410.64 618.33 410.52 618.21 c 410.28 617.97 410.04 617.85 409.68 617.85 c 409.44 617.85 409.08 617.97 408.96 618.21 c 408.72 618.33 408.6 618.57 408.6 618.93 c 408.6 619.17 408.72 619.41 408.96 619.65 c h 408.72 616.77 m 408.96 617.01 409.32 617.25 409.68 617.25 c 410.04 617.25 410.4 617.01 410.64 616.77 c 410.88 616.53 411 616.29 411 615.81 c 411 615.45 410.88 615.09 410.64 614.85 c 410.4 614.61 410.04 614.49 409.68 614.49 c 409.44 614.49 409.2 614.61 408.96 614.73 c 408.84 614.85 408.6 614.97 408.48 615.21 c 408.48 615.45 408.36 615.69 408.36 615.81 c 408.36 616.29 408.48 616.53 408.72 616.77 c h f 
434.16 574.53 m 433.68 574.53 l 433.56 574.29 433.32 573.93 432.96 573.69 c 432.6 573.33 432.24 573.09 431.76 572.85 c 431.76 572.13 l 432 572.25 432.24 572.37 432.6 572.49 c 432.96 572.73 433.2 572.85 433.32 573.09 c 433.32 567.93 l 434.16 567.93 l 434.16 574.53 l h f 
437.28 568.65 m 437.4 568.89 437.52 569.01 437.64 569.13 c 437.76 569.25 438.12 569.61 438.48 569.97 c 439.08 570.45 439.56 570.81 439.8 571.17 c 440.04 571.41 440.16 571.65 440.28 571.89 c 440.4 572.25 440.52 572.49 440.52 572.73 c 440.52 573.21 440.28 573.69 439.92 574.05 c 439.56 574.41 439.08 574.53 438.48 574.53 c 437.76 574.53 437.28 574.41 436.92 574.05 c 436.56 573.69 436.32 573.21 436.32 572.61 c 437.16 572.61 l 437.16 572.97 437.28 573.33 437.52 573.57 c 437.76 573.81 438 573.93 438.36 573.93 c 438.84 573.93 439.08 573.81 439.32 573.57 c 439.56 573.33 439.68 573.09 439.68 572.73 c 439.68 572.49 439.56 572.13 439.32 571.77 c 439.08 571.41 438.48 570.93 437.88 570.33 c 437.4 569.97 437.04 569.61 436.8 569.37 c 436.56 569.13 436.32 568.77 436.2 568.53 c 436.2 568.29 436.08 568.17 436.08 567.93 c 440.52 567.93 l 440.52 568.65 l 437.28 568.65 l h f 
q 0.12 0 0 -0.12 0 841.89 cm 7 w 1 J 1 j 0.925 0.008 0.553 SC 3565 2445 m 3565 2087 l 3124 1783 l 2851 2445 l 3565 2445 l h S Q 
1 w 0.141 0.125 0.129 sc 428.04 545.97 m 426.96 545.97 426.12 545.61 425.52 544.89 c 424.92 544.29 424.56 543.45 424.56 542.49 c 424.56 541.53 424.92 540.69 425.52 540.09 c 426.12 539.37 426.96 539.01 428.04 539.01 c 428.64 539.01 429.24 539.25 429.84 539.61 c 430.2 539.73 430.44 539.97 430.68 540.33 c 430.44 540.45 l 430.2 540.21 429.96 539.97 429.72 539.85 c 429.24 539.61 428.76 539.49 428.28 539.49 c 427.56 539.49 426.96 539.73 426.48 540.21 c 426 540.81 425.76 541.53 425.76 542.37 c 425.76 543.33 426 544.17 426.48 544.77 c 426.84 545.25 427.44 545.61 428.16 545.61 c 428.88 545.61 429.36 545.25 429.84 544.77 c 429.96 544.53 430.2 544.17 430.32 543.69 c 430.56 543.69 l 430.44 545.97 l 430.2 545.97 l 430.2 545.85 430.2 545.73 430.08 545.73 c 429.96 545.61 429.96 545.61 429.84 545.61 c 429.72 545.61 429.6 545.73 429.12 545.85 c 428.76 545.97 428.4 545.97 428.04 545.97 c h f 
430.8 593.01 m 430.8 598.17 l 430.8 598.41 430.8 598.41 430.92 598.53 c 431.04 598.53 431.16 598.65 431.4 598.65 c 432.24 598.65 432.96 598.41 433.56 597.93 c 434.16 597.45 434.52 596.61 434.52 595.53 c 434.52 594.45 434.16 593.61 433.32 593.13 c 432.84 592.77 432.12 592.65 431.4 592.65 c 431.16 592.65 431.04 592.65 430.92 592.77 c 430.8 592.77 430.8 592.89 430.8 593.01 c h 428.88 592.29 m 431.64 592.29 l 432.36 592.29 433.08 592.41 433.56 592.53 c 433.8 592.65 434.16 592.77 434.4 593.01 c 434.76 593.37 435.12 593.73 435.24 594.21 c 435.48 594.57 435.6 595.05 435.6 595.65 c 435.6 596.97 435 597.93 433.92 598.53 c 433.2 598.77 432.48 599.01 431.64 599.01 c 428.88 599.01 l 428.88 598.77 l 429.24 598.77 429.48 598.65 429.6 598.53 c 429.72 598.41 429.72 598.17 429.72 597.81 c 429.72 593.37 l 429.72 593.01 429.72 592.77 429.6 592.65 c 429.48 592.53 429.24 592.53 428.88 592.53 c 428.88 592.29 l h f 
342 539.49 m 341.64 539.49 341.4 539.61 341.28 539.61 c 341.28 539.73 341.16 539.73 341.16 539.97 c 341.16 542.49 l 341.28 542.49 341.28 542.49 341.4 542.49 c 341.4 542.49 341.52 542.49 341.64 542.49 c 342.24 542.49 342.84 542.37 343.2 542.13 c 343.56 542.01 343.8 541.53 343.8 541.05 c 343.8 540.45 343.68 540.09 343.32 539.85 c 342.96 539.61 342.48 539.49 342 539.49 c h 339.24 539.13 m 342.48 539.13 l 343.08 539.13 343.44 539.25 343.92 539.37 c 344.64 539.73 345 540.21 345 541.05 c 345 541.53 344.76 541.89 344.52 542.13 c 344.16 542.37 343.8 542.61 343.32 542.73 c 343.68 542.73 343.92 542.85 344.16 543.09 c 344.4 543.33 344.64 543.69 344.64 544.17 c 344.64 544.77 344.4 545.25 343.92 545.49 c 343.44 545.73 342.84 545.85 342 545.85 c 339.24 545.85 l 339.24 545.61 l 339.6 545.61 339.84 545.61 339.96 545.49 c 340.08 545.37 340.2 545.13 340.2 544.77 c 340.2 540.21 l 340.2 539.85 340.08 539.61 339.96 539.61 c 339.84 539.49 339.6 539.37 339.24 539.37 c 339.24 539.13 l h 342.12 542.85 m 341.16 542.85 l 341.16 545.13 l 341.16 545.25 341.16 545.37 341.28 545.49 c 341.28 545.49 341.4 545.49 341.64 545.49 c 342.12 545.49 342.6 545.37 342.84 545.37 c 343.32 545.13 343.56 544.65 343.56 544.05 c 343.56 543.57 343.32 543.21 342.96 542.97 c 342.72 542.97 342.48 542.85 342.12 542.85 c h f 
374.4 632.49 m 375.48 635.25 l 376.68 632.49 l 374.4 632.49 l h 374.28 629.97 m 374.28 630.09 l 374.04 630.21 373.92 630.21 373.8 630.21 c 373.68 630.33 373.68 630.45 373.68 630.57 c 373.68 630.69 373.68 630.81 373.68 630.93 c 373.8 631.05 373.92 631.41 374.16 632.13 c 376.8 632.13 l 377.28 631.17 l 377.28 631.05 377.28 630.93 377.4 630.81 c 377.4 630.69 377.4 630.57 377.4 630.57 c 377.4 630.33 377.4 630.21 377.28 630.21 c 377.16 630.21 377.04 630.21 376.68 630.09 c 376.68 629.97 l 379.32 629.97 l 379.32 630.09 l 379.08 630.21 378.84 630.21 378.72 630.33 c 378.72 630.45 378.6 630.69 378.36 631.05 c 375.84 636.69 l 375.72 636.69 l 373.56 631.77 l 373.32 631.05 373.08 630.57 372.96 630.45 c 372.84 630.21 372.6 630.21 372.36 630.09 c 372.36 629.97 l 374.28 629.97 l h f 
q 0.12 0 0 -0.12 0 841.89 cm 7 w 0 J 0 j 4 M 0.925 0.008 0.553 SC 3525 2445 m 3525 2406 l 3565 2406 l S Q 
1 w 0.141 0.125 0.129 sc 377.76 621.21 m 377.64 621.21 377.64 621.09 377.52 621.09 c 377.28 621.09 377.16 621.21 376.92 621.45 c 376.68 621.57 376.56 621.81 376.32 621.93 c 376.44 621.81 376.44 621.69 376.56 621.45 c 376.56 621.33 376.56 621.09 376.56 620.85 c 376.56 620.61 376.44 620.37 376.32 620.37 c 376.08 620.37 375.96 620.61 375.96 620.85 c 375.96 621.09 376.08 621.21 376.08 621.45 c 376.08 621.69 376.2 621.81 376.2 621.93 c 376.08 621.81 375.84 621.57 375.72 621.45 c 375.48 621.21 375.24 621.09 375.12 621.09 c 375 621.09 374.88 621.21 374.88 621.21 c 374.76 621.45 374.88 621.69 375.24 621.81 c 375.6 621.93 375.96 622.05 376.2 622.05 c 375.84 622.17 375.48 622.41 375.24 622.53 c 374.88 622.65 374.76 622.89 374.88 623.01 c 374.88 623.13 375 623.13 375 623.13 c 375.24 623.13 375.36 623.01 375.6 622.77 c 375.84 622.65 376.08 622.41 376.2 622.17 c 376.2 622.41 376.08 622.53 376.08 622.77 c 376.08 623.01 375.96 623.13 375.96 623.37 c 375.96 623.61 376.08 623.85 376.32 623.85 c 376.44 623.85 376.56 623.61 376.56 623.37 c 376.56 623.13 376.56 622.89 376.44 622.65 c 376.44 622.53 376.44 622.29 376.32 622.29 c 376.56 622.41 376.8 622.65 376.92 622.89 c 377.16 623.01 377.4 623.13 377.52 623.13 c 377.64 623.13 377.76 623.13 377.76 623.01 c 377.88 622.89 377.76 622.65 377.4 622.53 c 377.16 622.29 376.8 622.17 376.44 622.05 c 376.92 621.93 377.28 621.81 377.52 621.69 c 377.76 621.57 377.88 621.45 377.76 621.21 c h f 
349.08 553.17 m 349.44 552.81 l 346.68 550.05 l 346.2 550.41 l 349.08 553.17 l h f 
349.44 550.41 m 349.08 550.05 l 346.2 552.81 l 346.68 553.17 l 349.44 550.41 l h f 
q 0.12 0 0 -0.12 0 841.89 cm 7 w 1 J 1 j 0.925 0.008 0.553 SC 3532 2065 m 3528 2071 3525 2079 3525 2087 c 3525 2109 3543 2127 3565 2127 c S Q 
1 w 0.141 0.125 0.129 sc 324.36 518.13 m 323.88 518.37 l 323.88 518.61 323.88 518.61 324 518.73 c 324 518.85 324 518.97 324 518.97 c 324 519.09 323.88 519.21 323.76 519.33 c 323.76 519.45 323.64 519.57 323.52 519.57 c 323.4 519.69 323.28 519.81 323.16 519.81 c 322.56 520.17 322.32 520.65 322.32 521.13 c 322.32 521.49 322.44 521.85 322.68 522.21 c 322.8 522.57 323.04 522.93 323.4 523.17 c 323.76 523.41 324 523.53 324.36 523.53 c 324.96 523.53 325.32 523.29 325.68 522.93 c 325.8 522.81 325.8 522.69 325.8 522.45 c 325.8 522.21 325.68 521.97 325.44 521.85 c 325.2 521.97 325.08 522.21 324.96 522.21 c 324.72 522.33 324.48 522.33 324.24 522.33 c 323.88 522.33 323.64 522.21 323.4 522.09 c 323.04 521.85 322.92 521.49 322.8 521.13 c 323.04 521.13 323.16 521.01 323.4 520.89 c 323.52 520.77 323.76 520.65 324 520.65 c 324.12 520.53 324.24 520.41 324.36 520.29 c 324.48 520.17 324.6 520.05 324.6 519.81 c 324.72 519.69 324.72 519.57 324.72 519.45 c 324.72 519.09 324.6 518.61 324.36 518.13 c h 324.12 516.09 m 323.88 516.21 323.76 516.33 323.64 516.45 c 323.52 516.57 323.28 516.69 323.16 516.69 c 323.28 516.81 323.28 516.93 323.28 517.05 c 323.4 517.05 323.4 517.17 323.4 517.29 c 323.52 517.29 323.52 517.41 323.52 517.53 c 323.64 517.53 323.64 517.65 323.76 517.77 c 323.88 517.65 324 517.53 324.12 517.41 c 324.24 517.41 324.36 517.29 324.36 517.29 c 324.48 517.17 324.6 517.05 324.6 516.93 c 324.6 516.93 324.48 516.57 324.12 516.09 c h f 
q 0.12 0 0 -0.12 0 841.89 cm 1 j 0.141 0.125 0.129 SC 2782 2681 m 2771 2650 l 2759 2681 l 2782 2681 l h S Q 
q 0.12 0 0 -0.12 0 841.89 cm 1 w 1 j 0.141 0.125 0.129 SC 2739 2709 m 2739 2707 l 2741 2706 2743 2705 2744 2703 c 2746 2702 2748 2697 2751 2689 c 2772 2635 l 2774 2635 l 2800 2697 l 2802 2701 2803 2704 2804 2705 c 2805 2706 2807 2706 2809 2707 c 2809 2709 l 2783 2709 l 2783 2707 l 2786 2706 2788 2706 2789 2706 c 2790 2705 2790 2704 2790 2703 c 2790 2702 2790 2701 2790 2700 c 2789 2698 2789 2697 2788 2696 c 2784 2685 l 2757 2685 l 2755 2692 2753 2697 2752 2698 c 2752 2700 2752 2701 2752 2702 c 2752 2704 2752 2705 2754 2706 c 2755 2706 2756 2706 2759 2707 c 2759 2709 l 2739 2709 l h S Q 
q 0.12 0 0 -0.12 0 841.89 cm 1 w 1 j 0.141 0.125 0.129 SC 2840 2705 m 2845 2705 2850 2704 2853 2701 c 2857 2699 2859 2695 2859 2689 c 2859 2683 2856 2679 2852 2676 c 2848 2674 2843 2673 2837 2673 c 2835 2673 2834 2673 2834 2673 c 2833 2673 2833 2673 2832 2673 c 2832 2700 l 2832 2702 2832 2703 2833 2704 c 2834 2704 2836 2705 2840 2705 c h S Q 
q 0.12 0 0 -0.12 0 841.89 cm 1 w 1 j 0.141 0.125 0.129 SC 2811 2707 m 2816 2706 2818 2706 2819 2705 c 2821 2703 2821 2701 2821 2697 c 2821 2648 l 2821 2644 2821 2642 2819 2640 c 2818 2639 2816 2639 2811 2638 c 2811 2636 l 2840 2636 l 2848 2636 2855 2638 2860 2640 c 2864 2643 2867 2648 2867 2655 c 2867 2660 2865 2664 2862 2667 c 2860 2668 2857 2670 2853 2671 c 2858 2672 2862 2674 2865 2677 c 2869 2679 2870 2683 2870 2689 c 2870 2697 2867 2703 2859 2706 c 2855 2708 2850 2709 2845 2709 c 2811 2709 l 2811 2707 l h S Q 
q 0.12 0 0 -0.12 0 841.89 cm 1 w 1 j 0.141 0.125 0.129 SC 2841 2669 m 2845 2669 2848 2668 2850 2667 c 2854 2665 2856 2661 2856 2655 c 2856 2649 2854 2644 2849 2642 c 2846 2641 2842 2640 2836 2640 c 2834 2640 2833 2640 2832 2641 c 2832 2641 2832 2642 2832 2644 c 2832 2669 l 2841 2669 l h S Q 
q 0.12 0 0 -0.12 0 841.89 cm 1 w 1 j 0.141 0.125 0.129 SC 2915 2635 m 2918 2635 2922 2636 2926 2637 c 2930 2638 2932 2639 2933 2639 c 2934 2639 2935 2638 2935 2638 c 2936 2637 2937 2636 2937 2635 c 2939 2635 l 2940 2660 l 2938 2660 l 2937 2655 2935 2651 2933 2648 c 2928 2642 2923 2639 2916 2639 c 2909 2639 2903 2642 2898 2649 c 2894 2655 2891 2663 2891 2673 c 2891 2683 2894 2691 2899 2697 c 2903 2703 2909 2706 2917 2706 c 2922 2706 2927 2704 2931 2702 c 2934 2700 2937 2698 2940 2695 c 2942 2697 l 2939 2700 2937 2702 2933 2705 c 2928 2709 2921 2710 2915 2710 c 2904 2710 2895 2707 2888 2699 c 2882 2692 2879 2684 2879 2673 c 2879 2663 2883 2654 2889 2646 c 2896 2639 2904 2635 2915 2635 c h S Q 
q 0.12 0 0 -0.12 0 841.89 cm 1 w 1 j 0.141 0.125 0.129 SC 2965 2700 m 2965 2702 2966 2703 2966 2704 c 2967 2704 2969 2705 2971 2705 c 2979 2705 2986 2703 2991 2700 c 2999 2694 3003 2685 3003 2673 c 3003 2662 3000 2653 2993 2647 c 2988 2643 2980 2640 2971 2640 c 2969 2640 2967 2640 2966 2641 c 2966 2642 2965 2643 2965 2645 c 2965 2700 l h S Q 
q 0.12 0 0 -0.12 0 841.89 cm 1 w 1 j 0.141 0.125 0.129 SC 2946 2707 m 2949 2706 2952 2705 2953 2704 c 2954 2703 2955 2701 2955 2697 c 2955 2648 l 2955 2644 2954 2642 2953 2640 c 2952 2639 2950 2639 2946 2638 c 2946 2636 l 2973 2636 l 2983 2636 2990 2638 2997 2641 c 3009 2647 3014 2658 3014 2673 c 3014 2678 3013 2683 3011 2688 c 3009 2693 3006 2697 3002 2701 c 2999 2703 2996 2704 2993 2706 c 2988 2708 2982 2709 2974 2709 c 2946 2709 l 2946 2707 l h S Q 
1 w 0.141 0.125 0.129 sc 333.84 520.17 m 332.52 523.89 l 331.08 520.17 l 333.84 520.17 l h 328.68 516.81 m 328.68 517.05 l 328.92 517.17 329.16 517.29 329.28 517.53 c 329.52 517.65 329.76 518.25 330.12 519.21 c 332.64 525.69 l 332.88 525.69 l 336 518.25 l 336.24 517.77 336.36 517.41 336.48 517.29 c 336.6 517.17 336.84 517.17 337.08 517.05 c 337.08 516.81 l 333.96 516.81 l 333.96 517.05 l 334.32 517.17 334.56 517.17 334.68 517.17 c 334.8 517.29 334.8 517.41 334.8 517.53 c 334.8 517.65 334.8 517.77 334.8 517.89 c 334.68 518.13 334.68 518.25 334.56 518.37 c 334.08 519.69 l 330.84 519.69 l 330.6 518.85 330.36 518.25 330.24 518.13 c 330.24 517.89 330.24 517.77 330.24 517.65 c 330.24 517.41 330.24 517.29 330.48 517.17 c 330.6 517.17 330.72 517.17 331.08 517.05 c 331.08 516.81 l 328.68 516.81 l h f 
340.8 517.29 m 341.4 517.29 342 517.41 342.36 517.77 c 342.84 518.01 342.96 518.49 342.96 519.21 c 342.96 519.93 342.72 520.41 342.24 520.77 c 341.76 521.01 341.16 521.13 340.44 521.13 c 340.2 521.13 340.08 521.13 340.08 521.13 c 339.96 521.13 339.96 521.13 339.84 521.13 c 339.84 517.89 l 339.84 517.65 339.84 517.53 339.96 517.41 c 340.08 517.41 340.32 517.29 340.8 517.29 c h 337.32 517.05 m 337.92 517.17 338.16 517.17 338.28 517.29 c 338.52 517.53 338.52 517.77 338.52 518.25 c 338.52 524.13 l 338.52 524.61 338.52 524.85 338.28 525.09 c 338.16 525.21 337.92 525.21 337.32 525.33 c 337.32 525.57 l 340.8 525.57 l 341.76 525.57 342.6 525.33 343.2 525.09 c 343.68 524.73 344.04 524.13 344.04 523.29 c 344.04 522.69 343.8 522.21 343.44 521.85 c 343.2 521.73 342.84 521.49 342.36 521.37 c 342.96 521.25 343.44 521.01 343.8 520.65 c 344.28 520.41 344.4 519.93 344.4 519.21 c 344.4 518.25 344.04 517.53 343.08 517.17 c 342.6 516.93 342 516.81 341.4 516.81 c 337.32 516.81 l 337.32 517.05 l h 340.92 521.61 m 341.4 521.61 341.76 521.73 342 521.85 c 342.48 522.09 342.72 522.57 342.72 523.29 c 342.72 524.01 342.48 524.61 341.88 524.85 c 341.52 524.97 341.04 525.09 340.32 525.09 c 340.08 525.09 339.96 525.09 339.84 524.97 c 339.84 524.97 339.84 524.85 339.84 524.61 c 339.84 521.61 l 340.92 521.61 l h f 
349.8 525.69 m 350.16 525.69 350.64 525.57 351.12 525.45 c 351.6 525.33 351.84 525.21 351.96 525.21 c 352.08 525.21 352.2 525.33 352.2 525.33 c 352.32 525.45 352.44 525.57 352.44 525.69 c 352.68 525.69 l 352.8 522.69 l 352.56 522.69 l 352.44 523.29 352.2 523.77 351.96 524.13 c 351.36 524.85 350.76 525.21 349.92 525.21 c 349.08 525.21 348.36 524.85 347.76 524.01 c 347.28 523.29 346.92 522.33 346.92 521.13 c 346.92 519.93 347.28 518.97 347.76 518.25 c 348.36 517.53 349.08 517.17 350.04 517.17 c 350.64 517.17 351.24 517.41 351.72 517.65 c 352.08 517.89 352.44 518.13 352.8 518.49 c 353.04 518.25 l 352.68 517.89 352.44 517.65 351.96 517.29 c 351.24 516.81 350.52 516.69 349.8 516.69 c 348.48 516.69 347.4 517.05 346.56 518.01 c 345.84 518.85 345.48 519.81 345.48 521.13 c 345.48 522.33 345.96 523.41 346.68 524.37 c 347.52 525.21 348.48 525.69 349.8 525.69 c h 349.68 525.69 m 349.68 525.69 349.68 525.69 349.68 525.69 c h f 
355.8 517.89 m 355.8 517.65 355.92 517.53 355.92 517.41 c 356.04 517.41 356.28 517.29 356.52 517.29 c 357.48 517.29 358.32 517.53 358.92 517.89 c 359.88 518.61 360.36 519.69 360.36 521.13 c 360.36 522.45 360 523.53 359.16 524.25 c 358.56 524.73 357.6 525.09 356.52 525.09 c 356.28 525.09 356.04 525.09 355.92 524.97 c 355.92 524.85 355.8 524.73 355.8 524.49 c 355.8 517.89 l h 353.52 517.05 m 353.88 517.17 354.24 517.29 354.36 517.41 c 354.48 517.53 354.6 517.77 354.6 518.25 c 354.6 524.13 l 354.6 524.61 354.48 524.85 354.36 525.09 c 354.24 525.21 354 525.21 353.52 525.33 c 353.52 525.57 l 356.76 525.57 l 357.96 525.57 358.8 525.33 359.64 524.97 c 360.96 524.25 361.68 522.93 361.68 521.13 c 361.68 520.53 361.56 519.93 361.32 519.33 c 361.08 518.73 360.72 518.25 360.24 517.77 c 359.88 517.53 359.52 517.41 359.16 517.17 c 358.56 516.93 357.84 516.81 356.88 516.81 c 353.52 516.81 l 353.52 517.05 l h f 
367.68 513.45 m 367.2 513.45 366.72 513.57 366.36 513.81 c 366 514.05 365.64 514.29 365.4 514.65 c 365.28 515.01 365.16 515.37 365.16 515.73 c 365.16 516.09 365.16 516.33 365.28 516.57 c 365.4 516.81 365.52 517.05 365.64 517.29 c 365.88 517.53 366.12 517.77 366.36 518.01 c 366.36 518.13 366.24 518.13 366.24 518.13 c 366.24 518.25 366.12 518.25 366.12 518.37 c 366 518.49 365.88 518.73 365.76 518.85 c 365.64 518.97 365.64 519.09 365.52 519.21 c 365.4 519.33 365.4 519.33 365.28 519.45 c 365.28 519.45 365.16 519.57 365.16 519.57 c 364.92 519.45 l 364.8 519.69 364.68 519.81 364.68 520.05 c 364.68 520.29 364.8 520.41 364.92 520.53 c 365.04 520.65 365.16 520.77 365.4 520.89 c 365.52 521.01 365.76 521.13 366 521.13 c 366.24 521.25 366.6 521.37 366.84 521.37 c 367.2 521.37 367.56 521.25 367.8 521.13 c 368.04 521.01 368.16 520.77 368.4 520.65 c 368.52 520.41 368.64 520.17 368.64 519.81 c 368.64 519.57 368.52 519.21 368.4 518.97 c 368.16 518.61 367.92 518.37 367.56 518.13 c 367.8 518.01 368.04 518.01 368.28 518.01 c 368.52 517.89 368.76 517.89 369.24 517.89 c 369.24 517.89 369.36 517.89 369.36 517.77 c 369.36 517.05 l 369.36 516.93 369.24 516.93 369.24 516.93 c 368.88 516.93 368.52 516.93 368.16 516.93 c 367.92 517.05 367.68 517.05 367.44 517.17 c 367.2 517.29 366.96 517.41 366.84 517.53 c 366.36 517.29 366.12 517.05 365.88 516.69 c 365.76 516.45 365.64 516.21 365.64 515.85 c 365.64 515.49 365.76 515.13 366.12 514.89 c 366.48 514.65 367.08 514.53 367.8 514.53 c 367.92 514.53 368.16 514.53 368.4 514.53 c 368.52 514.65 368.76 514.65 369 514.65 c 369.24 514.77 369.48 514.77 369.84 514.89 c 369.96 514.53 l 369.6 514.29 369.24 514.05 369 513.93 c 368.76 513.81 368.52 513.69 368.28 513.57 c 368.04 513.57 367.92 513.45 367.68 513.45 c h 366.96 518.49 m 367.08 518.61 367.2 518.73 367.32 518.85 c 367.44 518.97 367.56 519.09 367.56 519.09 c 367.68 519.33 367.68 519.45 367.68 519.57 c 367.68 519.81 367.68 519.93 367.44 520.05 c 367.32 520.17 367.2 520.29 366.96 520.29 c 366.72 520.29 366.48 520.29 366.36 520.17 c 366.12 520.17 365.88 520.05 365.76 519.93 c 365.76 519.93 365.76 519.81 365.88 519.81 c 366 519.69 366 519.69 366.12 519.57 c 366.12 519.45 366.24 519.45 366.36 519.33 c 366.48 519.09 366.6 518.97 366.72 518.85 c 366.96 518.49 l h f 
369.12 516.93 m 369.12 516.93 369 516.93 369 516.93 c 369 517.89 l 369 517.89 369.12 517.89 369.12 517.89 c 369.36 517.89 369.48 518.01 369.72 518.01 c 369.96 518.01 370.08 518.13 370.32 518.25 c 370.2 518.61 370.2 519.21 370.08 519.93 c 370.08 520.65 369.96 521.49 369.84 522.45 c 369.84 522.69 369.84 522.93 369.84 523.17 c 369.84 523.41 369.72 523.65 369.72 524.01 c 369.84 524.13 370.08 524.25 370.2 524.37 c 370.32 524.37 370.44 524.49 370.68 524.61 c 370.68 524.25 370.68 523.89 370.68 523.41 c 370.68 522.93 370.68 522.33 370.68 521.73 c 370.68 521.13 370.68 520.41 370.68 519.69 c 370.68 519.45 370.68 519.21 370.68 518.97 c 370.68 518.73 370.68 518.49 370.68 518.25 c 371.04 518.01 371.4 517.89 371.88 517.89 c 372 517.89 372 517.89 372 517.89 c 372 516.93 l 372 516.93 372 516.93 371.88 516.93 c 371.28 516.93 370.92 517.05 370.56 517.29 c 370.32 517.17 370.2 517.05 369.96 516.93 c 369.72 516.93 369.48 516.93 369.12 516.93 c h f 
376.08 516.81 m 375.72 516.81 375.36 516.93 375 516.93 c 374.64 516.93 374.4 517.05 374.04 517.17 c 373.68 517.29 373.44 517.41 373.2 517.53 c 373.2 517.41 373.08 517.41 373.08 517.41 c 373.08 517.41 373.08 517.29 372.96 517.29 c 372.84 517.17 372.72 517.05 372.48 516.93 c 372.24 516.93 372 516.93 371.76 516.93 c 371.76 516.93 371.76 516.93 371.76 516.93 c 371.76 517.89 l 371.76 517.89 371.76 517.89 371.76 517.89 c 372 517.89 372.24 518.01 372.36 518.01 c 372.6 518.01 372.72 518.13 372.84 518.25 c 372.96 518.37 373.08 518.61 373.2 518.85 c 373.2 518.85 373.2 518.97 373.2 518.97 c 373.32 519.09 373.32 519.09 373.32 519.21 c 373.44 519.33 373.56 519.33 373.68 519.33 c 373.8 519.33 373.92 519.33 374.04 519.33 c 373.92 519.09 373.92 518.97 373.8 518.73 c 373.8 518.61 373.68 518.49 373.68 518.37 c 373.68 518.37 373.8 518.25 373.92 518.25 c 373.92 518.25 374.04 518.25 374.16 518.13 c 374.88 519.21 375.48 519.93 376.08 520.41 c 376.68 520.89 377.16 521.13 377.64 521.13 c 377.76 521.13 378 521.13 378.12 521.01 c 378.36 520.89 378.6 520.77 378.72 520.65 c 378.96 520.53 379.08 520.29 379.32 520.05 c 379.56 519.81 379.68 519.57 379.68 519.33 c 379.68 518.97 379.56 518.61 379.32 518.25 c 379.56 518.13 379.68 518.13 379.92 518.01 c 380.04 518.01 380.28 517.89 380.52 517.89 c 380.64 517.89 380.64 517.89 380.64 517.89 c 380.64 516.93 l 380.64 516.93 380.64 516.93 380.52 516.93 c 380.16 516.93 379.92 516.93 379.56 517.05 c 379.32 517.29 379.08 517.41 378.84 517.65 c 378.6 517.53 378.36 517.41 378.12 517.29 c 377.76 517.17 377.52 517.05 377.16 516.93 c 377.04 516.93 376.8 516.93 376.68 516.93 c 376.44 516.81 376.32 516.81 376.08 516.81 c h 376.2 517.89 m 376.68 517.89 377.16 517.89 377.64 518.13 c 378.12 518.25 378.6 518.49 379.08 518.85 c 378.84 519.21 378.6 519.45 378.24 519.69 c 378 519.93 377.64 520.05 377.4 520.05 c 377.04 520.05 376.68 519.93 376.2 519.57 c 375.72 519.21 375.24 518.73 374.76 518.01 c 375 518.01 375.24 517.89 375.48 517.89 c 375.72 517.89 375.96 517.89 376.2 517.89 c h 376.08 522.09 m 375.72 522.45 375.48 522.69 375.24 522.93 c 375.48 523.05 375.6 523.29 375.72 523.41 c 375.84 523.53 375.96 523.65 376.08 523.77 c 376.2 523.65 376.32 523.53 376.44 523.41 c 376.56 523.29 376.68 523.17 376.8 522.93 c 376.68 522.81 376.68 522.69 376.56 522.57 c 376.44 522.45 376.2 522.33 376.08 522.09 c h f 
383.88 516.81 m 383.52 516.81 383.16 516.93 382.8 516.93 c 382.44 517.05 382.08 517.17 381.84 517.29 c 381.6 517.05 381.24 517.05 381.12 516.93 c 380.88 516.93 380.64 516.93 380.4 516.93 c 380.4 516.93 380.4 516.93 380.4 516.93 c 380.4 517.89 l 380.4 517.89 380.4 517.89 380.4 517.89 c 380.52 517.89 380.64 517.89 380.76 518.01 c 380.88 518.01 381 518.01 381.12 518.01 c 381.12 518.13 381.12 518.13 381.12 518.13 c 381 518.25 381 518.25 381 518.25 c 381.12 518.49 381.12 518.85 381.24 519.09 c 381.36 519.33 381.48 519.57 381.6 519.81 c 381.84 520.05 381.96 520.29 382.2 520.53 c 382.44 520.77 382.8 520.89 383.04 520.89 c 383.16 520.89 383.28 520.77 383.4 520.65 c 383.52 520.53 383.52 520.41 383.64 520.29 c 383.64 520.17 383.76 520.05 383.76 519.93 c 383.88 519.69 383.88 519.57 384 519.45 c 384 519.09 384.12 518.85 384.24 518.73 c 384.36 518.49 384.48 518.25 384.6 518.13 c 384.72 518.01 384.84 517.89 384.96 517.89 c 385.08 517.89 385.08 517.89 385.08 517.77 c 385.08 517.05 l 385.08 516.93 385.08 516.93 384.96 516.93 c 384.6 516.93 384.24 517.05 384 517.41 c 383.88 516.81 l h 383.64 517.77 m 383.52 518.01 383.4 518.37 383.28 518.73 c 383.16 519.09 383.16 519.45 383.04 519.93 c 382.92 519.81 382.68 519.69 382.56 519.57 c 382.32 519.33 382.2 519.21 381.96 519.09 c 381.84 518.85 381.72 518.73 381.6 518.61 c 381.84 518.37 382.2 518.25 382.44 518.13 c 382.8 518.01 383.28 517.89 383.64 517.77 c h f 
384.84 516.93 m 384.84 516.93 384.84 516.93 384.84 516.93 c 384.84 517.89 l 384.84 517.89 384.84 517.89 384.84 517.89 c 385.32 517.89 385.68 518.01 386.04 518.25 c 386.04 518.49 386.04 518.73 386.04 519.09 c 386.04 519.33 385.92 519.57 385.92 519.81 c 385.92 520.41 385.8 521.01 385.68 521.73 c 385.68 522.33 385.56 523.17 385.44 524.01 c 385.56 524.13 385.68 524.25 385.8 524.25 c 386.04 524.37 386.16 524.49 386.4 524.61 c 386.4 524.13 386.4 523.65 386.4 523.05 c 386.4 522.57 386.52 521.97 386.52 521.37 c 386.52 520.77 386.52 520.29 386.52 519.81 c 386.52 519.33 386.52 518.97 386.64 518.49 c 386.64 518.37 386.52 518.13 386.52 517.89 c 386.4 517.65 386.28 517.53 386.16 517.29 c 386.16 517.17 385.92 517.05 385.8 517.05 c 385.56 516.93 385.2 516.93 384.84 516.93 c h f 
388.32 516.93 m 388.32 517.65 388.2 518.25 388.2 518.85 c 388.2 519.45 388.2 520.05 388.2 520.65 c 388.08 521.13 388.08 521.73 388.08 522.21 c 388.08 522.69 387.96 523.17 387.96 523.65 c 387.96 523.77 387.96 524.01 387.96 524.13 c 388.08 524.25 388.2 524.37 388.32 524.49 c 388.44 524.61 388.56 524.61 388.8 524.61 c 388.8 524.49 388.92 524.25 388.92 524.01 c 389.04 523.77 389.16 523.53 389.16 523.29 c 388.92 522.93 l 388.92 522.45 388.92 521.85 388.92 521.25 c 388.92 520.65 388.92 520.05 388.92 519.33 c 388.92 518.61 388.92 517.89 388.92 516.93 c 388.32 516.93 l h f 
394.92 513.93 m 394.08 513.93 393.6 514.05 393.12 514.41 c 392.76 514.89 392.52 515.37 392.52 516.09 c 392.52 516.21 392.52 516.45 392.52 516.57 c 392.52 516.69 392.64 516.81 392.64 517.05 c 392.64 517.17 392.76 517.41 392.76 517.65 c 393.24 517.53 l 393.12 517.17 393 516.93 393 516.69 c 393 516.21 393.24 515.73 393.6 515.37 c 393.84 515.13 394.32 515.01 394.92 515.01 c 395.52 515.01 396 515.01 396.36 515.13 c 396.84 515.13 397.2 515.25 397.56 515.37 c 397.68 515.37 397.8 515.49 398.04 515.61 c 398.16 515.61 398.28 515.73 398.4 515.85 c 398.16 515.97 397.92 516.09 397.68 516.21 c 397.56 516.33 397.32 516.45 397.2 516.57 c 396.96 516.69 396.84 516.81 396.72 516.93 c 396.6 517.05 396.48 517.17 396.48 517.17 c 396.48 517.29 396.48 517.29 396.48 517.41 c 396.6 517.53 396.6 517.65 396.72 517.77 c 396.72 517.89 396.72 517.89 396.84 518.01 c 396.84 518.13 396.96 518.13 396.96 518.13 c 397.2 518.13 397.56 518.01 397.92 518.01 c 398.4 517.89 398.88 517.89 399.24 517.89 c 399.36 517.89 399.36 517.89 399.36 517.77 c 399.36 517.05 l 399.36 516.93 399.36 516.93 399.24 516.93 c 399.12 516.93 399 516.93 398.76 516.93 c 398.52 516.93 398.4 516.93 398.16 516.93 c 397.92 517.05 397.8 517.05 397.68 517.05 c 397.8 517.05 397.92 516.93 398.04 516.81 c 398.16 516.81 398.28 516.69 398.4 516.69 c 398.52 516.57 398.64 516.57 398.64 516.45 c 398.76 516.45 398.76 516.33 398.88 516.21 c 398.88 516.09 398.88 515.97 398.88 515.85 c 398.88 515.61 398.76 515.49 398.64 515.25 c 398.4 515.01 398.16 514.89 397.8 514.65 c 397.56 514.53 397.08 514.29 396.72 514.17 c 396.12 513.93 395.4 513.93 394.92 513.93 c h f 
399.24 516.93 m 399.12 516.93 399.12 516.93 399.12 516.93 c 399.12 517.89 l 399.12 517.89 399.12 517.89 399.24 517.89 c 399.6 517.89 399.96 518.01 400.44 518.25 c 400.32 518.49 400.32 518.73 400.32 519.09 c 400.32 519.33 400.32 519.57 400.2 519.81 c 400.2 520.41 400.2 521.01 400.08 521.73 c 399.96 522.33 399.84 523.17 399.72 524.01 c 399.84 524.13 400.08 524.25 400.2 524.25 c 400.32 524.37 400.44 524.49 400.68 524.61 c 400.68 524.13 400.68 523.65 400.68 523.05 c 400.8 522.57 400.8 521.97 400.8 521.37 c 400.8 520.77 400.92 520.29 400.92 519.81 c 400.92 519.33 400.92 518.97 400.92 518.49 c 400.92 518.37 400.92 518.13 400.8 517.89 c 400.68 517.65 400.68 517.53 400.56 517.29 c 400.44 517.17 400.32 517.05 400.08 517.05 c 399.84 516.93 399.6 516.93 399.24 516.93 c h f 
402.6 516.93 m 402.6 517.65 402.6 518.25 402.6 518.85 c 402.48 519.45 402.48 520.05 402.48 520.65 c 402.48 521.13 402.48 521.73 402.36 522.21 c 402.36 522.69 402.36 523.17 402.24 523.65 c 402.24 523.77 402.24 524.01 402.36 524.13 c 402.36 524.25 402.48 524.37 402.6 524.49 c 402.72 524.61 402.96 524.61 403.08 524.61 c 403.2 524.49 403.2 524.25 403.32 524.01 c 403.32 523.77 403.44 523.53 403.56 523.29 c 403.2 522.93 l 403.2 522.45 403.2 521.85 403.2 521.25 c 403.2 520.65 403.2 520.05 403.2 519.33 c 403.2 518.61 403.2 517.89 403.2 516.93 c 402.6 516.93 l h 402.24 514.05 m 402.24 514.53 l 402.72 514.77 l 402.36 514.89 402.24 515.01 402.24 515.25 c 402.24 515.37 402.36 515.61 402.36 515.73 c 402.48 515.85 402.6 515.97 402.72 516.09 c 402.84 516.09 402.96 516.21 403.08 516.21 c 403.32 516.21 403.44 515.97 403.44 515.73 c 403.44 515.61 403.44 515.49 403.44 515.37 c 403.2 515.49 l 403.2 515.49 l 403.2 515.61 403.2 515.61 403.08 515.61 c 402.96 515.61 402.84 515.61 402.84 515.49 c 402.72 515.49 402.72 515.37 402.6 515.25 c 402.72 515.13 402.96 515.01 403.08 515.01 c 403.2 515.01 403.32 515.01 403.32 515.01 c 403.44 515.01 403.56 515.13 403.68 515.13 c 403.56 514.65 l 403.44 514.53 403.2 514.53 403.08 514.53 c 402.96 514.41 402.84 514.41 402.72 514.29 c 402.6 514.29 402.48 514.17 402.24 514.05 c h f 
q 0.12 0 0 -0.12 0 841.89 cm 1 j 0.141 0.125 0.129 SC 3388 2707 m 3392 2706 3395 2706 3396 2704 c 3397 2703 3397 2700 3397 2696 c 3397 2648 l 3397 2644 3397 2642 3396 2641 c 3395 2639 3392 2639 3388 2638 c 3388 2636 l 3417 2636 l 3417 2638 l 3413 2639 3411 2639 3409 2640 c 3408 2642 3408 2644 3408 2648 c 3408 2671 l 3414 2665 3419 2660 3423 2656 c 3430 2649 3434 2644 3434 2642 c 3434 2640 3433 2639 3432 2639 c 3431 2639 3429 2638 3427 2638 c 3427 2636 l 3454 2636 l 3454 2638 l 3451 2639 3448 2639 3446 2640 c 3444 2641 3442 2644 3438 2647 c 3418 2667 l 3443 2695 l 3447 2700 3450 2703 3452 2704 c 3453 2706 3456 2706 3459 2707 c 3459 2709 l 3427 2709 l 3427 2707 l 3430 2707 3432 2706 3433 2706 c 3434 2706 3435 2705 3435 2704 c 3435 2703 3434 2702 3434 2701 c 3433 2700 3432 2698 3431 2697 c 3411 2674 l 3408 2677 l 3408 2697 l 3408 2701 3408 2704 3409 2705 c 3411 2706 3413 2706 3417 2707 c 3417 2709 l 3388 2709 l 3388 2707 l h S Q 
q 0.12 0 0 -0.12 0 841.89 cm 1 w 1 j 0.141 0.125 0.129 SC 3460 2707 m 3464 2706 3467 2705 3468 2704 c 3469 2703 3469 2701 3469 2697 c 3469 2648 l 3469 2644 3469 2642 3468 2641 c 3467 2639 3464 2639 3460 2638 c 3460 2636 l 3489 2636 l 3489 2638 l 3486 2639 3483 2639 3482 2640 c 3480 2641 3480 2644 3480 2647 c 3480 2700 l 3480 2701 3480 2702 3480 2703 c 3481 2703 3482 2704 3483 2704 c 3484 2704 3484 2704 3485 2704 c 3486 2704 3488 2704 3490 2704 c 3499 2704 3505 2704 3508 2702 c 3512 2700 3515 2696 3518 2690 c 3520 2690 l 3515 2709 l 3460 2709 l 3460 2707 l h S Q 
q 0.12 0 0 -0.12 0 841.89 cm 1 w 1 j 0.141 0.125 0.129 SC 3522 2707 m 3526 2706 3529 2705 3530 2703 c 3531 2702 3532 2698 3532 2692 c 3532 2648 l 3532 2644 3531 2642 3530 2640 c 3529 2639 3526 2639 3522 2638 c 3522 2636 l 3542 2636 l 3566 2691 l 3589 2636 l 3609 2636 l 3609 2638 l 3605 2639 3603 2639 3602 2641 c 3601 2642 3600 2644 3600 2648 c 3600 2697 l 3600 2701 3601 2703 3602 2704 c 3603 2705 3605 2706 3609 2707 c 3609 2709 l 3580 2709 l 3580 2707 l 3584 2706 3587 2705 3588 2704 c 3589 2703 3590 2700 3590 2695 c 3590 2646 l 3563 2709 l 3562 2709 l 3536 2649 l 3536 2692 l 3536 2698 3537 2702 3539 2704 c 3540 2705 3542 2706 3546 2707 c 3546 2709 l 3522 2709 l 3522 2707 l h S Q 
q 0.12 0 0 -0.12 0 841.89 cm 1 w 1 j 0.141 0.125 0.129 SC 3612 2707 m 3616 2706 3619 2705 3620 2703 c 3621 2702 3622 2698 3622 2692 c 3622 2644 l 3620 2643 l 3619 2641 3617 2640 3616 2639 c 3615 2639 3614 2638 3612 2638 c 3612 2636 l 3629 2636 l 3669 2689 l 3669 2652 l 3669 2646 3668 2642 3666 2641 c 3665 2639 3663 2639 3659 2638 c 3659 2636 l 3683 2636 l 3683 2638 l 3679 2639 3676 2640 3675 2641 c 3674 2643 3673 2647 3673 2652 c 3673 2710 l 3671 2710 l 3626 2650 l 3626 2692 l 3626 2698 3627 2702 3629 2704 c 3630 2705 3632 2706 3636 2707 c 3636 2709 l 3612 2709 l 3612 2707 l h S Q 
1 w 0.141 0.125 0.129 sc 406.56 517.05 m 407.04 517.17 407.4 517.17 407.52 517.41 c 407.64 517.53 407.64 517.89 407.64 518.37 c 407.64 524.13 l 407.64 524.61 407.64 524.85 407.52 524.97 c 407.4 525.21 407.04 525.21 406.56 525.33 c 406.56 525.57 l 410.04 525.57 l 410.04 525.33 l 409.56 525.21 409.32 525.21 409.08 525.09 c 408.96 524.85 408.96 524.61 408.96 524.13 c 408.96 521.37 l 409.68 522.09 410.28 522.69 410.76 523.17 c 411.6 524.01 412.08 524.61 412.08 524.85 c 412.08 525.09 411.96 525.21 411.84 525.21 c 411.72 525.21 411.48 525.33 411.24 525.33 c 411.24 525.57 l 414.48 525.57 l 414.48 525.33 l 414.12 525.21 413.76 525.21 413.52 525.09 c 413.28 524.97 413.04 524.61 412.56 524.25 c 410.16 521.85 l 413.16 518.49 l 413.64 517.89 414 517.53 414.24 517.41 c 414.36 517.17 414.72 517.17 415.08 517.05 c 415.08 516.81 l 411.24 516.81 l 411.24 517.05 l 411.6 517.05 411.84 517.17 411.96 517.17 c 412.08 517.17 412.2 517.29 412.2 517.41 c 412.2 517.53 412.08 517.65 412.08 517.77 c 411.96 517.89 411.84 518.13 411.72 518.25 c 409.32 521.01 l 408.96 520.65 l 408.96 518.25 l 408.96 517.77 408.96 517.41 409.08 517.29 c 409.32 517.17 409.56 517.17 410.04 517.05 c 410.04 516.81 l 406.56 516.81 l 406.56 517.05 l h f 
415.2 517.05 m 415.68 517.17 416.04 517.29 416.16 517.41 c 416.28 517.53 416.28 517.77 416.28 518.25 c 416.28 524.13 l 416.28 524.61 416.28 524.85 416.16 524.97 c 416.04 525.21 415.68 525.21 415.2 525.33 c 415.2 525.57 l 418.68 525.57 l 418.68 525.33 l 418.2 525.21 417.96 525.21 417.84 525.09 c 417.6 524.97 417.6 524.61 417.6 524.25 c 417.6 517.89 l 417.6 517.77 417.6 517.65 417.6 517.53 c 417.72 517.53 417.84 517.41 417.96 517.41 c 418.08 517.41 418.08 517.41 418.2 517.41 c 418.32 517.41 418.56 517.41 418.8 517.41 c 419.88 517.41 420.6 517.41 420.96 517.65 c 421.44 517.89 421.8 518.37 422.16 519.09 c 422.4 519.09 l 421.8 516.81 l 415.2 516.81 l 415.2 517.05 l h f 
422.64 517.05 m 423.12 517.17 423.48 517.29 423.6 517.53 c 423.72 517.65 423.84 518.13 423.84 518.85 c 423.84 524.13 l 423.84 524.61 423.72 524.85 423.6 525.09 c 423.48 525.21 423.12 525.21 422.64 525.33 c 422.64 525.57 l 425.04 525.57 l 427.92 518.97 l 430.68 525.57 l 433.08 525.57 l 433.08 525.33 l 432.6 525.21 432.36 525.21 432.24 524.97 c 432.12 524.85 432 524.61 432 524.13 c 432 518.25 l 432 517.77 432.12 517.53 432.24 517.41 c 432.36 517.29 432.6 517.17 433.08 517.05 c 433.08 516.81 l 429.6 516.81 l 429.6 517.05 l 430.08 517.17 430.44 517.29 430.56 517.41 c 430.68 517.53 430.8 517.89 430.8 518.49 c 430.8 524.37 l 427.56 516.81 l 427.44 516.81 l 424.32 524.01 l 424.32 518.85 l 424.32 518.13 424.44 517.65 424.68 517.41 c 424.8 517.29 425.04 517.17 425.52 517.05 c 425.52 516.81 l 422.64 516.81 l 422.64 517.05 l h f 
433.44 517.05 m 433.92 517.17 434.28 517.29 434.4 517.53 c 434.52 517.65 434.64 518.13 434.64 518.85 c 434.64 524.61 l 434.4 524.73 l 434.28 524.97 434.04 525.09 433.92 525.21 c 433.8 525.21 433.68 525.33 433.44 525.33 c 433.44 525.57 l 435.48 525.57 l 440.28 519.21 l 440.28 523.65 l 440.28 524.37 440.16 524.85 439.92 524.97 c 439.8 525.21 439.56 525.21 439.08 525.33 c 439.08 525.57 l 441.96 525.57 l 441.96 525.33 l 441.48 525.21 441.12 525.09 441 524.97 c 440.88 524.73 440.76 524.25 440.76 523.65 c 440.76 516.69 l 440.52 516.69 l 435.12 523.89 l 435.12 518.85 l 435.12 518.13 435.24 517.65 435.48 517.41 c 435.6 517.29 435.84 517.17 436.32 517.05 c 436.32 516.81 l 433.44 516.81 l 433.44 517.05 l h f 
447.72 513.45 m 447.12 513.45 446.76 513.57 446.28 513.81 c 445.92 514.05 445.68 514.29 445.44 514.65 c 445.2 515.01 445.2 515.37 445.2 515.73 c 445.2 516.09 445.2 516.33 445.32 516.57 c 445.32 516.81 445.44 517.05 445.68 517.29 c 445.8 517.53 446.04 517.77 446.4 518.01 c 446.28 518.13 446.28 518.13 446.28 518.13 c 446.16 518.25 446.16 518.25 446.16 518.37 c 446.04 518.49 445.92 518.73 445.8 518.85 c 445.68 518.97 445.56 519.09 445.44 519.21 c 445.44 519.33 445.32 519.33 445.32 519.45 c 445.2 519.45 445.2 519.57 445.08 519.57 c 444.96 519.45 l 444.84 519.69 444.72 519.81 444.72 520.05 c 444.72 520.29 444.72 520.41 444.84 520.53 c 444.96 520.65 445.2 520.77 445.32 520.89 c 445.56 521.01 445.68 521.13 445.92 521.13 c 446.28 521.25 446.52 521.37 446.88 521.37 c 447.24 521.37 447.48 521.25 447.72 521.13 c 447.96 521.01 448.2 520.77 448.32 520.65 c 448.44 520.41 448.56 520.17 448.56 519.81 c 448.56 519.57 448.44 519.21 448.32 518.97 c 448.2 518.61 447.96 518.37 447.6 518.13 c 447.72 518.01 447.96 518.01 448.2 518.01 c 448.44 517.89 448.8 517.89 449.16 517.89 c 449.28 517.89 449.28 517.89 449.28 517.77 c 449.28 517.05 l 449.28 516.93 449.28 516.93 449.16 516.93 c 448.8 516.93 448.44 516.93 448.2 516.93 c 447.96 517.05 447.72 517.05 447.48 517.17 c 447.24 517.29 447 517.41 446.76 517.53 c 446.4 517.29 446.04 517.05 445.92 516.69 c 445.68 516.45 445.56 516.21 445.56 515.85 c 445.56 515.49 445.8 515.13 446.16 514.89 c 446.52 514.65 447 514.53 447.72 514.53 c 447.96 514.53 448.2 514.53 448.32 514.53 c 448.56 514.65 448.8 514.65 448.92 514.65 c 449.16 514.77 449.52 514.77 449.76 514.89 c 450 514.53 l 449.52 514.29 449.28 514.05 448.92 513.93 c 448.68 513.81 448.44 513.69 448.32 513.57 c 448.08 513.57 447.84 513.45 447.72 513.45 c h 447 518.49 m 447.12 518.61 447.24 518.73 447.36 518.85 c 447.36 518.97 447.48 519.09 447.48 519.09 c 447.6 519.33 447.72 519.45 447.72 519.57 c 447.72 519.81 447.6 519.93 447.48 520.05 c 447.36 520.17 447.12 520.29 446.88 520.29 c 446.76 520.29 446.52 520.29 446.28 520.17 c 446.16 520.17 445.92 520.05 445.68 519.93 c 445.68 519.93 445.8 519.81 445.92 519.81 c 445.92 519.69 446.04 519.69 446.04 519.57 c 446.16 519.45 446.28 519.45 446.28 519.33 c 446.4 519.09 446.52 518.97 446.64 518.85 c 447 518.49 l h f 
449.16 516.93 m 449.04 516.93 449.04 516.93 449.04 516.93 c 449.04 517.89 l 449.04 517.89 449.04 517.89 449.16 517.89 c 449.28 517.89 449.52 518.01 449.64 518.01 c 449.88 518.01 450.12 518.13 450.24 518.25 c 450.24 518.61 450.12 519.21 450.12 519.93 c 450 520.65 449.88 521.49 449.88 522.45 c 449.88 522.69 449.76 522.93 449.76 523.17 c 449.76 523.41 449.76 523.65 449.76 524.01 c 449.88 524.13 450 524.25 450.12 524.37 c 450.36 524.37 450.48 524.49 450.6 524.61 c 450.6 524.25 450.72 523.89 450.72 523.41 c 450.72 522.93 450.72 522.33 450.72 521.73 c 450.72 521.13 450.72 520.41 450.72 519.69 c 450.72 519.45 450.72 519.21 450.72 518.97 c 450.72 518.73 450.72 518.49 450.72 518.25 c 451.08 518.01 451.44 517.89 451.8 517.89 c 451.92 517.89 451.92 517.89 451.92 517.89 c 451.92 516.93 l 451.92 516.93 451.92 516.93 451.8 516.93 c 451.32 516.93 450.84 517.05 450.6 517.29 c 450.36 517.17 450.12 517.05 449.88 516.93 c 449.64 516.93 449.4 516.93 449.16 516.93 c h f 
456.12 516.81 m 455.76 516.81 455.4 516.93 455.04 516.93 c 454.68 516.93 454.32 517.05 453.96 517.17 c 453.72 517.29 453.36 517.41 453.12 517.53 c 453.12 517.41 453.12 517.41 453.12 517.41 c 453 517.41 453 517.29 453 517.29 c 452.88 517.17 452.64 517.05 452.52 516.93 c 452.28 516.93 452.04 516.93 451.8 516.93 c 451.68 516.93 451.68 516.93 451.68 516.93 c 451.68 517.89 l 451.68 517.89 451.68 517.89 451.8 517.89 c 452.04 517.89 452.16 518.01 452.4 518.01 c 452.52 518.01 452.64 518.13 452.76 518.25 c 452.88 518.37 453 518.61 453.12 518.85 c 453.12 518.85 453.24 518.97 453.24 518.97 c 453.24 519.09 453.24 519.09 453.36 519.21 c 453.36 519.33 453.48 519.33 453.72 519.33 c 453.84 519.33 453.84 519.33 453.96 519.33 c 453.96 519.09 453.84 518.97 453.84 518.73 c 453.72 518.61 453.72 518.49 453.6 518.37 c 453.72 518.37 453.84 518.25 453.84 518.25 c 453.96 518.25 454.08 518.25 454.08 518.13 c 454.8 519.21 455.52 519.93 456.12 520.41 c 456.6 520.89 457.2 521.13 457.68 521.13 c 457.8 521.13 457.92 521.13 458.16 521.01 c 458.28 520.89 458.52 520.77 458.76 520.65 c 458.88 520.53 459.12 520.29 459.24 520.05 c 459.48 519.81 459.6 519.57 459.6 519.33 c 459.6 518.97 459.48 518.61 459.36 518.25 c 459.48 518.13 459.72 518.13 459.84 518.01 c 460.08 518.01 460.32 517.89 460.56 517.89 c 460.56 517.89 460.56 517.89 460.56 517.89 c 460.56 516.93 l 460.56 516.93 460.56 516.93 460.56 516.93 c 460.2 516.93 459.84 516.93 459.6 517.05 c 459.24 517.29 459 517.41 458.76 517.65 c 458.64 517.53 458.4 517.41 458.04 517.29 c 457.8 517.17 457.44 517.05 457.2 516.93 c 456.96 516.93 456.84 516.93 456.6 516.93 c 456.48 516.81 456.24 516.81 456.12 516.81 c h 456.24 517.89 m 456.72 517.89 457.2 517.89 457.68 518.13 c 458.16 518.25 458.64 518.49 459.12 518.85 c 458.88 519.21 458.52 519.45 458.28 519.69 c 457.92 519.93 457.68 520.05 457.32 520.05 c 456.96 520.05 456.6 519.93 456.12 519.57 c 455.76 519.21 455.28 518.73 454.68 518.01 c 454.92 518.01 455.28 517.89 455.52 517.89 c 455.76 517.89 456 517.89 456.24 517.89 c h 456.12 522.09 m 455.76 522.45 455.52 522.69 455.28 522.93 c 455.4 523.05 455.64 523.29 455.76 523.41 c 455.88 523.53 456 523.65 456 523.77 c 456.12 523.65 456.24 523.53 456.36 523.41 c 456.48 523.29 456.6 523.17 456.84 522.93 c 456.72 522.81 456.6 522.69 456.48 522.57 c 456.36 522.45 456.24 522.33 456.12 522.09 c h f 
463.8 516.81 m 463.44 516.81 463.08 516.93 462.72 516.93 c 462.36 517.05 462.12 517.17 461.88 517.29 c 461.52 517.05 461.28 517.05 461.04 516.93 c 460.92 516.93 460.68 516.93 460.44 516.93 c 460.32 516.93 460.32 516.93 460.32 516.93 c 460.32 517.89 l 460.32 517.89 460.32 517.89 460.44 517.89 c 460.56 517.89 460.68 517.89 460.8 518.01 c 460.8 518.01 460.92 518.01 461.04 518.01 c 461.04 518.13 461.04 518.13 461.04 518.13 c 461.04 518.25 461.04 518.25 461.04 518.25 c 461.04 518.49 461.16 518.85 461.16 519.09 c 461.28 519.33 461.4 519.57 461.64 519.81 c 461.76 520.05 462 520.29 462.12 520.53 c 462.48 520.77 462.72 520.89 463.08 520.89 c 463.2 520.89 463.32 520.77 463.32 520.65 c 463.44 520.53 463.56 520.41 463.56 520.29 c 463.68 520.17 463.68 520.05 463.8 519.93 c 463.8 519.69 463.92 519.57 463.92 519.45 c 464.04 519.09 464.16 518.85 464.16 518.73 c 464.28 518.49 464.4 518.25 464.52 518.13 c 464.64 518.01 464.76 517.89 465 517.89 c 465 517.89 465.12 517.89 465.12 517.77 c 465.12 517.05 l 465.12 516.93 465 516.93 465 516.93 c 464.64 516.93 464.28 517.05 463.92 517.41 c 463.8 516.81 l h 463.68 517.77 m 463.56 518.01 463.44 518.37 463.32 518.73 c 463.2 519.09 463.08 519.45 463.08 519.93 c 462.84 519.81 462.72 519.69 462.48 519.57 c 462.36 519.33 462.12 519.21 462 519.09 c 461.76 518.85 461.64 518.73 461.64 518.61 c 461.88 518.37 462.12 518.25 462.48 518.13 c 462.84 518.01 463.2 517.89 463.68 517.77 c h f 
464.88 516.93 m 464.76 516.93 464.76 516.93 464.76 516.93 c 464.76 517.89 l 464.76 517.89 464.76 517.89 464.88 517.89 c 465.24 517.89 465.72 518.01 466.08 518.25 c 466.08 518.49 465.96 518.73 465.96 519.09 c 465.96 519.33 465.96 519.57 465.96 519.81 c 465.84 520.41 465.84 521.01 465.72 521.73 c 465.6 522.33 465.48 523.17 465.36 524.01 c 465.6 524.13 465.72 524.25 465.84 524.25 c 465.96 524.37 466.2 524.49 466.32 524.61 c 466.32 524.13 466.32 523.65 466.44 523.05 c 466.44 522.57 466.44 521.97 466.44 521.37 c 466.56 520.77 466.56 520.29 466.56 519.81 c 466.56 519.33 466.56 518.97 466.56 518.49 c 466.56 518.37 466.56 518.13 466.44 517.89 c 466.44 517.65 466.32 517.53 466.2 517.29 c 466.08 517.17 465.96 517.05 465.72 517.05 c 465.48 516.93 465.24 516.93 464.88 516.93 c h f 
468.24 516.93 m 468.24 517.65 468.24 518.25 468.24 518.85 c 468.24 519.45 468.12 520.05 468.12 520.65 c 468.12 521.13 468.12 521.73 468 522.21 c 468 522.69 468 523.17 467.88 523.65 c 467.88 523.77 467.88 524.01 468 524.13 c 468 524.25 468.12 524.37 468.24 524.49 c 468.36 524.61 468.6 524.61 468.84 524.61 c 468.84 524.49 468.84 524.25 468.96 524.01 c 469.08 523.77 469.08 523.53 469.2 523.29 c 468.84 522.93 l 468.84 522.45 468.84 521.85 468.96 521.25 c 468.96 520.65 468.96 520.05 468.96 519.33 c 468.84 518.61 468.84 517.89 468.84 516.93 c 468.24 516.93 l h f 
476.76 516.93 m 476.4 516.93 476.04 516.93 475.8 517.17 c 475.44 517.29 475.32 517.53 475.32 517.89 c 475.2 518.13 l 474.84 517.29 l 474.6 517.29 474.36 517.29 474.24 517.41 c 474.12 517.41 474 517.41 473.88 517.41 c 473.76 517.53 473.64 517.53 473.52 517.53 c 473.4 517.65 473.28 517.65 473.16 517.77 c 472.92 517.89 472.8 518.01 472.68 518.13 c 472.56 518.25 472.56 518.25 472.56 518.37 c 472.56 518.49 472.56 518.61 472.56 518.73 c 472.68 518.85 472.68 518.97 472.8 519.21 c 472.8 519.33 472.92 519.45 472.92 519.57 c 472.92 519.69 473.04 519.81 473.28 519.93 c 473.4 520.17 473.64 520.29 473.88 520.53 c 474.24 520.77 474.48 520.89 474.72 521.01 c 474.72 521.37 l 474.84 521.49 474.96 521.49 475.08 521.61 c 475.08 521.73 475.2 521.73 475.32 521.85 c 475.44 521.85 475.56 521.97 475.56 521.97 c 475.56 521.37 475.68 520.77 475.68 520.17 c 475.68 519.45 475.68 518.85 475.68 518.25 c 476.04 518.01 476.4 517.89 476.76 517.89 c 476.88 517.89 476.88 517.89 476.88 517.89 c 476.88 516.93 l 476.88 516.93 476.88 516.93 476.76 516.93 c h 475.2 518.37 m 475.08 518.61 475.08 518.97 475.08 519.21 c 474.96 519.57 474.96 519.81 474.84 520.17 c 474.12 519.81 473.52 519.45 473.16 518.97 c 473.28 518.85 473.52 518.73 473.76 518.61 c 474 518.49 474.24 518.49 474.48 518.49 c 474.6 518.49 474.72 518.37 474.84 518.37 c 474.96 518.37 475.08 518.37 475.2 518.37 c h f 
476.76 516.93 m 476.64 516.93 476.64 516.93 476.64 516.93 c 476.64 517.89 l 476.64 517.89 476.64 517.89 476.76 517.89 c 477 517.89 477.36 518.01 477.72 518.01 c 478.08 518.13 478.44 518.25 478.68 518.37 c 478.56 518.49 478.56 518.73 478.44 518.97 c 478.32 519.09 478.32 519.33 478.2 519.57 c 478.08 519.69 478.08 519.93 478.08 520.05 c 477.96 520.17 477.96 520.17 477.96 520.29 c 477.96 520.53 478.08 520.65 478.2 520.89 c 478.32 521.01 478.56 521.25 478.8 521.37 c 478.8 521.13 478.8 521.01 478.92 520.77 c 478.92 520.53 479.04 520.17 479.04 519.81 c 479.04 519.57 479.16 519.45 479.16 519.21 c 479.16 519.09 479.16 518.85 479.16 518.73 c 479.16 518.61 479.16 518.49 479.04 518.25 c 479.04 518.01 478.92 517.77 478.8 517.53 c 478.08 517.05 477.48 516.93 476.76 516.93 c h 478.2 514.41 m 478.08 514.53 477.96 514.65 477.84 514.77 c 477.72 515.01 477.6 515.13 477.48 515.25 c 477.6 515.37 477.72 515.49 477.84 515.61 c 477.96 515.85 478.08 515.97 478.2 516.09 c 478.44 515.85 478.68 515.49 478.92 515.25 c 478.92 515.13 478.8 515.01 478.68 514.89 c 478.56 514.77 478.44 514.53 478.2 514.41 c h f 
482.52 516.93 m 482.16 516.93 481.92 516.93 481.68 517.05 c 481.44 517.17 481.32 517.29 481.08 517.53 c 480.96 517.65 480.96 517.89 480.84 518.13 c 480.84 518.37 480.84 518.61 480.84 518.85 c 480.84 519.21 480.72 519.45 480.72 519.81 c 480.72 520.17 480.72 520.65 480.6 521.01 c 480.6 521.49 480.6 521.97 480.48 522.45 c 480.48 522.93 480.48 523.41 480.36 524.01 c 480.48 524.01 480.72 524.13 480.84 524.25 c 480.96 524.37 481.2 524.49 481.32 524.61 c 481.32 524.01 481.32 523.41 481.32 522.93 c 481.44 522.33 481.44 521.73 481.44 521.01 c 481.44 520.41 481.44 519.81 481.44 519.09 c 481.44 518.25 l 481.68 518.13 481.8 518.01 481.92 518.01 c 482.16 518.01 482.28 517.89 482.52 517.89 c 482.64 517.89 482.64 517.89 482.64 517.89 c 482.64 516.93 l 482.64 516.93 482.64 516.93 482.52 516.93 c h f 
484.92 516.81 m 484.68 516.81 484.44 516.93 484.2 516.93 c 483.96 517.05 483.84 517.05 483.6 517.17 c 483.48 517.17 483.36 517.05 483.12 516.93 c 482.88 516.93 482.64 516.93 482.4 516.93 c 482.4 516.93 482.4 516.93 482.4 516.93 c 482.4 517.89 l 482.4 517.89 482.4 517.89 482.4 517.89 c 482.64 517.89 482.88 517.89 483 518.01 c 483.12 518.01 483.24 518.13 483.36 518.25 c 483.48 518.25 483.6 518.37 483.72 518.49 c 483.72 518.61 483.84 518.85 483.96 519.09 c 483.96 519.09 484.08 519.21 484.08 519.21 c 484.2 519.21 484.2 519.21 484.32 519.21 c 484.44 519.21 484.56 519.21 484.68 519.21 c 484.56 518.85 484.44 518.73 484.32 518.49 c 484.32 518.25 484.2 518.13 484.2 518.01 c 484.2 518.01 484.32 518.01 484.44 517.89 c 484.68 517.89 484.8 517.89 485.04 517.89 c 485.16 517.89 485.28 517.89 485.4 517.89 c 485.52 517.89 485.64 518.01 485.76 518.01 c 485.88 518.13 485.88 518.25 486 518.37 c 486 518.61 486.12 518.73 486.12 518.97 c 486.24 519.21 486.24 519.45 486.36 519.57 c 486.36 519.69 486.48 519.81 486.6 519.81 c 486.6 519.93 486.72 519.93 486.84 519.93 c 486.96 519.93 487.08 519.93 487.08 519.81 c 487.08 519.69 486.96 519.45 486.96 519.21 c 486.84 518.97 486.72 518.49 486.6 518.01 c 486.6 518.01 486.72 517.89 486.84 517.89 c 486.84 517.89 486.96 517.89 487.08 517.89 c 487.2 517.89 487.44 517.89 487.68 518.01 c 487.68 518.01 487.8 518.13 487.8 518.25 c 487.8 518.37 487.92 518.61 487.92 518.73 c 488.04 518.97 488.04 519.09 488.16 519.33 c 488.28 519.45 488.28 519.69 488.4 519.81 c 488.4 519.81 488.4 519.93 488.52 519.93 c 488.64 520.05 488.64 520.05 488.76 520.05 c 488.88 520.05 489 520.05 489 519.93 c 489 519.81 488.88 519.57 488.88 519.33 c 488.76 519.09 488.64 518.73 488.52 518.25 c 488.76 518.13 489 518.13 489.12 518.01 c 489.36 518.01 489.6 517.89 489.84 517.89 c 489.84 517.89 489.96 517.89 489.96 517.89 c 489.96 516.93 l 489.96 516.93 489.84 516.93 489.84 516.93 c 489.48 516.93 489.24 516.93 489 517.05 c 488.64 517.17 488.4 517.41 488.28 517.53 c 488.28 517.41 488.16 517.41 488.16 517.29 c 488.16 517.17 488.04 517.17 487.92 517.05 c 487.92 517.05 487.8 516.93 487.56 516.93 c 487.44 516.93 487.2 516.81 487.08 516.81 c 486.72 516.81 486.48 516.93 486.24 517.17 c 486.12 517.05 486 517.05 485.88 516.93 c 485.76 516.93 485.64 516.93 485.4 516.93 c 485.28 516.93 485.04 516.81 484.92 516.81 c h 485.64 520.65 m 485.4 520.77 485.28 520.89 485.16 521.01 c 485.16 521.13 485.04 521.25 484.92 521.37 c 485.04 521.49 485.16 521.61 485.28 521.73 c 485.4 521.85 485.52 521.97 485.64 522.09 c 485.64 521.97 485.76 521.97 485.76 521.85 c 485.88 521.73 486 521.61 486.24 521.37 c 486.12 521.25 486 521.13 485.88 521.01 c 485.88 520.89 485.76 520.77 485.64 520.65 c h 487.08 520.77 m 486.96 520.89 486.84 521.01 486.72 521.13 c 486.6 521.25 486.6 521.37 486.48 521.49 c 486.48 521.61 486.6 521.73 486.72 521.85 c 486.84 521.97 486.96 522.09 487.08 522.21 c 487.2 522.09 487.32 522.09 487.44 521.97 c 487.44 521.85 487.56 521.73 487.68 521.61 c 487.68 521.49 487.56 521.37 487.44 521.25 c 487.32 521.13 487.2 521.01 487.08 520.77 c h 486.36 521.85 m 486.24 521.85 486.12 521.97 486 522.09 c 485.88 522.21 485.76 522.33 485.76 522.33 c 485.88 522.57 486 522.69 486.12 522.69 c 486.12 522.81 486.24 522.93 486.36 523.05 c 486.36 522.93 486.48 522.81 486.6 522.69 c 486.72 522.57 486.84 522.45 486.96 522.33 c 486.84 522.21 486.72 522.09 486.6 521.97 c 486.48 521.97 486.36 521.85 486.36 521.85 c h f 
489.72 516.93 m 489.72 516.93 489.6 516.93 489.6 516.93 c 489.6 517.89 l 489.6 517.89 489.72 517.89 489.72 517.89 c 490.08 517.89 490.44 518.01 490.8 518.01 c 491.16 518.13 491.4 518.25 491.64 518.37 c 491.52 518.49 491.52 518.73 491.4 518.97 c 491.4 519.09 491.28 519.33 491.16 519.57 c 491.16 519.69 491.04 519.93 491.04 520.05 c 491.04 520.17 490.92 520.17 490.92 520.29 c 490.92 520.53 491.04 520.65 491.16 520.89 c 491.4 521.01 491.52 521.25 491.76 521.37 c 491.76 521.13 491.88 521.01 491.88 520.77 c 491.88 520.53 492 520.17 492 519.81 c 492.12 519.57 492.12 519.45 492.12 519.21 c 492.24 519.09 492.24 518.85 492.24 518.73 c 492.24 518.61 492.12 518.49 492.12 518.25 c 492 518.01 491.88 517.77 491.76 517.53 c 491.16 517.05 490.44 516.93 489.72 516.93 c h 492 522.09 m 491.88 522.21 491.64 522.33 491.52 522.45 c 491.4 522.57 491.4 522.69 491.28 522.81 c 491.28 522.81 491.4 522.93 491.52 523.05 c 491.64 523.17 491.76 523.29 492 523.53 c 492 523.53 492.12 523.41 492.24 523.29 c 492.36 523.17 492.48 523.05 492.6 522.81 c 492.48 522.57 492.24 522.33 492 522.09 c h 490.44 521.85 m 490.2 521.97 490.08 522.09 489.96 522.21 c 489.84 522.33 489.72 522.45 489.72 522.57 c 489.84 522.69 489.96 522.81 490.08 522.93 c 490.2 523.05 490.32 523.17 490.44 523.41 c 490.44 523.29 490.56 523.17 490.68 523.05 c 490.8 522.93 490.92 522.81 491.04 522.69 c 491.04 522.57 490.92 522.45 490.8 522.33 c 490.68 522.21 490.56 521.97 490.44 521.85 c h f 
499.92 516.93 m 499.44 516.93 499.2 516.93 498.84 517.17 c 498.6 517.29 498.48 517.53 498.36 517.89 c 498.36 518.13 l 498 517.29 l 497.76 517.29 497.52 517.29 497.4 517.41 c 497.28 517.41 497.16 517.41 497.04 517.41 c 496.92 517.53 496.8 517.53 496.68 517.53 c 496.56 517.65 496.44 517.65 496.2 517.77 c 496.08 517.89 495.96 518.01 495.84 518.13 c 495.72 518.25 495.6 518.25 495.6 518.37 c 495.6 518.49 495.72 518.61 495.72 518.73 c 495.72 518.85 495.84 518.97 495.84 519.21 c 495.96 519.33 495.96 519.45 496.08 519.57 c 496.08 519.69 496.2 519.81 496.32 519.93 c 496.56 520.17 496.8 520.29 497.04 520.53 c 497.4 520.77 497.64 520.89 497.88 521.01 c 497.88 521.37 l 498 521.49 498 521.49 498.12 521.61 c 498.24 521.73 498.36 521.73 498.48 521.85 c 498.48 521.85 498.6 521.97 498.72 521.97 c 498.72 521.37 498.72 520.77 498.72 520.17 c 498.72 519.45 498.84 518.85 498.84 518.25 c 499.08 518.01 499.56 517.89 499.92 517.89 c 500.04 517.89 500.04 517.89 500.04 517.89 c 500.04 516.93 l 500.04 516.93 500.04 516.93 499.92 516.93 c h 498.24 518.37 m 498.24 518.61 498.24 518.97 498.12 519.21 c 498.12 519.57 498 519.81 498 520.17 c 497.16 519.81 496.68 519.45 496.2 518.97 c 496.44 518.85 496.68 518.73 496.92 518.61 c 497.16 518.49 497.28 518.49 497.52 518.49 c 497.64 518.49 497.76 518.37 497.88 518.37 c 498 518.37 498.12 518.37 498.24 518.37 c h 498.24 522.45 m 498 522.57 497.88 522.69 497.76 522.81 c 497.64 522.93 497.52 523.05 497.4 523.17 c 497.52 523.17 497.64 523.29 497.76 523.41 c 497.88 523.53 498 523.77 498.12 523.89 c 498.24 523.89 498.24 523.77 498.36 523.65 c 498.48 523.53 498.6 523.41 498.84 523.17 c 498.72 522.93 498.48 522.69 498.24 522.45 c h 496.56 522.21 m 496.44 522.33 496.32 522.57 496.2 522.69 c 496.08 522.81 495.96 522.81 495.84 522.93 c 495.96 523.05 496.08 523.17 496.2 523.29 c 496.32 523.41 496.44 523.65 496.56 523.77 c 496.68 523.65 496.68 523.65 496.8 523.53 c 496.92 523.41 497.04 523.17 497.28 523.05 c 497.16 522.93 497.16 522.81 497.04 522.69 c 496.92 522.57 496.8 522.45 496.56 522.21 c h f 
499.8 516.93 m 499.8 516.93 499.8 516.93 499.8 516.93 c 499.8 517.89 l 499.8 517.89 499.8 517.89 499.8 517.89 c 500.28 517.89 500.76 518.01 500.88 518.25 c 501 518.25 501.12 518.37 501.24 518.61 c 501.24 518.73 501.36 518.97 501.6 519.33 c 501.6 519.45 501.72 519.57 501.72 519.57 c 501.84 519.57 501.84 519.69 501.96 519.69 c 502.08 519.69 502.2 519.57 502.32 519.57 c 502.2 519.33 502.2 519.09 502.08 518.97 c 501.96 518.73 501.84 518.49 501.84 518.37 c 502.08 518.13 502.2 518.13 502.44 518.01 c 502.68 518.01 502.8 517.89 503.04 517.89 c 503.16 517.89 503.16 517.89 503.16 517.89 c 503.16 516.93 l 503.16 516.93 503.16 516.93 503.04 516.93 c 502.44 516.93 501.96 517.17 501.48 517.65 c 501.36 517.53 501.36 517.53 501.36 517.41 c 501.24 517.41 501.24 517.41 501.24 517.29 c 501.12 517.17 501 517.17 500.76 517.05 c 500.4 516.93 500.16 516.93 499.8 516.93 c h 501.6 514.41 m 501.48 514.53 501.24 514.65 501.12 514.77 c 501 515.01 500.88 515.13 500.76 515.25 c 501 515.37 501.12 515.49 501.24 515.61 c 501.36 515.85 501.48 515.97 501.6 516.09 c 501.84 515.85 502.08 515.49 502.32 515.25 c 502.2 515.13 502.2 515.01 502.08 514.89 c 501.96 514.77 501.72 514.53 501.6 514.41 c h f 
505.44 516.81 m 505.2 516.81 505.08 516.93 504.84 516.93 c 504.48 517.05 504.36 517.05 504.12 517.17 c 504 517.17 503.88 517.05 503.64 516.93 c 503.4 516.93 503.28 516.93 503.04 516.93 c 502.92 516.93 502.92 516.93 502.92 516.93 c 502.92 517.89 l 502.92 517.89 502.92 517.89 503.04 517.89 c 503.28 517.89 503.4 517.89 503.52 518.01 c 503.76 518.01 503.88 518.13 504 518.25 c 504 518.25 504.12 518.37 504.24 518.49 c 504.24 518.61 504.36 518.85 504.48 519.09 c 504.6 519.09 504.6 519.21 504.72 519.21 c 504.72 519.21 504.84 519.21 504.84 519.21 c 504.96 519.21 505.08 519.21 505.2 519.21 c 505.08 518.85 504.96 518.73 504.96 518.49 c 504.84 518.25 504.72 518.13 504.72 518.01 c 504.72 518.01 504.84 518.01 505.08 517.89 c 505.2 517.89 505.32 517.89 505.56 517.89 c 505.68 517.89 505.8 517.89 505.92 517.89 c 506.04 517.89 506.16 518.01 506.4 518.01 c 506.4 518.13 506.52 518.25 506.52 518.37 c 506.52 518.61 506.64 518.73 506.76 518.97 c 506.76 519.21 506.88 519.45 506.88 519.57 c 507 519.69 507 519.81 507.12 519.81 c 507.12 519.93 507.24 519.93 507.36 519.93 c 507.48 519.93 507.6 519.93 507.72 519.81 c 507.6 519.69 507.6 519.45 507.48 519.21 c 507.36 518.97 507.24 518.49 507.12 518.01 c 507.24 518.01 507.24 517.89 507.36 517.89 c 507.36 517.89 507.48 517.89 507.6 517.89 c 507.84 517.89 507.96 517.89 508.2 518.01 c 508.32 518.01 508.32 518.13 508.32 518.25 c 508.44 518.37 508.44 518.61 508.56 518.73 c 508.56 518.97 508.68 519.09 508.68 519.33 c 508.8 519.45 508.8 519.69 508.92 519.81 c 508.92 519.81 509.04 519.93 509.04 519.93 c 509.16 520.05 509.16 520.05 509.28 520.05 c 509.4 520.05 509.52 520.05 509.64 519.93 c 509.52 519.81 509.52 519.57 509.4 519.33 c 509.28 519.09 509.16 518.73 509.04 518.25 c 509.28 518.13 509.52 518.13 509.64 518.01 c 509.88 518.01 510.12 517.89 510.36 517.89 c 510.48 517.89 510.48 517.89 510.48 517.89 c 510.48 516.93 l 510.48 516.93 510.48 516.93 510.36 516.93 c 510.12 516.93 509.76 516.93 509.52 517.05 c 509.28 517.17 509.04 517.41 508.8 517.53 c 508.8 517.41 508.68 517.41 508.68 517.29 c 508.68 517.17 508.56 517.17 508.56 517.05 c 508.44 517.05 508.32 516.93 508.2 516.93 c 507.96 516.93 507.84 516.81 507.6 516.81 c 507.36 516.81 507 516.93 506.76 517.17 c 506.64 517.05 506.64 517.05 506.4 516.93 c 506.28 516.93 506.16 516.93 505.92 516.93 c 505.8 516.93 505.56 516.81 505.44 516.81 c h f 
510.24 516.93 m 510.24 516.93 510.24 516.93 510.24 516.93 c 510.24 517.89 l 510.24 517.89 510.24 517.89 510.24 517.89 c 510.6 517.89 510.96 518.01 511.32 518.01 c 511.68 518.13 511.92 518.25 512.16 518.37 c 512.16 518.49 512.04 518.73 511.92 518.97 c 511.92 519.09 511.8 519.33 511.8 519.57 c 511.68 519.69 511.68 519.93 511.56 520.05 c 511.56 520.17 511.56 520.17 511.56 520.29 c 511.56 520.53 511.56 520.65 511.8 520.89 c 511.92 521.01 512.04 521.25 512.28 521.37 c 512.4 521.13 512.4 521.01 512.4 520.77 c 512.52 520.53 512.52 520.17 512.64 519.81 c 512.64 519.57 512.64 519.45 512.76 519.21 c 512.76 519.09 512.76 518.85 512.76 518.73 c 512.76 518.61 512.76 518.49 512.64 518.25 c 512.52 518.01 512.52 517.77 512.4 517.53 c 511.68 517.05 510.96 516.93 510.24 516.93 c h 511.8 522.09 m 511.44 522.33 511.2 522.69 510.96 522.81 c 511.2 523.05 511.32 523.17 511.44 523.41 c 511.56 523.53 511.68 523.65 511.68 523.77 c 511.8 523.65 511.92 523.53 512.04 523.41 c 512.16 523.29 512.28 523.05 512.52 522.93 c 512.4 522.81 512.28 522.69 512.16 522.57 c 512.04 522.45 511.92 522.21 511.8 522.09 c h f 
518.16 516.93 m 517.8 516.93 517.56 516.93 517.32 517.05 c 517.08 517.17 516.84 517.29 516.72 517.53 c 516.6 517.65 516.48 517.89 516.48 518.13 c 516.48 518.37 516.48 518.61 516.48 518.85 c 516.36 519.21 516.36 519.45 516.36 519.81 c 516.36 520.17 516.24 520.65 516.24 521.01 c 516.24 521.49 516.12 521.97 516.12 522.45 c 516.12 522.93 516.12 523.41 516 524.01 c 516.12 524.01 516.24 524.13 516.48 524.25 c 516.6 524.37 516.72 524.49 516.96 524.61 c 516.96 524.01 516.96 523.41 516.96 522.93 c 516.96 522.33 516.96 521.73 517.08 521.01 c 517.08 520.41 517.08 519.81 517.08 519.09 c 517.08 518.25 l 517.2 518.13 517.44 518.01 517.56 518.01 c 517.8 518.01 517.92 517.89 518.16 517.89 c 518.16 517.89 518.28 517.89 518.28 517.89 c 518.28 516.93 l 518.28 516.93 518.16 516.93 518.16 516.93 c h f 
522 516.81 m 521.64 516.81 521.4 516.93 521.04 516.93 c 520.68 517.05 520.44 517.05 520.08 517.17 c 519.84 517.29 519.6 517.41 519.36 517.53 c 519.12 517.29 519 517.17 518.76 517.05 c 518.52 516.93 518.4 516.93 518.04 516.93 c 518.04 516.93 517.92 516.93 517.92 516.93 c 517.92 517.89 l 517.92 517.89 518.04 517.89 518.04 517.89 c 518.4 517.89 518.52 518.01 518.76 518.13 c 519 518.25 519.12 518.49 519.24 518.73 c 519.36 518.97 519.48 519.21 519.6 519.33 c 519.6 519.57 519.72 519.69 519.72 519.81 c 519.84 519.93 519.96 520.05 519.96 520.17 c 520.2 520.41 520.32 520.65 520.56 520.77 c 520.68 520.77 520.92 520.89 521.16 520.89 c 521.28 520.89 521.52 520.77 521.76 520.41 c 522 520.17 522.24 519.81 522.36 519.33 c 522.48 518.97 522.6 518.49 522.6 518.13 c 522.6 517.89 522.48 517.65 522.36 517.41 c 522.24 517.17 522.12 517.05 522 516.81 c h 521.64 517.89 m 521.64 518.25 521.64 518.49 521.52 518.85 c 521.4 519.09 521.28 519.33 521.16 519.57 c 521.16 519.69 521.04 519.69 520.92 519.69 c 520.68 519.69 520.56 519.57 520.32 519.33 c 520.2 519.21 520.2 519.09 520.08 518.97 c 519.96 518.85 519.96 518.61 519.84 518.37 c 520.08 518.25 520.32 518.13 520.68 518.01 c 520.92 518.01 521.28 517.89 521.64 517.89 c h f 
q 0.12 0 0 -0.12 0 841.89 cm 7 w 0 J 0 j 4 M 0.141 0.125 0.129 SC 3109 2853 m 3182 2853 l S Q 
1 w 0.141 0.125 0.129 sc 374.76 503.97 m 375.72 504.09 l 375.84 503.49 376.08 503.13 376.32 502.89 c 376.56 502.65 376.92 502.53 377.28 502.53 c 377.76 502.53 378.24 502.65 378.6 503.01 c 378.84 503.25 379.08 503.73 379.08 504.21 c 379.08 504.69 378.84 505.05 378.6 505.41 c 378.24 505.65 377.88 505.77 377.4 505.77 c 377.28 505.77 377.04 505.77 376.68 505.65 c 376.8 506.61 l 376.92 506.61 376.92 506.61 377.04 506.61 c 377.4 506.61 377.76 506.73 378.12 506.97 c 378.48 507.09 378.72 507.45 378.72 507.93 c 378.72 508.29 378.6 508.65 378.24 508.89 c 378 509.13 377.76 509.25 377.28 509.25 c 376.92 509.25 376.56 509.13 376.32 508.89 c 376.08 508.65 375.96 508.29 375.84 507.69 c 374.76 507.93 l 374.88 508.65 375.24 509.13 375.6 509.49 c 376.08 509.85 376.68 510.09 377.28 510.09 c 377.76 510.09 378.12 509.97 378.48 509.73 c 378.96 509.61 379.2 509.37 379.44 509.01 c 379.56 508.65 379.68 508.29 379.68 507.93 c 379.68 507.57 379.56 507.21 379.44 506.97 c 379.2 506.61 378.96 506.49 378.6 506.25 c 379.08 506.13 379.44 505.89 379.68 505.53 c 379.92 505.17 380.16 504.81 380.16 504.21 c 380.16 503.49 379.8 502.89 379.32 502.41 c 378.84 501.93 378.12 501.69 377.28 501.69 c 376.56 501.69 375.96 501.81 375.48 502.29 c 375 502.77 374.76 503.25 374.76 503.97 c h f 
q 0.12 0 0 -0.12 0 841.89 cm 1 j 0.141 0.125 0.129 SC 3123 2816 m 3131 2815 l 3132 2820 3134 2823 3136 2825 c 3138 2827 3141 2828 3144 2828 c 3148 2828 3152 2827 3155 2824 c 3157 2822 3159 2818 3159 2814 c 3159 2810 3157 2807 3155 2804 c 3152 2802 3149 2801 3145 2801 c 3144 2801 3142 2801 3139 2802 c 3140 2794 l 3141 2794 3141 2794 3142 2794 c 3145 2794 3148 2793 3151 2791 c 3154 2790 3156 2787 3156 2783 c 3156 2780 3155 2777 3152 2775 c 3150 2773 3148 2772 3144 2772 c 3141 2772 3138 2773 3136 2775 c 3134 2777 3133 2780 3132 2785 c 3123 2783 l 3124 2777 3127 2773 3130 2770 c 3134 2767 3139 2765 3144 2765 c 3148 2765 3151 2766 3154 2768 c 3158 2769 3160 2771 3162 2774 c 3163 2777 3164 2780 3164 2783 c 3164 2786 3163 2789 3162 2791 c 3160 2794 3158 2795 3155 2797 c 3159 2798 3162 2800 3164 2803 c 3166 2806 3168 2809 3168 2814 c 3168 2820 3165 2825 3161 2829 c 3157 2833 3151 2835 3144 2835 c 3138 2835 3133 2834 3129 2830 c 3125 2826 3123 2822 3123 2816 c h S Q 
1 w 0.141 0.125 0.129 sc 380.04 489.09 m 380.04 488.13 l 374.52 488.13 l 374.52 488.37 374.64 488.61 374.64 488.85 c 374.88 489.21 375 489.57 375.36 489.93 c 375.72 490.29 376.08 490.77 376.68 491.13 c 377.52 491.97 378.12 492.45 378.48 492.93 c 378.84 493.41 378.96 493.77 378.96 494.13 c 378.96 494.61 378.84 494.85 378.48 495.21 c 378.24 495.45 377.88 495.57 377.4 495.57 c 376.92 495.57 376.56 495.45 376.2 495.21 c 375.96 494.85 375.84 494.49 375.84 493.89 c 374.76 494.01 l 374.88 494.85 375.12 495.45 375.6 495.81 c 376.08 496.29 376.68 496.41 377.4 496.41 c 378.24 496.41 378.84 496.17 379.32 495.81 c 379.8 495.33 380.04 494.73 380.04 494.13 c 380.04 493.77 379.92 493.53 379.8 493.17 c 379.68 492.81 379.44 492.45 379.08 492.21 c 378.84 491.85 378.24 491.37 377.52 490.65 c 376.92 490.17 376.56 489.81 376.44 489.69 c 376.2 489.45 376.08 489.33 375.96 489.09 c 380.04 489.09 l h f 
q 0.12 0 0 -0.12 0 841.89 cm 1 j 0.141 0.125 0.129 SC 3167 2940 m 3167 2948 l 3121 2948 l 3121 2946 3122 2944 3122 2942 c 3124 2939 3125 2936 3128 2933 c 3131 2930 3134 2926 3139 2923 c 3146 2916 3151 2912 3154 2908 c 3157 2904 3158 2901 3158 2898 c 3158 2894 3157 2892 3154 2889 c 3152 2887 3149 2886 3145 2886 c 3141 2886 3138 2887 3135 2889 c 3133 2892 3132 2895 3132 2900 c 3123 2899 l 3124 2892 3126 2887 3130 2884 c 3134 2880 3139 2879 3145 2879 c 3152 2879 3157 2881 3161 2884 c 3165 2888 3167 2893 3167 2898 c 3167 2901 3166 2903 3165 2906 c 3164 2909 3162 2912 3159 2914 c 3157 2917 3152 2921 3146 2927 c 3141 2931 3138 2934 3137 2935 c 3135 2937 3134 2938 3133 2940 c 3167 2940 l h S Q 
1 w 0.141 0.125 0.129 sc 388.08 494.37 m 387.36 494.61 386.76 495.09 386.28 495.45 c 385.8 495.93 385.56 496.53 385.32 497.25 c 385.08 497.85 384.96 498.69 384.96 499.53 c 384.96 500.37 385.08 501.21 385.32 501.81 c 385.56 502.53 385.8 503.13 386.28 503.49 c 386.76 503.97 387.36 504.33 388.08 504.69 c 388.08 504.09 l 387.6 503.73 387.24 503.37 387 502.89 c 386.76 502.41 386.64 501.93 386.52 501.33 c 386.4 500.73 386.4 500.13 386.4 499.53 c 386.4 498.93 386.4 498.33 386.52 497.73 c 386.64 497.13 386.76 496.65 387 496.17 c 387.24 495.69 387.6 495.21 388.08 494.97 c 388.08 494.37 l h f 
392.16 495.81 m 391.2 495.81 390.48 496.05 390 496.41 c 389.52 496.77 389.28 497.25 389.28 497.97 c 389.28 498.45 389.4 498.81 389.52 499.29 c 389.88 499.29 l 389.88 499.29 389.88 499.17 389.88 499.05 c 389.88 498.93 389.88 498.81 389.88 498.69 c 389.88 498.21 390 497.85 390.12 497.61 c 390.36 497.37 390.6 497.25 390.96 497.13 c 391.08 497.01 391.32 497.01 391.56 497.01 c 391.8 496.89 392.16 496.89 392.4 496.89 c 393.12 496.89 393.84 497.01 394.44 497.13 c 395.16 497.25 395.76 497.49 396.24 497.73 c 396.24 497.85 396.12 498.09 396 498.33 c 396 498.45 395.88 498.69 395.76 498.93 c 395.76 499.05 395.64 499.29 395.64 499.41 c 395.64 499.53 395.52 499.65 395.52 499.65 c 395.52 499.89 395.64 500.01 395.76 500.25 c 396 500.37 396.12 500.61 396.36 500.73 c 396.48 500.25 396.6 499.89 396.6 499.53 c 396.72 499.29 396.72 498.93 396.84 498.69 c 396.84 498.45 396.84 498.33 396.84 498.21 c 396.84 497.97 396.84 497.85 396.72 497.61 c 396.72 497.37 396.6 497.13 396.48 496.89 c 396.12 496.65 395.76 496.53 395.28 496.41 c 394.8 496.17 394.32 496.05 393.84 496.05 c 393.24 495.93 392.76 495.81 392.16 495.81 c h 392.88 493.41 m 392.64 493.53 392.52 493.65 392.4 493.89 c 392.28 494.01 392.16 494.13 392.04 494.25 c 392.16 494.37 392.4 494.49 392.52 494.61 c 392.64 494.85 392.76 494.97 392.88 495.09 c 393.12 494.85 393.36 494.49 393.6 494.25 c 393.6 494.13 393.48 494.01 393.36 493.89 c 393.12 493.77 393 493.53 392.88 493.41 c h f 
397.92 494.97 m 398.4 495.21 398.76 495.69 399 496.17 c 399.24 496.65 399.48 497.13 399.48 497.73 c 399.6 498.33 399.6 498.93 399.6 499.53 c 399.6 500.13 399.6 500.73 399.48 501.33 c 399.48 501.93 399.24 502.41 399 502.89 c 398.76 503.37 398.4 503.73 397.92 504.09 c 397.92 504.69 l 398.64 504.33 399.24 503.97 399.72 503.49 c 400.2 503.13 400.44 502.53 400.68 501.81 c 400.92 501.21 401.04 500.37 401.04 499.53 c 401.04 498.69 400.92 497.85 400.68 497.25 c 400.44 496.53 400.2 495.93 399.72 495.45 c 399.24 495.09 398.64 494.61 397.92 494.37 c 397.92 494.97 l h f 
q 0.12 0 0 -0.12 0 841.89 cm 7 w 0 J 0 j 4 M 0.141 0.125 0.129 SC 4129 2853 m 4201 2853 l S Q 
1 w 0.141 0.125 0.129 sc 502.44 502.77 m 502.44 501.81 l 496.92 501.81 l 496.92 502.05 497.04 502.29 497.04 502.53 c 497.28 502.89 497.52 503.25 497.76 503.61 c 498.12 503.97 498.48 504.33 499.08 504.81 c 500.04 505.53 500.64 506.13 500.88 506.61 c 501.24 506.97 501.36 507.45 501.36 507.81 c 501.36 508.17 501.24 508.53 501 508.77 c 500.64 509.13 500.28 509.25 499.8 509.25 c 499.32 509.25 498.96 509.13 498.6 508.77 c 498.36 508.53 498.24 508.05 498.24 507.57 c 497.16 507.69 l 497.28 508.41 497.52 509.01 498 509.49 c 498.48 509.85 499.08 510.09 499.8 510.09 c 500.64 510.09 501.24 509.85 501.72 509.37 c 502.2 509.01 502.44 508.41 502.44 507.81 c 502.44 507.45 502.32 507.09 502.2 506.85 c 502.08 506.49 501.84 506.13 501.6 505.77 c 501.24 505.41 500.76 504.93 500.04 504.33 c 499.32 503.85 498.96 503.49 498.84 503.25 c 498.6 503.13 498.48 502.89 498.36 502.77 c 502.44 502.77 l h f 
q 0.12 0 0 -0.12 0 841.89 cm 1 j 0.141 0.125 0.129 SC 4187 2826 m 4187 2834 l 4141 2834 l 4141 2832 4142 2830 4142 2828 c 4144 2825 4146 2822 4148 2819 c 4151 2816 4154 2813 4159 2809 c 4167 2803 4172 2798 4174 2794 c 4177 2791 4178 2787 4178 2784 c 4178 2781 4177 2778 4175 2776 c 4172 2773 4169 2772 4165 2772 c 4161 2772 4158 2773 4155 2776 c 4153 2778 4152 2782 4152 2786 c 4143 2785 l 4144 2779 4146 2774 4150 2770 c 4154 2767 4159 2765 4165 2765 c 4172 2765 4177 2767 4181 2771 c 4185 2774 4187 2779 4187 2784 c 4187 2787 4186 2790 4185 2792 c 4184 2795 4182 2798 4180 2801 c 4177 2804 4173 2808 4167 2813 c 4161 2817 4158 2820 4157 2822 c 4155 2823 4154 2825 4153 2826 c 4187 2826 l h S Q 
1 w 0.141 0.125 0.129 sc 497.16 490.29 m 498.12 490.41 l 498.24 489.93 498.48 489.45 498.72 489.21 c 498.96 488.97 499.32 488.85 499.8 488.85 c 500.28 488.85 500.64 488.97 501 489.33 c 501.24 489.69 501.48 490.05 501.48 490.53 c 501.48 491.01 501.24 491.37 501 491.73 c 500.64 491.97 500.28 492.21 499.8 492.21 c 499.68 492.21 499.44 492.09 499.08 492.09 c 499.2 492.93 l 499.32 492.93 499.32 492.93 499.44 492.93 c 499.8 492.93 500.16 493.05 500.52 493.29 c 500.88 493.53 501.12 493.89 501.12 494.37 c 501.12 494.73 501 494.97 500.76 495.21 c 500.4 495.45 500.16 495.57 499.68 495.57 c 499.32 495.57 498.96 495.45 498.72 495.21 c 498.48 494.97 498.36 494.61 498.24 494.13 c 497.28 494.25 l 497.4 494.97 497.64 495.45 498.12 495.93 c 498.48 496.29 499.08 496.41 499.68 496.41 c 500.16 496.41 500.52 496.29 501 496.17 c 501.36 495.93 501.6 495.69 501.84 495.33 c 501.96 494.97 502.08 494.61 502.08 494.25 c 502.08 493.89 502.08 493.65 501.84 493.29 c 501.6 493.05 501.36 492.81 501 492.57 c 501.48 492.57 501.84 492.33 502.08 491.97 c 502.44 491.61 502.56 491.13 502.56 490.53 c 502.56 489.81 502.2 489.21 501.72 488.73 c 501.24 488.25 500.52 488.01 499.8 488.01 c 499.08 488.01 498.48 488.25 498 488.61 c 497.52 489.09 497.16 489.69 497.16 490.29 c h f 
q 0.12 0 0 -0.12 0 841.89 cm 1 j 0.141 0.125 0.129 SC 4143 2930 m 4151 2929 l 4152 2933 4154 2937 4156 2939 c 4158 2941 4161 2942 4165 2942 c 4169 2942 4172 2941 4175 2938 c 4177 2935 4179 2932 4179 2928 c 4179 2924 4177 2921 4175 2918 c 4172 2916 4169 2914 4165 2914 c 4164 2914 4162 2915 4159 2915 c 4160 2908 l 4161 2908 4161 2908 4162 2908 c 4165 2908 4168 2907 4171 2905 c 4174 2903 4176 2900 4176 2896 c 4176 2893 4175 2891 4173 2889 c 4170 2887 4168 2886 4164 2886 c 4161 2886 4158 2887 4156 2889 c 4154 2891 4153 2894 4152 2898 c 4144 2897 l 4145 2891 4147 2887 4151 2883 c 4154 2880 4159 2879 4164 2879 c 4168 2879 4171 2880 4175 2881 c 4178 2883 4180 2885 4182 2888 c 4183 2891 4184 2894 4184 2897 c 4184 2900 4184 2902 4182 2905 c 4180 2907 4178 2909 4175 2911 c 4179 2911 4182 2913 4184 2916 c 4187 2919 4188 2923 4188 2928 c 4188 2934 4185 2939 4181 2943 c 4177 2947 4171 2949 4165 2949 c 4159 2949 4154 2947 4150 2944 c 4146 2940 4143 2935 4143 2930 c h S Q 
1 w 0.141 0.125 0.129 sc 510.48 494.37 m 509.76 494.61 509.16 495.09 508.68 495.45 c 508.2 495.93 507.84 496.53 507.72 497.25 c 507.48 497.85 507.36 498.69 507.36 499.53 c 507.36 500.37 507.48 501.21 507.72 501.81 c 507.84 502.53 508.2 503.13 508.68 503.49 c 509.16 503.97 509.76 504.33 510.48 504.69 c 510.48 504.09 l 510 503.73 509.64 503.37 509.4 502.89 c 509.16 502.41 508.92 501.93 508.92 501.33 c 508.8 500.73 508.8 500.13 508.8 499.53 c 508.8 498.93 508.8 498.33 508.92 497.73 c 508.92 497.13 509.16 496.65 509.4 496.17 c 509.64 495.69 510 495.21 510.48 494.97 c 510.48 494.37 l h f 
514.68 495.93 m 514.68 496.65 514.68 497.25 514.56 497.85 c 514.56 498.45 514.56 499.05 514.56 499.65 c 514.56 500.13 514.44 500.73 514.44 501.21 c 514.44 501.69 514.32 502.17 514.32 502.65 c 514.32 502.89 514.32 503.01 514.32 503.13 c 514.44 503.25 514.56 503.37 514.68 503.49 c 514.8 503.61 515.04 503.61 515.28 503.61 c 515.28 503.49 515.28 503.25 515.4 503.01 c 515.52 502.77 515.52 502.53 515.64 502.29 c 515.28 501.93 l 515.28 501.45 515.4 500.85 515.4 500.25 c 515.4 499.77 515.4 499.05 515.4 498.33 c 515.28 497.61 515.28 496.89 515.28 496.05 c 514.68 495.93 l h 514.08 503.97 m 514.08 504.45 l 514.56 504.69 l 514.2 504.81 514.08 504.93 514.08 505.17 c 514.08 505.29 514.2 505.41 514.2 505.65 c 514.32 505.77 514.44 505.89 514.56 506.01 c 514.68 506.01 514.8 506.13 514.92 506.13 c 515.28 506.13 515.4 505.89 515.4 505.65 c 515.4 505.53 515.4 505.41 515.28 505.29 c 515.04 505.41 l 515.04 505.41 l 515.04 505.41 515.04 505.53 515.04 505.53 c 515.04 505.53 515.04 505.53 514.92 505.53 c 514.8 505.53 514.8 505.53 514.68 505.41 c 514.56 505.41 514.56 505.29 514.44 505.17 c 514.56 505.05 514.8 504.93 515.04 504.93 c 515.04 504.93 515.16 504.93 515.28 504.93 c 515.28 504.93 515.4 505.05 515.52 505.05 c 515.52 504.57 l 515.16 504.45 514.92 504.45 514.8 504.33 c 514.56 504.21 514.32 504.09 514.08 503.97 c h f 
519.24 494.97 m 519.72 495.21 520.08 495.69 520.32 496.17 c 520.68 496.65 520.8 497.13 520.92 497.73 c 520.92 498.33 521.04 498.93 521.04 499.53 c 521.04 500.13 520.92 500.73 520.92 501.33 c 520.8 501.93 520.68 502.41 520.32 502.89 c 520.08 503.37 519.72 503.73 519.24 504.09 c 519.24 504.69 l 519.96 504.33 520.56 503.97 521.04 503.49 c 521.52 503.13 521.88 502.53 522.12 501.81 c 522.24 501.21 522.36 500.37 522.36 499.53 c 522.36 498.69 522.24 497.85 522.12 497.25 c 521.88 496.53 521.52 495.93 521.04 495.45 c 520.56 495.09 519.96 494.61 519.24 494.37 c 519.24 494.97 l h f 
q 0.12 0 0 -0.12 0 841.89 cm 7 w 0 J 0 j 4 M 0.141 0.125 0.129 SC 3101 3102 m 3174 3102 l S Q 
1 w 0.141 0.125 0.129 sc 373.8 474.09 m 374.76 474.21 l 374.88 473.61 375.12 473.25 375.36 473.01 c 375.72 472.65 375.96 472.53 376.44 472.53 c 376.92 472.53 377.28 472.77 377.64 473.01 c 378 473.37 378.12 473.85 378.12 474.33 c 378.12 474.81 378 475.17 377.64 475.41 c 377.4 475.77 376.92 475.89 376.56 475.89 c 376.32 475.89 376.08 475.89 375.84 475.77 c 375.96 476.73 l 375.96 476.73 376.08 476.73 376.08 476.73 c 376.44 476.73 376.92 476.73 377.28 476.97 c 377.52 477.21 377.76 477.57 377.76 478.05 c 377.76 478.41 377.64 478.77 377.4 479.01 c 377.16 479.25 376.8 479.37 376.44 479.37 c 375.96 479.37 375.72 479.25 375.36 479.01 c 375.12 478.77 375 478.29 374.88 477.81 c 373.92 478.05 l 374.04 478.65 374.28 479.25 374.76 479.61 c 375.12 479.97 375.72 480.21 376.32 480.21 c 376.8 480.21 377.28 480.09 377.64 479.85 c 378 479.73 378.24 479.37 378.48 479.13 c 378.72 478.77 378.84 478.41 378.84 478.05 c 378.84 477.69 378.72 477.33 378.48 477.09 c 378.36 476.73 378 476.49 377.64 476.37 c 378.12 476.25 378.48 476.01 378.72 475.65 c 379.08 475.29 379.2 474.81 379.2 474.33 c 379.2 473.61 378.96 473.01 378.36 472.53 c 377.88 471.93 377.16 471.69 376.44 471.69 c 375.72 471.69 375.12 471.93 374.64 472.41 c 374.16 472.77 373.92 473.37 373.8 474.09 c h f 
q 0.12 0 0 -0.12 0 841.89 cm 1 j 0.141 0.125 0.129 SC 3115 3065 m 3123 3064 l 3124 3069 3126 3072 3128 3074 c 3131 3077 3133 3078 3137 3078 c 3141 3078 3144 3076 3147 3074 c 3150 3071 3151 3067 3151 3063 c 3151 3059 3150 3056 3147 3054 c 3145 3051 3141 3050 3138 3050 c 3136 3050 3134 3050 3132 3051 c 3133 3043 l 3133 3043 3134 3043 3134 3043 c 3137 3043 3141 3043 3144 3041 c 3146 3039 3148 3036 3148 3032 c 3148 3029 3147 3026 3145 3024 c 3143 3022 3140 3021 3137 3021 c 3133 3021 3131 3022 3128 3024 c 3126 3026 3125 3030 3124 3034 c 3116 3032 l 3117 3027 3119 3022 3123 3019 c 3126 3016 3131 3014 3136 3014 c 3140 3014 3144 3015 3147 3017 c 3150 3018 3152 3021 3154 3023 c 3156 3026 3157 3029 3157 3032 c 3157 3035 3156 3038 3154 3040 c 3153 3043 3150 3045 3147 3046 c 3151 3047 3154 3049 3156 3052 c 3159 3055 3160 3059 3160 3063 c 3160 3069 3158 3074 3153 3078 c 3149 3083 3143 3085 3137 3085 c 3131 3085 3126 3083 3122 3079 c 3118 3076 3116 3071 3115 3065 c h S Q 
1 w 0.141 0.125 0.129 sc 377.64 458.25 m 376.56 458.25 l 376.56 464.73 l 376.32 464.49 375.96 464.25 375.6 464.01 c 375.24 463.77 374.88 463.53 374.52 463.53 c 374.52 464.49 l 375.12 464.73 375.6 465.09 376.08 465.45 c 376.44 465.81 376.8 466.17 376.92 466.53 c 377.64 466.53 l 377.64 458.25 l h f 
q 0.12 0 0 -0.12 0 841.89 cm 1 j 0.141 0.125 0.129 SC 3147 3197 m 3138 3197 l 3138 3143 l 3136 3145 3133 3147 3130 3149 c 3127 3151 3124 3153 3121 3153 c 3121 3145 l 3126 3143 3130 3140 3134 3137 c 3137 3134 3140 3131 3141 3128 c 3147 3128 l 3147 3197 l h S Q 
1 w 0.141 0.125 0.129 sc 387.24 464.49 m 386.52 464.73 385.92 465.09 385.44 465.57 c 384.96 466.05 384.6 466.65 384.36 467.25 c 384.12 467.97 384 468.69 384 469.65 c 384 470.49 384.12 471.33 384.36 471.93 c 384.6 472.65 384.96 473.13 385.44 473.61 c 385.92 474.09 386.52 474.45 387.24 474.81 c 387.24 474.21 l 386.76 473.85 386.28 473.49 386.04 473.01 c 385.8 472.53 385.68 471.93 385.56 471.45 c 385.56 470.85 385.44 470.25 385.44 469.65 c 385.44 469.05 385.56 468.45 385.56 467.85 c 385.68 467.25 385.8 466.77 386.04 466.29 c 386.28 465.81 386.76 465.33 387.24 465.09 c 387.24 464.49 l h f 
391.92 465.93 m 390.96 465.93 390.48 466.17 390.48 466.77 c 390.48 466.89 390.6 467.01 390.6 467.13 c 390.6 467.25 390.72 467.37 390.72 467.49 c 390.96 467.25 391.2 467.25 391.44 467.13 c 391.68 467.01 391.92 467.01 392.28 467.01 c 392.88 467.01 393.36 467.13 393.84 467.25 c 393.84 467.49 393.72 467.61 393.6 467.85 c 393.48 467.97 393.48 468.09 393.36 468.33 c 393.12 468.57 393 468.81 392.88 469.05 c 392.76 469.17 392.76 469.41 392.64 469.53 c 392.64 469.65 392.64 469.77 392.64 469.89 c 392.64 470.13 392.76 470.25 392.88 470.37 c 393 470.61 393.12 470.73 393.36 470.73 c 393.48 470.61 393.48 470.37 393.6 470.13 c 393.72 469.89 393.72 469.77 393.84 469.53 c 393.96 469.29 393.96 469.17 394.08 468.93 c 394.2 468.69 394.32 468.45 394.32 468.21 c 394.44 467.97 394.44 467.85 394.44 467.61 c 394.44 467.49 394.44 467.49 394.44 467.25 c 394.44 467.13 394.32 467.01 394.32 466.89 c 394.2 466.65 394.2 466.53 394.08 466.41 c 393.84 466.29 393.48 466.17 393.12 466.05 c 392.76 466.05 392.4 465.93 391.92 465.93 c h f 
397.92 465.09 m 398.4 465.33 398.76 465.81 399 466.29 c 399.24 466.77 399.48 467.25 399.48 467.85 c 399.6 468.45 399.6 469.05 399.6 469.65 c 399.6 470.25 399.6 470.85 399.48 471.45 c 399.48 471.93 399.24 472.53 399 473.01 c 398.76 473.49 398.4 473.85 397.92 474.21 c 397.92 474.81 l 398.64 474.45 399.24 474.09 399.72 473.61 c 400.2 473.13 400.44 472.65 400.68 471.93 c 400.92 471.33 401.04 470.49 401.04 469.65 c 401.04 468.69 400.92 467.97 400.68 467.25 c 400.44 466.65 400.2 466.05 399.72 465.57 c 399.24 465.09 398.64 464.73 397.92 464.49 c 397.92 465.09 l h f 
q 0.12 0 0 -0.12 0 841.89 cm 7 w 0 J 0 j 4 M 0.141 0.125 0.129 SC 4115 3102 m 4186 3102 l S Q 
1 w 0.141 0.125 0.129 sc 499.08 471.81 m 498.12 471.81 l 498.12 478.29 l 497.88 478.05 497.52 477.81 497.16 477.69 c 496.8 477.45 496.44 477.21 496.08 477.09 c 496.08 478.05 l 496.68 478.41 497.16 478.65 497.64 479.01 c 498 479.49 498.36 479.85 498.48 480.21 c 499.08 480.21 l 499.08 471.81 l h f 
q 0.12 0 0 -0.12 0 841.89 cm 1 j 0.141 0.125 0.129 SC 4159 3084 m 4151 3084 l 4151 3030 l 4149 3032 4146 3034 4143 3035 c 4140 3037 4137 3039 4134 3040 c 4134 3032 l 4139 3029 4143 3027 4147 3024 c 4150 3020 4153 3017 4154 3014 c 4159 3014 l 4159 3084 l h S Q 
1 w 0.141 0.125 0.129 sc 500.64 459.21 m 500.64 458.25 l 495.24 458.25 l 495.24 458.49 495.24 458.73 495.36 458.97 c 495.48 459.33 495.72 459.69 495.96 460.05 c 496.32 460.41 496.68 460.77 497.28 461.25 c 498.24 461.97 498.84 462.57 499.08 463.05 c 499.44 463.41 499.56 463.89 499.56 464.25 c 499.56 464.61 499.44 464.97 499.2 465.33 c 498.84 465.57 498.48 465.69 498 465.69 c 497.52 465.69 497.16 465.57 496.92 465.21 c 496.56 464.97 496.44 464.61 496.44 464.01 c 495.36 464.13 l 495.48 464.97 495.72 465.45 496.2 465.93 c 496.68 466.29 497.28 466.53 498.12 466.53 c 498.84 466.53 499.44 466.29 499.92 465.81 c 500.4 465.45 500.64 464.85 500.64 464.25 c 500.64 463.89 500.52 463.53 500.4 463.29 c 500.28 462.93 500.04 462.57 499.8 462.21 c 499.44 461.85 498.96 461.37 498.24 460.77 c 497.64 460.29 497.16 459.93 497.04 459.69 c 496.8 459.57 496.68 459.33 496.56 459.21 c 500.64 459.21 l h f 
q 0.12 0 0 -0.12 0 841.89 cm 1 j 0.141 0.125 0.129 SC 4172 3189 m 4172 3197 l 4127 3197 l 4127 3195 4127 3193 4128 3191 c 4129 3188 4131 3185 4133 3182 c 4136 3179 4139 3176 4144 3172 c 4152 3166 4157 3161 4159 3157 c 4162 3154 4163 3150 4163 3147 c 4163 3144 4162 3141 4160 3138 c 4157 3136 4154 3135 4150 3135 c 4146 3135 4143 3136 4141 3139 c 4138 3141 4137 3144 4137 3149 c 4128 3148 l 4129 3141 4131 3137 4135 3133 c 4139 3130 4144 3128 4151 3128 c 4157 3128 4162 3130 4166 3134 c 4170 3137 4172 3142 4172 3147 c 4172 3150 4171 3153 4170 3155 c 4169 3158 4167 3161 4165 3164 c 4162 3167 4158 3171 4152 3176 c 4147 3180 4143 3183 4142 3185 c 4140 3186 4139 3188 4138 3189 c 4172 3189 l h S Q 
1 w 0.141 0.125 0.129 sc 508.68 464.49 m 507.96 464.73 507.36 465.09 506.88 465.57 c 506.4 466.05 506.16 466.65 505.92 467.25 c 505.68 467.97 505.56 468.69 505.56 469.65 c 505.56 470.49 505.68 471.33 505.92 471.93 c 506.16 472.65 506.4 473.13 506.88 473.61 c 507.36 474.09 507.96 474.45 508.68 474.81 c 508.68 474.21 l 508.2 473.85 507.84 473.49 507.6 473.01 c 507.36 472.53 507.12 471.93 507.12 471.45 c 507 470.85 507 470.25 507 469.65 c 507 469.05 507 468.45 507.12 467.85 c 507.12 467.25 507.36 466.77 507.6 466.29 c 507.84 465.81 508.2 465.33 508.68 465.09 c 508.68 464.49 l h f 
509.04 466.05 m 509.04 466.05 509.04 466.05 509.04 466.05 c 509.04 466.89 l 509.04 467.01 509.04 467.01 509.04 467.01 c 511.56 467.01 l 511.56 467.01 511.68 467.01 511.68 466.89 c 511.68 466.05 l 511.68 466.05 511.56 466.05 511.56 466.05 c 509.04 466.05 l h f 
511.56 466.05 m 511.44 466.05 511.44 466.05 511.44 466.05 c 511.44 466.89 l 511.44 467.01 511.44 467.01 511.56 467.01 c 512.04 467.01 512.52 467.01 513 467.13 c 513.36 467.13 513.84 467.25 514.08 467.37 c 514.56 467.49 514.92 467.61 515.16 467.61 c 515.4 467.73 515.64 467.73 515.76 467.85 c 515.64 467.85 515.52 467.97 515.4 468.09 c 515.28 468.09 515.16 468.21 515.04 468.33 c 514.68 468.57 514.44 468.69 514.32 468.81 c 514.08 468.81 513.96 468.93 513.72 468.93 c 513.48 468.93 513.24 468.93 513.12 468.81 c 512.88 468.69 512.76 468.57 512.4 468.45 c 512.4 468.57 512.28 468.57 512.28 468.69 c 512.28 468.81 512.28 468.93 512.28 468.93 c 512.28 469.29 512.4 469.53 512.64 469.77 c 512.88 469.89 513.24 470.01 513.72 470.01 c 513.96 470.01 514.2 470.01 514.44 469.89 c 514.68 469.77 514.92 469.65 515.28 469.41 c 515.64 469.05 516 468.93 516.24 468.69 c 516.48 468.57 516.84 468.45 517.2 468.45 c 517.32 468.33 517.56 468.33 517.68 468.33 c 517.92 468.33 518.16 468.33 518.52 468.33 c 518.04 467.37 l 517.8 467.37 517.68 467.37 517.56 467.37 c 517.32 467.37 517.2 467.37 516.96 467.37 c 516.84 467.37 516.6 467.37 516.48 467.25 c 516.24 467.25 516.12 467.25 515.88 467.13 c 515.64 467.01 515.4 466.89 515.16 466.77 c 514.8 466.53 514.56 466.41 514.32 466.41 c 514.08 466.29 513.84 466.17 513.6 466.17 c 513.36 466.05 513 466.05 512.64 466.05 c 512.4 466.05 511.92 466.05 511.56 466.05 c h 515.64 463.89 m 515.4 464.01 515.28 464.13 515.16 464.25 c 514.92 464.49 514.8 464.61 514.68 464.61 c 514.92 464.85 515.04 464.97 515.16 465.09 c 515.28 465.21 515.4 465.45 515.52 465.57 c 515.76 465.33 516.12 464.97 516.36 464.73 c 516.24 464.61 516.12 464.49 516 464.37 c 515.88 464.25 515.76 464.01 515.64 463.89 c h f 
519.24 465.09 m 519.72 465.33 520.08 465.81 520.32 466.29 c 520.68 466.77 520.8 467.25 520.92 467.85 c 520.92 468.45 521.04 469.05 521.04 469.65 c 521.04 470.25 520.92 470.85 520.92 471.45 c 520.8 471.93 520.68 472.53 520.32 473.01 c 520.08 473.49 519.72 473.85 519.24 474.21 c 519.24 474.81 l 519.96 474.45 520.56 474.09 521.04 473.61 c 521.52 473.13 521.88 472.65 522.12 471.93 c 522.24 471.33 522.36 470.49 522.36 469.65 c 522.36 468.69 522.24 467.97 522.12 467.25 c 521.88 466.65 521.52 466.05 521.04 465.57 c 520.56 465.09 519.96 464.73 519.24 464.49 c 519.24 465.09 l h f 
216.36 651.81 m 216.24 651.93 216 652.05 215.88 652.17 c 215.64 652.29 215.52 652.41 215.4 652.53 c 215.4 652.65 215.52 652.65 215.52 652.77 c 215.52 652.89 215.64 652.89 215.64 653.01 c 215.64 653.13 215.76 653.13 215.76 653.25 c 215.88 653.37 215.88 653.37 215.88 653.49 c 216.12 653.37 216.24 653.25 216.48 653.25 c 216.6 653.13 216.72 653.01 216.72 652.89 c 216.84 652.89 216.96 652.77 216.96 652.77 c 216.96 652.65 216.72 652.29 216.36 651.81 c h 216.36 647.85 m 216.24 647.97 216 648.09 215.88 648.21 c 215.76 648.33 215.52 648.45 215.4 648.45 c 215.4 648.57 215.52 648.69 215.52 648.81 c 215.52 648.81 215.64 648.93 215.64 649.05 c 215.64 649.05 215.76 649.17 215.76 649.29 c 215.88 649.29 215.88 649.41 215.88 649.53 c 216.6 649.17 216.96 648.81 216.96 648.69 c 216.96 648.69 216.72 648.33 216.36 647.85 c h f 
223.2 645.57 m 222.48 645.57 221.88 645.81 221.4 646.17 c 220.92 646.53 220.8 647.13 220.8 647.85 c 220.8 647.97 220.8 648.09 220.8 648.21 c 220.8 648.33 220.8 648.57 220.8 648.69 c 220.92 648.93 220.92 649.17 221.04 649.41 c 221.4 649.29 l 221.4 648.93 221.28 648.57 221.28 648.45 c 221.28 647.85 221.52 647.37 221.88 647.13 c 222.12 646.77 222.72 646.65 223.32 646.65 c 223.92 646.65 224.4 646.65 224.88 646.77 c 225.24 646.89 225.72 646.89 226.08 647.01 c 226.2 647.13 226.44 647.13 226.56 647.25 c 226.68 647.37 226.92 647.49 227.04 647.49 c 226.8 647.73 226.56 647.85 226.32 647.97 c 226.08 648.09 225.84 648.21 225.72 648.33 c 225.48 648.45 225.36 648.45 225.24 648.57 c 225 648.69 225 648.81 225 648.93 c 225 648.93 225 649.05 225 649.17 c 225 649.17 225.12 649.29 225.12 649.41 c 225.24 649.53 225.24 649.65 225.36 649.77 c 225.36 649.77 225.36 649.77 225.48 649.77 c 225.72 649.77 226.08 649.77 226.56 649.65 c 227.04 649.65 227.4 649.65 228 649.65 c 228 649.65 228.12 649.53 228.12 649.53 c 228.12 648.69 l 228.12 648.57 228 648.57 228 648.57 c 227.76 648.57 227.64 648.57 227.4 648.57 c 227.16 648.57 226.92 648.69 226.8 648.69 c 226.56 648.69 226.32 648.81 226.2 648.81 c 226.32 648.69 226.56 648.57 226.68 648.57 c 226.8 648.45 226.92 648.45 227.04 648.33 c 227.04 648.33 227.16 648.21 227.28 648.21 c 227.4 648.09 227.4 648.09 227.4 647.97 c 227.52 647.85 227.52 647.73 227.52 647.49 c 227.52 647.37 227.4 647.13 227.16 646.89 c 227.04 646.77 226.68 646.53 226.44 646.41 c 226.08 646.17 225.6 646.05 225.24 645.93 c 224.52 645.69 223.8 645.57 223.2 645.57 c h f 
227.88 648.57 m 227.76 648.57 227.76 648.57 227.76 648.69 c 227.76 649.53 l 227.76 649.65 227.76 649.65 227.88 649.65 c 228.24 649.65 228.72 649.77 229.08 649.89 c 229.08 650.25 229.08 650.49 229.08 650.73 c 229.08 650.97 228.96 651.21 228.96 651.45 c 228.96 652.05 228.84 652.65 228.72 653.37 c 228.72 654.09 228.6 654.81 228.48 655.65 c 228.6 655.77 228.72 655.89 228.84 656.01 c 229.08 656.13 229.2 656.25 229.44 656.37 c 229.44 655.89 229.44 655.29 229.44 654.81 c 229.44 654.21 229.56 653.61 229.56 653.01 c 229.56 652.53 229.56 651.93 229.68 651.57 c 229.68 651.09 229.68 650.61 229.68 650.25 c 229.68 650.01 229.68 649.89 229.56 649.65 c 229.44 649.41 229.32 649.17 229.2 648.93 c 229.2 648.81 228.96 648.81 228.72 648.69 c 228.48 648.57 228.24 648.57 227.88 648.57 c h f 
233.52 648.57 m 233.16 648.57 232.8 648.69 232.56 648.69 c 232.32 648.81 232.08 649.05 231.96 649.17 c 231.84 649.41 231.72 649.53 231.72 649.89 c 231.72 650.01 231.72 650.25 231.6 650.61 c 231.6 650.85 231.6 651.21 231.6 651.57 c 231.48 651.93 231.48 652.29 231.48 652.77 c 231.36 653.13 231.36 653.61 231.36 654.09 c 231.24 654.57 231.24 655.17 231.24 655.65 c 231.36 655.77 231.48 655.89 231.72 656.01 c 231.84 656.13 231.96 656.25 232.2 656.37 c 232.2 655.77 232.2 655.17 232.2 654.57 c 232.32 653.97 232.32 653.37 232.32 652.77 c 232.32 652.17 232.32 651.45 232.32 650.73 c 232.32 649.89 l 232.56 649.77 232.68 649.77 232.92 649.65 c 233.04 649.65 233.28 649.65 233.52 649.65 c 233.52 649.65 233.52 649.65 233.52 649.53 c 233.52 648.69 l 233.52 648.57 233.52 648.57 233.52 648.57 c h f 
233.4 648.57 m 233.28 648.57 233.28 648.57 233.28 648.69 c 233.28 649.53 l 233.28 649.65 233.28 649.65 233.4 649.65 c 233.88 649.65 234.24 649.65 234.48 649.65 c 234.84 649.77 235.08 649.77 235.2 649.89 c 235.32 649.89 235.44 650.01 235.56 650.25 c 235.68 650.37 235.8 650.61 236.04 651.09 c 236.04 651.21 236.16 651.21 236.16 651.33 c 236.28 651.33 236.4 651.33 236.4 651.33 c 236.52 651.33 236.64 651.33 236.76 651.21 c 236.76 651.09 236.64 650.97 236.64 650.73 c 236.52 650.61 236.52 650.49 236.4 650.37 c 236.4 650.13 236.28 650.13 236.28 650.01 c 236.52 649.89 236.76 649.77 236.88 649.77 c 237.12 649.65 237.36 649.65 237.6 649.65 c 237.72 649.65 237.72 649.65 237.72 649.53 c 237.72 648.69 l 237.72 648.57 237.72 648.57 237.6 648.57 c 237 648.57 236.4 648.81 235.8 649.29 c 235.68 649.05 l 235.68 649.05 235.44 648.93 235.2 648.81 c 234.96 648.81 234.72 648.69 234.36 648.69 c 234.12 648.57 233.76 648.57 233.4 648.57 c h 236.4 652.29 m 236.28 652.53 236.16 652.65 236.04 652.77 c 235.92 652.89 235.8 653.01 235.68 653.01 c 235.8 653.13 235.8 653.25 236.04 653.37 c 236.16 653.49 236.28 653.61 236.4 653.85 c 236.52 653.85 236.52 653.73 236.64 653.61 c 236.76 653.49 237 653.37 237.12 653.13 c 237 652.89 236.76 652.65 236.4 652.29 c h 234.84 652.17 m 234.6 652.29 234.48 652.41 234.36 652.53 c 234.24 652.65 234.12 652.77 234 652.89 c 234.12 653.01 234.24 653.13 234.36 653.25 c 234.48 653.37 234.6 653.49 234.72 653.73 c 234.84 653.61 234.96 653.49 235.08 653.37 c 235.2 653.25 235.32 653.13 235.44 653.01 c 235.44 652.89 235.32 652.77 235.2 652.65 c 235.08 652.53 234.96 652.29 234.84 652.17 c h f 
237.48 648.57 m 237.48 648.57 237.36 648.57 237.36 648.69 c 237.36 649.53 l 237.36 649.65 237.48 649.65 237.48 649.65 c 237.96 649.65 238.32 649.77 238.8 649.89 c 238.68 650.25 238.68 650.49 238.68 650.73 c 238.68 650.97 238.68 651.21 238.56 651.45 c 238.56 652.05 238.44 652.65 238.44 653.37 c 238.32 654.09 238.2 654.81 238.08 655.65 c 238.2 655.77 238.32 655.89 238.56 656.01 c 238.68 656.13 238.92 656.25 239.04 656.37 c 239.04 655.89 239.04 655.29 239.16 654.81 c 239.16 654.21 239.16 653.61 239.16 653.01 c 239.28 652.53 239.28 651.93 239.28 651.57 c 239.28 651.09 239.28 650.61 239.28 650.25 c 239.28 650.01 239.28 649.89 239.16 649.65 c 239.16 649.41 239.04 649.17 238.92 648.93 c 238.8 648.81 238.68 648.81 238.44 648.69 c 238.2 648.57 237.84 648.57 237.48 648.57 c h f 
241.2 648.57 m 241.2 649.29 241.2 650.01 241.2 650.61 c 241.2 651.21 241.08 651.81 241.08 652.29 c 241.08 652.89 241.08 653.37 240.96 653.85 c 240.96 654.33 240.96 654.81 240.84 655.29 c 240.84 655.53 240.84 655.65 240.96 655.89 c 240.96 656.01 241.08 656.13 241.2 656.13 c 241.44 656.25 241.56 656.25 241.8 656.37 c 241.8 656.13 241.92 655.89 241.92 655.65 c 242.04 655.41 242.16 655.17 242.16 654.93 c 241.92 654.69 l 241.92 654.09 241.92 653.61 241.92 653.01 c 241.92 652.41 241.92 651.69 241.92 651.09 c 241.92 650.37 241.92 649.53 241.8 648.69 c 241.2 648.57 l h f 
248.28 645.57 m 247.68 645.57 247.08 645.81 246.72 646.17 c 246.36 646.53 246.24 647.13 246.24 647.85 c 246.24 647.97 246.24 648.09 246.24 648.21 c 246.24 648.33 246.24 648.57 246.36 648.69 c 246.36 648.93 246.36 649.17 246.48 649.41 c 246.84 649.29 l 246.84 648.93 246.72 648.57 246.72 648.45 c 246.72 647.85 246.84 647.37 247.2 647.13 c 247.44 646.77 247.8 646.65 248.28 646.65 c 248.76 646.65 249.12 646.77 249.48 646.77 c 249.84 646.89 250.2 647.13 250.44 647.25 c 250.8 647.49 250.92 647.73 251.16 647.97 c 250.8 649.65 l 250.68 650.37 250.56 651.09 250.56 651.69 c 250.44 652.29 250.32 652.89 250.2 653.37 c 250.2 653.61 250.2 653.73 250.2 653.97 c 250.08 654.21 250.08 654.33 250.08 654.57 c 250.08 654.69 249.96 654.93 249.96 655.05 c 249.96 655.17 249.96 655.29 249.96 655.29 c 249.96 655.65 250.08 655.89 250.2 656.01 c 250.44 656.13 250.56 656.25 250.92 656.37 c 250.92 656.13 251.04 655.89 251.04 655.65 c 251.16 655.41 251.28 655.17 251.28 654.93 c 251.04 654.69 l 251.16 653.49 251.28 652.41 251.4 651.57 c 251.4 650.85 251.52 650.25 251.52 649.89 c 251.76 649.65 252.12 649.65 252.36 649.65 c 252.48 649.65 252.48 649.65 252.48 649.53 c 252.48 648.69 l 252.48 648.57 252.48 648.57 252.36 648.57 c 252.24 648.57 252.12 648.57 252 648.69 c 251.88 648.69 251.76 648.69 251.64 648.81 c 251.64 648.45 l 251.64 647.85 251.52 647.49 251.16 647.01 c 250.92 646.53 250.44 646.17 249.96 645.93 c 249.72 645.81 249.36 645.69 249.12 645.69 c 248.88 645.57 248.64 645.57 248.28 645.57 c h f 
252.36 648.57 m 252.24 648.57 252.24 648.57 252.24 648.69 c 252.24 649.53 l 252.24 649.65 252.24 649.65 252.36 649.65 c 253.32 649.65 254.04 649.65 254.76 649.89 c 255.12 649.89 255.48 650.01 255.72 650.25 c 255.72 650.49 255.6 650.61 255.36 650.85 c 255.24 651.09 255 651.33 254.76 651.45 c 254.52 651.69 254.4 651.81 254.16 651.93 c 253.92 652.05 253.68 652.17 253.44 652.41 c 253.08 652.53 252.84 652.77 252.6 652.89 c 252.48 653.01 252.36 653.25 252.36 653.37 c 252.36 653.61 252.36 653.73 252.48 653.85 c 252.48 653.97 252.6 654.09 252.6 654.09 c 252.72 654.21 252.84 654.21 252.96 654.33 c 253.2 654.45 253.44 654.57 253.68 654.69 c 253.92 654.81 254.28 655.05 254.64 655.17 c 255 655.29 255.36 655.53 255.84 655.65 c 256.2 655.77 256.68 656.01 257.16 656.25 c 257.28 656.13 257.4 655.89 257.4 655.77 c 257.4 655.53 257.28 655.41 257.16 655.29 c 257.16 655.17 257.04 655.05 256.8 654.93 c 256.44 654.81 256.08 654.57 255.6 654.45 c 255.24 654.33 254.88 654.09 254.4 653.97 c 254.04 653.73 253.56 653.61 253.08 653.37 c 253.56 653.25 254.16 653.01 254.64 652.77 c 255.12 652.41 255.48 652.05 255.84 651.69 c 256.08 651.21 256.2 650.85 256.2 650.49 c 256.2 650.37 256.2 650.25 256.2 650.13 c 256.68 649.77 257.16 649.65 257.76 649.65 c 257.76 649.65 257.88 649.65 257.88 649.53 c 257.88 648.69 l 257.88 648.57 257.76 648.57 257.76 648.57 c 257.4 648.57 257.04 648.69 256.68 648.81 c 256.32 648.93 256.08 649.17 255.84 649.41 c 255.72 649.41 255.72 649.29 255.6 649.29 c 255.48 649.17 255.48 649.17 255.36 649.05 c 254.64 648.81 253.68 648.57 252.36 648.57 c h f 
260.28 648.57 m 260.04 648.57 259.8 648.57 259.56 648.69 c 259.32 648.69 259.08 648.81 258.84 648.93 c 258.72 648.81 258.6 648.69 258.36 648.69 c 258.12 648.57 257.88 648.57 257.64 648.57 c 257.52 648.57 257.52 648.57 257.52 648.69 c 257.52 649.53 l 257.52 649.65 257.52 649.65 257.64 649.65 c 257.88 649.65 258.12 649.65 258.24 649.65 c 258.36 649.77 258.6 649.77 258.6 649.89 c 258.72 650.01 258.84 650.13 258.96 650.25 c 258.96 650.37 259.08 650.49 259.2 650.73 c 259.32 650.85 259.32 650.85 259.44 650.85 c 259.44 650.97 259.56 650.97 259.68 650.97 c 259.8 650.97 259.92 650.97 259.92 650.85 c 259.8 650.61 259.8 650.37 259.68 650.13 c 259.56 650.01 259.56 649.77 259.44 649.65 c 259.56 649.65 259.68 649.65 259.8 649.65 c 259.92 649.65 260.16 649.65 260.4 649.65 c 260.52 649.65 260.64 649.65 260.76 649.65 c 260.88 649.65 261.12 649.65 261.24 649.77 c 261.24 649.77 261.36 649.89 261.36 650.13 c 261.48 650.25 261.48 650.49 261.6 650.73 c 261.72 650.85 261.72 651.09 261.84 651.21 c 261.84 651.45 261.96 651.45 261.96 651.57 c 262.08 651.57 262.2 651.57 262.32 651.57 c 262.44 651.57 262.56 651.57 262.56 651.57 c 262.56 651.45 262.44 651.21 262.44 650.97 c 262.32 650.61 262.2 650.25 261.96 649.65 c 262.08 649.65 262.2 649.65 262.2 649.65 c 262.32 649.65 262.44 649.65 262.56 649.65 c 262.68 649.65 262.92 649.65 263.16 649.77 c 263.28 649.77 263.28 649.89 263.28 650.01 c 263.4 650.13 263.4 650.25 263.52 650.49 c 263.52 650.61 263.64 650.85 263.76 650.97 c 263.76 651.21 263.88 651.33 263.88 651.45 c 264 651.57 264 651.57 264.12 651.69 c 264.12 651.69 264.24 651.69 264.36 651.69 c 264.48 651.69 264.6 651.69 264.72 651.57 c 264.6 651.45 264.6 651.33 264.48 651.09 c 264.36 650.85 264.24 650.49 264.12 650.01 c 264.36 649.89 264.6 649.77 264.72 649.77 c 264.96 649.65 265.2 649.65 265.44 649.65 c 265.56 649.65 265.56 649.65 265.56 649.53 c 265.56 648.69 l 265.56 648.57 265.56 648.57 265.44 648.57 c 265.2 648.57 264.84 648.69 264.6 648.81 c 264.24 648.93 264 649.05 263.88 649.29 c 263.76 649.17 263.76 649.05 263.76 648.93 c 263.64 648.93 263.64 648.81 263.52 648.81 c 263.4 648.69 263.28 648.69 263.16 648.57 c 262.92 648.57 262.8 648.57 262.56 648.57 c 262.2 648.57 261.96 648.69 261.6 648.81 c 261.6 648.81 261.48 648.69 261.36 648.69 c 261.12 648.69 261 648.57 260.76 648.57 c 260.64 648.57 260.4 648.57 260.28 648.57 c h 261 652.41 m 260.88 652.53 260.64 652.65 260.64 652.77 c 260.52 652.89 260.4 652.89 260.28 653.01 c 260.4 653.13 260.52 653.25 260.64 653.37 c 260.76 653.49 260.88 653.61 261 653.73 c 261 653.73 261.12 653.61 261.24 653.49 c 261.36 653.37 261.48 653.25 261.6 653.13 c 261.6 653.01 261.48 652.89 261.36 652.77 c 261.24 652.65 261.12 652.53 261 652.41 c h 262.56 652.53 m 262.44 652.65 262.32 652.77 262.2 652.89 c 262.08 653.01 261.96 653.13 261.84 653.25 c 261.96 653.25 262.08 653.37 262.2 653.49 c 262.32 653.61 262.44 653.73 262.56 653.97 c 262.68 653.85 262.8 653.73 262.92 653.61 c 263.04 653.49 263.16 653.37 263.28 653.25 c 263.16 653.13 263.04 653.01 262.92 652.89 c 262.92 652.77 262.8 652.65 262.56 652.53 c h 261.84 653.49 m 261.72 653.61 261.6 653.61 261.48 653.73 c 261.36 653.85 261.24 653.97 261.12 654.09 c 261.24 654.21 261.36 654.33 261.48 654.45 c 261.6 654.57 261.72 654.69 261.72 654.69 c 261.84 654.57 261.96 654.57 262.08 654.45 c 262.2 654.33 262.32 654.21 262.44 654.09 c 262.32 653.97 262.2 653.85 262.08 653.73 c 261.96 653.61 261.84 653.49 261.84 653.49 c h f 
265.32 648.57 m 265.32 648.57 265.32 648.57 265.32 648.69 c 265.32 649.53 l 265.32 649.65 265.32 649.65 265.32 649.65 c 265.8 649.65 266.16 649.77 266.64 649.89 c 266.64 650.25 266.52 650.49 266.52 650.73 c 266.52 650.97 266.52 651.21 266.52 651.45 c 266.4 652.05 266.4 652.65 266.28 653.37 c 266.16 654.09 266.04 654.81 265.92 655.65 c 266.04 655.77 266.28 655.89 266.4 656.01 c 266.52 656.13 266.76 656.25 266.88 656.37 c 266.88 655.89 267 655.29 267 654.81 c 267 654.21 267 653.61 267.12 653.01 c 267.12 652.53 267.12 651.93 267.12 651.57 c 267.12 651.09 267.12 650.61 267.12 650.25 c 267.12 650.01 267.12 649.89 267 649.65 c 267 649.41 266.88 649.17 266.76 648.93 c 266.64 648.81 266.52 648.81 266.28 648.69 c 266.04 648.57 265.68 648.57 265.32 648.57 c h f 
269.16 648.57 m 269.04 649.29 269.04 650.01 269.04 650.61 c 269.04 651.21 269.04 651.81 268.92 652.29 c 268.92 652.89 268.92 653.37 268.8 653.85 c 268.8 654.33 268.8 654.81 268.68 655.29 c 268.68 655.53 268.68 655.65 268.8 655.89 c 268.92 656.01 268.92 656.13 269.16 656.13 c 269.28 656.25 269.4 656.25 269.64 656.37 c 269.64 656.13 269.76 655.89 269.76 655.65 c 269.88 655.41 270 655.17 270.12 654.93 c 269.76 654.69 l 269.76 654.09 269.76 653.61 269.76 653.01 c 269.76 652.41 269.76 651.69 269.76 651.09 c 269.76 650.37 269.76 649.53 269.76 648.69 c 269.16 648.57 l h f 
276.6 645.57 m 275.76 645.57 275.16 645.81 274.68 646.17 c 274.32 646.53 274.08 647.13 274.08 647.85 c 274.08 647.97 274.08 648.09 274.08 648.21 c 274.08 648.33 274.08 648.57 274.2 648.69 c 274.2 648.93 274.2 649.17 274.32 649.41 c 274.8 649.29 l 274.68 648.93 274.56 648.57 274.56 648.45 c 274.56 647.85 274.8 647.37 275.16 647.13 c 275.52 646.77 276 646.65 276.6 646.65 c 277.2 646.65 277.68 646.65 278.16 646.77 c 278.64 646.89 279 646.89 279.36 647.01 c 279.48 647.13 279.72 647.13 279.84 647.25 c 280.08 647.37 280.2 647.49 280.32 647.49 c 280.08 647.73 279.84 647.85 279.6 647.97 c 279.36 648.09 279.12 648.21 279 648.33 c 278.76 648.45 278.64 648.45 278.52 648.57 c 278.4 648.69 278.28 648.81 278.28 648.93 c 278.28 648.93 278.28 649.05 278.28 649.17 c 278.4 649.17 278.4 649.29 278.52 649.41 c 278.52 649.53 278.52 649.65 278.64 649.77 c 278.64 649.77 278.76 649.77 278.76 649.77 c 279 649.77 279.36 649.77 279.84 649.65 c 280.32 649.65 280.8 649.65 281.28 649.65 c 281.4 649.65 281.4 649.53 281.4 649.53 c 281.4 648.69 l 281.4 648.57 281.4 648.57 281.28 648.57 c 281.04 648.57 280.92 648.57 280.68 648.57 c 280.44 648.57 280.32 648.69 280.08 648.69 c 279.84 648.69 279.72 648.81 279.48 648.81 c 279.72 648.69 279.84 648.57 279.96 648.57 c 280.08 648.45 280.2 648.45 280.32 648.33 c 280.44 648.33 280.44 648.21 280.56 648.21 c 280.68 648.09 280.68 648.09 280.8 647.97 c 280.8 647.85 280.8 647.73 280.8 647.49 c 280.8 647.37 280.68 647.13 280.56 646.89 c 280.32 646.77 280.08 646.53 279.72 646.41 c 279.36 646.17 279 646.05 278.52 645.93 c 277.8 645.69 277.2 645.57 276.6 645.57 c h f 
281.16 648.57 m 281.16 648.57 281.16 648.57 281.16 648.69 c 281.16 649.53 l 281.16 649.65 281.16 649.65 281.16 649.65 c 282 649.65 282.72 649.65 283.32 649.77 c 283.92 649.89 284.4 650.01 284.88 650.25 c 284.88 650.37 284.88 650.49 284.88 650.61 c 284.76 650.73 284.76 650.85 284.76 650.97 c 284.52 650.73 284.28 650.61 284.04 650.49 c 283.8 650.37 283.44 650.37 283.2 650.37 c 282.84 650.37 282.48 650.49 282.36 650.73 c 282.12 650.97 282 651.33 282 651.69 c 282 652.05 282.12 652.41 282.24 652.77 c 282.36 653.13 282.48 653.37 282.72 653.49 c 282.84 653.61 282.96 653.73 283.08 653.73 c 283.2 653.85 283.32 653.85 283.44 653.85 c 283.8 653.85 284.16 653.73 284.52 653.37 c 284.76 653.13 285 652.65 285.24 652.17 c 285.24 651.93 285.36 651.69 285.36 651.33 c 285.48 651.09 285.48 650.85 285.48 650.49 c 285.48 650.49 285.48 650.37 285.48 650.13 c 285.48 650.01 285.36 649.89 285.36 649.77 c 285.24 649.53 285.24 649.41 285.12 649.29 c 284.88 649.29 284.64 649.17 284.28 649.05 c 283.92 648.93 283.44 648.81 282.96 648.69 c 282.36 648.57 281.88 648.57 281.16 648.57 c h 283.44 651.21 m 283.8 651.21 284.16 651.33 284.52 651.45 c 284.4 651.93 284.28 652.17 284.04 652.41 c 283.8 652.65 283.56 652.77 283.32 652.77 c 283.08 652.77 282.84 652.65 282.72 652.53 c 282.6 652.29 282.48 652.05 282.48 651.93 c 282.48 651.69 282.6 651.45 282.72 651.33 c 282.84 651.33 283.08 651.21 283.44 651.21 c h 283.44 654.57 m 283.08 654.81 282.84 655.17 282.6 655.41 c 282.84 655.53 282.96 655.77 283.08 655.89 c 283.2 656.01 283.32 656.13 283.44 656.25 c 283.56 656.13 283.68 656.01 283.8 655.89 c 283.92 655.77 284.04 655.53 284.16 655.41 c 284.16 655.29 284.04 655.17 283.92 655.05 c 283.8 654.93 283.56 654.69 283.44 654.57 c h f 
0.992 0.941 0.918 sc 298.8 643.89 m 302.88 643.89 306.24 647.25 306.24 651.33 c 306.24 655.41 302.88 658.77 298.8 658.77 c 294.72 658.77 291.36 655.41 291.36 651.33 c 291.36 647.25 294.72 643.89 298.8 643.89 c h f 
q 0.12 0 0 -0.12 0 841.89 cm 4 w 1 J 0 j 4 M 0.933 0.114 0.145 SC 2490 1650 m 2524 1650 2552 1622 2552 1588 c 2552 1554 2524 1526 2490 1526 c 2456 1526 2428 1554 2428 1588 c 2428 1622 2456 1650 2490 1650 c S Q 
1 w 0.933 0.114 0.145 sc 296.28 647.25 m 296.28 648.21 l 298.2 650.37 l 298.44 650.73 298.68 650.97 298.92 651.21 c 299.16 651.45 299.28 651.57 299.28 651.69 c 299.52 652.05 299.64 652.29 299.76 652.53 c 299.88 652.77 299.88 653.01 299.88 653.25 c 299.88 653.73 299.76 653.97 299.52 654.21 c 299.4 654.45 299.04 654.57 298.68 654.57 c 298.44 654.57 298.08 654.45 297.84 654.33 c 297.6 654.21 297.24 653.97 297 653.73 c 296.4 654.57 l 296.64 654.81 296.88 654.93 297.12 655.17 c 297.36 655.29 297.6 655.41 297.84 655.53 c 298.2 655.53 298.44 655.53 298.68 655.53 c 299.28 655.53 299.64 655.53 300 655.29 c 300.36 655.05 300.6 654.81 300.84 654.33 c 300.96 654.09 300.96 653.73 300.96 653.37 c 300.96 653.01 300.96 652.65 300.84 652.29 c 300.72 652.05 300.48 651.69 300.24 651.33 c 300.12 651.09 300 650.97 299.76 650.73 c 299.64 650.49 299.4 650.13 299.04 649.89 c 297.72 648.45 l 297.72 648.33 l 301.32 648.33 l 301.32 647.25 l 296.28 647.25 l h f 
q 0.12 0 0 -0.12 0 841.89 cm 7 w 1 J 1 j 0.925 0.008 0.553 SC 1332 2293 m 842 2293 l 842 1924 l 1332 1924 l 1332 2293 l h S Q 
1 w 0.141 0.125 0.129 sc 160.8 564.69 m 159.84 564.69 159 564.33 158.28 563.61 c 157.68 563.01 157.44 562.17 157.44 561.21 c 157.44 560.25 157.68 559.41 158.28 558.81 c 158.88 558.09 159.72 557.73 160.8 557.73 c 161.52 557.73 162.12 557.97 162.6 558.33 c 162.96 558.57 163.32 558.81 163.44 559.05 c 163.32 559.29 l 162.96 558.93 162.72 558.69 162.48 558.57 c 162 558.33 161.52 558.21 161.04 558.21 c 160.32 558.21 159.72 558.45 159.24 559.05 c 158.76 559.53 158.52 560.25 158.52 561.21 c 158.52 562.17 158.76 562.89 159.24 563.49 c 159.72 564.09 160.2 564.33 160.92 564.33 c 161.64 564.33 162.24 564.09 162.6 563.49 c 162.84 563.25 162.96 562.89 163.08 562.41 c 163.32 562.41 l 163.32 564.69 l 163.08 564.69 l 163.08 564.57 162.96 564.57 162.84 564.45 c 162.84 564.45 162.72 564.45 162.6 564.45 c 162.6 564.45 162.36 564.45 162 564.57 c 161.52 564.69 161.16 564.69 160.8 564.69 c h f 
158.4 613.65 m 158.4 618.81 l 158.4 618.93 158.4 619.05 158.52 619.17 c 158.52 619.17 158.76 619.17 159 619.17 c 159.84 619.17 160.56 619.05 161.16 618.57 c 161.76 617.97 162.12 617.25 162.12 616.17 c 162.12 615.09 161.64 614.25 160.92 613.77 c 160.44 613.41 159.72 613.29 159 613.29 c 158.76 613.29 158.52 613.29 158.52 613.41 c 158.4 613.41 158.4 613.53 158.4 613.65 c h 156.48 612.93 m 159.24 612.93 l 159.96 612.93 160.68 613.05 161.16 613.17 c 161.4 613.29 161.64 613.41 162 613.65 c 162.36 614.01 162.72 614.37 162.84 614.85 c 163.08 615.21 163.2 615.69 163.2 616.17 c 163.2 617.61 162.6 618.57 161.52 619.17 c 160.8 619.41 160.08 619.53 159.12 619.53 c 156.48 619.53 l 156.48 619.41 l 156.84 619.41 157.08 619.29 157.2 619.17 c 157.32 619.05 157.32 618.81 157.32 618.45 c 157.32 614.01 l 157.32 613.65 157.32 613.41 157.2 613.29 c 157.08 613.17 156.84 613.17 156.48 613.05 c 156.48 612.93 l h f 
101.28 558.33 m 100.92 558.33 100.68 558.33 100.56 558.33 c 100.56 558.45 100.44 558.57 100.44 558.69 c 100.44 561.21 l 100.56 561.21 100.56 561.21 100.68 561.21 c 100.68 561.21 100.8 561.21 100.92 561.21 c 101.52 561.21 102.12 561.09 102.48 560.85 c 102.84 560.73 103.08 560.37 103.08 559.77 c 103.08 559.17 102.96 558.81 102.6 558.57 c 102.24 558.45 101.76 558.33 101.28 558.33 c h 98.52 557.97 m 101.76 557.97 l 102.36 557.97 102.72 557.97 103.2 558.21 c 103.92 558.45 104.28 559.05 104.28 559.77 c 104.28 560.25 104.04 560.61 103.8 560.85 c 103.44 561.21 103.08 561.33 102.6 561.45 c 102.96 561.57 103.2 561.69 103.44 561.81 c 103.68 562.05 103.92 562.41 103.92 562.89 c 103.92 563.49 103.68 563.97 103.2 564.21 c 102.72 564.45 102.12 564.57 101.28 564.57 c 98.52 564.57 l 98.52 564.45 l 98.88 564.45 99.12 564.33 99.24 564.21 c 99.36 564.09 99.48 563.85 99.48 563.49 c 99.48 559.05 l 99.48 558.69 99.36 558.45 99.24 558.33 c 99.12 558.21 98.88 558.09 98.52 558.09 c 98.52 557.97 l h 101.4 561.57 m 100.44 561.57 l 100.44 563.85 l 100.44 564.09 100.44 564.21 100.56 564.21 c 100.56 564.21 100.68 564.21 100.92 564.21 c 101.4 564.21 101.88 564.21 102.12 564.09 c 102.6 563.85 102.84 563.49 102.84 562.89 c 102.84 562.29 102.72 561.93 102.24 561.81 c 102 561.69 101.76 561.57 101.4 561.57 c h f 
100.44 615.45 m 101.64 618.21 l 102.72 615.45 l 100.44 615.45 l h 100.44 612.93 m 100.44 613.05 l 100.2 613.17 100.08 613.17 99.96 613.17 c 99.84 613.29 99.72 613.41 99.72 613.53 c 99.72 613.65 99.72 613.77 99.84 613.89 c 99.84 614.01 100.08 614.37 100.32 615.09 c 102.96 615.09 l 103.32 614.13 l 103.44 614.01 103.44 613.89 103.44 613.77 c 103.56 613.65 103.56 613.53 103.56 613.53 c 103.56 613.29 103.44 613.29 103.44 613.17 c 103.32 613.17 103.08 613.17 102.84 613.05 c 102.84 612.93 l 105.36 612.93 l 105.36 613.05 l 105.12 613.17 105 613.17 104.88 613.29 c 104.76 613.41 104.64 613.65 104.52 614.01 c 102 619.65 l 101.76 619.65 l 99.72 614.73 l 99.36 614.01 99.12 613.53 99 613.41 c 98.88 613.17 98.76 613.17 98.52 613.05 c 98.52 612.93 l 100.44 612.93 l h f 
119.16 613.41 m 119.28 613.41 119.4 613.53 119.64 613.65 c 119.52 613.89 119.52 614.13 119.52 614.37 c 119.4 614.61 119.4 614.85 119.4 615.21 c 119.28 615.69 119.16 616.17 119.16 616.53 c 119.04 616.89 119.04 617.25 119.04 617.61 c 119.16 617.73 119.28 617.73 119.4 617.85 c 119.52 617.97 119.64 618.09 119.88 618.21 c 119.76 617.97 119.64 617.73 119.64 617.49 c 119.64 617.25 119.76 617.01 120 616.89 c 120.24 616.65 120.6 616.53 120.96 616.41 c 121.32 616.29 121.8 616.29 122.28 616.29 c 122.4 616.77 l 122.64 616.41 123 616.29 123.24 616.29 c 123.36 616.29 123.36 616.29 123.36 616.41 c 123.36 617.13 l 123.36 617.13 123.36 617.25 123.24 617.25 c 123.12 617.25 123 617.25 122.88 617.49 c 122.76 617.61 122.64 617.73 122.64 617.97 c 122.52 618.09 122.4 618.33 122.4 618.45 c 122.28 618.69 122.28 618.81 122.16 619.05 c 122.04 619.17 122.04 619.29 122.04 619.41 c 121.92 619.53 121.8 619.65 121.8 619.65 c 121.68 619.77 121.68 619.77 121.56 619.77 c 121.44 619.77 121.2 619.77 120.96 619.65 c 120.72 619.53 120.48 619.41 120.24 619.29 c 120.12 619.17 119.88 619.05 119.76 619.05 c 119.64 618.93 119.52 618.81 119.4 618.69 c 119.28 618.57 119.16 618.57 119.04 618.45 c 118.92 618.33 118.92 618.33 118.92 618.33 c 118.8 618.09 118.8 617.97 118.68 617.85 c 118.68 617.73 118.56 617.61 118.56 617.61 c 118.56 617.49 118.56 617.49 118.56 617.37 c 118.56 617.37 118.56 617.25 118.56 617.25 c 118.56 617.01 118.56 616.77 118.56 616.53 c 118.56 616.29 118.56 615.93 118.68 615.57 c 118.68 615.09 118.68 614.73 118.68 614.37 c 118.8 613.89 118.8 613.53 118.8 613.17 c 118.92 613.29 119.04 613.29 119.16 613.41 c h 120.24 617.73 m 120.24 617.85 120.36 618.09 120.48 618.21 c 120.72 618.33 120.84 618.45 120.96 618.57 c 121.2 618.69 121.32 618.81 121.56 618.93 c 121.56 618.57 121.68 618.21 121.8 617.97 c 121.8 617.61 121.92 617.37 122.16 617.13 c 121.2 617.25 120.6 617.37 120.24 617.73 c h f 
126 616.29 m 126.24 616.29 126.36 616.41 126.48 616.41 c 126.6 616.41 126.72 616.53 126.72 616.53 c 126.72 616.65 126.84 616.65 126.84 616.77 c 127.2 616.53 127.56 616.41 127.92 616.41 c 128.28 616.29 128.64 616.29 129 616.29 c 129.12 616.41 129.12 616.53 129.24 616.77 c 129.24 616.89 129.36 617.01 129.36 617.25 c 129.48 617.37 129.48 617.49 129.48 617.61 c 129.48 617.73 129.48 617.97 129.36 618.21 c 129.36 618.45 129.24 618.69 129.24 618.93 c 129.12 619.17 129.12 619.53 129 619.89 c 128.88 619.77 128.64 619.53 128.52 619.41 c 128.4 619.29 128.28 619.05 128.28 618.93 c 128.28 618.93 128.28 618.81 128.4 618.69 c 128.4 618.45 128.52 618.33 128.52 618.21 c 128.64 617.97 128.64 617.85 128.76 617.61 c 128.88 617.49 128.88 617.25 128.88 617.13 c 128.76 617.13 128.52 617.25 128.28 617.25 c 128.16 617.25 127.92 617.25 127.68 617.37 c 127.56 617.37 127.32 617.49 127.08 617.61 c 127.2 617.85 127.32 618.09 127.32 618.33 c 127.44 618.57 127.56 618.69 127.56 618.93 c 127.44 618.93 127.44 618.93 127.32 618.93 c 127.2 618.93 127.08 618.93 127.08 618.93 c 126.96 618.81 126.96 618.81 126.84 618.69 c 126.84 618.45 126.72 618.33 126.72 618.09 c 126.6 617.97 126.6 617.73 126.48 617.61 c 126.48 617.49 126.36 617.37 126.36 617.25 c 126.24 617.25 126.12 617.25 126 617.25 c 125.88 617.13 125.76 617.13 125.64 617.13 c 125.4 617.13 125.28 617.13 125.16 617.25 c 125.04 617.25 124.92 617.25 124.8 617.25 c 124.8 617.37 124.92 617.49 125.04 617.61 c 125.04 617.85 125.16 618.09 125.28 618.33 c 125.16 618.33 125.04 618.33 125.04 618.33 c 124.92 618.33 124.8 618.33 124.8 618.33 c 124.68 618.33 124.68 618.21 124.68 618.21 c 124.56 618.09 124.44 617.97 124.44 617.85 c 124.32 617.73 124.32 617.73 124.32 617.61 c 124.2 617.61 124.2 617.49 124.08 617.49 c 123.96 617.37 123.84 617.25 123.72 617.25 c 123.6 617.25 123.48 617.25 123.24 617.25 c 123.12 617.25 123.12 617.13 123.12 617.13 c 123.12 616.41 l 123.12 616.29 123.12 616.29 123.24 616.29 c 123.48 616.29 123.6 616.29 123.84 616.41 c 124.08 616.41 124.2 616.53 124.32 616.53 c 124.44 616.53 124.68 616.41 124.92 616.41 c 125.16 616.29 125.28 616.29 125.52 616.29 c 125.64 616.29 125.88 616.29 126 616.29 c h f 
133.56 616.65 m 133.92 616.29 134.4 616.17 135 616.17 c 135.6 616.17 136.2 616.41 136.56 616.77 c 137.04 617.13 137.16 617.61 137.16 618.21 c 137.16 618.69 137.16 619.05 136.92 619.29 c 136.68 619.53 136.32 619.77 135.96 619.89 c 136.32 620.01 136.56 620.13 136.68 620.37 c 136.8 620.61 136.92 620.97 136.92 621.21 c 136.92 621.45 136.8 621.81 136.68 622.05 c 136.44 622.29 136.2 622.53 135.96 622.65 c 135.6 622.89 135.36 622.89 135 622.89 c 134.4 622.89 134.04 622.77 133.68 622.41 c 133.32 622.17 133.08 621.69 132.96 621.21 c 133.8 621.09 l 133.8 621.45 134.04 621.69 134.16 621.93 c 134.4 622.17 134.64 622.29 135 622.29 c 135.36 622.29 135.6 622.17 135.72 621.93 c 135.96 621.81 136.08 621.57 136.08 621.21 c 136.08 620.85 135.96 620.61 135.6 620.37 c 135.36 620.25 135.12 620.13 134.76 620.13 c 134.64 620.13 134.64 620.13 134.64 620.13 c 134.52 619.41 l 134.76 619.53 134.88 619.53 135.12 619.53 c 135.48 619.53 135.72 619.41 135.96 619.17 c 136.2 618.93 136.32 618.57 136.32 618.21 c 136.32 617.85 136.2 617.49 135.96 617.25 c 135.72 617.01 135.36 616.89 135 616.89 c 134.64 616.89 134.4 616.89 134.16 617.13 c 133.92 617.37 133.8 617.73 133.68 618.09 c 132.96 617.97 l 132.96 617.49 133.2 617.01 133.56 616.65 c h f 
141.6 622.53 m 141.24 622.77 140.88 622.89 140.4 622.89 c 139.68 622.89 139.08 622.65 138.72 622.17 c 138.24 621.57 138 620.61 138 619.41 c 138 618.21 138.24 617.37 138.6 616.89 c 139.08 616.41 139.56 616.17 140.28 616.17 c 140.64 616.17 141 616.29 141.36 616.41 c 141.6 616.65 141.84 616.89 142.08 617.25 c 142.2 617.61 142.32 617.97 142.32 618.45 c 142.32 619.05 142.08 619.53 141.72 620.01 c 141.36 620.37 140.88 620.61 140.4 620.61 c 140.04 620.61 139.8 620.49 139.44 620.37 c 139.2 620.25 138.96 620.01 138.72 619.65 c 138.84 620.37 138.84 620.85 138.96 621.21 c 139.2 621.57 139.32 621.81 139.56 622.05 c 139.8 622.17 140.04 622.29 140.28 622.29 c 140.64 622.29 140.88 622.17 141.12 621.93 c 141.24 621.81 141.36 621.57 141.36 621.21 c 142.2 621.21 l 142.2 621.81 141.96 622.17 141.6 622.53 c h 139.32 619.41 m 139.56 619.77 139.8 619.89 140.28 619.89 c 140.64 619.89 140.88 619.77 141.12 619.41 c 141.36 619.17 141.48 618.81 141.48 618.33 c 141.48 617.85 141.36 617.49 141.12 617.25 c 140.88 617.01 140.64 616.77 140.28 616.77 c 140.04 616.77 139.8 616.89 139.56 617.01 c 139.32 617.13 139.2 617.37 139.08 617.61 c 138.96 617.85 138.96 618.09 138.96 618.45 c 138.96 618.81 139.08 619.17 139.32 619.41 c h f 
173.28 577.17 m 173.16 577.29 173.16 577.41 173.04 577.53 c 172.8 577.53 172.56 577.53 172.32 577.41 c 172.08 577.41 171.72 577.41 171.48 577.29 c 171 577.29 170.52 577.17 170.16 577.17 c 169.8 577.05 169.44 577.05 169.08 576.93 c 168.96 577.17 168.84 577.29 168.84 577.41 c 168.72 577.53 168.6 577.65 168.48 577.77 c 168.72 577.65 168.96 577.65 169.2 577.65 c 169.44 577.65 169.68 577.77 169.8 578.01 c 170.04 578.25 170.16 578.61 170.28 578.97 c 170.4 579.33 170.4 579.81 170.4 580.29 c 169.92 580.41 l 170.28 580.65 170.4 581.01 170.4 581.25 c 170.4 581.37 170.28 581.37 170.28 581.37 c 169.56 581.37 l 169.44 581.37 169.44 581.37 169.44 581.25 c 169.44 581.13 169.32 581.01 169.2 580.89 c 169.08 580.77 168.96 580.65 168.72 580.65 c 168.6 580.53 168.36 580.41 168.12 580.41 c 168 580.29 167.88 580.17 167.64 580.17 c 167.52 580.05 167.4 580.05 167.28 579.93 c 167.16 579.93 167.04 579.81 167.04 579.81 c 166.92 579.69 166.92 579.69 166.92 579.57 c 166.92 579.45 166.92 579.21 167.04 578.97 c 167.16 578.73 167.28 578.49 167.4 578.13 c 167.52 578.01 167.64 577.89 167.64 577.77 c 167.76 577.65 167.88 577.53 168 577.41 c 168 577.29 168.12 577.17 168.24 577.05 c 168.24 576.93 168.36 576.93 168.36 576.93 c 168.6 576.81 168.72 576.69 168.84 576.69 c 168.96 576.69 169.08 576.57 169.08 576.57 c 169.2 576.57 169.2 576.57 169.32 576.57 c 169.32 576.57 169.44 576.45 169.44 576.45 c 169.68 576.45 169.92 576.57 170.16 576.57 c 170.4 576.57 170.76 576.57 171.12 576.57 c 171.6 576.69 171.96 576.69 172.32 576.69 c 172.68 576.69 173.16 576.81 173.52 576.81 c 173.4 576.93 173.28 577.05 173.28 577.17 c h 168.96 578.25 m 168.72 578.25 168.6 578.37 168.48 578.49 c 168.36 578.61 168.24 578.85 168.12 578.97 c 168 579.21 167.88 579.33 167.76 579.57 c 168.12 579.57 168.36 579.69 168.72 579.81 c 169.08 579.81 169.32 579.93 169.56 580.05 c 169.44 579.21 169.2 578.61 168.96 578.25 c h f 
170.4 584.01 m 170.4 584.25 170.28 584.37 170.28 584.49 c 170.28 584.61 170.16 584.73 170.16 584.73 c 170.04 584.85 170.04 584.85 169.92 584.85 c 170.16 585.21 170.16 585.57 170.28 585.93 c 170.4 586.29 170.4 586.65 170.4 587.13 c 170.28 587.13 170.16 587.25 169.92 587.25 c 169.8 587.37 169.68 587.37 169.44 587.37 c 169.32 587.49 169.2 587.49 169.08 587.49 c 168.96 587.49 168.72 587.49 168.48 587.37 c 168.24 587.37 168 587.37 167.76 587.25 c 167.4 587.25 167.16 587.13 166.8 587.13 c 166.92 586.89 167.16 586.65 167.28 586.53 c 167.4 586.41 167.64 586.29 167.76 586.29 c 167.76 586.29 167.88 586.41 168 586.41 c 168.12 586.41 168.36 586.53 168.48 586.53 c 168.72 586.65 168.84 586.77 169.08 586.77 c 169.2 586.89 169.32 586.89 169.56 587.01 c 169.44 586.77 169.44 586.53 169.44 586.29 c 169.44 586.17 169.32 585.93 169.32 585.81 c 169.32 585.57 169.2 585.33 169.08 585.21 c 168.84 585.21 168.6 585.33 168.36 585.45 c 168.12 585.45 168 585.57 167.76 585.57 c 167.76 585.57 167.76 585.45 167.76 585.33 c 167.76 585.21 167.76 585.09 167.76 585.09 c 167.88 584.97 167.88 584.97 168 584.85 c 168.24 584.85 168.36 584.73 168.6 584.73 c 168.72 584.61 168.96 584.61 169.08 584.49 c 169.2 584.49 169.32 584.37 169.44 584.37 c 169.44 584.25 169.44 584.13 169.44 584.01 c 169.44 583.89 169.44 583.77 169.44 583.65 c 169.44 583.41 169.44 583.29 169.44 583.17 c 169.44 583.05 169.44 582.93 169.44 582.81 c 169.32 582.81 169.2 582.93 169.08 583.05 c 168.84 583.05 168.6 583.17 168.36 583.29 c 168.36 583.17 168.24 583.05 168.24 583.05 c 168.24 582.93 168.36 582.81 168.36 582.81 c 168.36 582.69 168.48 582.69 168.48 582.69 c 168.6 582.57 168.72 582.45 168.84 582.45 c 168.96 582.33 168.96 582.33 169.08 582.33 c 169.08 582.21 169.2 582.21 169.2 582.09 c 169.32 581.97 169.32 581.85 169.44 581.73 c 169.44 581.61 169.44 581.49 169.44 581.25 c 169.44 581.13 169.44 581.13 169.56 581.13 c 170.28 581.13 l 170.28 581.13 170.4 581.13 170.4 581.25 c 170.4 581.49 170.28 581.61 170.28 581.85 c 170.28 582.09 170.16 582.21 170.04 582.33 c 170.16 582.45 170.28 582.69 170.28 582.93 c 170.4 583.17 170.4 583.29 170.4 583.53 c 170.4 583.65 170.4 583.89 170.4 584.01 c h f 
169.68 591.93 m 169.44 592.05 169.32 592.17 169.2 592.29 c 169.08 592.41 168.72 592.77 168.36 593.25 c 167.88 593.85 167.52 594.21 167.16 594.45 c 166.92 594.69 166.68 594.93 166.44 595.05 c 166.08 595.17 165.84 595.17 165.6 595.17 c 165.12 595.17 164.64 595.05 164.28 594.69 c 163.92 594.33 163.8 593.73 163.8 593.13 c 163.8 592.53 163.92 592.05 164.28 591.69 c 164.64 591.21 165.12 591.09 165.72 590.97 c 165.72 591.81 l 165.36 591.81 165 591.93 164.76 592.17 c 164.52 592.41 164.4 592.77 164.4 593.13 c 164.4 593.49 164.52 593.85 164.76 593.97 c 165 594.21 165.24 594.33 165.6 594.33 c 165.84 594.33 166.2 594.21 166.56 593.97 c 166.92 593.73 167.4 593.25 168 592.53 c 168.36 592.05 168.72 591.69 168.96 591.45 c 169.2 591.21 169.56 591.09 169.8 590.97 c 170.04 590.85 170.16 590.85 170.4 590.85 c 170.4 595.17 l 169.68 595.17 l 169.68 591.93 l h f 
164.64 599.37 m 165.12 598.89 165.72 598.53 166.44 598.17 c 167.04 597.81 167.76 597.57 168.48 597.33 c 169.2 597.21 169.92 597.09 170.4 597.09 c 170.4 597.93 l 169.8 597.93 169.08 598.05 168.6 598.17 c 167.76 598.41 167.04 598.77 166.32 599.13 c 165.6 599.61 165 599.97 164.52 600.45 c 163.92 600.45 l 163.92 596.13 l 164.64 596.13 l 164.64 599.37 l h f 
q 0.12 0 0 -0.12 0 841.89 cm 7 w 0 J 0 j 4 M 0.925 0.008 0.553 SC 1292 2293 m 1292 2253 l 1332 2253 l S Q 
q 0.12 0 0 -0.12 0 841.89 cm 7 w 1 J 1 j 0.925 0.008 0.553 SC 2014 2250 m 1683 2250 l 1683 2001 l 2014 2001 l 2014 2250 l h S Q 
1 w 0.141 0.125 0.129 sc 242.64 568.89 m 241.56 568.89 240.72 568.53 240.12 567.81 c 239.52 567.09 239.16 566.37 239.16 565.41 c 239.16 564.33 239.52 563.49 240.36 562.77 c 240.96 562.17 241.8 561.93 242.88 561.93 c 243.36 561.93 243.96 562.05 244.56 562.29 c 245.04 562.41 245.4 562.53 245.4 562.77 c 245.4 564.69 l 245.4 565.05 245.4 565.29 245.64 565.41 c 245.64 565.41 245.88 565.53 246.12 565.53 c 246.12 565.65 l 243.48 565.65 l 243.48 565.53 l 243.84 565.53 244.08 565.41 244.2 565.29 c 244.32 565.17 244.44 564.93 244.44 564.57 c 244.44 563.01 l 244.44 562.89 244.32 562.77 244.32 562.65 c 244.2 562.65 244.08 562.53 243.84 562.53 c 243.72 562.41 243.6 562.41 243.36 562.41 c 243.24 562.41 243.12 562.41 243 562.41 c 242.28 562.41 241.56 562.65 241.08 563.13 c 240.6 563.61 240.36 564.45 240.36 565.29 c 240.36 566.49 240.6 567.33 241.08 567.81 c 241.68 568.29 242.16 568.53 242.88 568.53 c 243.48 568.53 243.96 568.29 244.44 567.93 c 244.68 567.69 244.8 567.33 245.04 566.85 c 245.28 566.85 l 245.16 568.89 l 245.04 568.89 l 244.92 568.89 244.92 568.77 244.8 568.65 c 244.8 568.65 244.68 568.65 244.56 568.65 c 244.44 568.65 244.2 568.65 243.84 568.77 c 243.48 568.89 243.12 568.89 242.64 568.89 c h f 
239.64 604.53 m 242.52 604.53 l 242.52 604.65 l 242.16 604.65 241.92 604.77 241.8 604.89 c 241.68 605.01 241.56 605.25 241.56 605.61 c 241.56 607.65 l 244.68 607.65 l 244.68 605.73 l 244.68 605.25 244.68 605.01 244.56 604.89 c 244.44 604.77 244.2 604.77 243.84 604.65 c 243.84 604.53 l 246.6 604.53 l 246.6 604.65 l 246.24 604.65 246 604.77 245.88 604.89 c 245.76 605.01 245.76 605.25 245.76 605.61 c 245.76 610.17 l 245.76 610.53 245.76 610.77 245.88 610.89 c 246 610.89 246.24 611.01 246.6 611.01 c 246.6 611.25 l 243.84 611.25 l 243.84 611.01 l 244.2 611.01 244.44 610.89 244.56 610.89 c 244.68 610.77 244.68 610.53 244.68 610.17 c 244.68 608.13 l 241.56 608.13 l 241.56 610.17 l 241.56 610.53 241.68 610.77 241.8 610.89 c 241.92 610.89 242.16 611.01 242.52 611.01 c 242.52 611.25 l 239.64 611.25 l 239.64 611.01 l 240 611.01 240.24 610.89 240.36 610.89 c 240.48 610.77 240.6 610.53 240.6 610.17 c 240.6 605.73 l 240.6 605.25 240.48 605.01 240.36 604.89 c 240.36 604.77 240.12 604.77 239.64 604.65 c 239.64 604.53 l h f 
198.36 562.05 m 201.24 562.05 l 201.24 562.29 l 200.76 562.29 200.52 562.41 200.4 562.41 c 200.4 562.53 200.28 562.77 200.28 563.13 c 200.28 565.41 l 201.72 565.41 l 202.2 565.41 202.44 565.41 202.56 565.17 c 202.68 565.05 202.8 564.81 202.92 564.45 c 203.04 564.45 l 203.04 566.85 l 202.92 566.85 l 202.8 566.37 202.68 566.13 202.56 566.01 c 202.44 565.89 202.2 565.77 201.72 565.77 c 200.28 565.77 l 200.28 568.05 l 200.28 568.29 200.28 568.29 200.4 568.41 c 200.4 568.41 200.52 568.41 200.64 568.41 c 201.96 568.41 l 202.56 568.41 202.92 568.41 203.16 568.29 c 203.28 568.17 203.4 567.81 203.52 567.33 c 203.76 567.33 l 203.76 568.77 l 198.36 568.77 l 198.36 568.65 l 198.72 568.65 198.96 568.53 199.08 568.41 c 199.2 568.29 199.2 568.05 199.2 567.69 c 199.2 563.25 l 199.2 562.89 199.2 562.65 199.08 562.53 c 198.96 562.41 198.72 562.29 198.36 562.29 c 198.36 562.05 l h f 
198.48 604.53 m 204 604.53 l 204.48 606.21 l 204.12 606.21 l 203.88 605.61 203.64 605.25 203.28 605.13 c 202.92 605.01 202.44 604.89 201.72 604.89 c 201.12 604.89 200.76 604.89 200.64 604.89 c 200.52 605.01 200.4 605.13 200.4 605.25 c 200.4 607.77 l 201.96 607.77 l 202.44 607.77 202.68 607.77 202.8 607.65 c 202.92 607.53 203.04 607.29 203.16 606.81 c 203.4 606.81 l 203.4 609.21 l 203.16 609.21 l 203.04 608.85 202.92 608.61 202.8 608.37 c 202.68 608.25 202.44 608.25 201.96 608.25 c 200.4 608.25 l 200.4 610.53 l 200.4 610.65 200.4 610.77 200.52 610.77 c 200.52 610.77 200.64 610.89 200.76 610.89 c 202.08 610.89 l 202.68 610.89 203.16 610.77 203.28 610.65 c 203.52 610.53 203.64 610.17 203.64 609.81 c 203.88 609.81 l 203.88 611.25 l 198.48 611.25 l 198.48 611.01 l 198.84 611.01 199.08 610.89 199.2 610.89 c 199.32 610.77 199.44 610.53 199.44 610.17 c 199.44 605.61 l 199.44 605.25 199.32 605.01 199.2 604.89 c 199.08 604.77 198.84 604.77 198.48 604.65 c 198.48 604.53 l h f 
210.48 560.01 m 210.6 560.13 210.72 560.13 210.84 560.25 c 210.84 560.49 210.84 560.73 210.72 560.97 c 210.72 561.21 210.72 561.57 210.6 561.81 c 210.48 562.29 210.48 562.77 210.36 563.13 c 210.36 563.61 210.36 563.97 210.24 564.21 c 210.48 564.33 210.6 564.45 210.72 564.57 c 210.84 564.69 210.96 564.69 211.08 564.81 c 210.96 564.57 210.96 564.33 210.96 564.09 c 210.96 563.85 211.08 563.73 211.32 563.49 c 211.56 563.37 211.8 563.13 212.28 563.13 c 212.64 563.01 213.12 562.89 213.6 562.89 c 213.72 563.37 l 213.96 563.13 214.32 563.01 214.56 563.01 c 214.68 563.01 214.68 563.01 214.68 563.01 c 214.68 563.73 l 214.68 563.85 214.68 563.85 214.56 563.85 c 214.44 563.85 214.32 563.97 214.2 564.09 c 214.08 564.21 213.96 564.45 213.96 564.57 c 213.84 564.81 213.72 564.93 213.72 565.17 c 213.6 565.41 213.6 565.53 213.48 565.65 c 213.36 565.77 213.36 566.01 213.24 566.01 c 213.24 566.13 213.12 566.25 213.12 566.37 c 213 566.49 213 566.49 212.88 566.49 c 212.64 566.49 212.52 566.49 212.28 566.37 c 212.04 566.25 211.8 566.13 211.44 565.89 c 211.32 565.89 211.2 565.77 211.08 565.65 c 210.96 565.53 210.84 565.53 210.72 565.41 c 210.48 565.29 210.36 565.17 210.36 565.17 c 210.24 565.05 210.12 565.05 210.12 564.93 c 210.12 564.81 210 564.69 210 564.57 c 209.88 564.45 209.88 564.33 209.88 564.21 c 209.88 564.21 209.76 564.09 209.76 564.09 c 209.76 563.97 209.76 563.97 209.76 563.85 c 209.76 563.73 209.76 563.49 209.76 563.13 c 209.88 562.89 209.88 562.53 209.88 562.17 c 209.88 561.81 210 561.33 210 560.97 c 210 560.49 210 560.13 210.12 559.77 c 210.24 559.89 210.36 559.89 210.48 560.01 c h 211.44 564.45 m 211.56 564.57 211.68 564.69 211.8 564.93 c 211.92 565.05 212.16 565.17 212.28 565.29 c 212.52 565.41 212.64 565.53 212.88 565.65 c 212.88 565.29 213 564.93 213.12 564.57 c 213.12 564.33 213.24 563.97 213.48 563.73 c 212.52 563.85 211.92 564.09 211.44 564.45 c h f 
217.44 563.01 m 217.56 563.01 217.68 563.01 217.8 563.01 c 217.92 563.13 218.04 563.13 218.16 563.25 c 218.16 563.25 218.16 563.37 218.16 563.37 c 218.52 563.25 218.88 563.13 219.24 563.01 c 219.6 563.01 220.08 562.89 220.44 562.89 c 220.56 563.01 220.56 563.25 220.68 563.37 c 220.68 563.49 220.8 563.73 220.8 563.85 c 220.8 564.09 220.8 564.21 220.8 564.21 c 220.8 564.45 220.8 564.57 220.8 564.81 c 220.8 565.05 220.68 565.29 220.68 565.65 c 220.56 565.89 220.44 566.25 220.44 566.49 c 220.2 566.37 220.08 566.25 219.96 566.13 c 219.72 565.89 219.72 565.77 219.72 565.65 c 219.72 565.53 219.72 565.41 219.72 565.29 c 219.84 565.17 219.84 565.05 219.96 564.81 c 219.96 564.69 220.08 564.45 220.2 564.33 c 220.2 564.09 220.32 563.97 220.32 563.85 c 220.08 563.85 219.84 563.85 219.72 563.85 c 219.48 563.97 219.36 563.97 219.12 563.97 c 218.88 564.09 218.76 564.21 218.52 564.21 c 218.64 564.57 218.64 564.81 218.76 565.05 c 218.88 565.17 218.88 565.41 219 565.53 c 218.88 565.65 218.76 565.65 218.64 565.65 c 218.52 565.65 218.52 565.65 218.4 565.53 c 218.28 565.53 218.28 565.41 218.28 565.29 c 218.16 565.17 218.16 565.05 218.04 564.81 c 217.92 564.57 217.92 564.45 217.92 564.33 c 217.8 564.09 217.8 563.97 217.68 563.97 c 217.56 563.97 217.44 563.85 217.32 563.85 c 217.2 563.85 217.08 563.85 216.96 563.85 c 216.72 563.85 216.6 563.85 216.48 563.85 c 216.36 563.85 216.24 563.97 216.12 563.97 c 216.24 563.97 216.24 564.09 216.36 564.33 c 216.36 564.45 216.48 564.69 216.6 564.93 c 216.48 565.05 216.48 565.05 216.36 565.05 c 216.24 565.05 216.24 565.05 216.12 565.05 c 216.12 564.93 216 564.93 216 564.81 c 215.88 564.69 215.76 564.57 215.76 564.45 c 215.76 564.45 215.64 564.33 215.64 564.33 c 215.64 564.21 215.52 564.21 215.4 564.09 c 215.4 563.97 215.28 563.97 215.04 563.97 c 214.92 563.85 214.8 563.85 214.56 563.85 c 214.44 563.85 214.44 563.85 214.44 563.73 c 214.44 563.01 l 214.44 563.01 214.44 563.01 214.56 563.01 c 214.8 563.01 215.04 563.01 215.16 563.01 c 215.4 563.13 215.52 563.13 215.64 563.25 c 215.76 563.13 216 563.13 216.24 563.01 c 216.48 563.01 216.72 562.89 216.84 562.89 c 217.08 562.89 217.2 562.89 217.44 563.01 c h f 
225.36 563.73 m 225.48 563.85 225.6 563.97 225.72 564.21 c 225.84 564.33 226.2 564.57 226.68 565.05 c 227.28 565.53 227.64 565.89 227.88 566.13 c 228.12 566.49 228.36 566.73 228.48 566.97 c 228.6 567.21 228.6 567.57 228.6 567.81 c 228.6 568.29 228.48 568.77 228.12 569.13 c 227.64 569.49 227.16 569.61 226.56 569.61 c 225.96 569.61 225.36 569.49 225 569.13 c 224.64 568.77 224.4 568.29 224.4 567.69 c 225.24 567.57 l 225.24 568.05 225.36 568.41 225.6 568.65 c 225.84 568.89 226.08 569.01 226.56 569.01 c 226.92 569.01 227.16 568.89 227.4 568.65 c 227.64 568.41 227.76 568.17 227.76 567.81 c 227.76 567.45 227.64 567.21 227.4 566.85 c 227.16 566.49 226.68 566.01 225.96 565.41 c 225.48 565.05 225.12 564.69 224.88 564.33 c 224.64 564.09 224.4 563.85 224.28 563.49 c 224.28 563.37 224.16 563.13 224.28 562.89 c 228.6 562.89 l 228.6 563.73 l 225.36 563.73 l h f 
232.92 562.89 m 232.92 564.57 l 233.88 564.57 l 233.88 565.29 l 232.92 565.29 l 232.92 569.61 l 232.32 569.61 l 229.2 565.29 l 229.2 564.57 l 232.08 564.57 l 232.08 562.89 l 232.92 562.89 l h 230.04 565.29 m 232.08 568.29 l 232.08 565.29 l 230.04 565.29 l h f 
q 0.12 0 0 -0.12 0 841.89 cm 7 w 0 J 0 j 4 M 0.925 0.008 0.553 SC 1974 2250 m 1974 2210 l 2014 2210 l S Q 
1 w 0.141 0.125 0.129 sc 253.68 577.89 m 253.56 578.01 253.56 578.13 253.44 578.25 c 253.2 578.25 252.96 578.13 252.72 578.13 c 252.48 578.13 252.24 578.01 251.88 578.01 c 251.4 577.89 250.92 577.89 250.56 577.77 c 250.08 577.77 249.72 577.65 249.48 577.65 c 249.36 577.77 249.24 577.89 249.12 578.13 c 249.12 578.25 249 578.37 248.88 578.49 c 249.12 578.37 249.36 578.25 249.6 578.25 c 249.84 578.25 250.08 578.49 250.2 578.73 c 250.32 578.97 250.56 579.21 250.68 579.69 c 250.68 580.05 250.8 580.53 250.8 581.01 c 250.32 581.13 l 250.56 581.37 250.68 581.73 250.68 581.97 c 250.68 582.09 250.68 582.09 250.68 582.09 c 249.96 582.09 l 249.84 582.09 249.84 582.09 249.84 581.97 c 249.84 581.85 249.72 581.73 249.6 581.61 c 249.48 581.49 249.24 581.37 249.12 581.37 c 248.88 581.25 248.76 581.13 248.52 581.01 c 248.28 581.01 248.16 580.89 248.04 580.89 c 247.92 580.77 247.8 580.77 247.68 580.65 c 247.56 580.65 247.44 580.53 247.32 580.53 c 247.32 580.41 247.2 580.29 247.2 580.17 c 247.2 580.05 247.32 579.81 247.32 579.69 c 247.44 579.45 247.56 579.09 247.8 578.85 c 247.8 578.73 247.92 578.61 248.04 578.49 c 248.16 578.25 248.28 578.13 248.28 578.01 c 248.4 577.89 248.52 577.77 248.52 577.65 c 248.64 577.65 248.76 577.53 248.76 577.53 c 248.88 577.41 249 577.41 249.12 577.29 c 249.36 577.29 249.36 577.29 249.48 577.17 c 249.6 577.17 249.6 577.17 249.72 577.17 c 249.72 577.17 249.72 577.17 249.84 577.17 c 249.96 577.17 250.2 577.17 250.56 577.17 c 250.8 577.17 251.16 577.29 251.52 577.29 c 252 577.29 252.36 577.29 252.72 577.41 c 253.2 577.41 253.56 577.41 253.92 577.41 c 253.8 577.65 253.8 577.77 253.68 577.89 c h 249.24 578.85 m 249.12 578.97 249 579.09 248.88 579.21 c 248.64 579.33 248.52 579.45 248.4 579.69 c 248.28 579.81 248.16 580.05 248.16 580.29 c 248.4 580.29 248.76 580.29 249.12 580.41 c 249.36 580.53 249.72 580.65 249.96 580.77 c 249.84 579.93 249.6 579.33 249.24 578.85 c h f 
250.68 584.73 m 250.68 584.97 250.68 585.09 250.68 585.21 c 250.56 585.33 250.56 585.45 250.44 585.57 c 250.44 585.57 250.32 585.57 250.32 585.57 c 250.44 585.93 250.56 586.29 250.68 586.65 c 250.68 587.01 250.8 587.49 250.8 587.85 c 250.68 587.97 250.44 587.97 250.32 588.09 c 250.08 588.09 249.96 588.21 249.84 588.21 c 249.6 588.21 249.48 588.33 249.48 588.21 c 249.24 588.21 249.12 588.21 248.88 588.21 c 248.64 588.21 248.4 588.09 248.04 588.09 c 247.8 587.97 247.44 587.85 247.2 587.85 c 247.32 587.61 247.44 587.49 247.56 587.37 c 247.8 587.13 247.92 587.13 248.04 587.13 c 248.16 587.13 248.28 587.13 248.4 587.13 c 248.52 587.25 248.64 587.25 248.88 587.37 c 249 587.37 249.24 587.49 249.36 587.61 c 249.6 587.61 249.72 587.73 249.84 587.73 c 249.84 587.49 249.84 587.25 249.84 587.13 c 249.72 586.89 249.72 586.77 249.6 586.53 c 249.6 586.29 249.48 586.17 249.48 585.93 c 249.12 586.05 248.88 586.05 248.64 586.17 c 248.4 586.17 248.28 586.29 248.16 586.29 c 248.04 586.29 248.04 586.17 248.04 586.05 c 248.04 585.93 248.04 585.81 248.16 585.81 c 248.16 585.69 248.28 585.69 248.4 585.69 c 248.52 585.57 248.64 585.45 248.88 585.45 c 249.12 585.33 249.24 585.33 249.36 585.33 c 249.6 585.21 249.72 585.21 249.72 585.09 c 249.72 584.97 249.84 584.85 249.84 584.73 c 249.84 584.61 249.84 584.49 249.84 584.37 c 249.84 584.13 249.84 584.01 249.84 583.89 c 249.84 583.77 249.72 583.65 249.72 583.53 c 249.72 583.65 249.48 583.65 249.36 583.77 c 249.24 583.77 249 583.89 248.76 584.01 c 248.64 583.89 248.64 583.77 248.64 583.77 c 248.64 583.65 248.64 583.53 248.64 583.53 c 248.76 583.41 248.76 583.41 248.88 583.41 c 249 583.29 249.12 583.17 249.24 583.17 c 249.24 583.05 249.36 583.05 249.36 583.05 c 249.48 582.93 249.48 582.93 249.6 582.81 c 249.72 582.69 249.72 582.57 249.72 582.45 c 249.84 582.33 249.84 582.21 249.84 581.97 c 249.84 581.85 249.84 581.85 249.96 581.85 c 250.68 581.85 l 250.68 581.85 250.68 581.85 250.68 581.97 c 250.68 582.21 250.68 582.33 250.68 582.57 c 250.56 582.81 250.56 582.93 250.44 583.05 c 250.56 583.17 250.56 583.41 250.68 583.65 c 250.68 583.89 250.8 584.13 250.8 584.25 c 250.8 584.37 250.68 584.61 250.68 584.73 c h f 
251.16 591.09 m 251.28 591.09 251.4 591.09 251.52 591.09 c 251.64 591.21 251.76 591.45 251.76 591.69 c 251.76 591.81 251.64 592.05 251.52 592.17 c 251.52 592.29 251.28 592.53 251.04 592.77 c 249.36 593.97 l 250.8 594.45 l 251.16 594.45 251.28 594.57 251.4 594.57 c 251.64 594.69 251.76 594.93 251.76 595.05 c 251.76 595.41 251.52 595.77 251.04 596.13 c 250.8 596.37 250.56 596.49 250.2 596.73 c 250.08 596.49 l 250.44 596.25 250.68 596.13 250.8 596.01 c 250.92 595.89 250.92 595.77 250.92 595.65 c 250.92 595.53 250.92 595.41 250.68 595.29 c 250.56 595.29 250.32 595.17 249.96 595.05 c 249.48 595.05 249.12 594.93 248.88 594.81 c 248.52 594.81 248.28 594.69 248.28 594.69 c 248.16 594.69 247.92 594.93 247.44 595.29 c 246.96 595.53 246.6 595.77 246.6 596.01 c 246.6 596.01 246.72 596.01 246.72 596.13 c 246.72 596.13 246.72 596.13 246.72 596.25 c 246.84 596.37 l 246.84 596.49 246.84 596.49 246.84 596.49 c 246.84 596.61 246.84 596.61 246.84 596.61 c 246.84 596.73 246.84 596.85 246.72 596.97 c 246.72 597.09 246.6 597.09 246.36 597.09 c 246.24 597.09 246.12 596.97 246 596.85 c 246 596.73 245.88 596.61 245.88 596.49 c 245.88 596.37 246 596.13 246.12 596.01 c 246.24 595.89 246.36 595.65 246.6 595.53 c 246.84 595.29 247.2 595.05 247.8 594.57 c 247.08 594.45 l 246.6 594.45 246.24 594.33 246.12 594.09 c 246 594.09 245.88 593.97 245.88 593.73 c 245.88 593.61 246 593.49 246 593.37 c 246 593.25 246.12 593.01 246.12 592.89 c 246.36 592.17 l 246.6 592.29 l 246.6 592.41 246.48 592.53 246.48 592.53 c 246.48 592.77 246.48 592.89 246.48 592.89 c 246.48 593.13 246.48 593.25 246.6 593.25 c 246.72 593.37 246.84 593.37 247.2 593.49 c 247.44 593.61 247.8 593.61 248.16 593.73 c 248.64 593.85 248.88 593.85 248.88 593.85 c 249.6 593.37 250.08 593.01 250.32 592.89 c 250.68 592.65 250.8 592.53 250.92 592.41 c 250.92 592.41 250.92 592.29 250.92 592.17 c 250.92 592.17 250.92 592.17 250.92 592.05 c 250.92 592.05 250.92 592.05 250.92 592.05 c 250.8 591.81 l 250.8 591.69 250.8 591.69 250.68 591.69 c 250.68 591.57 250.68 591.57 250.68 591.45 c 250.68 591.45 250.8 591.33 250.8 591.21 c 250.92 591.09 251.04 591.09 251.16 591.09 c h f 
58.68 518.13 m 58.2 518.37 l 58.2 518.61 58.2 518.61 58.2 518.73 c 58.2 518.85 58.2 518.97 58.2 518.97 c 58.2 519.09 58.2 519.21 58.08 519.33 c 57.96 519.45 57.96 519.57 57.84 519.57 c 57.72 519.69 57.6 519.81 57.48 519.81 c 56.88 520.17 56.64 520.65 56.64 521.13 c 56.64 521.49 56.76 521.85 56.88 522.21 c 57.12 522.57 57.36 522.93 57.72 523.17 c 57.96 523.41 58.32 523.53 58.68 523.53 c 59.16 523.53 59.52 523.29 59.88 522.93 c 60 522.81 60 522.69 60 522.45 c 60 522.21 59.88 521.97 59.76 521.85 c 59.52 521.97 59.28 522.21 59.16 522.21 c 59.04 522.33 58.8 522.33 58.56 522.33 c 58.2 522.33 57.84 522.21 57.6 522.09 c 57.36 521.85 57.12 521.49 57.12 521.13 c 57.24 521.13 57.48 521.01 57.72 520.89 c 57.84 520.77 58.08 520.65 58.2 520.65 c 58.44 520.53 58.56 520.41 58.68 520.29 c 58.8 520.17 58.8 520.05 58.92 519.81 c 58.92 519.69 59.04 519.57 59.04 519.45 c 59.04 519.09 58.92 518.61 58.68 518.13 c h 58.32 516.09 m 58.2 516.21 58.08 516.33 57.96 516.45 c 57.72 516.57 57.6 516.69 57.48 516.69 c 57.48 516.81 57.6 516.93 57.6 517.05 c 57.6 517.05 57.72 517.17 57.72 517.29 c 57.72 517.29 57.84 517.41 57.84 517.53 c 57.84 517.53 57.96 517.65 57.96 517.77 c 58.08 517.65 58.32 517.53 58.44 517.41 c 58.44 517.41 58.56 517.29 58.68 517.29 c 58.8 517.17 58.8 517.05 58.8 516.93 c 58.8 516.93 58.68 516.57 58.32 516.09 c h f 
62.16 517.53 m 62.16 517.77 62.16 517.89 62.28 518.01 c 62.4 518.13 62.64 518.13 62.76 518.13 c 62.76 518.13 62.88 518.13 62.88 518.13 c 63 518.13 63.12 518.01 63.12 518.01 c 63.48 517.77 l 63.48 517.77 63.48 517.77 63.6 517.77 c 63.6 517.77 63.6 517.77 63.72 517.77 c 63.84 517.77 63.96 517.77 63.96 517.89 c 64.08 518.01 64.32 518.25 64.56 518.73 c 64.8 518.97 65.28 519.69 66 520.89 c 66 520.89 66 521.25 65.76 521.85 c 65.64 522.45 65.52 523.05 65.52 523.41 c 65.4 523.89 65.28 524.13 65.16 524.25 c 65.04 524.49 64.92 524.49 64.68 524.49 c 64.68 524.49 64.44 524.49 64.2 524.37 c 64.08 524.37 63.96 524.37 63.72 524.25 c 63.72 524.61 l 64.68 524.97 l 64.92 524.97 65.04 525.09 65.28 525.21 c 65.52 525.21 65.64 525.21 65.88 525.21 c 66.12 525.21 66.24 525.21 66.36 524.97 c 66.48 524.73 66.72 524.25 66.84 523.53 c 66.96 522.45 l 67.44 523.29 67.92 523.89 68.16 524.25 c 68.4 524.61 68.64 524.85 68.88 524.97 c 69.12 525.09 69.36 525.21 69.6 525.21 c 69.72 525.21 69.84 525.21 69.96 525.09 c 70.2 524.97 70.32 524.85 70.32 524.49 c 70.32 524.25 70.32 524.13 70.2 524.01 c 70.08 523.89 69.96 523.89 69.72 523.89 c 69.72 523.89 69.6 523.89 69.6 523.89 c 69.48 523.89 69.48 523.89 69.36 523.89 c 69.12 524.01 l 69.12 524.01 69 524.13 69 524.13 c 69 524.13 68.88 524.13 68.88 524.13 c 68.64 524.13 68.28 523.77 67.8 523.05 c 67.32 522.33 67.08 521.97 67.08 521.85 c 67.08 521.73 67.2 521.37 67.32 520.89 c 67.44 520.41 67.56 519.93 67.68 519.33 c 67.8 518.73 67.8 518.37 67.92 518.25 c 68.04 517.89 68.16 517.77 68.4 517.77 c 68.52 517.77 68.64 517.77 68.88 518.01 c 69 518.13 69.24 518.49 69.48 518.97 c 69.72 518.85 l 69.48 518.37 69.24 517.89 69 517.65 c 68.52 516.93 68.04 516.69 67.56 516.69 c 67.32 516.69 67.08 516.81 66.96 517.05 c 66.84 517.29 66.72 517.53 66.72 517.89 c 66.12 520.17 l 64.44 517.77 l 64.08 517.29 63.84 517.05 63.6 516.81 c 63.48 516.69 63.24 516.69 63 516.69 c 62.64 516.69 62.4 516.81 62.16 517.05 c 62.16 517.17 62.16 517.29 62.16 517.53 c h f 
77.16 516.93 m 76.8 516.93 76.44 516.93 76.2 517.17 c 75.84 517.29 75.72 517.53 75.72 517.89 c 75.6 518.13 l 75.24 517.29 l 75 517.29 74.88 517.29 74.64 517.41 c 74.52 517.41 74.4 517.41 74.28 517.41 c 74.28 517.53 74.16 517.53 74.04 517.53 c 73.92 517.65 73.68 517.65 73.56 517.77 c 73.44 517.89 73.32 518.01 73.2 518.13 c 73.08 518.25 72.96 518.25 72.96 518.37 c 72.96 518.49 72.96 518.61 73.08 518.73 c 73.08 518.85 73.2 518.97 73.2 519.21 c 73.32 519.33 73.32 519.45 73.32 519.57 c 73.44 519.69 73.56 519.81 73.68 519.93 c 73.92 520.17 74.16 520.29 74.4 520.53 c 74.64 520.77 74.88 520.89 75.12 521.01 c 75.12 521.37 l 75.24 521.49 75.36 521.49 75.48 521.61 c 75.48 521.73 75.6 521.73 75.72 521.85 c 75.84 521.85 75.96 521.97 75.96 521.97 c 75.96 521.37 76.08 520.77 76.08 520.17 c 76.08 519.45 76.08 518.85 76.08 518.25 c 76.44 518.01 76.8 517.89 77.16 517.89 c 77.28 517.89 77.28 517.89 77.28 517.89 c 77.28 516.93 l 77.28 516.93 77.28 516.93 77.16 516.93 c h 75.6 518.37 m 75.48 518.61 75.48 518.97 75.48 519.21 c 75.36 519.57 75.36 519.81 75.24 520.17 c 74.52 519.81 73.92 519.45 73.56 518.97 c 73.8 518.85 74.04 518.73 74.16 518.61 c 74.4 518.49 74.64 518.49 74.88 518.49 c 75 518.49 75.12 518.37 75.24 518.37 c 75.36 518.37 75.48 518.37 75.6 518.37 c h 75.48 522.45 m 75.36 522.57 75.12 522.69 75.12 522.81 c 75 522.93 74.88 523.05 74.76 523.17 c 74.88 523.17 74.88 523.29 75 523.41 c 75.12 523.53 75.24 523.77 75.48 523.89 c 75.48 523.89 75.6 523.77 75.72 523.65 c 75.84 523.53 75.96 523.41 76.08 523.17 c 75.96 522.93 75.72 522.69 75.48 522.45 c h 73.92 522.21 m 73.8 522.33 73.68 522.57 73.56 522.69 c 73.44 522.81 73.32 522.81 73.2 522.93 c 73.32 523.05 73.44 523.17 73.56 523.29 c 73.68 523.41 73.8 523.65 73.92 523.77 c 73.92 523.65 74.04 523.65 74.16 523.53 c 74.28 523.41 74.4 523.17 74.52 523.05 c 74.52 522.93 74.4 522.81 74.28 522.69 c 74.16 522.57 74.04 522.45 73.92 522.21 c h f 
80.4 516.81 m 80.04 516.81 79.68 516.93 79.32 516.93 c 79.08 517.05 78.72 517.17 78.48 517.29 c 78.12 517.05 77.88 517.05 77.76 516.93 c 77.52 516.93 77.28 516.93 77.04 516.93 c 77.04 516.93 77.04 516.93 77.04 516.93 c 77.04 517.89 l 77.04 517.89 77.04 517.89 77.04 517.89 c 77.16 517.89 77.28 517.89 77.4 518.01 c 77.52 518.01 77.64 518.01 77.76 518.01 c 77.76 518.13 77.64 518.13 77.64 518.13 c 77.64 518.25 77.64 518.25 77.64 518.25 c 77.64 518.49 77.76 518.85 77.88 519.09 c 78 519.33 78.12 519.57 78.24 519.81 c 78.36 520.05 78.6 520.29 78.84 520.53 c 79.08 520.77 79.44 520.89 79.68 520.89 c 79.8 520.89 79.92 520.77 79.92 520.65 c 80.04 520.53 80.16 520.41 80.16 520.29 c 80.28 520.17 80.28 520.05 80.4 519.93 c 80.4 519.69 80.52 519.57 80.52 519.45 c 80.64 519.09 80.64 518.85 80.76 518.73 c 80.88 518.49 81 518.25 81.12 518.13 c 81.24 518.01 81.36 517.89 81.48 517.89 c 81.6 517.89 81.6 517.89 81.6 517.77 c 81.6 517.05 l 81.6 516.93 81.6 516.93 81.48 516.93 c 81.12 516.93 80.88 517.05 80.52 517.41 c 80.4 516.81 l h 80.28 517.77 m 80.16 518.01 80.04 518.37 79.92 518.73 c 79.8 519.09 79.68 519.45 79.68 519.93 c 79.44 519.81 79.32 519.69 79.08 519.57 c 78.96 519.33 78.72 519.21 78.6 519.09 c 78.48 518.85 78.36 518.73 78.24 518.61 c 78.48 518.37 78.72 518.25 79.08 518.13 c 79.44 518.01 79.8 517.89 80.28 517.77 c h f 
81.48 516.93 m 81.36 516.93 81.36 516.93 81.36 516.93 c 81.36 517.89 l 81.36 517.89 81.36 517.89 81.48 517.89 c 81.84 517.89 82.2 517.89 82.56 518.01 c 82.8 518.01 83.04 518.13 83.16 518.13 c 83.28 518.25 83.4 518.37 83.4 518.49 c 83.52 518.73 83.64 518.97 83.88 519.33 c 83.88 519.45 84 519.57 84 519.57 c 84.12 519.57 84.24 519.69 84.24 519.69 c 84.36 519.69 84.48 519.57 84.6 519.57 c 84.6 519.45 84.48 519.21 84.48 519.09 c 84.36 518.97 84.24 518.73 84.24 518.61 c 84.12 518.49 84.12 518.37 84.12 518.37 c 84.36 518.13 84.48 518.13 84.72 518.01 c 84.96 518.01 85.08 517.89 85.32 517.89 c 85.44 517.89 85.44 517.89 85.44 517.89 c 85.44 516.93 l 85.44 516.93 85.44 516.93 85.32 516.93 c 84.72 516.93 84.24 517.17 83.76 517.65 c 83.64 517.41 l 83.52 517.29 83.4 517.17 83.16 517.17 c 82.92 517.05 82.68 517.05 82.44 516.93 c 82.08 516.93 81.72 516.93 81.48 516.93 c h 84.24 514.65 m 84 515.01 83.76 515.25 83.52 515.37 c 83.76 515.61 84 515.85 84.24 516.21 c 84.24 516.21 84.36 516.09 84.48 515.97 c 84.6 515.85 84.72 515.73 84.96 515.49 c 84.84 515.37 84.72 515.25 84.6 515.13 c 84.6 515.01 84.36 514.89 84.24 514.65 c h 82.8 514.53 m 82.56 514.65 82.44 514.77 82.32 514.89 c 82.2 515.01 82.08 515.13 82.08 515.25 c 82.2 515.37 82.2 515.49 82.32 515.61 c 82.44 515.73 82.56 515.85 82.68 516.09 c 82.8 515.97 82.8 515.97 82.92 515.85 c 83.04 515.73 83.16 515.49 83.4 515.37 c 83.28 515.25 83.28 515.13 83.16 515.01 c 83.04 514.77 82.92 514.65 82.8 514.53 c h f 
85.32 516.93 m 85.2 516.93 85.2 516.93 85.2 517.05 c 85.2 517.77 l 85.2 517.89 85.2 517.89 85.32 517.89 c 86.04 517.89 86.64 518.01 87.24 518.01 c 87.72 518.13 88.2 518.25 88.68 518.49 c 88.68 518.61 88.68 518.73 88.56 518.85 c 88.56 518.97 88.56 519.09 88.56 519.21 c 88.32 519.09 88.08 518.97 87.84 518.85 c 87.6 518.73 87.36 518.61 87.12 518.61 c 86.76 518.61 86.52 518.73 86.28 519.09 c 86.16 519.33 86.04 519.57 86.04 519.93 c 86.04 520.41 86.04 520.77 86.16 521.01 c 86.28 521.37 86.52 521.61 86.64 521.85 c 86.76 521.97 86.88 522.09 87 522.09 c 87.12 522.09 87.24 522.21 87.36 522.21 c 87.72 522.21 88.08 521.97 88.32 521.73 c 88.56 521.37 88.8 521.01 88.92 520.41 c 89.04 520.17 89.04 519.93 89.16 519.69 c 89.16 519.45 89.16 519.09 89.16 518.85 c 89.16 518.73 89.16 518.61 89.16 518.49 c 89.16 518.37 89.16 518.13 89.04 518.01 c 89.04 517.89 88.92 517.77 88.8 517.65 c 88.68 517.53 88.44 517.41 88.08 517.29 c 87.72 517.17 87.36 517.05 86.88 517.05 c 86.4 516.93 85.8 516.93 85.32 516.93 c h 87.36 519.57 m 87.6 519.57 87.96 519.57 88.32 519.81 c 88.2 520.17 88.08 520.53 87.84 520.77 c 87.72 520.89 87.48 521.01 87.24 521.01 c 87 521.01 86.76 521.01 86.64 520.77 c 86.52 520.65 86.4 520.41 86.4 520.17 c 86.4 519.93 86.52 519.81 86.64 519.69 c 86.76 519.57 87 519.57 87.36 519.57 c h 88.08 522.81 m 87.96 522.93 87.84 523.05 87.72 523.17 c 87.6 523.29 87.48 523.41 87.36 523.53 c 87.48 523.65 87.6 523.77 87.72 523.89 c 87.72 524.01 87.96 524.13 88.08 524.37 c 88.08 524.25 88.2 524.25 88.32 524.13 c 88.44 524.01 88.56 523.77 88.68 523.65 c 88.56 523.41 88.32 523.17 88.08 522.81 c h 86.52 522.69 m 86.4 522.81 86.28 522.93 86.16 523.05 c 86.04 523.17 85.92 523.29 85.8 523.41 c 85.92 523.53 86.04 523.65 86.16 523.77 c 86.28 523.89 86.4 524.01 86.52 524.13 c 86.64 524.13 86.64 524.01 86.76 523.89 c 86.88 523.77 87 523.65 87.24 523.41 c 87.12 523.29 87 523.17 86.88 523.05 c 86.88 522.93 86.76 522.81 86.52 522.69 c h f 
94.56 516.93 m 94.2 516.93 93.96 516.93 93.72 517.05 c 93.48 517.17 93.24 517.29 93.12 517.53 c 93 517.65 93 517.89 92.88 518.13 c 92.88 518.37 92.88 518.61 92.88 518.85 c 92.88 519.21 92.76 519.45 92.76 519.81 c 92.76 520.17 92.64 520.65 92.64 521.01 c 92.64 521.49 92.64 521.97 92.52 522.45 c 92.52 522.93 92.52 523.41 92.4 524.01 c 92.52 524.01 92.76 524.13 92.88 524.25 c 93 524.37 93.12 524.49 93.36 524.61 c 93.36 524.01 93.36 523.41 93.36 522.93 c 93.36 522.33 93.36 521.73 93.48 521.01 c 93.48 520.41 93.48 519.81 93.48 519.09 c 93.48 518.25 l 93.6 518.13 93.84 518.01 93.96 518.01 c 94.2 518.01 94.32 517.89 94.56 517.89 c 94.56 517.89 94.56 517.89 94.56 517.89 c 94.56 516.93 l 94.56 516.93 94.56 516.93 94.56 516.93 c h f 
97.8 516.81 m 97.44 516.81 97.08 516.93 96.72 516.93 c 96.36 517.05 96.12 517.17 95.76 517.29 c 95.52 517.05 95.28 517.05 95.04 516.93 c 94.92 516.93 94.68 516.93 94.44 516.93 c 94.44 516.93 94.32 516.93 94.32 516.93 c 94.32 517.89 l 94.32 517.89 94.44 517.89 94.44 517.89 c 94.56 517.89 94.68 517.89 94.8 518.01 c 94.92 518.01 94.92 518.01 95.04 518.01 c 95.04 518.13 95.04 518.13 95.04 518.13 c 95.04 518.25 95.04 518.25 95.04 518.25 c 95.04 518.49 95.16 518.85 95.16 519.09 c 95.28 519.33 95.4 519.57 95.64 519.81 c 95.76 520.05 96 520.29 96.12 520.53 c 96.48 520.77 96.72 520.89 97.08 520.89 c 97.08 520.89 97.2 520.77 97.32 520.65 c 97.44 520.53 97.44 520.41 97.56 520.29 c 97.56 520.17 97.68 520.05 97.68 519.93 c 97.8 519.69 97.8 519.57 97.92 519.45 c 97.92 519.09 98.04 518.85 98.16 518.73 c 98.28 518.49 98.28 518.25 98.4 518.13 c 98.52 518.01 98.76 517.89 98.88 517.89 c 99 517.89 99 517.89 99 517.77 c 99 517.05 l 99 516.93 99 516.93 98.88 516.93 c 98.52 516.93 98.16 517.05 97.92 517.41 c 97.8 516.81 l h 97.68 517.77 m 97.44 518.01 97.32 518.37 97.2 518.73 c 97.2 519.09 97.08 519.45 97.08 519.93 c 96.84 519.81 96.6 519.69 96.48 519.57 c 96.24 519.33 96.12 519.21 96 519.09 c 95.76 518.85 95.64 518.73 95.64 518.61 c 95.76 518.37 96.12 518.25 96.48 518.13 c 96.72 518.01 97.2 517.89 97.68 517.77 c h f 
98.76 516.93 m 98.76 516.93 98.76 516.93 98.76 517.05 c 98.76 517.77 l 98.76 517.89 98.76 517.89 98.76 517.89 c 99.6 517.89 100.2 518.01 100.8 518.01 c 101.28 518.13 101.76 518.25 102.24 518.49 c 102.24 518.61 102.12 518.73 102.12 518.85 c 102.12 518.97 102.12 519.09 102.12 519.21 c 101.88 519.09 101.64 518.97 101.4 518.85 c 101.16 518.73 100.92 518.61 100.68 518.61 c 100.32 518.61 100.08 518.73 99.84 519.09 c 99.6 519.33 99.6 519.57 99.6 519.93 c 99.6 520.41 99.6 520.77 99.72 521.01 c 99.84 521.37 100.08 521.61 100.2 521.85 c 100.32 521.97 100.44 522.09 100.56 522.09 c 100.68 522.09 100.8 522.21 100.92 522.21 c 101.28 522.21 101.52 521.97 101.88 521.73 c 102.12 521.37 102.36 521.01 102.48 520.41 c 102.6 520.17 102.6 519.93 102.72 519.69 c 102.72 519.45 102.72 519.09 102.72 518.85 c 102.72 518.73 102.72 518.61 102.72 518.49 c 102.72 518.37 102.72 518.13 102.6 518.01 c 102.6 517.89 102.48 517.77 102.36 517.65 c 102.24 517.53 102 517.41 101.64 517.29 c 101.28 517.17 100.92 517.05 100.44 517.05 c 99.96 516.93 99.36 516.93 98.76 516.93 c h 100.92 519.57 m 101.16 519.57 101.52 519.57 101.88 519.81 c 101.76 520.17 101.64 520.53 101.4 520.77 c 101.16 520.89 101.04 521.01 100.68 521.01 c 100.56 521.01 100.32 521.01 100.2 520.77 c 100.08 520.65 99.96 520.41 99.96 520.17 c 99.96 519.93 100.08 519.81 100.2 519.69 c 100.32 519.57 100.56 519.57 100.92 519.57 c h 100.92 522.93 m 100.56 523.17 100.32 523.41 100.08 523.65 c 100.32 523.89 100.44 524.01 100.56 524.13 c 100.68 524.25 100.8 524.37 100.92 524.49 c 100.92 524.37 101.04 524.25 101.16 524.13 c 101.28 524.01 101.4 523.89 101.64 523.77 c 101.52 523.65 101.4 523.53 101.28 523.29 c 101.16 523.17 101.04 523.05 100.92 522.93 c h f 
q 0.12 0 0 -0.12 0 841.89 cm 1 j 0.141 0.125 0.129 SC 878 2707 m 882 2706 885 2705 886 2704 c 887 2703 887 2701 887 2697 c 887 2648 l 887 2644 887 2642 886 2641 c 885 2639 882 2639 878 2638 c 878 2636 l 932 2636 l 932 2652 l 930 2652 l 929 2647 928 2644 926 2643 c 924 2641 920 2640 914 2640 c 901 2640 l 899 2640 898 2641 898 2641 c 898 2642 897 2643 897 2644 c 897 2669 l 913 2669 l 917 2669 920 2668 921 2666 c 922 2665 923 2662 924 2658 c 926 2658 l 926 2683 l 924 2683 l 923 2679 922 2676 921 2675 c 920 2674 917 2673 913 2673 c 897 2673 l 897 2700 l 897 2702 898 2703 899 2704 c 901 2704 904 2704 911 2704 c 917 2704 922 2704 926 2702 c 929 2700 932 2696 934 2690 c 937 2690 l 933 2709 l 878 2709 l 878 2707 l h S Q 
q 0.12 0 0 -0.12 0 841.89 cm 1 w 1 j 0.141 0.125 0.129 SC 939 2707 m 943 2706 945 2705 946 2704 c 947 2703 947 2700 947 2696 c 947 2648 l 947 2644 947 2642 946 2641 c 945 2639 942 2639 939 2638 c 939 2636 l 992 2636 l 992 2652 l 989 2652 l 989 2647 988 2644 986 2642 c 984 2641 980 2640 974 2640 c 961 2640 l 959 2640 959 2641 958 2641 c 958 2642 958 2643 958 2644 c 958 2669 l 972 2669 l 976 2669 979 2668 980 2666 c 981 2665 982 2662 983 2658 c 985 2658 l 985 2683 l 983 2683 l 982 2679 981 2676 980 2675 c 979 2674 976 2673 972 2673 c 958 2673 l 958 2697 l 958 2701 958 2703 959 2704 c 960 2706 963 2706 967 2707 c 967 2709 l 939 2709 l 939 2707 l h S Q 
q 0.12 0 0 -0.12 0 841.89 cm 1 w 1 j 0.141 0.125 0.129 SC 1029 2635 m 1033 2635 1037 2636 1041 2637 c 1044 2638 1047 2639 1047 2639 c 1049 2639 1050 2638 1050 2638 c 1051 2637 1051 2636 1052 2635 c 1054 2635 l 1055 2658 l 1052 2658 l 1050 2653 1048 2649 1046 2646 c 1042 2642 1037 2639 1031 2639 c 1024 2639 1019 2642 1014 2647 c 1009 2653 1006 2661 1006 2674 c 1006 2684 1009 2692 1014 2697 c 1019 2703 1025 2706 1032 2706 c 1033 2706 1034 2706 1036 2705 c 1038 2705 1039 2705 1041 2704 c 1043 2703 1045 2703 1045 2702 c 1046 2701 1046 2700 1046 2699 c 1046 2682 l 1046 2678 1045 2675 1044 2674 c 1043 2673 1041 2672 1037 2672 c 1037 2670 l 1063 2670 l 1063 2672 l 1060 2672 1059 2673 1058 2673 c 1056 2674 1056 2677 1056 2680 c 1056 2702 l 1056 2703 1053 2705 1047 2707 c 1041 2709 1036 2710 1030 2710 c 1021 2710 1012 2707 1006 2701 c 998 2694 995 2685 995 2673 c 995 2663 998 2654 1003 2647 c 1010 2639 1019 2635 1029 2635 c h S Q 
q 0.12 0 0 -0.12 0 841.89 cm 1 w 1 j 0.141 0.125 0.129 SC 1065 2707 m 1069 2706 1071 2705 1072 2704 c 1073 2703 1074 2700 1074 2696 c 1074 2648 l 1074 2644 1073 2642 1072 2641 c 1071 2639 1069 2639 1065 2638 c 1065 2636 l 1093 2636 l 1093 2638 l 1089 2639 1087 2639 1086 2641 c 1085 2642 1084 2644 1084 2648 c 1084 2669 l 1114 2669 l 1114 2648 l 1114 2644 1114 2642 1113 2641 c 1112 2639 1109 2639 1106 2638 c 1106 2636 l 1134 2636 l 1134 2638 l 1130 2639 1127 2639 1126 2641 c 1125 2642 1125 2644 1125 2648 c 1125 2697 l 1125 2701 1125 2703 1126 2704 c 1127 2705 1130 2706 1134 2707 c 1134 2709 l 1106 2709 l 1106 2707 l 1110 2706 1112 2705 1113 2704 c 1114 2703 1114 2700 1114 2696 c 1114 2674 l 1084 2674 l 1084 2697 l 1084 2701 1085 2703 1086 2704 c 1087 2706 1089 2706 1093 2707 c 1093 2709 l 1065 2709 l 1065 2707 l h S Q 
1 w 0.141 0.125 0.129 sc 105.36 517.05 m 105.84 517.17 106.2 517.29 106.32 517.41 c 106.44 517.53 106.44 517.77 106.44 518.25 c 106.44 524.13 l 106.44 524.61 106.44 524.85 106.32 524.97 c 106.2 525.21 105.84 525.21 105.36 525.33 c 105.36 525.57 l 111.84 525.57 l 111.84 523.65 l 111.6 523.65 l 111.48 524.25 111.36 524.61 111.12 524.73 c 110.88 524.97 110.4 525.09 109.68 525.09 c 108.12 525.09 l 107.88 525.09 107.76 524.97 107.76 524.97 c 107.76 524.85 107.64 524.73 107.64 524.61 c 107.64 521.61 l 109.56 521.61 l 110.04 521.61 110.4 521.73 110.52 521.97 c 110.64 522.09 110.76 522.45 110.88 522.93 c 111.12 522.93 l 111.12 519.93 l 110.88 519.93 l 110.76 520.41 110.64 520.77 110.52 520.89 c 110.4 521.01 110.04 521.13 109.56 521.13 c 107.64 521.13 l 107.64 517.89 l 107.64 517.65 107.76 517.53 107.88 517.41 c 108.12 517.41 108.48 517.41 109.32 517.41 c 110.04 517.41 110.64 517.41 111.12 517.65 c 111.48 517.89 111.84 518.37 112.08 519.09 c 112.44 519.09 l 111.96 516.81 l 105.36 516.81 l 105.36 517.05 l h f 
112.68 517.05 m 113.16 517.17 113.4 517.29 113.52 517.41 c 113.64 517.53 113.64 517.89 113.64 518.37 c 113.64 524.13 l 113.64 524.61 113.64 524.85 113.52 524.97 c 113.4 525.21 113.04 525.21 112.68 525.33 c 112.68 525.57 l 119.04 525.57 l 119.04 523.65 l 118.8 523.65 l 118.68 524.25 118.56 524.61 118.32 524.85 c 118.08 524.97 117.6 525.09 116.88 525.09 c 115.32 525.09 l 115.08 525.09 115.08 524.97 114.96 524.97 c 114.96 524.85 114.96 524.73 114.96 524.61 c 114.96 521.61 l 116.64 521.61 l 117.12 521.61 117.48 521.73 117.6 521.97 c 117.72 522.09 117.84 522.45 117.96 522.93 c 118.2 522.93 l 118.2 519.93 l 117.96 519.93 l 117.84 520.41 117.72 520.77 117.6 520.89 c 117.48 521.01 117.12 521.13 116.64 521.13 c 114.96 521.13 l 114.96 518.25 l 114.96 517.77 114.96 517.53 115.08 517.41 c 115.2 517.17 115.56 517.17 116.04 517.05 c 116.04 516.81 l 112.68 516.81 l 112.68 517.05 l h f 
123.48 525.69 m 123.96 525.69 124.44 525.57 124.92 525.45 c 125.28 525.33 125.64 525.21 125.64 525.21 c 125.88 525.21 126 525.33 126 525.33 c 126.12 525.45 126.12 525.57 126.24 525.69 c 126.48 525.69 l 126.6 522.93 l 126.24 522.93 l 126 523.53 125.76 524.01 125.52 524.37 c 125.04 524.85 124.44 525.21 123.72 525.21 c 122.88 525.21 122.28 524.85 121.68 524.25 c 121.08 523.53 120.72 522.57 120.72 521.01 c 120.72 519.81 121.08 518.85 121.68 518.25 c 122.28 517.53 123 517.17 123.84 517.17 c 123.96 517.17 124.08 517.17 124.32 517.29 c 124.56 517.29 124.68 517.29 124.92 517.41 c 125.16 517.53 125.4 517.53 125.4 517.65 c 125.52 517.77 125.52 517.89 125.52 518.01 c 125.52 520.05 l 125.52 520.53 125.4 520.89 125.28 521.01 c 125.16 521.13 124.92 521.25 124.44 521.25 c 124.44 521.49 l 127.56 521.49 l 127.56 521.25 l 127.2 521.25 127.08 521.13 126.96 521.13 c 126.72 521.01 126.72 520.65 126.72 520.29 c 126.72 517.65 l 126.72 517.53 126.36 517.29 125.64 517.05 c 124.92 516.81 124.32 516.69 123.6 516.69 c 122.52 516.69 121.44 517.05 120.72 517.77 c 119.76 518.61 119.4 519.69 119.4 521.13 c 119.4 522.33 119.76 523.41 120.36 524.25 c 121.2 525.21 122.28 525.69 123.48 525.69 c h f 
127.8 517.05 m 128.28 517.17 128.52 517.29 128.64 517.41 c 128.76 517.53 128.88 517.89 128.88 518.37 c 128.88 524.13 l 128.88 524.61 128.76 524.85 128.64 524.97 c 128.52 525.21 128.28 525.21 127.8 525.33 c 127.8 525.57 l 131.16 525.57 l 131.16 525.33 l 130.68 525.21 130.44 525.21 130.32 524.97 c 130.2 524.85 130.08 524.61 130.08 524.13 c 130.08 521.61 l 133.68 521.61 l 133.68 524.13 l 133.68 524.61 133.68 524.85 133.56 524.97 c 133.44 525.21 133.08 525.21 132.72 525.33 c 132.72 525.57 l 135.96 525.57 l 135.96 525.33 l 135.6 525.21 135.24 525.21 135.12 524.97 c 135 524.85 135 524.61 135 524.13 c 135 518.25 l 135 517.77 135 517.53 135.12 517.41 c 135.24 517.29 135.6 517.17 135.96 517.05 c 135.96 516.81 l 132.72 516.81 l 132.72 517.05 l 133.2 517.17 133.44 517.29 133.56 517.41 c 133.68 517.53 133.68 517.89 133.68 518.37 c 133.68 521.01 l 130.08 521.01 l 130.08 518.25 l 130.08 517.77 130.2 517.53 130.32 517.41 c 130.44 517.17 130.68 517.17 131.16 517.05 c 131.16 516.81 l 127.8 516.81 l 127.8 517.05 l h f 
140.76 513.81 m 140.16 513.81 139.68 514.05 139.32 514.41 c 138.96 514.89 138.84 515.37 138.84 516.09 c 138.84 516.21 138.84 516.45 138.84 516.57 c 138.84 516.69 138.84 516.81 138.84 517.05 c 138.96 517.17 138.96 517.41 139.08 517.65 c 139.44 517.53 l 139.32 517.17 139.32 516.93 139.32 516.69 c 139.32 516.09 139.44 515.73 139.68 515.37 c 139.92 515.13 140.28 515.01 140.76 515.01 c 141.12 515.01 141.48 515.01 141.84 515.13 c 142.2 515.25 142.44 515.37 142.68 515.61 c 143.04 515.85 143.16 515.97 143.28 516.21 c 143.04 518.01 l 142.92 518.61 142.8 519.33 142.8 519.93 c 142.68 520.53 142.56 521.13 142.56 521.61 c 142.44 521.85 142.44 522.09 142.44 522.33 c 142.44 522.45 142.44 522.69 142.32 522.81 c 142.32 523.05 142.32 523.17 142.32 523.29 c 142.32 523.53 142.32 523.53 142.32 523.65 c 142.32 523.89 142.32 524.13 142.56 524.37 c 142.68 524.49 142.8 524.61 143.16 524.61 c 143.16 524.49 143.28 524.25 143.28 524.01 c 143.4 523.77 143.4 523.53 143.52 523.29 c 143.28 523.05 l 143.4 521.73 143.52 520.77 143.52 519.93 c 143.64 519.09 143.64 518.49 143.76 518.13 c 144 518.01 144.24 517.89 144.48 517.89 c 144.6 517.89 144.6 517.89 144.6 517.89 c 144.6 516.93 l 144.6 516.93 144.6 516.93 144.48 516.93 c 144.36 516.93 144.24 516.93 144.12 516.93 c 144 516.93 143.88 517.05 143.76 517.05 c 143.76 516.69 l 143.76 516.21 143.64 515.73 143.4 515.37 c 143.04 514.89 142.68 514.53 142.2 514.29 c 141.96 514.17 141.72 514.05 141.48 513.93 c 141.24 513.93 141 513.81 140.76 513.81 c h f 
144.48 516.93 m 144.36 516.93 144.36 516.93 144.36 516.93 c 144.36 517.89 l 144.36 517.89 144.36 517.89 144.48 517.89 c 144.84 517.89 145.2 517.89 145.44 518.01 c 145.8 518.01 146.04 518.13 146.16 518.13 c 146.28 518.25 146.4 518.37 146.4 518.49 c 146.52 518.73 146.64 518.97 146.88 519.33 c 146.88 519.45 147 519.57 147 519.57 c 147.12 519.57 147.12 519.69 147.24 519.69 c 147.36 519.69 147.48 519.57 147.6 519.57 c 147.48 519.45 147.48 519.21 147.36 519.09 c 147.36 518.97 147.24 518.73 147.24 518.61 c 147.12 518.49 147.12 518.37 147.12 518.37 c 147.24 518.13 147.48 518.13 147.72 518.01 c 147.84 518.01 148.08 517.89 148.32 517.89 c 148.44 517.89 148.44 517.89 148.44 517.89 c 148.44 516.93 l 148.44 516.93 148.44 516.93 148.32 516.93 c 147.72 516.93 147.24 517.17 146.76 517.65 c 146.52 517.41 l 146.52 517.29 146.4 517.17 146.16 517.17 c 145.92 517.05 145.68 517.05 145.32 516.93 c 145.08 516.93 144.72 516.93 144.48 516.93 c h 147.24 514.65 m 147 515.01 146.76 515.25 146.52 515.37 c 146.76 515.61 147 515.85 147.24 516.21 c 147.24 516.21 147.36 516.09 147.48 515.97 c 147.6 515.85 147.72 515.73 147.84 515.49 c 147.84 515.37 147.72 515.25 147.6 515.13 c 147.48 515.01 147.36 514.89 147.24 514.65 c h 145.68 514.53 m 145.56 514.65 145.44 514.77 145.32 514.89 c 145.2 515.01 145.08 515.13 144.96 515.25 c 145.08 515.37 145.2 515.49 145.32 515.61 c 145.44 515.73 145.56 515.85 145.68 516.09 c 145.8 515.97 145.8 515.97 145.92 515.85 c 146.04 515.73 146.16 515.49 146.4 515.37 c 146.28 515.25 146.16 515.13 146.04 515.01 c 146.04 514.77 145.92 514.65 145.68 514.53 c h f 
148.2 516.93 m 148.2 516.93 148.2 516.93 148.2 516.93 c 148.2 517.89 l 148.2 517.89 148.2 517.89 148.2 517.89 c 148.44 517.89 148.56 517.89 148.68 517.89 c 148.92 517.89 149.04 517.89 149.16 517.89 c 149.28 518.13 149.4 518.25 149.52 518.37 c 149.64 518.49 149.76 518.61 149.76 518.85 c 149.64 519.57 149.52 520.17 149.52 520.77 c 149.4 521.37 149.28 521.85 149.28 522.21 c 149.16 522.57 149.16 522.93 149.16 523.05 c 149.04 523.29 149.04 523.53 149.04 523.65 c 149.04 523.89 149.16 524.13 149.28 524.37 c 149.4 524.49 149.64 524.61 149.88 524.61 c 150 524.49 150 524.25 150 524.01 c 150.12 523.89 150.24 523.53 150.24 523.29 c 150 522.93 l 150 522.81 150 522.69 150 522.45 c 150 522.21 150.12 522.09 150.12 521.85 c 150.12 521.61 150.12 521.37 150.12 521.25 c 150.12 521.01 150.12 520.89 150.24 520.77 c 150.24 520.41 150.24 520.17 150.24 519.93 c 150.24 519.69 150.24 519.57 150.24 519.45 c 150.84 520.05 151.2 520.53 151.68 520.77 c 152.16 521.13 152.52 521.25 152.88 521.25 c 153.12 521.25 153.36 521.25 153.6 521.01 c 153.96 520.89 154.2 520.65 154.44 520.29 c 154.68 520.05 154.8 519.81 154.8 519.57 c 154.8 518.97 154.56 518.61 154.2 518.25 c 154.56 518.01 154.92 517.89 155.28 517.89 c 155.28 517.89 155.4 517.89 155.4 517.89 c 155.4 516.93 l 155.4 516.93 155.28 516.93 155.28 516.93 c 154.92 516.93 154.56 516.93 154.32 517.17 c 153.96 517.29 153.72 517.53 153.48 517.77 c 153 517.41 152.4 517.29 151.44 517.05 c 150.6 516.93 149.52 516.93 148.2 516.93 c h 149.88 518.01 m 150.12 518.01 150.36 518.01 150.6 518.01 c 150.84 518.01 151.08 518.01 151.32 518.01 c 151.56 518.13 151.8 518.13 152.04 518.13 c 152.16 518.25 152.4 518.25 152.52 518.25 c 152.64 518.37 152.88 518.37 153 518.49 c 153.12 518.49 153.36 518.61 153.48 518.73 c 153.72 518.73 153.96 518.85 154.2 518.97 c 154.08 519.21 153.96 519.45 153.72 519.69 c 153.6 519.81 153.36 519.93 153.12 520.05 c 153 520.17 152.76 520.17 152.52 520.17 c 152.28 520.17 151.92 520.05 151.44 519.57 c 150.96 519.21 150.48 518.61 149.88 518.01 c h f 
155.16 516.93 m 155.16 516.93 155.04 516.93 155.04 516.93 c 155.04 517.89 l 155.04 517.89 155.16 517.89 155.16 517.89 c 155.52 517.89 155.88 517.89 156.24 518.01 c 156.48 518.01 156.72 518.13 156.84 518.13 c 156.96 518.25 157.08 518.37 157.2 518.49 c 157.32 518.73 157.44 518.97 157.56 519.33 c 157.68 519.45 157.68 519.57 157.8 519.57 c 157.8 519.57 157.92 519.69 158.04 519.69 c 158.16 519.69 158.16 519.57 158.28 519.57 c 158.28 519.45 158.16 519.21 158.16 519.09 c 158.04 518.97 158.04 518.73 157.92 518.61 c 157.92 518.49 157.8 518.37 157.8 518.37 c 158.04 518.13 158.28 518.13 158.4 518.01 c 158.64 518.01 158.88 517.89 159.12 517.89 c 159.12 517.89 159.12 517.89 159.12 517.89 c 159.12 516.93 l 159.12 516.93 159.12 516.93 159.12 516.93 c 158.4 516.93 157.92 517.17 157.44 517.65 c 157.32 517.41 l 157.2 517.29 157.08 517.17 156.84 517.17 c 156.6 517.05 156.36 517.05 156.12 516.93 c 155.76 516.93 155.52 516.93 155.16 516.93 c h 158.04 520.65 m 157.8 520.77 157.68 520.89 157.56 521.01 c 157.44 521.13 157.32 521.25 157.32 521.37 c 157.32 521.49 157.44 521.49 157.56 521.61 c 157.68 521.85 157.8 521.97 157.92 522.21 c 158.04 522.09 158.04 521.97 158.16 521.85 c 158.28 521.73 158.4 521.61 158.64 521.49 c 158.52 521.25 158.28 520.89 158.04 520.65 c h 156.48 520.53 m 156.36 520.65 156.12 520.77 156 520.89 c 155.88 521.01 155.88 521.13 155.76 521.25 c 155.88 521.37 156 521.49 156.12 521.61 c 156.24 521.73 156.36 521.85 156.48 521.97 c 156.48 521.97 156.6 521.85 156.72 521.73 c 156.84 521.61 156.96 521.49 157.08 521.25 c 157.08 521.13 156.96 521.01 156.84 520.89 c 156.72 520.77 156.6 520.65 156.48 520.53 c h f 
161.4 516.81 m 161.16 516.81 160.92 516.93 160.68 516.93 c 160.44 517.05 160.32 517.05 160.08 517.17 c 159.96 517.17 159.84 517.05 159.6 516.93 c 159.48 516.93 159.24 516.93 159 516.93 c 158.88 516.93 158.88 516.93 158.88 516.93 c 158.88 517.89 l 158.88 517.89 158.88 517.89 159 517.89 c 159.24 517.89 159.36 517.89 159.6 518.01 c 159.72 518.01 159.84 518.13 159.96 518.25 c 160.08 518.25 160.08 518.37 160.2 518.49 c 160.2 518.61 160.32 518.85 160.44 519.09 c 160.56 519.09 160.56 519.21 160.56 519.21 c 160.68 519.21 160.8 519.21 160.8 519.21 c 160.92 519.21 161.04 519.21 161.16 519.21 c 161.04 518.85 160.92 518.73 160.8 518.49 c 160.8 518.25 160.68 518.13 160.68 518.01 c 160.68 518.01 160.8 518.01 161.04 517.89 c 161.16 517.89 161.28 517.89 161.52 517.89 c 161.64 517.89 161.76 517.89 161.88 517.89 c 162 517.89 162.12 518.01 162.24 518.01 c 162.36 518.13 162.36 518.25 162.48 518.37 c 162.48 518.61 162.6 518.73 162.6 518.97 c 162.72 519.21 162.72 519.45 162.84 519.57 c 162.84 519.69 162.96 519.81 162.96 519.81 c 163.08 519.93 163.2 519.93 163.32 519.93 c 163.32 519.93 163.44 519.93 163.56 519.81 c 163.56 519.69 163.44 519.45 163.32 519.21 c 163.32 518.97 163.2 518.49 162.96 518.01 c 163.08 518.01 163.2 517.89 163.2 517.89 c 163.32 517.89 163.32 517.89 163.44 517.89 c 163.68 517.89 163.92 517.89 164.16 518.01 c 164.16 518.01 164.16 518.13 164.28 518.25 c 164.28 518.37 164.28 518.61 164.4 518.73 c 164.4 518.97 164.52 519.09 164.52 519.33 c 164.64 519.45 164.64 519.69 164.76 519.81 c 164.76 519.81 164.88 519.93 164.88 519.93 c 165 520.05 165.12 520.05 165.12 520.05 c 165.24 520.05 165.36 520.05 165.48 519.93 c 165.36 519.81 165.36 519.57 165.24 519.33 c 165.12 519.09 165.12 518.73 164.88 518.25 c 165.12 518.13 165.36 518.13 165.48 518.01 c 165.72 518.01 165.96 517.89 166.2 517.89 c 166.2 517.89 166.32 517.89 166.32 517.89 c 166.32 516.93 l 166.32 516.93 166.2 516.93 166.2 516.93 c 165.96 516.93 165.6 516.93 165.36 517.05 c 165.12 517.17 164.88 517.41 164.64 517.53 c 164.64 517.41 164.64 517.41 164.52 517.29 c 164.52 517.17 164.52 517.17 164.4 517.05 c 164.28 517.05 164.16 516.93 164.04 516.93 c 163.8 516.93 163.68 516.81 163.44 516.81 c 163.2 516.81 162.96 516.93 162.6 517.17 c 162.6 517.05 162.48 517.05 162.36 516.93 c 162.24 516.93 162 516.93 161.88 516.93 c 161.64 516.93 161.52 516.81 161.4 516.81 c h f 
169.44 516.81 m 169.08 516.81 168.72 516.93 168.36 516.93 c 168 517.05 167.76 517.17 167.52 517.29 c 167.16 517.05 166.92 517.05 166.68 516.93 c 166.56 516.93 166.32 516.93 166.08 516.93 c 166.08 516.93 165.96 516.93 165.96 516.93 c 165.96 517.89 l 165.96 517.89 166.08 517.89 166.08 517.89 c 166.2 517.89 166.32 517.89 166.44 518.01 c 166.56 518.01 166.68 518.01 166.8 518.01 c 166.68 518.13 166.68 518.13 166.68 518.13 c 166.68 518.25 166.68 518.25 166.68 518.25 c 166.68 518.49 166.8 518.85 166.92 519.09 c 166.92 519.33 167.04 519.57 167.28 519.81 c 167.4 520.05 167.64 520.29 167.76 520.53 c 168.12 520.77 168.36 520.89 168.72 520.89 c 168.84 520.89 168.84 520.77 168.96 520.65 c 169.08 520.53 169.08 520.41 169.2 520.29 c 169.32 520.17 169.32 520.05 169.32 519.93 c 169.44 519.69 169.44 519.57 169.56 519.45 c 169.68 519.09 169.68 518.85 169.8 518.73 c 169.92 518.49 170.04 518.25 170.16 518.13 c 170.28 518.01 170.4 517.89 170.52 517.89 c 170.64 517.89 170.64 517.89 170.64 517.77 c 170.64 517.05 l 170.64 516.93 170.64 516.93 170.52 516.93 c 170.16 516.93 169.8 517.05 169.56 517.41 c 169.44 516.81 l h 169.32 517.77 m 169.2 518.01 168.96 518.37 168.96 518.73 c 168.84 519.09 168.72 519.45 168.72 519.93 c 168.48 519.81 168.36 519.69 168.12 519.57 c 167.88 519.33 167.76 519.21 167.64 519.09 c 167.52 518.85 167.4 518.73 167.28 518.61 c 167.52 518.37 167.76 518.25 168.12 518.13 c 168.48 518.01 168.84 517.89 169.32 517.77 c h f 
170.4 516.93 m 170.4 516.93 170.4 516.93 170.4 516.93 c 170.4 517.89 l 170.4 517.89 170.4 517.89 170.4 517.89 c 170.88 517.89 171.24 518.01 171.6 518.25 c 171.6 518.49 171.6 518.73 171.6 519.09 c 171.48 519.33 171.48 519.57 171.48 519.81 c 171.48 520.41 171.36 521.01 171.24 521.73 c 171.24 522.33 171.12 523.17 171 524.01 c 171.12 524.13 171.24 524.25 171.36 524.25 c 171.6 524.37 171.72 524.49 171.84 524.61 c 171.84 524.13 171.96 523.65 171.96 523.05 c 171.96 522.57 171.96 521.97 172.08 521.37 c 172.08 520.77 172.08 520.29 172.08 519.81 c 172.08 519.33 172.08 518.97 172.08 518.49 c 172.08 518.37 172.08 518.13 171.96 517.89 c 171.96 517.65 171.84 517.53 171.72 517.29 c 171.6 517.17 171.48 517.05 171.24 517.05 c 171.12 516.93 170.76 516.93 170.4 516.93 c h f 
173.76 516.93 m 173.76 517.65 173.76 518.25 173.76 518.85 c 173.76 519.45 173.64 520.05 173.64 520.65 c 173.64 521.13 173.64 521.73 173.52 522.21 c 173.52 522.69 173.52 523.17 173.4 523.65 c 173.4 523.77 173.4 524.01 173.52 524.13 c 173.52 524.25 173.64 524.37 173.76 524.49 c 173.88 524.61 174.12 524.61 174.24 524.61 c 174.36 524.49 174.36 524.25 174.48 524.01 c 174.48 523.77 174.6 523.53 174.72 523.29 c 174.36 522.93 l 174.36 522.45 174.36 521.85 174.36 521.25 c 174.36 520.65 174.36 520.05 174.36 519.33 c 174.36 518.61 174.36 517.89 174.36 516.93 c 173.76 516.93 l h f 
177.48 519.45 m 177.48 520.65 l 177.96 521.01 178.32 521.25 178.68 521.37 c 179.04 521.49 179.28 521.61 179.64 521.61 c 180.12 521.61 180.6 521.49 181.2 521.25 c 181.92 520.89 182.28 520.77 182.52 520.77 c 182.76 520.77 183.12 520.89 183.36 521.01 c 183.6 521.25 184.08 521.49 184.56 521.97 c 184.56 520.65 l 184.08 520.41 183.72 520.17 183.48 520.05 c 183.12 519.81 182.76 519.81 182.52 519.81 c 182.16 519.81 181.68 519.93 181.08 520.17 c 180.48 520.41 179.88 520.53 179.52 520.53 c 179.28 520.53 178.92 520.53 178.68 520.29 c 178.32 520.17 177.96 519.93 177.48 519.45 c h f 
q 0.12 0 0 -0.12 0 841.89 cm 3 w 0 J 0 j 4 M 0.141 0.125 0.129 SC 1479 2687 m 1479 2677 l 1483 2674 1486 2672 1489 2671 c 1492 2670 1494 2669 1497 2669 c 1501 2669 1505 2670 1510 2672 c 1516 2675 1519 2676 1521 2676 c 1523 2676 1526 2675 1528 2674 c 1530 2672 1534 2670 1538 2666 c 1538 2677 l 1534 2679 1531 2681 1529 2682 c 1526 2684 1523 2684 1521 2684 c 1518 2684 1514 2683 1509 2681 c 1504 2679 1499 2678 1496 2678 c 1494 2678 1491 2678 1489 2680 c 1486 2681 1483 2683 1479 2687 c h S Q 
q 0.12 0 0 -0.12 0 841.89 cm 1 w 0 J 0 j 4 M 0.141 0.125 0.129 SC 1601 2681 m 1589 2650 l 1578 2681 l 1601 2681 l h S Q 
q 0.12 0 0 -0.12 0 841.89 cm 1 w 0 J 0 j 4 M 0.141 0.125 0.129 SC 1558 2709 m 1558 2707 l 1560 2706 1562 2705 1563 2703 c 1565 2702 1567 2697 1570 2689 c 1591 2635 l 1593 2635 l 1618 2697 l 1619 2701 1621 2704 1622 2705 c 1623 2706 1624 2706 1627 2707 c 1627 2709 l 1601 2709 l 1601 2707 l 1604 2706 1606 2706 1607 2706 c 1608 2705 1608 2704 1608 2703 c 1608 2702 1608 2701 1608 2700 c 1607 2698 1607 2697 1606 2696 c 1602 2685 l 1576 2685 l 1573 2692 1572 2697 1571 2698 c 1571 2700 1570 2701 1570 2702 c 1570 2704 1571 2705 1573 2706 c 1573 2706 1575 2706 1577 2707 c 1577 2709 l 1558 2709 l h S Q 
q 0.12 0 0 -0.12 0 841.89 cm 1 w 0 J 0 j 4 M 0.141 0.125 0.129 SC 1657 2705 m 1662 2705 1666 2704 1670 2701 c 1673 2699 1675 2695 1675 2689 c 1675 2683 1673 2679 1669 2676 c 1665 2674 1660 2673 1654 2673 c 1652 2673 1651 2673 1651 2673 c 1650 2673 1650 2673 1649 2673 c 1649 2700 l 1649 2702 1649 2703 1650 2704 c 1651 2704 1654 2705 1657 2705 c h S Q 
q 0.12 0 0 -0.12 0 841.89 cm 1 w 0 J 0 j 4 M 0.141 0.125 0.129 SC 1629 2707 m 1633 2706 1636 2706 1637 2705 c 1638 2703 1639 2701 1639 2697 c 1639 2648 l 1639 2644 1638 2642 1637 2640 c 1636 2639 1633 2639 1629 2638 c 1629 2636 l 1657 2636 l 1665 2636 1671 2638 1676 2640 c 1681 2643 1683 2648 1683 2655 c 1683 2660 1682 2664 1678 2667 c 1676 2668 1674 2670 1670 2671 c 1674 2672 1678 2674 1682 2677 c 1685 2679 1687 2683 1687 2689 c 1687 2697 1683 2703 1676 2706 c 1672 2708 1667 2709 1662 2709 c 1629 2709 l 1629 2707 l h S Q 
q 0.12 0 0 -0.12 0 841.89 cm 1 w 0 J 0 j 4 M 0.141 0.125 0.129 SC 1658 2669 m 1662 2669 1664 2668 1667 2667 c 1671 2665 1673 2661 1673 2655 c 1673 2649 1671 2644 1666 2642 c 1663 2641 1659 2640 1653 2640 c 1651 2640 1650 2640 1650 2641 c 1649 2641 1649 2642 1649 2644 c 1649 2669 l 1658 2669 l h S Q 
q 0.12 0 0 -0.12 0 841.89 cm 1 w 0 J 0 j 4 M 0.141 0.125 0.129 SC 1730 2635 m 1734 2635 1737 2636 1741 2637 c 1745 2638 1747 2639 1748 2639 c 1749 2639 1750 2638 1750 2638 c 1751 2637 1752 2636 1752 2635 c 1754 2635 l 1755 2660 l 1753 2660 l 1752 2655 1750 2651 1748 2648 c 1744 2642 1738 2639 1731 2639 c 1724 2639 1718 2642 1714 2649 c 1709 2655 1707 2663 1707 2673 c 1707 2683 1710 2691 1714 2697 c 1719 2703 1725 2706 1732 2706 c 1737 2706 1742 2704 1746 2702 c 1749 2700 1752 2698 1755 2695 c 1756 2697 l 1754 2700 1752 2702 1748 2705 c 1743 2709 1737 2710 1730 2710 c 1719 2710 1711 2707 1704 2699 c 1699 2692 1696 2684 1696 2673 c 1696 2663 1699 2654 1705 2646 c 1711 2639 1720 2635 1730 2635 c h S Q 
q 0.12 0 0 -0.12 0 841.89 cm 1 w 0 J 0 j 4 M 0.141 0.125 0.129 SC 1779 2700 m 1779 2702 1780 2703 1781 2704 c 1781 2704 1783 2705 1786 2705 c 1793 2705 1800 2703 1805 2700 c 1813 2694 1817 2685 1817 2673 c 1817 2662 1813 2653 1807 2647 c 1802 2643 1794 2640 1785 2640 c 1783 2640 1781 2640 1781 2641 c 1780 2642 1779 2643 1779 2645 c 1779 2700 l h S Q 
q 0.12 0 0 -0.12 0 841.89 cm 1 w 0 J 0 j 4 M 0.141 0.125 0.129 SC 1760 2707 m 1764 2706 1767 2705 1768 2704 c 1769 2703 1769 2701 1769 2697 c 1769 2648 l 1769 2644 1769 2642 1768 2640 c 1767 2639 1764 2639 1760 2638 c 1760 2636 l 1787 2636 l 1797 2636 1804 2638 1811 2641 c 1822 2647 1828 2658 1828 2673 c 1828 2678 1827 2683 1825 2688 c 1822 2693 1819 2697 1815 2701 c 1813 2703 1810 2704 1807 2706 c 1802 2708 1796 2709 1788 2709 c 1760 2709 l 1760 2707 l h S Q 
1 w 0.141 0.125 0.129 sc 192.12 520.17 m 190.68 523.89 l 189.36 520.17 l 192.12 520.17 l h 186.96 516.81 m 186.96 517.05 l 187.2 517.17 187.44 517.29 187.56 517.53 c 187.8 517.65 188.04 518.25 188.4 519.21 c 190.92 525.69 l 191.16 525.69 l 194.16 518.25 l 194.28 517.77 194.52 517.41 194.64 517.29 c 194.76 517.17 194.88 517.17 195.24 517.05 c 195.24 516.81 l 192.12 516.81 l 192.12 517.05 l 192.48 517.17 192.72 517.17 192.84 517.17 c 192.96 517.29 192.96 517.41 192.96 517.53 c 192.96 517.65 192.96 517.77 192.96 517.89 c 192.84 518.13 192.84 518.25 192.72 518.37 c 192.24 519.69 l 189.12 519.69 l 188.76 518.85 188.64 518.25 188.52 518.13 c 188.52 517.89 188.4 517.77 188.4 517.65 c 188.4 517.41 188.52 517.29 188.76 517.17 c 188.76 517.17 189 517.17 189.24 517.05 c 189.24 516.81 l 186.96 516.81 l h f 
198.84 517.29 m 199.44 517.29 199.92 517.41 200.4 517.77 c 200.76 518.01 201 518.49 201 519.21 c 201 519.93 200.76 520.41 200.28 520.77 c 199.8 521.01 199.2 521.13 198.48 521.13 c 198.24 521.13 198.12 521.13 198.12 521.13 c 198 521.13 198 521.13 197.88 521.13 c 197.88 517.89 l 197.88 517.65 197.88 517.53 198 517.41 c 198.12 517.41 198.48 517.29 198.84 517.29 c h 195.48 517.05 m 195.96 517.17 196.32 517.17 196.44 517.29 c 196.56 517.53 196.68 517.77 196.68 518.25 c 196.68 524.13 l 196.68 524.61 196.56 524.85 196.44 525.09 c 196.32 525.21 195.96 525.21 195.48 525.33 c 195.48 525.57 l 198.84 525.57 l 199.8 525.57 200.52 525.33 201.12 525.09 c 201.72 524.73 201.96 524.13 201.96 523.29 c 201.96 522.69 201.84 522.21 201.36 521.85 c 201.12 521.73 200.88 521.49 200.4 521.37 c 200.88 521.25 201.36 521.01 201.84 520.65 c 202.2 520.41 202.44 519.93 202.44 519.21 c 202.44 518.25 201.96 517.53 201.12 517.17 c 200.64 516.93 200.04 516.81 199.44 516.81 c 195.48 516.81 l 195.48 517.05 l h 198.96 521.61 m 199.44 521.61 199.68 521.73 200.04 521.85 c 200.52 522.09 200.76 522.57 200.76 523.29 c 200.76 524.01 200.52 524.61 199.92 524.85 c 199.56 524.97 199.08 525.09 198.36 525.09 c 198.12 525.09 198 525.09 198 524.97 c 197.88 524.97 197.88 524.85 197.88 524.61 c 197.88 521.61 l 198.96 521.61 l h f 
207.6 525.69 m 208.08 525.69 208.44 525.57 208.92 525.45 c 209.4 525.33 209.64 525.21 209.76 525.21 c 209.88 525.21 210 525.33 210 525.33 c 210.12 525.45 210.24 525.57 210.24 525.69 c 210.48 525.69 l 210.6 522.69 l 210.36 522.69 l 210.24 523.29 210 523.77 209.76 524.13 c 209.28 524.85 208.56 525.21 207.72 525.21 c 206.88 525.21 206.16 524.85 205.68 524.01 c 205.08 523.29 204.84 522.33 204.84 521.13 c 204.84 519.93 205.2 518.97 205.68 518.25 c 206.28 517.53 207 517.17 207.84 517.17 c 208.44 517.17 209.04 517.41 209.52 517.65 c 209.88 517.89 210.24 518.13 210.6 518.49 c 210.72 518.25 l 210.48 517.89 210.12 517.65 209.76 517.29 c 209.16 516.81 208.32 516.69 207.6 516.69 c 206.28 516.69 205.32 517.05 204.48 518.01 c 203.76 518.85 203.52 519.81 203.52 521.13 c 203.52 522.33 203.88 523.41 204.6 524.37 c 205.32 525.21 206.4 525.69 207.6 525.69 c h 207.6 525.69 m 207.6 525.69 207.6 525.69 207.6 525.69 c h f 
213.48 517.89 m 213.48 517.65 213.6 517.53 213.72 517.41 c 213.72 517.41 213.96 517.29 214.32 517.29 c 215.16 517.29 216 517.53 216.6 517.89 c 217.56 518.61 218.04 519.69 218.04 521.13 c 218.04 522.45 217.56 523.53 216.84 524.25 c 216.12 524.73 215.28 525.09 214.2 525.09 c 213.96 525.09 213.72 525.09 213.72 524.97 c 213.6 524.85 213.48 524.73 213.48 524.49 c 213.48 517.89 l h 211.2 517.05 m 211.68 517.17 211.92 517.29 212.16 517.41 c 212.28 517.53 212.28 517.77 212.28 518.25 c 212.28 524.13 l 212.28 524.61 212.28 524.85 212.16 525.09 c 212.04 525.21 211.68 525.21 211.2 525.33 c 211.2 525.57 l 214.44 525.57 l 215.64 525.57 216.48 525.33 217.32 524.97 c 218.64 524.25 219.36 522.93 219.36 521.13 c 219.36 520.53 219.24 519.93 218.88 519.33 c 218.64 518.73 218.28 518.25 217.8 517.77 c 217.56 517.53 217.2 517.41 216.84 517.17 c 216.24 516.93 215.52 516.81 214.56 516.81 c 211.2 516.81 l 211.2 517.05 l h f 
224.16 513.81 m 223.56 513.81 223.08 514.05 222.72 514.41 c 222.36 514.89 222.24 515.37 222.24 516.09 c 222.24 516.21 222.24 516.45 222.24 516.57 c 222.24 516.69 222.36 516.81 222.36 517.05 c 222.36 517.17 222.36 517.41 222.48 517.65 c 222.84 517.53 l 222.84 517.17 222.72 516.93 222.72 516.69 c 222.72 516.09 222.84 515.73 223.08 515.37 c 223.32 515.13 223.68 515.01 224.16 515.01 c 224.52 515.01 224.88 515.01 225.24 515.13 c 225.6 515.25 225.84 515.37 226.2 515.61 c 226.44 515.85 226.68 515.97 226.8 516.21 c 226.56 518.01 l 226.44 518.61 226.32 519.33 226.2 519.93 c 226.08 520.53 226.08 521.13 225.96 521.61 c 225.96 521.85 225.84 522.09 225.84 522.33 c 225.84 522.45 225.84 522.69 225.84 522.81 c 225.72 523.05 225.72 523.17 225.72 523.29 c 225.72 523.53 225.72 523.53 225.72 523.65 c 225.72 523.89 225.84 524.13 225.96 524.37 c 226.08 524.49 226.32 524.61 226.56 524.61 c 226.56 524.49 226.68 524.25 226.68 524.01 c 226.8 523.77 226.92 523.53 226.92 523.29 c 226.68 523.05 l 226.8 521.73 226.92 520.77 227.04 519.93 c 227.04 519.09 227.16 518.49 227.16 518.13 c 227.4 518.01 227.64 517.89 228 517.89 c 228 517.89 228 517.89 228 517.89 c 228 516.93 l 228 516.93 228 516.93 228 516.93 c 227.88 516.93 227.76 516.93 227.64 516.93 c 227.52 516.93 227.28 517.05 227.16 517.05 c 227.28 516.69 l 227.28 516.21 227.04 515.73 226.8 515.37 c 226.56 514.89 226.2 514.53 225.72 514.29 c 225.48 514.17 225.24 514.05 225 513.93 c 224.64 513.93 224.4 513.81 224.16 513.81 c h f 
227.88 516.93 m 227.88 516.93 227.76 516.93 227.76 516.93 c 227.76 517.89 l 227.76 517.89 227.88 517.89 227.88 517.89 c 228.24 517.89 228.6 517.89 228.96 518.01 c 229.2 518.01 229.44 518.13 229.56 518.13 c 229.68 518.25 229.8 518.37 229.92 518.49 c 229.92 518.73 230.16 518.97 230.28 519.33 c 230.4 519.45 230.4 519.57 230.52 519.57 c 230.52 519.57 230.64 519.69 230.76 519.69 c 230.76 519.69 230.88 519.57 231 519.57 c 231 519.45 230.88 519.21 230.88 519.09 c 230.76 518.97 230.76 518.73 230.64 518.61 c 230.64 518.49 230.52 518.37 230.52 518.37 c 230.76 518.13 231 518.13 231.12 518.01 c 231.36 518.01 231.6 517.89 231.72 517.89 c 231.84 517.89 231.84 517.89 231.84 517.89 c 231.84 516.93 l 231.84 516.93 231.84 516.93 231.72 516.93 c 231.12 516.93 230.64 517.17 230.16 517.65 c 230.04 517.41 l 229.92 517.29 229.8 517.17 229.56 517.17 c 229.32 517.05 229.08 517.05 228.84 516.93 c 228.48 516.93 228.24 516.93 227.88 516.93 c h 230.64 514.65 m 230.4 515.01 230.16 515.25 230.04 515.37 c 230.16 515.61 230.4 515.85 230.64 516.21 c 230.76 516.21 230.76 516.09 230.88 515.97 c 231 515.85 231.12 515.73 231.36 515.49 c 231.24 515.37 231.12 515.25 231.12 515.13 c 231 515.01 230.88 514.89 230.64 514.65 c h 229.2 514.53 m 228.96 514.65 228.84 514.77 228.72 514.89 c 228.6 515.01 228.48 515.13 228.48 515.25 c 228.6 515.37 228.72 515.49 228.84 515.61 c 228.84 515.73 229.08 515.85 229.2 516.09 c 229.2 515.97 229.2 515.97 229.32 515.85 c 229.44 515.73 229.56 515.49 229.8 515.37 c 229.68 515.25 229.68 515.13 229.56 515.01 c 229.44 514.77 229.32 514.65 229.2 514.53 c h f 
231.72 516.93 m 231.6 516.93 231.6 516.93 231.6 516.93 c 231.6 517.89 l 231.6 517.89 231.6 517.89 231.72 517.89 c 231.84 517.89 231.96 517.89 232.2 517.89 c 232.32 517.89 232.44 517.89 232.68 517.89 c 232.8 518.13 232.8 518.25 232.92 518.37 c 233.04 518.49 233.16 518.61 233.28 518.85 c 233.16 519.57 233.04 520.17 232.92 520.77 c 232.8 521.37 232.8 521.85 232.68 522.21 c 232.68 522.57 232.56 522.93 232.56 523.05 c 232.56 523.29 232.56 523.53 232.56 523.65 c 232.56 523.89 232.56 524.13 232.68 524.37 c 232.92 524.49 233.04 524.61 233.28 524.61 c 233.4 524.49 233.4 524.25 233.52 524.01 c 233.52 523.89 233.64 523.53 233.76 523.29 c 233.4 522.93 l 233.4 522.81 233.4 522.69 233.52 522.45 c 233.52 522.21 233.52 522.09 233.52 521.85 c 233.52 521.61 233.52 521.37 233.64 521.25 c 233.64 521.01 233.64 520.89 233.64 520.77 c 233.64 520.41 233.64 520.17 233.64 519.93 c 233.76 519.69 233.76 519.57 233.76 519.45 c 234.24 520.05 234.72 520.53 235.08 520.77 c 235.56 521.13 235.92 521.25 236.28 521.25 c 236.52 521.25 236.76 521.25 237.12 521.01 c 237.36 520.89 237.6 520.65 237.84 520.29 c 238.08 520.05 238.2 519.81 238.2 519.57 c 238.2 518.97 238.08 518.61 237.6 518.25 c 237.96 518.01 238.32 517.89 238.68 517.89 c 238.8 517.89 238.8 517.89 238.8 517.89 c 238.8 516.93 l 238.8 516.93 238.8 516.93 238.68 516.93 c 238.32 516.93 238.08 516.93 237.72 517.17 c 237.36 517.29 237.12 517.53 237 517.77 c 236.52 517.41 235.8 517.29 234.96 517.05 c 234 516.93 232.92 516.93 231.72 516.93 c h 233.28 518.01 m 233.52 518.01 233.76 518.01 234.12 518.01 c 234.36 518.01 234.6 518.01 234.84 518.01 c 235.08 518.13 235.2 518.13 235.44 518.13 c 235.68 518.25 235.8 518.25 236.04 518.25 c 236.16 518.37 236.28 518.37 236.4 518.49 c 236.52 518.49 236.76 518.61 237 518.73 c 237.12 518.73 237.36 518.85 237.72 518.97 c 237.48 519.21 237.36 519.45 237.12 519.69 c 237 519.81 236.76 519.93 236.64 520.05 c 236.4 520.17 236.28 520.17 236.04 520.17 c 235.68 520.17 235.32 520.05 234.84 519.57 c 234.36 519.21 233.88 518.61 233.28 518.01 c h f 
238.56 516.93 m 238.56 516.93 238.56 516.93 238.56 516.93 c 238.56 517.89 l 238.56 517.89 238.56 517.89 238.56 517.89 c 239.04 517.89 239.4 517.89 239.64 518.01 c 240 518.01 240.24 518.13 240.36 518.13 c 240.48 518.25 240.48 518.37 240.6 518.49 c 240.72 518.73 240.84 518.97 240.96 519.33 c 241.08 519.45 241.2 519.57 241.2 519.57 c 241.32 519.57 241.32 519.69 241.44 519.69 c 241.56 519.69 241.68 519.57 241.8 519.57 c 241.68 519.45 241.68 519.21 241.56 519.09 c 241.56 518.97 241.44 518.73 241.44 518.61 c 241.32 518.49 241.32 518.37 241.2 518.37 c 241.44 518.13 241.68 518.13 241.92 518.01 c 242.04 518.01 242.28 517.89 242.52 517.89 c 242.52 517.89 242.64 517.89 242.64 517.89 c 242.64 516.93 l 242.64 516.93 242.52 516.93 242.52 516.93 c 241.92 516.93 241.32 517.17 240.84 517.65 c 240.72 517.41 l 240.72 517.29 240.48 517.17 240.36 517.17 c 240.12 517.05 239.88 517.05 239.52 516.93 c 239.28 516.93 238.92 516.93 238.56 516.93 c h 241.44 520.65 m 241.32 520.77 241.2 520.89 241.08 521.01 c 240.96 521.13 240.84 521.25 240.72 521.37 c 240.84 521.49 240.84 521.49 240.96 521.61 c 241.08 521.85 241.2 521.97 241.44 522.21 c 241.44 522.09 241.56 521.97 241.68 521.85 c 241.8 521.73 241.92 521.61 242.04 521.49 c 241.92 521.25 241.68 520.89 241.44 520.65 c h 239.88 520.53 m 239.76 520.65 239.64 520.77 239.52 520.89 c 239.4 521.01 239.28 521.13 239.16 521.25 c 239.28 521.37 239.4 521.49 239.52 521.61 c 239.64 521.73 239.76 521.85 239.88 521.97 c 239.88 521.97 240 521.85 240.12 521.73 c 240.24 521.61 240.36 521.49 240.48 521.25 c 240.48 521.13 240.36 521.01 240.24 520.89 c 240.12 520.77 240 520.65 239.88 520.53 c h f 
244.8 516.81 m 244.68 516.81 244.44 516.93 244.2 516.93 c 243.96 517.05 243.72 517.05 243.6 517.17 c 243.48 517.17 243.24 517.05 243.12 516.93 c 242.88 516.93 242.64 516.93 242.4 516.93 c 242.4 516.93 242.28 516.93 242.28 516.93 c 242.28 517.89 l 242.28 517.89 242.4 517.89 242.4 517.89 c 242.64 517.89 242.88 517.89 243 518.01 c 243.12 518.01 243.24 518.13 243.36 518.25 c 243.48 518.25 243.6 518.37 243.6 518.49 c 243.72 518.61 243.72 518.85 243.96 519.09 c 243.96 519.09 243.96 519.21 244.08 519.21 c 244.08 519.21 244.2 519.21 244.32 519.21 c 244.32 519.21 244.44 519.21 244.56 519.21 c 244.44 518.85 244.32 518.73 244.32 518.49 c 244.2 518.25 244.2 518.13 244.08 518.01 c 244.2 518.01 244.32 518.01 244.44 517.89 c 244.56 517.89 244.68 517.89 244.92 517.89 c 245.04 517.89 245.16 517.89 245.28 517.89 c 245.4 517.89 245.52 518.01 245.76 518.01 c 245.76 518.13 245.76 518.25 245.88 518.37 c 245.88 518.61 246 518.73 246 518.97 c 246.12 519.21 246.24 519.45 246.24 519.57 c 246.36 519.69 246.36 519.81 246.48 519.81 c 246.48 519.93 246.6 519.93 246.72 519.93 c 246.84 519.93 246.96 519.93 246.96 519.81 c 246.96 519.69 246.84 519.45 246.84 519.21 c 246.72 518.97 246.6 518.49 246.48 518.01 c 246.48 518.01 246.6 517.89 246.72 517.89 c 246.72 517.89 246.84 517.89 246.96 517.89 c 247.08 517.89 247.32 517.89 247.56 518.01 c 247.56 518.01 247.56 518.13 247.68 518.25 c 247.68 518.37 247.8 518.61 247.8 518.73 c 247.92 518.97 247.92 519.09 248.04 519.33 c 248.04 519.45 248.16 519.69 248.16 519.81 c 248.28 519.81 248.28 519.93 248.4 519.93 c 248.4 520.05 248.52 520.05 248.64 520.05 c 248.76 520.05 248.76 520.05 248.88 519.93 c 248.88 519.81 248.76 519.57 248.64 519.33 c 248.64 519.09 248.52 518.73 248.4 518.25 c 248.64 518.13 248.76 518.13 249 518.01 c 249.12 518.01 249.36 517.89 249.6 517.89 c 249.72 517.89 249.72 517.89 249.72 517.89 c 249.72 516.93 l 249.72 516.93 249.72 516.93 249.6 516.93 c 249.36 516.93 249.12 516.93 248.76 517.05 c 248.52 517.17 248.28 517.41 248.16 517.53 c 248.04 517.41 248.04 517.41 248.04 517.29 c 247.92 517.17 247.92 517.17 247.8 517.05 c 247.8 517.05 247.68 516.93 247.44 516.93 c 247.32 516.93 247.08 516.81 246.96 516.81 c 246.6 516.81 246.36 516.93 246.12 517.17 c 246 517.05 245.88 517.05 245.76 516.93 c 245.64 516.93 245.52 516.93 245.28 516.93 c 245.16 516.93 244.92 516.81 244.8 516.81 c h f 
252.84 516.81 m 252.48 516.81 252.12 516.93 251.76 516.93 c 251.52 517.05 251.16 517.17 250.92 517.29 c 250.56 517.05 250.32 517.05 250.2 516.93 c 249.96 516.93 249.72 516.93 249.6 516.93 c 249.48 516.93 249.48 516.93 249.48 516.93 c 249.48 517.89 l 249.48 517.89 249.48 517.89 249.6 517.89 c 249.6 517.89 249.72 517.89 249.84 518.01 c 249.96 518.01 250.08 518.01 250.2 518.01 c 250.2 518.13 250.2 518.13 250.2 518.13 c 250.08 518.25 250.08 518.25 250.08 518.25 c 250.2 518.49 250.2 518.85 250.32 519.09 c 250.44 519.33 250.56 519.57 250.68 519.81 c 250.92 520.05 251.04 520.29 251.28 520.53 c 251.52 520.77 251.88 520.89 252.12 520.89 c 252.24 520.89 252.36 520.77 252.36 520.65 c 252.48 520.53 252.6 520.41 252.72 520.29 c 252.72 520.17 252.72 520.05 252.84 519.93 c 252.84 519.69 252.96 519.57 252.96 519.45 c 253.08 519.09 253.2 518.85 253.2 518.73 c 253.32 518.49 253.44 518.25 253.56 518.13 c 253.68 518.01 253.8 517.89 253.92 517.89 c 254.04 517.89 254.04 517.89 254.04 517.77 c 254.04 517.05 l 254.04 516.93 254.04 516.93 253.92 516.93 c 253.56 516.93 253.32 517.05 252.96 517.41 c 252.84 516.81 l h 252.72 517.77 m 252.6 518.01 252.48 518.37 252.36 518.73 c 252.24 519.09 252.12 519.45 252.12 519.93 c 252 519.81 251.76 519.69 251.52 519.57 c 251.4 519.33 251.16 519.21 251.04 519.09 c 250.92 518.85 250.8 518.73 250.68 518.61 c 250.92 518.37 251.16 518.25 251.52 518.13 c 251.88 518.01 252.24 517.89 252.72 517.77 c h f 
253.92 516.93 m 253.8 516.93 253.8 516.93 253.8 516.93 c 253.8 517.89 l 253.8 517.89 253.8 517.89 253.92 517.89 c 254.28 517.89 254.64 518.01 255 518.25 c 255 518.49 255 518.73 255 519.09 c 255 519.33 255 519.57 254.88 519.81 c 254.88 520.41 254.76 521.01 254.76 521.73 c 254.64 522.33 254.52 523.17 254.4 524.01 c 254.52 524.13 254.64 524.25 254.88 524.25 c 255 524.37 255.12 524.49 255.36 524.61 c 255.36 524.13 255.36 523.65 255.36 523.05 c 255.36 522.57 255.48 521.97 255.48 521.37 c 255.48 520.77 255.48 520.29 255.48 519.81 c 255.48 519.33 255.6 518.97 255.6 518.49 c 255.6 518.37 255.48 518.13 255.48 517.89 c 255.36 517.65 255.24 517.53 255.12 517.29 c 255.12 517.17 255 517.05 254.76 517.05 c 254.52 516.93 254.28 516.93 253.92 516.93 c h f 
257.28 516.93 m 257.16 517.65 257.16 518.25 257.16 518.85 c 257.16 519.45 257.16 520.05 257.04 520.65 c 257.04 521.13 257.04 521.73 257.04 522.21 c 256.92 522.69 256.92 523.17 256.92 523.65 c 256.92 523.77 256.92 524.01 256.92 524.13 c 257.04 524.25 257.16 524.37 257.28 524.49 c 257.4 524.61 257.52 524.61 257.76 524.61 c 257.76 524.49 257.76 524.25 257.88 524.01 c 258 523.77 258 523.53 258.12 523.29 c 257.76 522.93 l 257.88 522.45 257.88 521.85 257.88 521.25 c 257.88 520.65 257.88 520.05 257.88 519.33 c 257.88 518.61 257.76 517.89 257.76 516.93 c 257.28 516.93 l h f 
263.28 513.81 m 262.68 513.81 262.2 514.05 261.84 514.41 c 261.48 514.89 261.36 515.37 261.36 516.09 c 261.36 516.21 261.36 516.45 261.36 516.57 c 261.36 516.69 261.48 516.81 261.48 517.05 c 261.48 517.17 261.48 517.41 261.6 517.65 c 261.96 517.53 l 261.96 517.17 261.84 516.93 261.84 516.69 c 261.84 516.09 261.96 515.73 262.2 515.37 c 262.44 515.13 262.8 515.01 263.28 515.01 c 263.64 515.01 264 515.01 264.36 515.13 c 264.72 515.25 264.96 515.37 265.32 515.61 c 265.56 515.73 265.8 515.97 265.92 516.21 c 265.68 516.81 265.44 517.29 265.32 517.65 c 265.2 518.01 265.2 518.25 265.2 518.49 c 265.2 518.73 265.2 518.85 265.32 519.09 c 265.44 519.33 265.68 519.45 265.92 519.69 c 266.04 519.57 266.04 519.45 266.04 519.21 c 266.04 519.09 266.04 518.85 266.16 518.73 c 266.16 518.49 266.16 518.25 266.16 518.13 c 266.28 517.77 266.28 517.53 266.28 517.29 c 266.4 517.05 266.4 516.93 266.4 516.69 c 266.4 516.21 266.28 515.73 265.92 515.37 c 265.68 514.89 265.32 514.53 264.84 514.29 c 264.6 514.17 264.36 514.05 264.12 513.93 c 263.76 513.93 263.52 513.81 263.28 513.81 c h 263.64 519.57 m 263.28 519.93 263.04 520.17 262.8 520.41 c 263.04 520.53 263.16 520.77 263.28 520.89 c 263.4 521.01 263.52 521.13 263.52 521.25 c 263.64 521.13 263.76 521.01 263.88 520.89 c 264 520.77 264.12 520.65 264.24 520.53 c 264.24 520.41 264.12 520.17 264 520.05 c 263.88 519.93 263.76 519.81 263.64 519.57 c h f 
269.76 516.93 m 269.4 516.93 269.16 516.93 268.92 517.05 c 268.68 517.17 268.44 517.29 268.32 517.53 c 268.2 517.65 268.08 517.89 268.08 518.13 c 268.08 518.37 268.08 518.61 268.08 518.85 c 267.96 519.21 267.96 519.45 267.96 519.81 c 267.96 520.17 267.84 520.65 267.84 521.01 c 267.84 521.49 267.72 521.97 267.72 522.45 c 267.72 522.93 267.6 523.41 267.6 524.01 c 267.72 524.01 267.84 524.13 268.08 524.25 c 268.2 524.37 268.32 524.49 268.56 524.61 c 268.56 524.01 268.56 523.41 268.56 522.93 c 268.56 522.33 268.56 521.73 268.56 521.01 c 268.56 520.41 268.68 519.81 268.68 519.09 c 268.68 518.25 l 268.8 518.13 269.04 518.01 269.16 518.01 c 269.28 518.01 269.52 517.89 269.76 517.89 c 269.76 517.89 269.76 517.89 269.76 517.89 c 269.76 516.93 l 269.76 516.93 269.76 516.93 269.76 516.93 c h f 
269.64 516.93 m 269.52 516.93 269.52 516.93 269.52 516.93 c 269.52 517.89 l 269.52 517.89 269.52 517.89 269.64 517.89 c 270.12 517.89 270.48 518.01 270.84 518.01 c 271.2 518.01 271.56 518.13 271.8 518.13 c 272.04 518.25 272.16 518.25 272.28 518.25 c 272.52 518.37 272.64 518.49 272.76 518.49 c 272.64 518.73 272.64 518.97 272.4 519.09 c 272.28 519.33 272.16 519.57 271.92 519.69 c 271.8 519.81 271.56 520.05 271.32 520.17 c 271.2 520.29 270.96 520.53 270.6 520.65 c 270.48 520.65 270.48 520.65 270.36 520.65 c 270.12 520.65 270 520.65 269.88 520.89 c 269.76 521.01 269.64 521.13 269.64 521.37 c 269.64 521.49 269.64 521.61 269.76 521.73 c 269.76 521.85 269.76 521.97 269.76 522.09 c 269.76 522.21 269.88 522.33 269.88 522.45 c 269.88 522.57 269.88 522.57 270 522.57 c 270.36 522.81 270.84 523.05 271.2 523.29 c 271.44 523.41 271.8 523.65 272.04 523.77 c 272.4 523.89 272.64 524.01 272.88 524.13 c 273.12 524.25 273.48 524.37 273.72 524.49 c 273.84 524.37 273.96 524.25 273.96 524.01 c 273.96 523.77 273.84 523.65 273.84 523.53 c 273.72 523.41 273.6 523.29 273.36 523.29 c 273 523.05 272.64 522.81 272.16 522.69 c 271.8 522.45 271.44 522.33 271.08 522.21 c 270.84 522.09 270.48 521.85 270.12 521.73 c 270.72 521.61 271.2 521.37 271.68 521.01 c 272.16 520.77 272.52 520.41 272.76 519.93 c 273.12 519.57 273.24 519.21 273.24 518.73 c 273.24 518.13 272.88 517.65 272.28 517.41 c 272.04 517.17 271.56 517.05 271.2 517.05 c 270.72 516.93 270.24 516.93 269.64 516.93 c h f 
277.2 516.93 m 277.2 517.65 277.08 518.25 277.08 518.85 c 277.08 519.45 277.08 520.05 277.08 520.65 c 276.96 521.13 276.96 521.73 276.96 522.21 c 276.84 522.69 276.84 523.17 276.84 523.65 c 276.84 523.77 276.84 524.01 276.84 524.13 c 276.96 524.25 277.08 524.37 277.2 524.49 c 277.32 524.61 277.44 524.61 277.68 524.61 c 277.68 524.49 277.8 524.25 277.8 524.01 c 277.92 523.77 277.92 523.53 278.04 523.29 c 277.68 522.93 l 277.8 522.45 277.8 521.85 277.8 521.25 c 277.8 520.65 277.8 520.05 277.8 519.33 c 277.8 518.61 277.8 517.89 277.68 516.93 c 277.2 516.93 l h f 
280.32 516.81 m 279.36 516.81 278.88 517.17 278.88 517.65 c 278.88 517.77 279 517.89 279 518.01 c 279 518.13 279.12 518.25 279.12 518.37 c 279.36 518.25 279.6 518.13 279.72 518.01 c 279.96 517.89 280.32 517.89 280.56 517.89 c 281.04 517.89 281.52 518.01 282 518.13 c 282 518.37 281.88 518.49 281.76 518.73 c 281.76 518.85 281.64 518.97 281.52 519.21 c 281.4 519.45 281.28 519.81 281.16 519.93 c 281.04 520.17 280.92 520.29 280.92 520.41 c 280.92 520.53 280.92 520.65 280.92 520.77 c 280.92 521.01 280.92 521.13 281.04 521.37 c 281.16 521.49 281.4 521.61 281.52 521.61 c 281.64 521.49 281.64 521.25 281.76 521.01 c 281.88 520.89 281.88 520.65 282 520.41 c 282.12 520.17 282.12 520.05 282.24 519.81 c 282.36 519.57 282.36 519.33 282.48 519.09 c 282.6 518.85 282.6 518.73 282.6 518.49 c 282.6 518.49 282.6 518.37 282.48 518.25 c 282.48 518.01 282.48 517.89 282.36 517.77 c 282.36 517.65 282.24 517.41 282.24 517.29 c 282 517.17 281.64 517.05 281.28 516.93 c 281.04 516.93 280.68 516.81 280.32 516.81 c h 280.92 522.33 m 280.56 522.69 280.32 522.93 280.08 523.17 c 280.32 523.29 280.44 523.53 280.56 523.65 c 280.68 523.77 280.8 523.89 280.92 524.01 c 281.04 523.89 281.04 523.77 281.16 523.65 c 281.28 523.53 281.52 523.41 281.64 523.17 c 281.52 523.05 281.4 522.93 281.28 522.81 c 281.16 522.69 281.04 522.57 280.92 522.33 c h f 
284.04 516.93 m 284.04 517.65 284.04 518.25 284.04 518.85 c 284.04 519.45 283.92 520.05 283.92 520.65 c 283.92 521.13 283.92 521.73 283.8 522.21 c 283.8 522.69 283.8 523.17 283.68 523.65 c 283.68 523.77 283.8 524.01 283.8 524.13 c 283.92 524.25 283.92 524.37 284.04 524.49 c 284.16 524.61 284.4 524.61 284.52 524.61 c 284.64 524.49 284.64 524.25 284.76 524.01 c 284.76 523.77 284.88 523.53 285 523.29 c 284.64 522.93 l 284.64 522.45 284.64 521.85 284.64 521.25 c 284.76 520.65 284.64 520.05 284.64 519.33 c 284.64 518.61 284.64 517.89 284.64 516.93 c 284.04 516.93 l h 283.8 514.05 m 283.68 514.53 l 284.16 514.77 l 283.92 514.89 283.8 515.01 283.8 515.25 c 283.8 515.37 283.8 515.61 283.92 515.73 c 283.92 515.85 284.04 515.97 284.16 516.09 c 284.28 516.09 284.4 516.21 284.52 516.21 c 284.76 516.21 284.88 515.97 284.88 515.73 c 284.88 515.61 284.88 515.49 284.88 515.37 c 284.64 515.49 l 284.64 515.49 l 284.64 515.61 284.64 515.61 284.52 515.61 c 284.4 515.61 284.4 515.61 284.28 515.49 c 284.16 515.49 284.16 515.37 284.04 515.25 c 284.16 515.13 284.4 515.01 284.52 515.01 c 284.64 515.01 284.76 515.01 284.76 515.01 c 284.88 515.01 285 515.13 285.12 515.13 c 285 514.65 l 284.88 514.53 284.64 514.53 284.52 514.53 c 284.4 514.41 284.28 514.41 284.16 514.29 c 284.04 514.29 283.92 514.17 283.8 514.05 c h f 
138.72 494.85 m 139.68 494.85 l 139.8 494.49 139.92 494.13 140.16 493.89 c 140.4 493.65 140.64 493.53 141 493.53 c 141.36 493.53 141.6 493.65 141.84 493.77 c 142.08 493.89 142.32 494.13 142.44 494.37 c 142.56 494.61 142.68 494.97 142.8 495.33 c 142.92 495.81 142.92 496.17 142.92 496.53 c 142.92 496.65 142.92 496.65 142.92 496.77 c 142.68 496.41 142.44 496.17 142.08 496.05 c 141.72 495.81 141.36 495.69 141 495.69 c 140.28 495.69 139.68 495.93 139.2 496.41 c 138.84 496.89 138.6 497.61 138.6 498.45 c 138.6 499.29 138.84 499.89 139.32 500.37 c 139.8 500.97 140.4 501.21 141.12 501.21 c 141.72 501.21 142.2 501.09 142.56 500.73 c 143.04 500.49 143.4 500.01 143.64 499.53 c 143.88 498.93 144 498.21 144 497.25 c 144 496.17 143.88 495.33 143.64 494.73 c 143.4 494.01 143.04 493.53 142.56 493.29 c 142.08 492.93 141.6 492.81 141 492.81 c 140.4 492.81 139.8 492.93 139.44 493.29 c 139.08 493.65 138.72 494.13 138.72 494.85 c h 142.8 498.45 m 142.8 499.05 142.68 499.53 142.32 499.89 c 142.08 500.13 141.72 500.37 141.24 500.37 c 140.76 500.37 140.4 500.13 140.04 499.77 c 139.8 499.41 139.56 498.93 139.56 498.33 c 139.56 497.85 139.68 497.37 140.04 497.13 c 140.4 496.77 140.76 496.65 141.24 496.65 c 141.72 496.65 142.08 496.77 142.32 497.13 c 142.68 497.37 142.8 497.85 142.8 498.45 c h f 
q 0.12 0 0 -0.12 0 841.89 cm 1 j 0.141 0.125 0.129 SC 1156 2892 m 1164 2892 l 1165 2895 1166 2898 1168 2900 c 1170 2902 1172 2903 1175 2903 c 1178 2903 1180 2902 1182 2901 c 1184 2900 1186 2898 1187 2896 c 1188 2894 1189 2891 1190 2888 c 1191 2884 1191 2881 1191 2878 c 1191 2877 1191 2877 1191 2876 c 1189 2879 1187 2881 1184 2882 c 1181 2884 1178 2885 1175 2885 c 1169 2885 1164 2883 1160 2879 c 1157 2875 1155 2869 1155 2862 c 1155 2855 1157 2850 1161 2846 c 1165 2841 1170 2839 1176 2839 c 1181 2839 1185 2840 1188 2843 c 1192 2845 1195 2849 1197 2853 c 1199 2858 1200 2864 1200 2872 c 1200 2881 1199 2888 1197 2893 c 1195 2899 1192 2903 1188 2905 c 1184 2908 1180 2909 1175 2909 c 1170 2909 1165 2908 1162 2905 c 1159 2902 1156 2898 1156 2892 c h S Q 
q 0.12 0 0 -0.12 0 841.89 cm 1 w 1 j 0.141 0.125 0.129 SC 1190 2862 m 1190 2857 1189 2853 1186 2850 c 1184 2848 1181 2846 1177 2846 c 1173 2846 1170 2848 1167 2851 c 1165 2854 1163 2858 1163 2863 c 1163 2867 1164 2871 1167 2873 c 1170 2876 1173 2877 1177 2877 c 1181 2877 1184 2876 1186 2873 c 1189 2871 1190 2867 1190 2862 c S Q 
1 w 0.141 0.125 0.129 sc 150.84 491.37 m 150 491.73 149.4 492.09 149.04 492.57 c 148.56 492.93 148.2 493.53 147.96 494.25 c 147.72 494.85 147.6 495.69 147.6 496.53 c 147.6 497.49 147.72 498.21 147.96 498.93 c 148.2 499.53 148.56 500.13 149.04 500.61 c 149.4 501.09 150 501.45 150.84 501.69 c 150.84 501.09 l 150.24 500.85 149.88 500.37 149.64 499.89 c 149.4 499.41 149.28 498.93 149.16 498.33 c 149.16 497.73 149.04 497.13 149.04 496.53 c 149.04 495.93 149.16 495.33 149.16 494.73 c 149.28 494.25 149.4 493.65 149.64 493.17 c 149.88 492.69 150.24 492.33 150.84 491.97 c 150.84 491.37 l h f 
154.8 492.93 m 153.84 492.93 153.12 493.05 152.76 493.41 c 152.28 493.77 152.04 494.37 152.04 494.97 c 152.04 495.45 152.04 495.93 152.16 496.29 c 152.64 496.29 l 152.64 496.29 152.64 496.17 152.64 496.05 c 152.52 495.93 152.52 495.81 152.52 495.69 c 152.52 495.33 152.64 494.97 152.88 494.73 c 153 494.49 153.24 494.25 153.6 494.13 c 153.84 494.01 154.08 494.01 154.32 494.01 c 154.56 494.01 154.8 493.89 155.04 493.89 c 155.76 493.89 156.48 494.01 157.08 494.13 c 157.8 494.25 158.4 494.49 158.88 494.73 c 158.88 494.85 158.76 495.09 158.76 495.33 c 158.64 495.57 158.52 495.69 158.52 495.93 c 158.4 496.17 158.28 496.29 158.28 496.41 c 158.28 496.53 158.28 496.65 158.28 496.65 c 158.28 496.89 158.28 497.01 158.52 497.25 c 158.64 497.37 158.88 497.61 159.12 497.73 c 159.24 497.25 159.24 496.89 159.36 496.53 c 159.36 496.29 159.48 495.93 159.48 495.81 c 159.48 495.57 159.48 495.33 159.48 495.21 c 159.48 495.09 159.48 494.85 159.36 494.61 c 159.36 494.37 159.24 494.13 159.12 493.89 c 158.76 493.77 158.4 493.53 157.92 493.41 c 157.44 493.17 156.96 493.05 156.48 493.05 c 155.88 492.93 155.4 492.93 154.8 492.93 c h 155.52 490.41 m 155.4 490.65 155.16 490.77 155.04 490.89 c 154.92 491.01 154.8 491.13 154.68 491.25 c 154.92 491.37 155.04 491.49 155.16 491.73 c 155.28 491.85 155.4 491.97 155.52 492.09 c 155.76 491.85 156 491.61 156.36 491.37 c 156.24 491.25 156.12 491.01 156 490.89 c 155.88 490.77 155.76 490.65 155.52 490.41 c h f 
160.56 491.97 m 161.04 492.33 161.4 492.69 161.64 493.17 c 161.88 493.65 162.12 494.25 162.12 494.73 c 162.24 495.33 162.24 495.93 162.24 496.53 c 162.24 497.13 162.24 497.73 162.12 498.33 c 162.12 498.93 161.88 499.41 161.64 499.89 c 161.4 500.37 161.04 500.85 160.56 501.09 c 160.56 501.69 l 161.28 501.45 161.88 501.09 162.36 500.61 c 162.84 500.13 163.2 499.53 163.44 498.93 c 163.56 498.21 163.68 497.49 163.68 496.53 c 163.68 495.69 163.56 494.85 163.44 494.25 c 163.2 493.53 162.84 492.93 162.36 492.57 c 161.88 492.09 161.28 491.73 160.56 491.37 c 160.56 491.97 l h f 
q 0.12 0 0 -0.12 0 841.89 cm 1 j 0.141 0.125 0.129 SC 2165 2900 m 2165 2908 l 2120 2908 l 2120 2906 2120 2904 2121 2902 c 2122 2899 2124 2896 2126 2893 c 2129 2890 2133 2887 2137 2883 c 2145 2877 2150 2872 2153 2868 c 2155 2865 2156 2861 2156 2858 c 2156 2855 2155 2852 2153 2850 c 2150 2847 2147 2846 2144 2846 c 2139 2846 2136 2847 2134 2850 c 2131 2852 2130 2856 2130 2860 c 2121 2859 l 2122 2853 2124 2848 2128 2844 c 2132 2841 2137 2839 2144 2839 c 2150 2839 2156 2841 2159 2845 c 2163 2848 2165 2853 2165 2858 c 2165 2861 2165 2864 2163 2866 c 2162 2869 2160 2872 2158 2875 c 2155 2878 2151 2882 2145 2887 c 2140 2891 2137 2894 2135 2896 c 2134 2897 2132 2899 2132 2900 c 2165 2900 l h S Q 
q 0.12 0 0 -0.12 0 841.89 cm 1 w 1 j 0.141 0.125 0.129 SC 2175 2848 m 2175 2840 l 2219 2840 l 2219 2847 l 2215 2851 2210 2858 2206 2865 c 2202 2873 2199 2881 2196 2889 c 2195 2895 2193 2901 2193 2908 c 2184 2908 l 2184 2903 2186 2896 2188 2889 c 2190 2881 2192 2874 2196 2866 c 2200 2859 2204 2853 2208 2848 c 2175 2848 l h S Q 
1 w 0.141 0.125 0.129 sc 259.8 493.89 m 259.8 492.93 l 254.4 492.93 l 254.4 493.17 254.4 493.41 254.52 493.65 c 254.64 494.01 254.88 494.37 255.12 494.73 c 255.48 495.09 255.96 495.45 256.44 495.93 c 257.4 496.65 258 497.25 258.36 497.73 c 258.6 498.09 258.72 498.57 258.72 498.93 c 258.72 499.29 258.6 499.65 258.36 499.89 c 258 500.25 257.64 500.37 257.28 500.37 c 256.68 500.37 256.32 500.25 256.08 499.89 c 255.72 499.65 255.6 499.17 255.6 498.69 c 254.52 498.81 l 254.64 499.53 254.88 500.13 255.36 500.61 c 255.84 500.97 256.44 501.21 257.28 501.21 c 258 501.21 258.72 500.97 259.08 500.49 c 259.56 500.13 259.8 499.53 259.8 498.93 c 259.8 498.57 259.8 498.21 259.56 497.97 c 259.44 497.61 259.2 497.25 258.96 496.89 c 258.6 496.53 258.12 496.05 257.4 495.45 c 256.8 494.97 256.44 494.61 256.2 494.37 c 256.08 494.25 255.84 494.01 255.84 493.89 c 259.8 493.89 l h f 
261 500.13 m 261 501.09 l 266.28 501.09 l 266.28 500.25 l 265.8 499.77 265.2 498.93 264.72 498.09 c 264.24 497.13 263.88 496.17 263.52 495.21 c 263.4 494.49 263.16 493.77 263.16 492.93 c 262.08 492.93 l 262.08 493.53 262.32 494.37 262.56 495.21 c 262.8 496.17 263.04 497.01 263.52 497.97 c 264 498.81 264.48 499.53 264.96 500.13 c 261 500.13 l h f 
273.24 491.37 m 272.4 491.73 271.8 492.09 271.32 492.57 c 270.84 492.93 270.6 493.53 270.36 494.25 c 270.12 494.85 270 495.69 270 496.53 c 270 497.49 270.12 498.21 270.36 498.93 c 270.6 499.53 270.84 500.13 271.32 500.61 c 271.8 501.09 272.4 501.45 273.24 501.69 c 273.24 501.09 l 272.64 500.85 272.28 500.37 272.04 499.89 c 271.8 499.41 271.68 498.93 271.56 498.33 c 271.44 497.73 271.44 497.13 271.44 496.53 c 271.44 495.93 271.44 495.33 271.56 494.73 c 271.68 494.25 271.8 493.65 272.04 493.17 c 272.28 492.69 272.64 492.33 273.24 491.97 c 273.24 491.37 l h f 
277.32 492.93 m 277.32 493.65 277.32 494.25 277.32 494.97 c 277.32 495.57 277.2 496.05 277.2 496.65 c 277.2 497.25 277.08 497.73 277.08 498.21 c 277.08 498.69 277.08 499.17 276.96 499.65 c 276.96 499.89 276.96 500.01 277.08 500.13 c 277.08 500.37 277.2 500.37 277.32 500.49 c 277.56 500.61 277.68 500.61 277.92 500.73 c 277.92 500.49 278.04 500.25 278.04 500.01 c 278.16 499.77 278.28 499.53 278.28 499.29 c 277.92 499.05 l 278.04 498.45 278.04 497.97 278.04 497.37 c 278.04 496.77 278.04 496.05 278.04 495.33 c 278.04 494.61 278.04 493.89 277.92 493.05 c 277.32 492.93 l h 276.72 501.09 m 276.72 501.45 l 277.2 501.69 l 276.96 501.81 276.72 501.93 276.72 502.17 c 276.72 502.29 276.84 502.53 276.96 502.65 c 276.96 502.77 277.08 502.89 277.2 503.01 c 277.32 503.13 277.44 503.13 277.56 503.13 c 277.92 503.13 278.04 503.01 278.04 502.65 c 278.04 502.53 278.04 502.41 278.04 502.41 c 277.8 502.41 l 277.8 502.41 l 277.8 502.53 277.8 502.53 277.68 502.53 c 277.68 502.53 277.68 502.65 277.68 502.65 c 277.56 502.65 277.44 502.53 277.32 502.53 c 277.2 502.41 277.2 502.29 277.08 502.17 c 277.32 502.05 277.44 501.93 277.68 501.93 c 277.8 501.93 277.8 501.93 277.92 502.05 c 278.04 502.05 278.16 502.05 278.16 502.05 c 278.16 501.57 l 277.92 501.45 277.68 501.45 277.44 501.33 c 277.2 501.33 276.96 501.21 276.72 501.09 c h f 
281.88 491.97 m 282.36 492.33 282.84 492.69 283.08 493.17 c 283.32 493.65 283.44 494.25 283.56 494.73 c 283.56 495.33 283.68 495.93 283.68 496.53 c 283.68 497.13 283.56 497.73 283.56 498.33 c 283.44 498.93 283.32 499.41 283.08 499.89 c 282.84 500.37 282.36 500.85 281.88 501.09 c 281.88 501.69 l 282.72 501.45 283.32 501.09 283.68 500.61 c 284.16 500.13 284.52 499.53 284.76 498.93 c 285 498.21 285.12 497.49 285.12 496.53 c 285.12 495.69 285 494.85 284.76 494.25 c 284.52 493.53 284.16 492.93 283.68 492.57 c 283.32 492.09 282.72 491.73 281.88 491.37 c 281.88 491.97 l h f 
q 0.12 0 0 -0.12 0 841.89 cm 1 j 0.141 0.125 0.129 SC 1138 3100 m 1138 3108 l 1092 3108 l 1092 3106 1093 3104 1093 3102 c 1095 3099 1096 3096 1099 3093 c 1102 3090 1105 3086 1110 3083 c 1117 3076 1122 3072 1125 3068 c 1128 3064 1129 3061 1129 3058 c 1129 3054 1128 3052 1125 3049 c 1123 3047 1120 3046 1116 3046 c 1112 3046 1109 3047 1106 3049 c 1104 3052 1103 3055 1103 3060 c 1094 3059 l 1095 3052 1097 3047 1101 3044 c 1105 3040 1110 3039 1116 3039 c 1123 3039 1128 3041 1132 3044 c 1136 3048 1138 3053 1138 3058 c 1138 3061 1137 3063 1136 3066 c 1135 3069 1133 3072 1130 3074 c 1128 3077 1123 3081 1117 3087 c 1112 3091 1109 3094 1108 3095 c 1106 3097 1105 3098 1104 3100 c 1138 3100 l h S Q 
q 0.12 0 0 -0.12 0 841.89 cm 1 w 1 j 0.141 0.125 0.129 SC 1174 3108 m 1174 3092 l 1144 3092 l 1144 3084 l 1175 3039 l 1182 3039 l 1182 3084 l 1192 3084 l 1192 3092 l 1182 3092 l 1182 3108 l 1174 3108 l h S Q 
q 0.12 0 0 -0.12 0 841.89 cm 1 w 1 j 0.141 0.125 0.129 SC 1174 3084 m 1174 3053 l 1152 3084 l 1174 3084 l h S Q 
1 w 0.141 0.125 0.129 sc 136.56 469.89 m 136.56 468.93 l 131.04 468.93 l 131.04 469.17 131.16 469.41 131.16 469.65 c 131.4 470.01 131.52 470.37 131.88 470.73 c 132.24 471.09 132.6 471.57 133.2 471.93 c 134.04 472.77 134.64 473.25 135 473.73 c 135.36 474.21 135.48 474.57 135.48 474.93 c 135.48 475.41 135.36 475.65 135 476.01 c 134.76 476.25 134.4 476.37 133.92 476.37 c 133.44 476.37 133.08 476.25 132.72 476.01 c 132.48 475.65 132.36 475.29 132.36 474.69 c 131.28 474.81 l 131.4 475.65 131.64 476.25 132.12 476.61 c 132.6 477.09 133.2 477.21 133.92 477.21 c 134.76 477.21 135.36 476.97 135.84 476.61 c 136.32 476.13 136.56 475.53 136.56 474.93 c 136.56 474.57 136.44 474.33 136.32 473.97 c 136.2 473.61 135.96 473.25 135.6 473.01 c 135.36 472.65 134.76 472.17 134.04 471.45 c 133.44 470.97 133.08 470.61 132.96 470.49 c 132.72 470.25 132.6 470.13 132.48 469.89 c 136.56 469.89 l h f 
140.88 468.93 m 140.88 470.85 l 137.28 470.85 l 137.28 471.81 l 141 477.21 l 141.84 477.21 l 141.84 471.81 l 143.04 471.81 l 143.04 470.85 l 141.84 470.85 l 141.84 468.93 l 140.88 468.93 l h 140.88 471.81 m 140.88 475.53 l 138.24 471.81 l 140.88 471.81 l h f 
149.88 467.37 m 149.16 467.73 148.56 468.09 148.08 468.57 c 147.6 469.05 147.24 469.65 147 470.25 c 146.88 470.97 146.76 471.69 146.76 472.65 c 146.76 473.49 146.88 474.21 147 474.93 c 147.24 475.53 147.6 476.13 148.08 476.61 c 148.56 477.09 149.16 477.45 149.88 477.81 c 149.88 477.21 l 149.4 476.85 149.04 476.49 148.8 476.01 c 148.44 475.53 148.32 474.93 148.2 474.33 c 148.2 473.85 148.2 473.25 148.2 472.65 c 148.2 471.93 148.2 471.45 148.2 470.85 c 148.32 470.25 148.44 469.65 148.8 469.17 c 149.04 468.69 149.4 468.33 149.88 467.97 c 149.88 467.37 l h f 
154.68 468.93 m 153.72 468.93 153.24 469.17 153.24 469.77 c 153.24 469.89 153.24 470.01 153.24 470.13 c 153.36 470.25 153.36 470.37 153.48 470.49 c 153.6 470.25 153.84 470.13 154.08 470.13 c 154.32 470.01 154.68 470.01 155.04 470.01 c 155.52 470.01 156 470.01 156.6 470.25 c 156.48 470.37 156.36 470.61 156.24 470.73 c 156.24 470.97 156.12 471.09 156 471.21 c 155.88 471.57 155.64 471.81 155.64 472.05 c 155.52 472.17 155.4 472.41 155.4 472.53 c 155.28 472.65 155.28 472.77 155.28 472.89 c 155.28 473.01 155.4 473.25 155.52 473.37 c 155.64 473.61 155.76 473.61 156 473.73 c 156.12 473.49 156.12 473.37 156.24 473.13 c 156.36 472.89 156.48 472.65 156.48 472.53 c 156.6 472.29 156.72 472.05 156.72 471.93 c 156.84 471.69 156.96 471.45 157.08 471.21 c 157.08 470.97 157.2 470.73 157.2 470.61 c 157.2 470.49 157.08 470.37 157.08 470.25 c 157.08 470.13 157.08 470.01 156.96 469.89 c 156.84 469.65 156.84 469.53 156.72 469.41 c 156.48 469.29 156.12 469.17 155.76 469.05 c 155.4 468.93 155.04 468.93 154.68 468.93 c h f 
160.56 467.97 m 161.04 468.33 161.4 468.69 161.64 469.17 c 161.88 469.65 162.12 470.25 162.12 470.85 c 162.24 471.45 162.24 471.93 162.24 472.65 c 162.24 473.25 162.24 473.85 162.12 474.33 c 162.12 474.93 161.88 475.53 161.64 476.01 c 161.4 476.49 161.04 476.85 160.56 477.21 c 160.56 477.81 l 161.28 477.45 161.88 477.09 162.36 476.61 c 162.84 476.13 163.2 475.53 163.44 474.93 c 163.56 474.21 163.68 473.49 163.68 472.65 c 163.68 471.69 163.56 470.97 163.44 470.25 c 163.2 469.65 162.84 469.05 162.36 468.57 c 161.88 468.09 161.28 467.73 160.56 467.37 c 160.56 467.97 l h f 
q 0.12 0 0 -0.12 0 841.89 cm 1 j 0.141 0.125 0.129 SC 2138 3108 m 2129 3108 l 2129 3054 l 2127 3056 2125 3058 2121 3060 c 2118 3062 2115 3063 2113 3064 c 2113 3056 l 2117 3054 2121 3051 2125 3048 c 2128 3045 2131 3042 2132 3039 c 2138 3039 l 2138 3108 l h S Q 
q 0.12 0 0 -0.12 0 841.89 cm 1 w 1 j 0.141 0.125 0.129 SC 2172 3071 m 2169 3069 2166 3068 2165 3065 c 2163 3063 2162 3060 2162 3057 c 2162 3052 2164 3047 2168 3044 c 2171 3041 2176 3039 2182 3039 c 2188 3039 2193 3041 2196 3044 c 2200 3048 2202 3052 2202 3057 c 2202 3060 2201 3063 2199 3065 c 2198 3068 2195 3069 2192 3071 c 2196 3072 2199 3074 2201 3077 c 2203 3080 2204 3084 2204 3088 c 2204 3094 2202 3099 2198 3103 c 2194 3107 2189 3109 2182 3109 c 2175 3109 2170 3107 2166 3103 c 2161 3099 2159 3094 2159 3088 c 2159 3084 2161 3080 2163 3077 c 2165 3074 2168 3072 2172 3071 c S Q 
q 0.12 0 0 -0.12 0 841.89 cm 1 w 1 j 0.141 0.125 0.129 SC 2171 3056 m 2171 3060 2172 3062 2174 3064 c 2176 3066 2179 3067 2182 3067 c 2185 3067 2188 3066 2190 3064 c 2192 3062 2193 3060 2193 3057 c 2193 3054 2192 3051 2190 3049 c 2188 3047 2185 3046 2182 3046 c 2179 3046 2176 3047 2174 3049 c 2172 3051 2171 3053 2171 3056 c S Q 
q 0.12 0 0 -0.12 0 841.89 cm 1 w 1 j 0.141 0.125 0.129 SC 2168 3088 m 2168 3091 2169 3093 2170 3095 c 2171 3097 2172 3099 2175 3100 c 2177 3102 2179 3102 2182 3102 c 2186 3102 2189 3101 2192 3098 c 2195 3096 2196 3092 2196 3088 c 2196 3084 2195 3081 2192 3078 c 2189 3076 2186 3074 2182 3074 c 2178 3074 2174 3076 2172 3078 c 2169 3081 2168 3084 2168 3088 c S Q 
1 w 0.141 0.125 0.129 sc 256.56 468.93 m 255.48 468.93 l 255.48 475.41 l 255.24 475.17 255 474.93 254.52 474.69 c 254.16 474.45 253.8 474.33 253.56 474.21 c 253.56 475.17 l 254.04 475.41 254.52 475.77 255 476.13 c 255.36 476.49 255.72 476.85 255.84 477.21 c 256.56 477.21 l 256.56 468.93 l h f 
260.64 473.37 m 260.28 473.61 259.92 473.73 259.8 474.09 c 259.56 474.33 259.44 474.69 259.44 475.05 c 259.44 475.65 259.68 476.25 260.16 476.61 c 260.52 476.97 261.12 477.21 261.84 477.21 c 262.56 477.21 263.16 476.97 263.52 476.61 c 264 476.13 264.24 475.65 264.24 475.05 c 264.24 474.69 264.12 474.33 263.88 474.09 c 263.76 473.73 263.4 473.61 263.04 473.37 c 263.52 473.25 263.88 473.01 264.12 472.65 c 264.36 472.29 264.48 471.81 264.48 471.33 c 264.48 470.61 264.24 470.01 263.76 469.53 c 263.28 469.05 262.68 468.81 261.84 468.81 c 261 468.81 260.4 469.05 259.92 469.53 c 259.32 470.01 259.08 470.61 259.08 471.33 c 259.08 471.81 259.2 472.29 259.56 472.65 c 259.8 473.01 260.16 473.25 260.64 473.37 c h 260.52 475.17 m 260.52 474.69 260.64 474.45 260.88 474.21 c 261.12 473.97 261.48 473.85 261.84 473.85 c 262.2 473.85 262.56 473.97 262.8 474.21 c 263.04 474.45 263.16 474.69 263.16 475.05 c 263.16 475.41 263.04 475.77 262.8 476.01 c 262.56 476.25 262.2 476.37 261.84 476.37 c 261.48 476.37 261.12 476.25 260.88 476.01 c 260.64 475.77 260.52 475.53 260.52 475.17 c h 260.16 471.33 m 260.16 470.97 260.28 470.73 260.4 470.49 c 260.52 470.25 260.64 470.01 261 469.89 c 261.24 469.65 261.48 469.65 261.84 469.65 c 262.32 469.65 262.68 469.77 263.04 470.13 c 263.4 470.37 263.52 470.85 263.52 471.33 c 263.52 471.81 263.4 472.17 263.04 472.53 c 262.68 472.77 262.32 473.01 261.84 473.01 c 261.36 473.01 260.88 472.77 260.64 472.53 c 260.28 472.17 260.16 471.81 260.16 471.33 c h f 
271.44 467.37 m 270.6 467.73 270 468.09 269.52 468.57 c 269.16 469.05 268.8 469.65 268.56 470.25 c 268.32 470.97 268.2 471.69 268.2 472.65 c 268.2 473.49 268.32 474.21 268.56 474.93 c 268.8 475.53 269.16 476.13 269.52 476.61 c 270 477.09 270.6 477.45 271.44 477.81 c 271.44 477.21 l 270.84 476.85 270.48 476.49 270.24 476.01 c 270 475.53 269.88 474.93 269.76 474.33 c 269.64 473.85 269.64 473.25 269.64 472.65 c 269.64 471.93 269.64 471.45 269.76 470.85 c 269.88 470.25 270 469.65 270.24 469.17 c 270.48 468.69 270.84 468.33 271.44 467.97 c 271.44 467.37 l h f 
271.8 468.93 m 271.68 468.93 271.68 469.05 271.68 469.05 c 271.68 469.89 l 271.68 470.01 271.68 470.01 271.8 470.01 c 274.2 470.01 l 274.32 470.01 274.32 470.01 274.32 469.89 c 274.32 469.05 l 274.32 469.05 274.32 468.93 274.2 468.93 c 271.8 468.93 l h f 
274.2 468.93 m 274.08 468.93 274.08 469.05 274.08 469.05 c 274.08 469.89 l 274.08 470.01 274.08 470.01 274.2 470.01 c 274.8 470.01 275.28 470.01 275.64 470.01 c 276.12 470.13 276.48 470.13 276.84 470.25 c 277.2 470.49 277.56 470.49 277.8 470.61 c 278.04 470.73 278.28 470.73 278.52 470.73 c 278.28 470.85 278.16 470.97 278.04 470.97 c 277.92 471.09 277.8 471.21 277.68 471.33 c 277.44 471.57 277.2 471.69 276.96 471.81 c 276.72 471.81 276.6 471.93 276.36 471.93 c 276.12 471.93 276 471.81 275.76 471.81 c 275.64 471.69 275.4 471.57 275.16 471.45 c 275.04 471.45 275.04 471.57 274.92 471.69 c 274.92 471.81 274.92 471.81 274.92 471.93 c 274.92 472.29 275.04 472.53 275.28 472.65 c 275.52 472.89 275.88 473.01 276.36 473.01 c 276.6 473.01 276.84 472.89 277.08 472.89 c 277.32 472.77 277.56 472.53 277.92 472.41 c 278.28 472.05 278.64 471.81 278.88 471.69 c 279.24 471.57 279.48 471.45 279.84 471.33 c 279.96 471.33 280.2 471.33 280.44 471.33 c 280.68 471.21 280.92 471.21 281.16 471.21 c 280.68 470.25 l 280.44 470.25 280.32 470.37 280.2 470.37 c 279.96 470.37 279.84 470.37 279.6 470.37 c 279.48 470.37 279.36 470.37 279.12 470.25 c 279 470.25 278.76 470.13 278.52 470.13 c 278.4 470.01 278.16 469.89 277.8 469.65 c 277.56 469.53 277.32 469.41 276.96 469.29 c 276.72 469.17 276.48 469.17 276.24 469.05 c 276 469.05 275.64 469.05 275.4 469.05 c 275.04 468.93 274.68 468.93 274.2 468.93 c h 278.28 466.89 m 278.04 467.01 277.92 467.13 277.8 467.25 c 277.68 467.37 277.56 467.49 277.44 467.61 c 277.56 467.85 277.68 467.97 277.92 468.09 c 278.04 468.21 278.16 468.33 278.28 468.45 c 278.52 468.21 278.76 467.97 279 467.73 c 278.88 467.61 278.76 467.49 278.64 467.37 c 278.52 467.13 278.4 467.01 278.28 466.89 c h f 
281.88 467.97 m 282.36 468.33 282.84 468.69 283.08 469.17 c 283.32 469.65 283.44 470.25 283.56 470.85 c 283.56 471.45 283.68 471.93 283.68 472.65 c 283.68 473.25 283.56 473.85 283.56 474.33 c 283.44 474.93 283.32 475.53 283.08 476.01 c 282.84 476.49 282.36 476.85 281.88 477.21 c 281.88 477.81 l 282.72 477.45 283.32 477.09 283.68 476.61 c 284.16 476.13 284.52 475.53 284.76 474.93 c 285 474.21 285.12 473.49 285.12 472.65 c 285.12 471.69 285 470.97 284.76 470.25 c 284.52 469.65 284.16 469.05 283.68 468.57 c 283.32 468.09 282.72 467.73 281.88 467.37 c 281.88 467.97 l h f 
453.72 442.05 m 453.48 442.17 453.36 442.29 453.12 442.41 c 453 442.53 452.88 442.65 452.76 442.77 c 452.76 442.77 452.76 442.89 452.88 443.01 c 452.88 443.01 453 443.13 453 443.25 c 453 443.37 453.12 443.37 453.12 443.49 c 453.12 443.61 453.24 443.61 453.24 443.73 c 453.48 443.61 453.6 443.49 453.72 443.37 c 453.96 443.37 454.08 443.25 454.08 443.13 c 454.2 443.13 454.2 443.01 454.2 443.01 c 454.2 442.89 454.08 442.53 453.72 442.05 c h 453.72 438.09 m 453.48 438.21 453.36 438.33 453.24 438.45 c 453 438.57 452.88 438.57 452.76 438.69 c 452.76 438.81 452.76 438.93 452.88 438.93 c 452.88 439.05 453 439.17 453 439.17 c 453 439.29 453.12 439.41 453.12 439.41 c 453.12 439.53 453.24 439.65 453.24 439.65 c 453.96 439.29 454.2 439.05 454.2 438.93 c 454.2 438.81 454.08 438.57 453.72 438.09 c h f 
460.56 435.81 m 459.72 435.81 459.12 435.93 458.76 436.41 c 458.28 436.77 458.04 437.37 458.04 438.09 c 458.04 438.21 458.04 438.33 458.16 438.45 c 458.16 438.57 458.16 438.81 458.16 438.93 c 458.16 439.17 458.28 439.29 458.28 439.65 c 458.76 439.53 l 458.64 439.17 458.64 438.81 458.64 438.57 c 458.64 438.09 458.76 437.61 459.12 437.37 c 459.48 437.01 459.96 436.89 460.68 436.89 c 461.28 436.89 461.76 436.89 462.12 437.01 c 462.6 437.01 462.96 437.13 463.32 437.25 c 463.56 437.37 463.68 437.37 463.92 437.49 c 464.04 437.61 464.16 437.61 464.4 437.73 c 464.04 437.85 463.8 437.97 463.56 438.09 c 463.44 438.33 463.2 438.33 462.96 438.45 c 462.84 438.57 462.72 438.69 462.6 438.81 c 462.36 438.93 462.24 439.05 462.24 439.05 c 462.24 439.17 462.36 439.29 462.36 439.29 c 462.36 439.41 462.48 439.53 462.48 439.65 c 462.48 439.77 462.6 439.89 462.6 439.89 c 462.72 440.01 462.72 440.01 462.72 440.01 c 463.08 440.01 463.44 439.89 463.92 439.89 c 464.28 439.89 464.76 439.89 465.24 439.89 c 465.36 439.89 465.36 439.77 465.36 439.77 c 465.36 438.93 l 465.36 438.81 465.36 438.81 465.24 438.81 c 465.12 438.81 464.88 438.81 464.76 438.81 c 464.52 438.81 464.28 438.93 464.04 438.93 c 463.92 438.93 463.68 438.93 463.56 439.05 c 463.68 438.93 463.8 438.81 463.92 438.81 c 464.16 438.69 464.28 438.69 464.28 438.57 c 464.4 438.57 464.52 438.45 464.64 438.45 c 464.64 438.33 464.76 438.21 464.76 438.09 c 464.76 438.09 464.76 437.85 464.76 437.73 c 464.76 437.61 464.76 437.37 464.52 437.13 c 464.28 437.01 464.04 436.77 463.68 436.53 c 463.32 436.41 462.96 436.29 462.48 436.05 c 461.88 435.93 461.16 435.81 460.56 435.81 c h f 
465.24 438.81 m 465.12 438.81 465.12 438.81 465.12 438.93 c 465.12 439.77 l 465.12 439.77 465.12 439.89 465.24 439.89 c 465.6 439.89 466.08 439.89 466.44 440.13 c 466.44 440.37 466.44 440.73 466.32 440.97 c 466.32 441.21 466.32 441.45 466.32 441.69 c 466.2 442.29 466.2 442.89 466.08 443.61 c 465.96 444.33 465.84 445.05 465.72 445.89 c 465.96 446.01 466.08 446.13 466.2 446.25 c 466.32 446.37 466.56 446.49 466.68 446.61 c 466.8 446.01 466.8 445.53 466.8 445.05 c 466.8 444.45 466.8 443.85 466.92 443.25 c 466.92 442.77 466.92 442.17 466.92 441.69 c 466.92 441.33 467.04 440.85 467.04 440.49 c 467.04 440.25 466.92 440.13 466.92 439.89 c 466.8 439.65 466.68 439.41 466.56 439.17 c 466.44 439.05 466.32 438.93 466.08 438.93 c 465.84 438.81 465.6 438.81 465.24 438.81 c h f 
470.76 438.81 m 470.52 438.81 470.16 438.81 469.92 438.93 c 469.68 439.05 469.44 439.17 469.32 439.41 c 469.2 439.65 469.08 439.77 469.08 440.01 c 469.08 440.25 468.96 440.49 468.96 440.73 c 468.96 441.09 468.96 441.45 468.84 441.81 c 468.84 442.17 468.84 442.53 468.84 443.01 c 468.72 443.37 468.72 443.85 468.72 444.33 c 468.6 444.81 468.6 445.29 468.6 445.89 c 468.72 446.01 468.84 446.13 468.96 446.25 c 469.2 446.37 469.32 446.49 469.56 446.61 c 469.56 446.01 469.56 445.41 469.56 444.81 c 469.56 444.21 469.56 443.61 469.68 443.01 c 469.68 442.41 469.68 441.69 469.68 440.97 c 469.68 440.13 l 469.8 440.01 470.04 440.01 470.16 439.89 c 470.4 439.89 470.64 439.89 470.76 439.89 c 470.88 439.89 470.88 439.77 470.88 439.77 c 470.88 438.93 l 470.88 438.81 470.88 438.81 470.76 438.81 c h f 
470.76 438.81 m 470.64 438.81 470.64 438.81 470.64 438.93 c 470.64 439.77 l 470.64 439.77 470.64 439.89 470.76 439.89 c 471.12 439.89 471.48 439.89 471.84 439.89 c 472.2 439.89 472.44 440.01 472.56 440.13 c 472.68 440.13 472.8 440.25 472.92 440.49 c 473.04 440.61 473.16 440.85 473.28 441.21 c 473.4 441.33 473.52 441.45 473.52 441.45 c 473.64 441.57 473.64 441.57 473.76 441.57 c 473.88 441.57 474 441.57 474.12 441.45 c 474.12 441.33 474 441.21 473.88 440.97 c 473.88 440.85 473.76 440.73 473.76 440.49 c 473.64 440.37 473.64 440.25 473.64 440.25 c 473.88 440.13 474 440.01 474.24 439.89 c 474.48 439.89 474.72 439.89 474.96 439.89 c 474.96 439.89 475.08 439.77 475.08 439.77 c 475.08 438.93 l 475.08 438.81 474.96 438.81 474.96 438.81 c 474.24 438.81 473.64 439.05 473.16 439.53 c 473.04 439.29 l 472.92 439.17 472.8 439.17 472.56 439.05 c 472.32 438.93 472.08 438.93 471.72 438.93 c 471.36 438.81 471.12 438.81 470.76 438.81 c h 473.76 442.53 m 473.64 442.65 473.52 442.77 473.28 442.89 c 473.16 443.01 473.16 443.13 473.04 443.25 c 473.04 443.37 473.16 443.49 473.28 443.61 c 473.4 443.73 473.64 443.85 473.76 444.09 c 473.76 443.97 473.88 443.97 474 443.85 c 474.12 443.73 474.24 443.61 474.48 443.37 c 474.36 443.13 474.12 442.89 473.76 442.53 c h 472.08 442.41 m 471.96 442.53 471.84 442.65 471.72 442.77 c 471.48 442.89 471.48 443.01 471.36 443.13 c 471.48 443.25 471.6 443.37 471.72 443.49 c 471.84 443.61 471.96 443.73 472.08 443.85 c 472.2 443.85 472.2 443.73 472.32 443.61 c 472.44 443.49 472.68 443.37 472.8 443.25 c 472.68 443.13 472.68 443.01 472.56 442.77 c 472.44 442.65 472.32 442.53 472.08 442.41 c h f 
474.84 438.81 m 474.72 438.81 474.72 438.81 474.72 438.93 c 474.72 439.77 l 474.72 439.77 474.72 439.89 474.84 439.89 c 475.2 439.89 475.68 439.89 476.04 440.13 c 476.04 440.37 476.04 440.73 476.04 440.97 c 476.04 441.21 475.92 441.45 475.92 441.69 c 475.92 442.29 475.8 442.89 475.68 443.61 c 475.68 444.33 475.56 445.05 475.44 445.89 c 475.56 446.01 475.68 446.13 475.92 446.25 c 476.04 446.37 476.16 446.49 476.4 446.61 c 476.4 446.01 476.4 445.53 476.4 445.05 c 476.52 444.45 476.52 443.85 476.52 443.25 c 476.52 442.77 476.64 442.17 476.64 441.69 c 476.64 441.33 476.64 440.85 476.64 440.49 c 476.64 440.25 476.64 440.13 476.52 439.89 c 476.4 439.65 476.28 439.41 476.16 439.17 c 476.16 439.05 476.04 438.93 475.8 438.93 c 475.56 438.81 475.2 438.81 474.84 438.81 c h f 
478.56 438.81 m 478.56 439.53 478.56 440.13 478.56 440.85 c 478.44 441.45 478.44 441.93 478.44 442.53 c 478.44 443.13 478.32 443.61 478.32 444.09 c 478.32 444.57 478.2 445.05 478.2 445.53 c 478.2 445.77 478.2 445.89 478.32 446.01 c 478.32 446.25 478.44 446.25 478.56 446.37 c 478.68 446.49 478.92 446.49 479.16 446.61 c 479.16 446.37 479.16 446.13 479.28 445.89 c 479.4 445.65 479.4 445.41 479.52 445.17 c 479.16 444.93 l 479.16 444.33 479.28 443.85 479.28 443.25 c 479.28 442.65 479.28 441.93 479.28 441.21 c 479.28 440.49 479.16 439.77 479.16 438.93 c 478.56 438.81 l h f 
485.64 435.81 m 484.92 435.81 484.44 435.93 484.08 436.41 c 483.72 436.77 483.48 437.25 483.48 437.97 c 483.48 438.21 483.6 438.33 483.6 438.45 c 483.6 438.57 483.6 438.81 483.6 438.93 c 483.72 439.17 483.72 439.29 483.72 439.53 c 484.2 439.41 l 484.08 439.17 484.08 438.81 484.08 438.57 c 484.08 438.09 484.2 437.61 484.44 437.37 c 484.8 437.01 485.16 436.89 485.64 436.89 c 486 436.89 486.48 436.89 486.84 437.01 c 487.2 437.13 487.44 437.37 487.8 437.49 c 488.04 437.73 488.28 437.97 488.4 438.21 c 488.16 439.89 l 488.04 440.61 487.92 441.21 487.8 441.93 c 487.68 442.53 487.68 443.01 487.56 443.61 c 487.56 443.73 487.56 443.97 487.44 444.21 c 487.44 444.45 487.44 444.57 487.44 444.81 c 487.32 444.93 487.32 445.17 487.32 445.29 c 487.32 445.41 487.32 445.53 487.32 445.53 c 487.32 445.89 487.44 446.13 487.56 446.25 c 487.68 446.37 487.92 446.49 488.16 446.61 c 488.28 446.37 488.28 446.13 488.4 445.89 c 488.52 445.65 488.52 445.41 488.64 445.17 c 488.4 444.93 l 488.52 443.61 488.64 442.65 488.64 441.81 c 488.76 441.09 488.88 440.49 488.88 440.13 c 489.12 439.89 489.48 439.89 489.72 439.89 c 489.84 439.89 489.84 439.77 489.84 439.77 c 489.84 438.93 l 489.84 438.81 489.84 438.81 489.72 438.81 c 489.6 438.81 489.48 438.81 489.36 438.81 c 489.24 438.93 489.12 438.93 488.88 439.05 c 488.88 438.57 l 488.88 438.09 488.76 437.61 488.52 437.25 c 488.16 436.77 487.8 436.41 487.32 436.17 c 486.96 436.05 486.72 435.93 486.48 435.93 c 486.24 435.81 485.88 435.81 485.64 435.81 c h f 
489.6 438.81 m 489.6 438.81 489.6 438.81 489.6 438.93 c 489.6 439.77 l 489.6 439.77 489.6 439.89 489.6 439.89 c 490.56 439.89 491.4 439.89 492 440.13 c 492.48 440.13 492.72 440.25 493.08 440.49 c 492.96 440.61 492.84 440.85 492.72 441.09 c 492.48 441.33 492.36 441.57 492.12 441.69 c 491.88 441.93 491.76 442.05 491.52 442.17 c 491.28 442.29 491.04 442.41 490.8 442.53 c 490.44 442.77 490.08 442.89 489.96 443.13 c 489.84 443.25 489.72 443.49 489.72 443.61 c 489.72 443.73 489.72 443.97 489.72 444.09 c 489.84 444.21 489.84 444.21 489.96 444.33 c 490.08 444.45 490.2 444.45 490.32 444.57 c 490.56 444.69 490.8 444.81 491.04 444.93 c 491.28 445.05 491.64 445.17 492 445.41 c 492.36 445.53 492.72 445.65 493.2 445.89 c 493.56 446.01 494.04 446.25 494.52 446.37 c 494.64 446.25 494.64 446.13 494.64 445.89 c 494.64 445.77 494.64 445.65 494.52 445.53 c 494.4 445.41 494.28 445.29 494.16 445.17 c 493.8 445.05 493.32 444.81 492.96 444.69 c 492.6 444.57 492.12 444.33 491.76 444.21 c 491.28 443.97 490.8 443.85 490.32 443.61 c 490.92 443.49 491.4 443.25 491.88 442.89 c 492.48 442.65 492.84 442.29 493.08 441.81 c 493.44 441.45 493.56 441.09 493.56 440.73 c 493.56 440.61 493.56 440.49 493.56 440.37 c 494.04 440.01 494.52 439.89 495 439.89 c 495.12 439.89 495.12 439.77 495.12 439.77 c 495.12 438.93 l 495.12 438.81 495.12 438.81 495 438.81 c 494.64 438.81 494.4 438.93 494.04 439.05 c 493.68 439.17 493.44 439.41 493.08 439.65 c 493.08 439.65 492.96 439.53 492.96 439.53 c 492.84 439.41 492.72 439.41 492.72 439.29 c 492 438.93 491.04 438.81 489.6 438.81 c h f 
497.52 438.81 m 497.4 438.81 497.16 438.81 496.92 438.93 c 496.56 438.93 496.44 439.05 496.2 439.17 c 496.08 439.05 495.96 438.93 495.72 438.93 c 495.48 438.81 495.24 438.81 495 438.81 c 494.88 438.81 494.88 438.81 494.88 438.93 c 494.88 439.77 l 494.88 439.77 494.88 439.89 495 439.89 c 495.24 439.89 495.48 439.89 495.6 439.89 c 495.72 440.01 495.84 440.01 495.96 440.13 c 496.08 440.25 496.2 440.37 496.32 440.49 c 496.32 440.49 496.44 440.73 496.56 440.97 c 496.68 441.09 496.68 441.09 496.8 441.09 c 496.8 441.21 496.92 441.21 497.04 441.21 c 497.04 441.21 497.16 441.21 497.28 441.09 c 497.16 440.85 497.04 440.61 497.04 440.37 c 496.92 440.25 496.8 440.01 496.8 439.89 c 496.92 439.89 497.04 439.89 497.16 439.89 c 497.28 439.77 497.52 439.77 497.64 439.77 c 497.88 439.77 498 439.77 498.12 439.89 c 498.24 439.89 498.36 439.89 498.6 439.89 c 498.6 440.01 498.6 440.13 498.72 440.37 c 498.84 440.49 498.84 440.73 498.96 440.85 c 498.96 441.09 499.08 441.33 499.08 441.45 c 499.2 441.57 499.2 441.69 499.32 441.81 c 499.44 441.81 499.56 441.81 499.68 441.81 c 499.8 441.81 499.8 441.81 499.92 441.81 c 499.92 441.57 499.8 441.45 499.68 441.09 c 499.68 440.85 499.56 440.49 499.32 439.89 c 499.44 439.89 499.56 439.89 499.56 439.89 c 499.68 439.89 499.8 439.77 499.8 439.77 c 500.04 439.77 500.28 439.89 500.52 439.89 c 500.52 440.01 500.64 440.01 500.64 440.25 c 500.76 440.37 500.76 440.49 500.88 440.73 c 500.88 440.85 501 441.09 501 441.21 c 501.12 441.33 501.12 441.57 501.24 441.69 c 501.24 441.81 501.36 441.81 501.48 441.93 c 501.48 441.93 501.6 441.93 501.72 441.93 c 501.84 441.93 501.96 441.93 501.96 441.81 c 501.96 441.69 501.84 441.57 501.84 441.33 c 501.72 440.97 501.6 440.61 501.48 440.25 c 501.72 440.13 501.84 440.01 502.08 439.89 c 502.32 439.89 502.56 439.89 502.8 439.89 c 502.92 439.89 502.92 439.77 502.92 439.77 c 502.92 438.93 l 502.92 438.81 502.92 438.81 502.8 438.81 c 502.56 438.81 502.2 438.81 501.84 439.05 c 501.6 439.17 501.36 439.29 501.12 439.41 c 501.12 439.41 501.12 439.29 501 439.17 c 501 439.17 500.88 439.05 500.88 439.05 c 500.76 438.93 500.64 438.93 500.4 438.81 c 500.28 438.81 500.04 438.81 499.92 438.81 c 499.56 438.81 499.32 438.81 498.96 439.05 c 498.84 438.93 498.84 438.93 498.6 438.93 c 498.48 438.81 498.36 438.81 498.12 438.81 c 497.88 438.81 497.76 438.81 497.52 438.81 c h 498.36 442.65 m 498.12 442.77 498 442.89 497.88 442.89 c 497.76 443.01 497.64 443.13 497.64 443.25 c 497.76 443.37 497.76 443.49 497.88 443.61 c 498 443.73 498.12 443.85 498.36 443.97 c 498.36 443.97 498.48 443.85 498.6 443.73 c 498.6 443.61 498.84 443.49 498.96 443.37 c 498.84 443.25 498.84 443.13 498.72 443.01 c 498.6 442.89 498.48 442.77 498.36 442.65 c h 499.92 442.77 m 499.8 442.89 499.68 443.01 499.56 443.13 c 499.44 443.25 499.32 443.25 499.2 443.37 c 499.32 443.49 499.44 443.61 499.56 443.73 c 499.68 443.85 499.8 443.97 499.92 444.21 c 500.04 444.09 500.16 443.97 500.16 443.85 c 500.28 443.73 500.4 443.61 500.64 443.49 c 500.52 443.37 500.4 443.25 500.28 443.13 c 500.16 443.01 500.04 442.89 499.92 442.77 c h 499.08 443.73 m 498.96 443.85 498.84 443.85 498.72 443.97 c 498.72 444.09 498.6 444.21 498.48 444.33 c 498.6 444.45 498.72 444.57 498.84 444.69 c 498.96 444.81 498.96 444.81 499.08 444.93 c 499.2 444.81 499.2 444.69 499.32 444.69 c 499.44 444.57 499.56 444.45 499.68 444.33 c 499.56 444.21 499.44 444.09 499.44 443.97 c 499.32 443.85 499.2 443.73 499.08 443.73 c h f 
502.68 438.81 m 502.68 438.81 502.56 438.81 502.56 438.93 c 502.56 439.77 l 502.56 439.77 502.68 439.89 502.68 439.89 c 503.16 439.89 503.52 439.89 504 440.13 c 503.88 440.37 503.88 440.73 503.88 440.97 c 503.88 441.21 503.88 441.45 503.76 441.69 c 503.76 442.29 503.64 442.89 503.64 443.61 c 503.52 444.33 503.4 445.05 503.28 445.89 c 503.4 446.01 503.52 446.13 503.76 446.25 c 503.88 446.37 504 446.49 504.24 446.61 c 504.24 446.01 504.24 445.53 504.36 445.05 c 504.36 444.45 504.36 443.85 504.36 443.25 c 504.48 442.77 504.48 442.17 504.48 441.69 c 504.48 441.33 504.48 440.85 504.48 440.49 c 504.48 440.25 504.48 440.13 504.36 439.89 c 504.24 439.65 504.24 439.41 504.12 439.17 c 504 439.05 503.88 438.93 503.64 438.93 c 503.4 438.81 503.04 438.81 502.68 438.81 c h f 
506.4 438.81 m 506.4 439.53 506.4 440.13 506.4 440.85 c 506.28 441.45 506.28 441.93 506.28 442.53 c 506.28 443.13 506.16 443.61 506.16 444.09 c 506.16 444.57 506.04 445.05 506.04 445.53 c 506.04 445.77 506.04 445.89 506.16 446.01 c 506.16 446.25 506.28 446.25 506.4 446.37 c 506.52 446.49 506.76 446.49 507 446.61 c 507 446.37 507.12 446.13 507.12 445.89 c 507.24 445.65 507.36 445.41 507.36 445.17 c 507 444.93 l 507.12 444.33 507.12 443.85 507.12 443.25 c 507.12 442.65 507.12 441.93 507.12 441.21 c 507.12 440.49 507 439.77 507 438.93 c 506.4 438.81 l h f 
513.84 435.81 m 513.12 435.81 512.52 435.93 512.04 436.41 c 511.56 436.77 511.44 437.37 511.44 438.09 c 511.44 438.21 511.44 438.33 511.44 438.45 c 511.44 438.57 511.44 438.81 511.44 438.93 c 511.56 439.17 511.56 439.29 511.68 439.65 c 512.04 439.53 l 512.04 439.17 511.92 438.81 511.92 438.57 c 511.92 438.09 512.16 437.61 512.52 437.37 c 512.76 437.01 513.36 436.89 513.96 436.89 c 514.56 436.89 515.04 436.89 515.52 437.01 c 515.88 437.01 516.36 437.13 516.72 437.25 c 516.84 437.37 517.08 437.37 517.2 437.49 c 517.32 437.61 517.56 437.61 517.68 437.73 c 517.44 437.85 517.2 437.97 516.96 438.09 c 516.72 438.33 516.48 438.33 516.36 438.45 c 516.12 438.57 516 438.69 515.88 438.81 c 515.64 438.93 515.64 439.05 515.64 439.05 c 515.64 439.17 515.64 439.29 515.64 439.29 c 515.64 439.41 515.76 439.53 515.76 439.65 c 515.88 439.77 515.88 439.89 516 439.89 c 516 440.01 516 440.01 516.12 440.01 c 516.36 440.01 516.72 439.89 517.2 439.89 c 517.68 439.89 518.16 439.89 518.64 439.89 c 518.64 439.89 518.76 439.77 518.76 439.77 c 518.76 438.93 l 518.76 438.81 518.64 438.81 518.64 438.81 c 518.4 438.81 518.28 438.81 518.04 438.81 c 517.8 438.81 517.56 438.93 517.44 438.93 c 517.2 438.93 516.96 438.93 516.84 439.05 c 516.96 438.93 517.2 438.81 517.32 438.81 c 517.44 438.69 517.56 438.69 517.68 438.57 c 517.68 438.57 517.8 438.45 517.92 438.45 c 518.04 438.33 518.04 438.21 518.04 438.09 c 518.16 438.09 518.16 437.85 518.16 437.73 c 518.16 437.61 518.04 437.37 517.8 437.13 c 517.68 437.01 517.32 436.77 517.08 436.53 c 516.72 436.41 516.24 436.29 515.88 436.05 c 515.16 435.93 514.44 435.81 513.84 435.81 c h f 
518.52 438.81 m 518.52 438.81 518.4 438.81 518.4 438.93 c 518.4 439.77 l 518.4 439.77 518.52 439.89 518.52 439.89 c 519.36 439.89 520.08 439.89 520.68 440.01 c 521.28 440.01 521.76 440.25 522.24 440.37 c 522.24 440.49 522.12 440.61 522.12 440.73 c 522.12 440.85 522.12 441.09 522.12 441.21 c 521.88 440.97 521.64 440.85 521.4 440.73 c 521.04 440.61 520.8 440.61 520.56 440.61 c 520.2 440.61 519.84 440.73 519.6 440.97 c 519.48 441.21 519.36 441.45 519.36 441.93 c 519.36 442.29 519.36 442.65 519.48 443.01 c 519.72 443.37 519.84 443.61 520.08 443.73 c 520.2 443.85 520.32 443.97 520.44 443.97 c 520.56 444.09 520.68 444.09 520.8 444.09 c 521.16 444.09 521.52 443.97 521.88 443.61 c 522.12 443.37 522.36 442.89 522.6 442.41 c 522.6 442.17 522.72 441.81 522.72 441.57 c 522.72 441.33 522.84 440.97 522.84 440.73 c 522.84 440.61 522.84 440.49 522.72 440.37 c 522.72 440.25 522.72 440.13 522.72 440.01 c 522.6 439.77 522.48 439.65 522.36 439.53 c 522.24 439.41 522 439.29 521.52 439.17 c 521.16 439.05 520.8 439.05 520.2 438.93 c 519.72 438.81 519.12 438.81 518.52 438.81 c h 520.8 441.45 m 521.16 441.45 521.52 441.57 521.88 441.69 c 521.76 442.17 521.52 442.41 521.4 442.65 c 521.16 442.89 520.92 443.01 520.56 443.01 c 520.44 443.01 520.2 442.89 520.08 442.65 c 519.84 442.53 519.84 442.29 519.84 442.05 c 519.84 441.93 519.84 441.69 520.08 441.57 c 520.2 441.45 520.44 441.45 520.8 441.45 c h 520.8 444.81 m 520.44 445.05 520.2 445.29 519.96 445.53 c 520.08 445.77 520.32 445.89 520.44 446.13 c 520.56 446.25 520.68 446.37 520.8 446.49 c 520.92 446.37 521.04 446.25 521.16 446.01 c 521.28 445.89 521.4 445.77 521.52 445.65 c 521.4 445.53 521.4 445.41 521.28 445.29 c 521.04 445.17 520.92 444.93 520.8 444.81 c h f 
0.992 0.941 0.918 sc 536.16 434.85 m 540.24 434.85 543.48 438.21 543.48 442.29 c 543.48 446.37 540.24 449.73 536.16 449.73 c 532.08 449.73 528.72 446.37 528.72 442.29 c 528.72 438.21 532.08 434.85 536.16 434.85 c h f 
q 0.12 0 0 -0.12 0 841.89 cm 4 w 1 J 0 j 4 M 0.933 0.114 0.145 SC 4468 3392 m 4502 3392 4529 3364 4529 3330 c 4529 3296 4502 3268 4468 3268 c 4434 3268 4406 3296 4406 3330 c 4406 3364 4434 3392 4468 3392 c S Q 
1 w 0.933 0.114 0.145 sc 535.68 438.09 m 535.32 438.09 534.96 438.09 534.6 438.21 c 534.24 438.21 533.88 438.33 533.64 438.57 c 533.64 439.65 l 533.88 439.53 534.24 439.41 534.6 439.29 c 534.96 439.17 535.32 439.05 535.56 439.05 c 536.16 439.05 536.64 439.29 536.88 439.53 c 537.24 439.77 537.36 440.13 537.36 440.61 c 537.36 441.09 537.24 441.45 536.88 441.57 c 536.52 441.81 536.04 441.93 535.44 441.93 c 534.72 441.93 l 534.72 443.01 l 535.44 443.01 l 536.04 443.01 536.4 443.13 536.76 443.25 c 537 443.49 537.24 443.85 537.24 444.33 c 537.24 444.69 537.12 445.05 536.88 445.17 c 536.64 445.41 536.28 445.53 535.92 445.53 c 535.68 445.53 535.32 445.41 535.08 445.41 c 534.84 445.29 534.48 445.05 534.12 444.81 c 533.64 445.65 l 534 446.01 534.24 446.13 534.72 446.37 c 535.08 446.49 535.56 446.61 535.92 446.61 c 536.76 446.61 537.24 446.37 537.72 446.01 c 538.08 445.65 538.32 445.17 538.32 444.57 c 538.32 443.97 538.2 443.61 537.96 443.25 c 537.6 442.89 537.24 442.65 536.76 442.53 c 536.76 442.53 l 537.36 442.41 537.84 442.17 538.08 441.93 c 538.44 441.57 538.56 441.09 538.56 440.61 c 538.56 439.77 538.32 439.17 537.84 438.69 c 537.36 438.33 536.64 438.09 535.68 438.09 c h f 
q 0.12 0 0 -0.12 0 841.89 cm 7 w 1 J 1 j 0.925 0.008 0.553 SC 3138 3858 m 2862 3858 l 2980 3717 l 3256 3717 l 3138 3858 l h S Q 
1 w 0.141 0.125 0.129 sc 356.28 398.73 m 356.28 403.89 l 356.28 404.01 356.28 404.13 356.4 404.13 c 356.4 404.25 356.64 404.25 356.76 404.25 c 357.72 404.25 358.44 404.01 359.04 403.53 c 359.64 403.05 360 402.33 360 401.25 c 360 400.05 359.52 399.21 358.8 398.73 c 358.32 398.49 357.6 398.25 356.88 398.25 c 356.64 398.25 356.4 398.37 356.4 398.37 c 356.28 398.49 356.28 398.49 356.28 398.73 c h 354.36 397.89 m 357.12 397.89 l 357.84 397.89 358.44 398.01 359.04 398.25 c 359.28 398.37 359.52 398.49 359.76 398.73 c 360.24 398.97 360.6 399.33 360.72 399.81 c 360.96 400.29 361.08 400.77 361.08 401.25 c 361.08 402.69 360.48 403.65 359.4 404.13 c 358.68 404.49 357.96 404.61 357 404.61 c 354.36 404.61 l 354.36 404.37 l 354.72 404.37 354.96 404.37 355.08 404.25 c 355.2 404.13 355.2 403.89 355.2 403.53 c 355.2 399.09 l 355.2 398.61 355.2 398.37 355.08 398.37 c 354.96 398.25 354.72 398.13 354.36 398.13 c 354.36 397.89 l h f 
375.36 370.53 m 375 370.53 374.76 370.53 374.64 370.65 c 374.52 370.65 374.52 370.77 374.52 370.89 c 374.52 373.41 l 374.64 373.41 374.64 373.41 374.64 373.41 c 374.76 373.41 374.88 373.41 375 373.41 c 375.6 373.41 376.08 373.41 376.56 373.17 c 376.92 372.93 377.16 372.57 377.16 371.97 c 377.16 371.37 376.92 371.01 376.56 370.89 c 376.32 370.65 375.84 370.53 375.36 370.53 c h 372.48 370.17 m 375.84 370.17 l 376.32 370.17 376.8 370.29 377.16 370.41 c 377.88 370.65 378.24 371.25 378.24 371.97 c 378.24 372.45 378.12 372.81 377.76 373.17 c 377.52 373.41 377.04 373.53 376.56 373.65 c 377.04 373.77 377.28 373.89 377.4 374.01 c 377.76 374.25 378 374.61 378 375.09 c 378 375.69 377.76 376.17 377.28 376.41 c 376.8 376.77 376.08 376.89 375.36 376.89 c 372.48 376.89 l 372.48 376.65 l 372.96 376.65 373.2 376.53 373.32 376.41 c 373.44 376.41 373.44 376.17 373.44 375.81 c 373.44 371.25 l 373.44 370.89 373.44 370.65 373.32 370.53 c 373.2 370.41 372.96 370.41 372.48 370.41 c 372.48 370.17 l h 375.48 373.89 m 374.52 373.89 l 374.52 376.17 l 374.52 376.29 374.52 376.41 374.52 376.41 c 374.64 376.41 374.76 376.53 375 376.53 c 375.48 376.53 375.96 376.41 376.2 376.29 c 376.68 376.05 376.92 375.69 376.92 375.09 c 376.92 374.61 376.68 374.25 376.32 374.01 c 376.08 373.89 375.84 373.89 375.48 373.89 c h f 
391.44 404.73 m 390.36 404.73 389.52 404.37 388.8 403.65 c 388.2 403.05 387.96 402.21 387.96 401.25 c 387.96 400.29 388.2 399.45 388.8 398.85 c 389.4 398.13 390.36 397.77 391.32 397.77 c 392.04 397.77 392.64 398.01 393.24 398.37 c 393.48 398.49 393.84 398.73 394.08 399.09 c 393.84 399.21 l 393.6 398.97 393.24 398.73 393 398.61 c 392.64 398.37 392.16 398.25 391.56 398.25 c 390.84 398.25 390.24 398.49 389.76 399.09 c 389.28 399.57 389.16 400.29 389.04 401.13 c 389.04 402.21 389.28 402.93 389.76 403.53 c 390.24 404.01 390.84 404.37 391.44 404.37 c 392.16 404.37 392.76 404.01 393.12 403.53 c 393.36 403.29 393.6 402.93 393.72 402.45 c 393.96 402.45 l 393.84 404.73 l 393.6 404.73 l 393.6 404.61 393.48 404.49 393.36 404.49 c 393.36 404.37 393.24 404.37 393.12 404.37 c 393.12 404.37 392.88 404.49 392.52 404.61 c 392.16 404.73 391.8 404.73 391.44 404.73 c h f 
341.64 372.81 m 342.72 375.57 l 343.92 372.81 l 341.64 372.81 l h 341.52 370.17 m 341.52 370.41 l 341.28 370.41 341.16 370.41 341.04 370.41 c 340.92 370.53 340.92 370.65 340.92 370.77 c 340.92 370.89 340.92 371.01 340.92 371.13 c 341.04 371.25 341.16 371.73 341.4 372.33 c 344.04 372.33 l 344.4 371.37 l 344.52 371.25 344.52 371.13 344.64 371.01 c 344.64 370.89 344.64 370.77 344.64 370.77 c 344.64 370.53 344.64 370.53 344.52 370.41 c 344.4 370.41 344.28 370.41 343.92 370.41 c 343.92 370.17 l 346.44 370.17 l 346.44 370.41 l 346.2 370.41 346.08 370.41 345.96 370.53 c 345.84 370.65 345.72 370.89 345.6 371.25 c 343.08 377.01 l 342.96 377.01 l 340.8 371.97 l 340.56 371.25 340.32 370.77 340.2 370.65 c 340.08 370.53 339.84 370.41 339.6 370.41 c 339.6 370.17 l 341.52 370.17 l h f 
q 0.12 0 0 -0.12 0 841.89 cm 7 w 1 J 1 j 0.925 0.008 0.553 SC 2961 3740 m 2966 3744 2973 3747 2980 3747 c 2997 3747 3010 3733 3010 3717 c S Q 
1 w 0.141 0.125 0.129 sc 356.76 390.45 m 356.28 390.45 l 356.16 390.21 356.04 389.97 355.68 389.61 c 355.44 389.37 355.08 389.25 354.72 389.01 c 354.72 388.41 l 354.96 388.41 355.2 388.53 355.44 388.77 c 355.68 388.89 355.92 389.01 356.04 389.25 c 356.04 384.93 l 356.76 384.93 l 356.76 390.45 l h f 
358.92 385.29 m 359.28 385.05 359.64 384.93 360.12 384.93 c 360.72 384.93 361.08 385.05 361.44 385.41 c 361.8 385.65 361.92 386.13 361.92 386.61 c 361.92 386.97 361.92 387.21 361.68 387.45 c 361.56 387.69 361.32 387.81 360.96 387.93 c 361.2 388.05 361.44 388.17 361.56 388.41 c 361.68 388.53 361.68 388.77 361.68 389.01 c 361.68 389.25 361.68 389.49 361.56 389.73 c 361.32 389.85 361.2 390.09 360.96 390.21 c 360.72 390.33 360.48 390.45 360.12 390.45 c 359.76 390.45 359.4 390.33 359.04 389.97 c 358.8 389.73 358.56 389.49 358.56 389.01 c 359.16 388.89 l 359.28 389.25 359.28 389.49 359.52 389.61 c 359.64 389.73 359.88 389.85 360.12 389.85 c 360.36 389.85 360.6 389.73 360.84 389.61 c 360.96 389.49 361.08 389.25 361.08 389.01 c 361.08 388.65 360.96 388.53 360.72 388.29 c 360.48 388.17 360.24 388.05 359.88 388.05 c 359.88 388.05 359.88 388.05 359.88 388.17 c 359.76 387.57 l 359.88 387.57 360.12 387.57 360.24 387.57 c 360.48 387.57 360.72 387.45 360.96 387.33 c 361.2 387.09 361.32 386.85 361.32 386.61 c 361.32 386.25 361.2 386.01 360.96 385.77 c 360.72 385.53 360.48 385.41 360.12 385.41 c 359.88 385.41 359.64 385.53 359.52 385.65 c 359.28 385.89 359.16 386.13 359.16 386.49 c 358.44 386.37 l 358.44 385.89 358.68 385.53 358.92 385.29 c h f 
363.12 385.41 m 363.48 385.05 363.84 384.93 364.44 384.93 c 364.8 384.93 365.16 384.93 365.4 385.17 c 365.64 385.41 365.76 385.65 365.88 386.13 c 366.12 386.49 366.12 386.97 366.12 387.57 c 366.12 388.17 366.12 388.65 366 388.89 c 365.88 389.25 365.76 389.49 365.64 389.73 c 365.52 389.97 365.4 390.09 365.16 390.21 c 364.92 390.33 364.68 390.45 364.44 390.45 c 363.96 390.45 363.72 390.33 363.36 390.09 c 363.12 389.85 363 389.61 362.88 389.13 c 362.64 388.77 362.64 388.29 362.64 387.57 c 362.64 386.61 362.76 385.89 363.12 385.41 c h 363.6 389.49 m 363.84 389.73 364.08 389.85 364.32 389.85 c 364.68 389.85 364.92 389.73 365.16 389.37 c 365.4 389.13 365.4 388.53 365.4 387.57 c 365.4 386.73 365.4 386.13 365.16 385.89 c 364.92 385.53 364.68 385.41 364.44 385.41 c 364.08 385.41 363.84 385.53 363.6 385.89 c 363.36 386.13 363.36 386.73 363.36 387.57 c 363.36 388.53 363.36 389.13 363.6 389.49 c h f 
367.56 389.97 m 367.8 389.73 368.16 389.61 368.52 389.61 c 368.88 389.61 369.12 389.73 369.48 389.97 c 369.72 390.21 369.84 390.57 369.84 390.93 c 369.84 391.29 369.72 391.65 369.48 391.89 c 369.12 392.13 368.88 392.25 368.52 392.25 c 368.16 392.25 367.8 392.13 367.56 391.89 c 367.2 391.65 367.08 391.29 367.08 390.93 c 367.08 390.57 367.2 390.21 367.56 389.97 c h 367.92 391.53 m 368.04 391.65 368.28 391.77 368.52 391.77 c 368.76 391.77 368.88 391.65 369.12 391.53 c 369.24 391.41 369.36 391.17 369.36 390.93 c 369.36 390.69 369.24 390.45 369.12 390.33 c 368.88 390.21 368.76 390.09 368.52 390.09 c 368.28 390.09 368.04 390.21 367.92 390.33 c 367.68 390.45 367.68 390.69 367.68 390.93 c 367.68 391.17 367.68 391.41 367.92 391.53 c h f 
q 0.12 0 0 -0.12 0 841.89 cm 7 w 1 J 1 j 0.925 0.008 0.553 SC 4270 3576 m 3718 3576 l 3481 3859 l 4033 3859 l 4270 3576 l h S Q 
1 w 0.141 0.125 0.129 sc 443.16 414.69 m 445.56 414.69 l 445.56 414.81 l 445.2 414.93 444.96 414.93 444.84 415.05 c 444.72 415.17 444.6 415.53 444.6 416.13 c 444.6 420.09 l 449.04 414.57 l 449.28 414.57 l 449.28 419.85 l 449.28 420.33 449.28 420.69 449.4 420.81 c 449.52 421.05 449.76 421.05 450.24 421.17 c 450.24 421.29 l 447.84 421.29 l 447.84 421.17 l 448.2 421.05 448.44 421.05 448.56 420.93 c 448.68 420.81 448.8 420.33 448.8 419.85 c 448.8 416.49 l 444.96 421.29 l 443.16 421.29 l 443.16 421.17 l 443.4 421.05 443.52 421.05 443.64 421.05 c 443.76 421.05 443.88 420.93 444 420.69 c 444.12 420.57 l 444.24 416.13 l 444.24 415.65 444.12 415.29 444 415.17 c 443.88 414.93 443.64 414.93 443.16 414.81 c 443.16 414.69 l h f 
510.36 414.69 m 512.76 414.69 l 512.76 414.81 l 512.4 414.93 512.16 414.93 512.04 415.05 c 511.8 415.17 511.8 415.53 511.8 416.13 c 511.8 420.09 l 514.32 414.69 l 514.44 414.69 l 516.96 420.33 l 516.96 415.89 l 516.96 415.41 516.96 415.17 516.84 415.05 c 516.72 414.93 516.48 414.93 516.12 414.81 c 516.12 414.69 l 518.88 414.69 l 518.88 414.81 l 518.52 414.93 518.28 414.93 518.16 415.05 c 518.04 415.17 518.04 415.41 518.04 415.77 c 518.04 420.21 l 518.04 420.57 518.04 420.81 518.16 420.93 c 518.28 421.05 518.52 421.05 518.88 421.17 c 518.88 421.29 l 516.96 421.29 l 514.68 416.25 l 512.4 421.29 l 510.36 421.29 l 510.36 421.17 l 510.72 421.05 511.08 421.05 511.2 420.93 c 511.32 420.81 511.32 420.57 511.32 420.21 c 511.32 416.13 l 511.32 415.65 511.32 415.29 511.2 415.17 c 511.08 414.93 510.72 414.93 510.36 414.81 c 510.36 414.69 l h f 
481.68 369.33 m 487.08 369.33 l 487.56 371.01 l 487.32 371.01 l 486.96 370.41 486.72 370.05 486.36 369.93 c 486 369.81 485.4 369.69 484.56 369.69 c 484.32 369.69 484.2 369.69 484.08 369.69 c 483.96 369.69 483.96 369.69 483.84 369.69 c 483.72 369.69 483.6 369.81 483.6 369.81 c 483.6 369.93 483.6 369.93 483.6 370.05 c 483.48 374.97 l 483.48 375.33 483.6 375.45 483.72 375.57 c 483.84 375.69 484.08 375.81 484.44 375.81 c 484.44 375.93 l 481.68 375.93 l 481.68 375.81 l 482.04 375.69 482.28 375.69 482.4 375.57 c 482.52 375.45 482.52 375.21 482.52 374.85 c 482.52 370.41 l 482.52 370.05 482.52 369.81 482.4 369.69 c 482.28 369.57 482.04 369.57 481.68 369.45 c 481.68 369.33 l h f 
413.88 369.33 m 416.76 369.33 l 416.76 369.45 l 416.4 369.45 416.04 369.57 416.04 369.69 c 415.92 369.81 415.8 370.05 415.8 370.41 c 415.8 372.21 l 416.16 372.45 l 418.08 370.41 l 418.2 370.29 418.32 370.17 418.32 370.05 c 418.44 369.93 418.44 369.81 418.44 369.69 c 418.44 369.69 418.44 369.57 418.32 369.57 c 418.2 369.45 418.08 369.45 417.72 369.45 c 417.72 369.33 l 420.84 369.33 l 420.84 369.45 l 420.48 369.57 420.24 369.57 420.12 369.69 c 420 369.81 419.64 370.17 419.28 370.53 c 416.88 373.17 l 418.8 374.97 l 419.16 375.33 419.4 375.45 419.52 375.57 c 419.76 375.69 420 375.81 420.36 375.81 c 420.36 375.93 l 417.72 375.93 l 417.72 375.81 l 417.96 375.81 418.08 375.81 418.2 375.69 c 418.32 375.69 418.44 375.57 418.44 375.45 c 418.44 375.21 418.08 374.85 417.36 374.13 c 416.88 373.77 416.4 373.29 415.8 372.81 c 415.8 374.85 l 415.8 375.21 415.92 375.45 415.92 375.57 c 416.04 375.69 416.4 375.81 416.76 375.81 c 416.76 375.93 l 413.88 375.93 l 413.88 375.81 l 414.24 375.69 414.48 375.69 414.6 375.57 c 414.72 375.45 414.84 375.21 414.84 374.85 c 414.84 370.53 l 414.84 370.05 414.72 369.81 414.6 369.69 c 414.6 369.57 414.24 369.45 413.88 369.45 c 413.88 369.33 l h f 
q 0.12 0 0 -0.12 0 841.89 cm 7 w 1 J 1 j 0.925 0.008 0.553 SC 4202 3576 m 4197 3581 4194 3588 4194 3596 c 4194 3613 4208 3628 4225 3628 c S Q 
1 w 0.141 0.125 0.129 sc 493.68 402.57 m 493.68 402.45 493.68 402.45 493.8 402.33 c 493.8 402.21 493.92 402.21 494.16 402.21 c 494.28 402.21 494.52 402.21 494.52 402.33 c 494.64 402.33 494.88 402.57 495 402.69 c 496.08 404.01 l 496.32 402.81 l 496.44 402.69 496.44 402.45 496.44 402.45 c 496.56 402.21 496.68 402.21 496.92 402.21 c 497.16 402.21 497.4 402.33 497.64 402.69 c 497.88 402.81 498 403.05 498.12 403.29 c 498 403.41 l 497.76 403.17 497.64 402.93 497.52 402.93 c 497.52 402.81 497.4 402.69 497.28 402.69 c 497.16 402.69 497.16 402.81 497.04 403.05 c 497.04 403.17 496.92 403.29 496.92 403.53 c 496.8 403.89 496.8 404.13 496.68 404.49 c 496.68 404.73 496.56 404.85 496.56 404.97 c 496.56 404.97 496.68 405.21 497.04 405.57 c 497.28 405.93 497.4 406.17 497.64 406.17 c 497.64 406.17 497.64 406.17 497.64 406.17 c 497.76 406.17 497.76 406.17 497.76 406.05 c 497.88 406.05 l 498 406.05 498 406.05 498 406.05 c 498 406.05 498.12 406.05 498.12 406.05 c 498.24 406.05 498.24 406.05 498.36 406.05 c 498.36 406.17 498.48 406.29 498.48 406.41 c 498.48 406.53 498.36 406.65 498.24 406.65 c 498.24 406.77 498.12 406.77 498 406.77 c 497.88 406.77 497.76 406.65 497.64 406.65 c 497.52 406.53 497.4 406.41 497.16 406.29 c 497.04 406.05 496.8 405.69 496.56 405.33 c 496.44 405.81 l 496.32 406.29 496.2 406.53 496.2 406.65 c 496.08 406.65 495.96 406.77 495.84 406.77 c 495.72 406.77 495.6 406.77 495.48 406.65 c 495.36 406.65 495.24 406.65 495.12 406.53 c 494.64 406.41 l 494.64 406.29 l 494.76 406.29 494.88 406.29 494.88 406.29 c 495 406.29 495.12 406.41 495.24 406.41 c 495.36 406.41 495.36 406.29 495.48 406.29 c 495.48 406.17 495.6 406.05 495.6 405.81 c 495.72 405.57 495.72 405.33 495.84 404.97 c 495.96 404.61 495.96 404.49 495.96 404.37 c 495.48 403.77 495.24 403.41 495.12 403.29 c 494.88 403.05 494.88 402.81 494.76 402.81 c 494.76 402.81 494.64 402.81 494.64 402.81 c 494.52 402.81 494.52 402.81 494.52 402.81 c 494.52 402.81 494.52 402.81 494.4 402.81 c 494.28 402.93 l 494.28 402.93 494.16 402.93 494.16 402.93 c 494.16 402.93 494.04 402.93 494.04 402.93 c 493.92 402.93 493.92 402.93 493.8 402.93 c 493.68 402.81 493.68 402.69 493.68 402.57 c h f 
500.88 408.57 m 500.76 408.45 500.52 408.33 500.28 408.33 c 500.04 408.33 499.8 408.45 499.68 408.57 c 499.44 408.81 499.44 408.93 499.44 409.17 c 499.44 409.41 499.44 409.65 499.68 409.89 c 499.8 410.01 500.04 410.13 500.28 410.13 c 500.52 410.13 500.76 410.01 500.88 409.89 c 501 409.65 501.12 409.41 501.12 409.17 c 501.12 408.93 501 408.81 500.88 408.57 c h 499.32 410.13 m 499.08 409.89 498.96 409.53 498.96 409.17 c 498.96 408.81 499.08 408.57 499.32 408.33 c 499.56 408.09 499.92 407.97 500.28 407.97 c 500.64 407.97 500.88 408.09 501.12 408.33 c 501.48 408.57 501.6 408.81 501.6 409.17 c 501.6 409.53 501.48 409.89 501.12 410.13 c 500.88 410.37 500.64 410.49 500.28 410.49 c 499.92 410.49 499.56 410.37 499.32 410.13 c h f 
q 0.12 0 0 -0.12 0 841.89 cm 1 j 0.141 0.125 0.129 SC 4174 3611 m 4173 3612 4171 3613 4169 3613 c 4167 3613 4165 3612 4164 3611 c 4162 3609 4162 3608 4162 3606 c 4162 3604 4162 3602 4164 3600 c 4165 3599 4167 3598 4169 3598 c 4171 3598 4173 3599 4174 3600 c 4175 3602 4176 3604 4176 3606 c 4176 3608 4175 3609 4174 3611 c S Q 
q 0.12 0 0 -0.12 0 841.89 cm 1 w 1 j 0.141 0.125 0.129 SC 4161 3598 m 4159 3600 4158 3603 4158 3606 c 4158 3609 4159 3611 4161 3613 c 4163 3615 4166 3616 4169 3616 c 4172 3616 4174 3615 4176 3613 c 4179 3611 4180 3609 4180 3606 c 4180 3603 4179 3600 4176 3598 c 4174 3596 4172 3595 4169 3595 c 4166 3595 4163 3596 4161 3598 c S Q 
q 0.12 0 0 -0.12 0 841.89 cm 1 w 1 j 0.141 0.125 0.129 SC 2625 4107 m 2630 4106 2632 4105 2633 4104 c 2635 4103 2635 4100 2635 4095 c 2635 4048 l 2635 4044 2634 4041 2633 4040 c 2632 4039 2629 4038 2625 4038 c 2625 4036 l 2656 4036 l 2656 4038 l 2652 4038 2649 4039 2648 4040 c 2647 4041 2646 4044 2646 4048 c 2646 4070 l 2653 4065 2658 4060 2663 4056 c 2670 4048 2674 4044 2674 4042 c 2674 4040 2673 4039 2672 4039 c 2671 4038 2669 4038 2667 4038 c 2667 4036 l 2695 4036 l 2695 4038 l 2692 4038 2689 4039 2687 4040 c 2685 4041 2682 4043 2679 4047 c 2657 4066 l 2683 4095 l 2688 4100 2691 4103 2693 4104 c 2695 4105 2697 4106 2700 4107 c 2700 4108 l 2667 4108 l 2667 4107 l 2670 4106 2672 4106 2673 4106 c 2674 4105 2675 4105 2675 4104 c 2675 4103 2675 4102 2674 4101 c 2673 4100 2672 4098 2671 4096 c 2650 4074 l 2646 4077 l 2646 4097 l 2646 4101 2647 4103 2648 4104 c 2649 4105 2652 4106 2656 4107 c 2656 4108 l 2625 4108 l 2625 4107 l h S Q 
q 0.12 0 0 -0.12 0 841.89 cm 1 w 1 j 0.141 0.125 0.129 SC 2701 4106 m 2705 4106 2708 4105 2709 4104 c 2710 4103 2711 4101 2711 4097 c 2711 4048 l 2711 4044 2710 4041 2709 4040 c 2708 4039 2705 4038 2701 4038 c 2701 4036 l 2732 4036 l 2732 4038 l 2728 4038 2725 4039 2724 4040 c 2722 4041 2722 4044 2722 4047 c 2722 4100 l 2722 4101 2722 4102 2722 4103 c 2723 4103 2724 4104 2725 4104 c 2726 4104 2727 4104 2728 4104 c 2728 4104 2730 4104 2733 4104 c 2742 4104 2749 4103 2752 4102 c 2756 4100 2759 4096 2762 4089 c 2765 4089 l 2760 4108 l 2701 4108 l 2701 4106 l h S Q 
q 0.12 0 0 -0.12 0 841.89 cm 1 w 1 j 0.141 0.125 0.129 SC 2765 4106 m 2770 4106 2773 4105 2774 4103 c 2775 4102 2776 4098 2776 4092 c 2776 4048 l 2776 4044 2775 4041 2774 4040 c 2773 4039 2770 4038 2765 4038 c 2765 4036 l 2787 4036 l 2812 4090 l 2836 4036 l 2858 4036 l 2858 4038 l 2854 4038 2851 4039 2850 4040 c 2849 4042 2848 4044 2848 4048 c 2848 4096 l 2848 4100 2849 4103 2850 4104 c 2851 4105 2854 4106 2858 4106 c 2858 4108 l 2828 4108 l 2828 4106 l 2832 4106 2835 4105 2836 4104 c 2837 4103 2837 4100 2837 4095 c 2837 4046 l 2809 4108 l 2808 4108 l 2781 4049 l 2781 4092 l 2781 4098 2781 4102 2783 4104 c 2784 4105 2787 4106 2791 4106 c 2791 4108 l 2765 4108 l 2765 4106 l h S Q 
q 0.12 0 0 -0.12 0 841.89 cm 1 w 1 j 0.141 0.125 0.129 SC 2860 4106 m 2864 4106 2867 4105 2868 4103 c 2870 4102 2870 4098 2870 4092 c 2870 4044 l 2869 4042 l 2867 4040 2866 4039 2865 4039 c 2864 4038 2862 4038 2860 4038 c 2860 4036 l 2878 4036 l 2921 4088 l 2921 4052 l 2921 4046 2920 4042 2918 4040 c 2917 4039 2914 4038 2910 4038 c 2910 4036 l 2936 4036 l 2936 4038 l 2932 4039 2929 4040 2927 4041 c 2926 4043 2925 4046 2925 4052 c 2925 4110 l 2923 4110 l 2875 4050 l 2875 4092 l 2875 4098 2876 4102 2878 4104 c 2879 4105 2881 4106 2885 4106 c 2885 4108 l 2860 4108 l 2860 4106 l h S Q 
1 w 0.141 0.125 0.129 sc 315 349.05 m 315.6 349.17 315.84 349.29 315.96 349.41 c 316.2 349.53 316.2 349.89 316.2 350.49 c 316.2 356.13 l 316.2 356.61 316.08 356.97 315.96 357.09 c 315.84 357.21 315.48 357.33 315 357.33 c 315 357.57 l 318.72 357.57 l 318.72 357.33 l 318.24 357.33 317.88 357.21 317.76 357.09 c 317.64 356.97 317.52 356.61 317.52 356.13 c 317.52 353.49 l 318.36 354.09 318.96 354.69 319.56 355.17 c 320.4 356.13 320.88 356.61 320.88 356.85 c 320.88 357.09 320.76 357.21 320.64 357.21 c 320.52 357.33 320.28 357.33 320.04 357.33 c 320.04 357.57 l 323.4 357.57 l 323.4 357.33 l 323.04 357.33 322.68 357.21 322.44 357.09 c 322.2 356.97 321.84 356.73 321.48 356.25 c 318.84 353.97 l 321.96 350.49 l 322.56 349.89 322.92 349.53 323.16 349.41 c 323.4 349.29 323.64 349.17 324 349.05 c 324 348.93 l 320.04 348.93 l 320.04 349.05 l 320.4 349.17 320.64 349.17 320.76 349.17 c 320.88 349.29 321 349.29 321 349.41 c 321 349.53 321 349.65 320.88 349.77 c 320.76 349.89 320.64 350.13 320.52 350.37 c 318 353.01 l 317.52 352.65 l 317.52 350.25 l 317.52 349.77 317.64 349.53 317.76 349.41 c 317.88 349.29 318.24 349.17 318.72 349.05 c 318.72 348.93 l 315 348.93 l 315 349.05 l h f 
324.12 349.17 m 324.6 349.17 324.96 349.29 325.08 349.41 c 325.2 349.53 325.32 349.77 325.32 350.25 c 325.32 356.13 l 325.32 356.61 325.2 356.97 325.08 357.09 c 324.96 357.21 324.6 357.33 324.12 357.33 c 324.12 357.57 l 327.84 357.57 l 327.84 357.33 l 327.36 357.33 327 357.21 326.88 357.09 c 326.64 356.97 326.64 356.61 326.64 356.25 c 326.64 349.89 l 326.64 349.77 326.64 349.65 326.64 349.53 c 326.76 349.53 326.88 349.41 327 349.41 c 327.12 349.41 327.24 349.41 327.36 349.41 c 327.36 349.41 327.6 349.41 327.96 349.41 c 329.04 349.41 329.88 349.53 330.24 349.65 c 330.72 349.89 331.08 350.37 331.44 351.21 c 331.8 351.21 l 331.2 348.93 l 324.12 348.93 l 324.12 349.17 l h f 
331.8 349.17 m 332.4 349.17 332.76 349.29 332.88 349.53 c 333 349.65 333.12 350.13 333.12 350.85 c 333.12 356.13 l 333.12 356.61 333 356.97 332.88 357.09 c 332.76 357.21 332.4 357.33 331.8 357.33 c 331.8 357.57 l 334.44 357.57 l 337.44 351.09 l 340.32 357.57 l 342.96 357.57 l 342.96 357.33 l 342.48 357.33 342.12 357.21 342 357.09 c 341.88 356.85 341.76 356.61 341.76 356.13 c 341.76 350.37 l 341.76 349.89 341.88 349.53 342 349.41 c 342.12 349.29 342.48 349.17 342.96 349.17 c 342.96 348.93 l 339.36 348.93 l 339.36 349.17 l 339.84 349.17 340.2 349.29 340.32 349.41 c 340.44 349.53 340.44 349.89 340.44 350.49 c 340.44 356.37 l 337.08 348.93 l 336.96 348.93 l 333.72 356.01 l 333.72 350.85 l 333.72 350.13 333.72 349.65 333.96 349.41 c 334.08 349.29 334.44 349.17 334.92 349.17 c 334.92 348.93 l 331.8 348.93 l 331.8 349.17 l h f 
343.2 349.17 m 343.68 349.17 344.04 349.29 344.16 349.53 c 344.4 349.65 344.4 350.13 344.4 350.85 c 344.4 356.61 l 344.28 356.85 l 344.04 357.09 343.92 357.21 343.8 357.21 c 343.68 357.33 343.44 357.33 343.2 357.33 c 343.2 357.57 l 345.36 357.57 l 350.52 351.33 l 350.52 355.65 l 350.52 356.37 350.4 356.85 350.16 357.09 c 350.04 357.21 349.68 357.33 349.2 357.33 c 349.2 357.57 l 352.32 357.57 l 352.32 357.33 l 351.84 357.21 351.48 357.09 351.24 356.97 c 351.12 356.73 351 356.37 351 355.65 c 351 348.69 l 350.76 348.69 l 345 355.89 l 345 350.85 l 345 350.13 345.12 349.65 345.36 349.41 c 345.48 349.29 345.72 349.17 346.2 349.17 c 346.2 348.93 l 343.2 348.93 l 343.2 349.17 l h f 
357.6 345.57 m 357 345.57 356.52 345.57 356.04 345.81 c 355.68 346.05 355.32 346.29 355.08 346.77 c 354.84 347.13 354.72 347.61 354.72 348.09 c 354.72 348.93 354.96 349.65 355.56 350.37 c 355.32 350.37 355.08 350.49 354.96 350.73 c 354.72 350.85 354.6 351.09 354.48 351.33 c 354.36 351.57 354.24 351.69 354.24 351.93 c 354.24 352.17 354.24 352.41 354.36 352.65 c 354.48 352.89 354.6 353.13 354.72 353.37 c 354.84 353.61 355.08 353.73 355.2 353.97 c 355.56 354.21 355.8 354.33 356.16 354.33 c 356.4 354.33 356.64 354.21 356.88 354.09 c 357.12 353.97 357.48 353.73 357.72 353.37 c 357.48 353.01 l 357.36 353.13 357.12 353.13 356.88 353.13 c 356.76 353.25 356.52 353.25 356.4 353.25 c 356.16 353.25 355.92 353.25 355.68 353.13 c 355.44 353.13 355.2 353.01 354.96 352.89 c 354.96 352.41 355.08 352.05 355.44 351.69 c 355.68 351.45 356.16 351.21 356.64 351.21 c 357 351.33 357.24 351.45 357.6 351.69 c 357.96 351.81 358.32 351.93 358.68 352.05 c 358.8 351.93 358.8 351.81 358.8 351.69 c 358.8 351.57 358.8 351.45 358.8 351.33 c 358.68 351.21 358.68 351.09 358.56 351.09 c 358.44 350.97 358.32 350.97 358.08 350.85 c 357.96 350.73 357.84 350.73 357.6 350.61 c 357 350.37 356.52 350.13 356.16 349.89 c 355.8 349.65 355.56 349.41 355.44 349.17 c 355.32 348.93 355.32 348.81 355.2 348.69 c 355.2 348.57 355.2 348.33 355.2 348.21 c 355.2 347.73 355.32 347.37 355.8 347.01 c 356.28 346.77 356.88 346.65 357.72 346.65 c 357.84 346.65 357.96 346.65 358.2 346.65 c 358.32 346.65 358.56 346.65 358.68 346.65 c 358.92 346.65 359.16 346.77 359.52 346.77 c 359.76 346.77 360.12 346.89 360.36 347.01 c 360.6 346.53 l 360 346.17 359.4 345.93 358.92 345.81 c 358.44 345.57 357.96 345.57 357.6 345.57 c h f 
363.6 350.01 m 363.48 350.37 363.36 350.73 363.12 351.09 c 363 351.45 362.76 351.81 362.52 352.05 c 362.4 352.29 362.16 352.53 362.04 352.77 c 361.8 353.01 361.68 353.25 361.44 353.37 c 360.96 353.37 l 360.84 353.61 360.72 353.73 360.6 353.85 c 360.48 354.09 360.48 354.21 360.48 354.45 c 360.48 354.57 360.48 354.81 360.6 354.93 c 360.72 354.93 360.84 355.05 361.08 355.17 c 361.32 354.93 361.56 354.81 361.68 354.57 c 361.92 354.33 362.16 353.97 362.4 353.73 c 362.64 353.37 362.76 353.13 363 352.77 c 363.12 352.53 363.24 352.17 363.36 351.93 c 363.48 351.81 363.48 351.57 363.6 351.45 c 363.72 351.21 363.72 350.97 363.84 350.73 c 363.84 350.61 363.96 350.37 363.96 350.25 c 363.6 350.01 l h f 
360.72 348.93 m 360.72 349.29 l 361.2 349.41 361.56 349.53 361.92 349.65 c 362.16 349.77 362.52 349.89 362.76 350.01 c 363 350.13 363.24 350.25 363.48 350.37 c 363.72 350.61 363.84 350.73 363.96 350.97 c 364.2 351.21 364.32 351.57 364.44 351.93 c 364.56 352.17 364.68 352.65 364.8 353.01 c 364.8 353.49 364.92 353.97 364.92 354.45 c 364.92 354.93 365.04 355.41 365.04 356.01 c 365.16 356.13 365.28 356.25 365.52 356.37 c 365.64 356.49 365.76 356.61 365.88 356.61 c 365.88 356.49 366 356.25 366 356.01 c 366 355.77 366 355.53 366 355.29 c 366 355.05 366 354.69 366 354.45 c 366 354.21 366 353.97 366 353.73 c 366 353.49 366 353.25 366 353.13 c 366 352.77 366 352.53 366 352.29 c 366 352.05 366 351.81 366 351.57 c 366 351.33 366 351.09 366 350.85 c 366 350.73 366 350.49 366.12 350.25 c 366.12 350.25 366.24 350.13 366.24 350.13 c 366.36 350.13 366.48 350.13 366.6 350.01 c 366.6 350.01 366.72 350.01 366.84 350.01 c 366.96 350.01 367.08 350.01 367.32 350.01 c 367.32 350.01 367.32 349.89 367.32 349.89 c 367.32 349.05 l 367.32 348.93 367.32 348.93 367.32 348.93 c 366.96 348.93 366.72 348.93 366.48 349.05 c 366.24 349.05 366.12 349.17 365.88 349.41 c 365.76 349.53 365.64 349.65 365.64 349.89 c 365.52 350.25 365.52 350.61 365.52 350.97 c 365.52 351.21 365.4 351.57 365.4 351.93 c 365.4 352.05 365.4 352.17 365.4 352.41 c 365.4 352.53 365.4 352.77 365.4 353.01 c 365.28 353.13 365.28 353.37 365.28 353.49 c 365.28 353.25 365.28 353.01 365.28 352.77 c 365.16 352.53 365.16 352.29 365.16 352.05 c 365.16 351.93 365.04 351.69 365.04 351.57 c 365.04 351.33 364.92 351.21 364.92 351.09 c 364.8 350.85 364.8 350.61 364.68 350.37 c 364.56 350.13 364.44 349.89 364.32 349.77 c 364.08 349.41 363.72 349.05 363.24 349.05 c 362.76 349.05 362.4 348.93 361.92 348.93 c 361.56 348.93 361.2 348.93 360.72 348.93 c h f 
371.76 348.93 m 371.4 348.93 371.04 348.93 370.68 348.93 c 370.32 349.05 369.96 349.05 369.6 349.17 c 369.24 349.29 368.88 349.41 368.64 349.53 c 368.64 349.53 368.64 349.41 368.52 349.41 c 368.52 349.41 368.52 349.29 368.4 349.29 c 368.28 349.17 368.16 349.05 367.92 349.05 c 367.68 348.93 367.44 348.93 367.2 348.93 c 367.08 348.93 367.08 348.93 367.08 349.05 c 367.08 349.89 l 367.08 349.89 367.08 350.01 367.2 350.01 c 367.44 350.01 367.68 350.01 367.8 350.01 c 367.92 350.13 368.16 350.13 368.28 350.25 c 368.4 350.37 368.52 350.61 368.64 350.85 c 368.64 350.85 368.64 350.97 368.76 350.97 c 368.76 351.09 368.76 351.09 368.76 351.21 c 368.88 351.33 369 351.45 369.24 351.45 c 369.36 351.45 369.48 351.33 369.48 351.33 c 369.48 351.09 369.36 350.97 369.36 350.85 c 369.24 350.61 369.24 350.49 369.12 350.37 c 369.24 350.37 369.36 350.37 369.48 350.25 c 369.48 350.25 369.6 350.25 369.72 350.25 c 370.44 351.21 371.16 351.93 371.76 352.41 c 372.36 352.89 372.96 353.13 373.44 353.13 c 373.56 353.13 373.8 353.13 373.92 353.01 c 374.16 352.89 374.4 352.77 374.64 352.65 c 374.76 352.53 375 352.29 375.12 352.17 c 375.36 351.81 375.48 351.57 375.48 351.33 c 375.48 350.85 375.36 350.49 375.12 350.13 c 374.76 349.77 374.28 349.41 373.68 349.17 c 373.08 349.05 372.48 348.93 371.76 348.93 c h 371.88 349.89 m 372.36 349.89 372.96 350.01 373.44 350.13 c 373.92 350.25 374.4 350.49 375 350.85 c 374.64 351.21 374.4 351.57 374.04 351.69 c 373.8 351.93 373.44 352.05 373.08 352.05 c 372.72 352.05 372.36 351.93 371.88 351.57 c 371.4 351.21 370.92 350.73 370.32 350.01 c 370.56 350.01 370.8 350.01 371.16 349.89 c 371.4 349.89 371.64 349.89 371.88 349.89 c h 371.76 354.09 m 371.4 354.45 371.16 354.69 370.92 354.93 c 371.04 355.17 371.28 355.29 371.4 355.41 c 371.52 355.53 371.64 355.65 371.76 355.77 c 371.88 355.65 372 355.53 372.12 355.41 c 372.24 355.29 372.36 355.17 372.48 355.05 c 372.48 354.93 372.36 354.81 372.24 354.57 c 372.12 354.45 371.88 354.33 371.76 354.09 c h f 
377.64 348.93 m 377.64 348.93 377.52 348.93 377.52 349.05 c 377.52 349.05 377.52 349.17 377.64 349.29 c 377.64 349.53 377.64 349.65 377.64 349.77 c 377.76 349.89 377.76 349.89 377.76 349.89 c 378 349.89 378.24 349.89 378.48 349.89 c 378.72 349.89 378.96 349.89 379.2 349.89 c 379.56 349.89 379.8 350.01 380.04 350.01 c 380.4 350.01 380.64 350.13 380.88 350.13 c 380.76 350.37 380.52 350.73 380.28 351.09 c 380.04 351.33 379.8 351.69 379.44 351.93 c 379.2 352.29 378.84 352.53 378.48 352.77 c 378.12 353.01 377.76 353.25 377.4 353.49 c 377.04 353.49 l 376.8 353.61 376.68 353.73 376.56 353.97 c 376.44 354.09 376.44 354.33 376.44 354.45 c 376.44 354.69 376.44 354.81 376.56 354.93 c 376.56 355.05 376.68 355.17 376.92 355.29 c 377.04 355.17 377.28 355.05 377.4 354.81 c 377.64 354.69 377.88 354.45 378.12 354.33 c 378.36 354.09 378.6 353.85 378.84 353.61 c 379.08 353.37 379.32 353.13 379.56 352.89 c 379.8 352.65 380.04 352.41 380.16 352.17 c 380.28 352.05 380.4 351.93 380.52 351.69 c 380.76 351.45 380.88 351.21 381 350.97 c 381.12 350.73 381.24 350.61 381.36 350.37 c 381.48 350.25 381.48 350.01 381.48 350.01 c 381.48 349.89 381.48 349.89 381.48 349.77 c 381.48 349.65 381.36 349.53 381.36 349.53 c 381.24 349.41 381.24 349.29 381.24 349.17 c 381.12 349.17 381.12 349.05 381.12 349.05 c 381 349.05 380.76 349.05 380.52 349.05 c 380.28 348.93 380.04 348.93 379.8 348.93 c 379.56 348.93 379.32 348.93 379.2 348.93 c 379.08 348.93 378.96 348.93 378.84 348.93 c 378.72 348.93 378.6 348.93 378.36 348.93 c 378.24 348.93 378 348.93 377.88 348.93 c 377.76 348.93 377.64 348.93 377.64 348.93 c h 375.96 355.53 m 375.96 356.01 l 376.32 356.25 l 376.08 356.37 375.96 356.49 375.96 356.73 c 375.96 356.85 375.96 356.97 376.08 357.09 c 376.2 357.33 376.32 357.45 376.44 357.45 c 376.56 357.57 376.68 357.69 376.8 357.69 c 377.04 357.69 377.28 357.45 377.28 357.21 c 377.28 357.09 377.16 356.97 377.16 356.85 c 376.92 356.97 l 376.92 356.97 l 376.92 356.97 376.92 357.09 376.92 357.09 c 376.92 357.09 376.8 357.09 376.8 357.09 c 376.68 357.09 376.56 357.09 376.56 356.97 c 376.44 356.97 376.32 356.85 376.32 356.73 c 376.44 356.61 376.68 356.49 376.92 356.49 c 376.92 356.49 377.04 356.49 377.16 356.49 c 377.16 356.49 377.28 356.49 377.4 356.49 c 377.4 356.13 l 377.04 356.01 376.8 355.89 376.56 355.89 c 376.44 355.77 376.2 355.65 375.96 355.53 c h f 
378.72 349.65 m 378 349.77 l 378.24 350.01 378.6 350.37 378.84 350.61 c 379.2 350.85 379.44 351.09 379.68 351.33 c 379.8 351.69 380.04 351.93 380.16 352.17 c 380.28 352.53 380.28 352.77 380.28 353.13 c 380.28 353.25 380.28 353.37 380.28 353.61 c 380.28 353.85 380.28 354.09 380.16 354.33 c 380.16 354.57 380.16 354.81 380.04 355.05 c 380.04 355.29 380.04 355.41 380.04 355.65 c 380.04 355.77 379.92 356.01 379.92 356.01 c 379.92 356.25 380.04 356.49 380.16 356.61 c 380.4 356.73 380.64 356.85 380.88 356.85 c 381 356.61 381 356.37 381.12 356.13 c 381.12 356.01 381.24 355.77 381.36 355.53 c 381 355.17 l 381 355.17 381 355.05 381 354.81 c 381 354.69 381 354.57 381 354.33 c 381 354.09 381 353.97 381 353.73 c 381 353.61 381 353.49 381 353.49 c 381 353.01 381 352.65 380.88 352.29 c 380.64 351.81 380.52 351.45 380.28 351.21 c 380.04 350.85 379.8 350.61 379.56 350.37 c 379.2 350.13 378.96 349.89 378.72 349.65 c h f 
383.16 348.93 m 383.04 349.65 383.04 350.25 383.04 350.85 c 383.04 351.57 383.04 352.05 382.92 352.65 c 382.92 353.13 382.92 353.73 382.8 354.21 c 382.8 354.69 382.8 355.17 382.68 355.65 c 382.68 355.89 382.68 356.01 382.8 356.13 c 382.92 356.25 382.92 356.37 383.16 356.49 c 383.28 356.61 383.4 356.61 383.64 356.61 c 383.64 356.49 383.76 356.25 383.88 356.01 c 383.88 355.77 384 355.53 384.12 355.29 c 383.76 355.05 l 383.76 354.45 383.76 353.97 383.76 353.37 c 383.76 352.77 383.76 352.05 383.76 351.33 c 383.76 350.61 383.76 349.89 383.76 349.05 c 383.16 348.93 l h f 
388.8 345.93 m 388.08 345.93 387.6 346.05 387.24 346.53 c 386.88 346.89 386.64 347.37 386.64 348.09 c 386.64 348.33 386.76 348.45 386.76 348.57 c 386.76 348.69 386.76 348.81 386.76 349.05 c 386.88 349.29 386.88 349.41 386.88 349.65 c 387.36 349.53 l 387.24 349.17 387.24 348.93 387.24 348.69 c 387.24 348.21 387.36 347.73 387.72 347.49 c 387.96 347.13 388.32 347.01 388.8 347.01 c 389.16 347.01 389.4 347.01 389.64 347.13 c 390 347.13 390.24 347.25 390.6 347.37 c 390.84 347.49 391.08 347.61 391.32 347.73 c 391.56 347.85 391.68 347.97 391.8 348.09 c 392.04 348.21 392.16 348.33 392.16 348.45 c 392.16 348.45 392.04 348.45 391.92 348.45 c 391.8 348.45 391.68 348.45 391.68 348.45 c 391.08 348.45 390.6 348.57 390.36 348.69 c 390 348.81 389.76 348.93 389.64 349.17 c 389.52 349.41 389.4 349.65 389.4 350.01 c 389.4 350.25 389.52 350.61 389.64 350.85 c 389.76 351.21 389.88 351.45 390.12 351.69 c 390.24 352.05 390.48 352.29 390.72 352.53 c 391.08 352.77 391.44 353.01 391.8 353.01 c 392.04 353.01 392.28 352.89 392.4 352.65 c 392.52 352.53 392.64 352.17 392.64 351.81 c 392.28 351.69 l 392.16 351.81 392.16 351.81 392.04 351.81 c 392.04 351.93 391.92 351.93 391.92 351.93 c 391.8 351.93 391.56 351.81 391.44 351.81 c 391.2 351.69 391.08 351.57 390.84 351.45 c 390.72 351.21 390.48 351.09 390.36 350.85 c 390.12 350.61 390 350.25 389.88 350.01 c 390 349.89 390.24 349.89 390.36 349.77 c 390.6 349.77 390.84 349.65 391.2 349.65 c 391.44 349.53 391.68 349.53 391.92 349.53 c 392.04 349.41 392.16 349.41 392.28 349.29 c 392.4 349.17 392.52 349.05 392.64 348.93 c 392.64 348.81 392.64 348.57 392.64 348.45 c 392.64 348.21 392.52 347.97 392.4 347.73 c 392.16 347.49 391.92 347.13 391.56 346.89 c 391.32 346.65 390.96 346.53 390.48 346.29 c 389.88 346.05 389.28 345.93 388.8 345.93 c h f 
394.08 346.53 m 393.96 346.53 393.84 346.65 393.72 346.65 c 393.48 346.77 393.24 346.89 393.12 346.89 c 392.88 347.01 392.76 347.13 392.52 347.25 c 392.76 347.73 l 393 347.73 393.12 347.61 393.36 347.61 c 393.48 347.61 393.72 347.61 393.84 347.61 c 394.44 347.61 394.92 347.73 395.28 348.09 c 395.76 348.45 396 348.81 396.24 349.53 c 396.12 349.65 396.12 349.77 396 349.89 c 396 350.01 395.88 350.13 395.88 350.25 c 395.64 350.61 395.4 350.97 395.28 351.33 c 395.16 351.57 395.04 351.81 395.04 352.05 c 395.04 352.29 395.16 352.41 395.28 352.53 c 395.4 352.77 395.64 352.89 395.88 353.01 c 395.88 352.89 395.88 352.65 396 352.53 c 396 352.29 396.12 352.17 396.12 351.93 c 396.24 351.69 396.24 351.57 396.36 351.45 c 396.48 351.09 396.48 350.85 396.6 350.61 c 396.72 350.37 396.72 350.13 396.72 349.89 c 396.72 349.29 396.6 348.69 396.36 348.21 c 396.12 347.73 395.88 347.25 395.4 347.01 c 395.04 346.65 394.56 346.53 394.08 346.53 c h 395.16 353.61 m 394.8 353.97 394.56 354.21 394.32 354.45 c 394.56 354.57 394.68 354.81 394.8 354.93 c 394.92 355.05 395.04 355.17 395.16 355.29 c 395.28 355.17 395.4 355.05 395.52 354.93 c 395.64 354.81 395.76 354.69 395.88 354.57 c 395.88 354.45 395.76 354.21 395.64 354.09 c 395.52 353.97 395.28 353.85 395.16 353.61 c h f 
398.28 348.93 m 398.28 349.65 398.28 350.25 398.28 350.85 c 398.16 351.57 398.16 352.05 398.16 352.65 c 398.16 353.13 398.04 353.73 398.04 354.21 c 398.04 354.69 397.92 355.17 397.92 355.65 c 397.92 355.89 397.92 356.01 398.04 356.13 c 398.04 356.25 398.16 356.37 398.28 356.49 c 398.4 356.61 398.64 356.61 398.88 356.61 c 398.88 356.49 398.88 356.25 399 356.01 c 399.12 355.77 399.12 355.53 399.24 355.29 c 398.88 355.05 l 398.88 354.45 399 353.97 399 353.37 c 399 352.77 399 352.05 399 351.33 c 398.88 350.61 398.88 349.89 398.88 349.05 c 398.28 348.93 l h f 
401.88 346.53 m 401.76 346.53 401.64 346.65 401.4 346.65 c 401.16 346.77 400.92 346.89 400.68 347.01 c 400.56 347.13 400.32 347.25 400.2 347.37 c 400.32 347.73 l 400.56 347.73 400.8 347.61 400.92 347.61 c 401.16 347.61 401.4 347.61 401.64 347.61 c 402.12 347.61 402.6 347.73 402.96 347.97 c 403.32 348.09 403.68 348.45 403.92 348.93 c 403.56 348.93 403.2 348.93 402.96 349.05 c 402.72 349.05 402.48 349.05 402.24 349.17 c 401.88 349.17 401.52 349.41 401.4 349.65 c 401.16 349.77 401.16 350.13 401.16 350.49 c 401.16 350.97 401.16 351.33 401.4 351.69 c 401.52 352.17 401.76 352.41 402 352.65 c 402.24 352.89 402.48 353.01 402.72 353.01 c 403.08 353.01 403.32 352.89 403.68 352.65 c 403.92 352.29 404.16 351.93 404.28 351.45 c 404.4 351.21 404.52 350.97 404.52 350.73 c 404.52 350.49 404.64 350.25 404.64 350.01 c 405.24 350.01 l 405.36 350.01 405.36 349.89 405.36 349.89 c 405.36 349.05 l 405.36 348.93 405.36 348.93 405.24 348.93 c 404.52 348.93 l 404.4 348.45 404.16 348.09 403.92 347.73 c 403.68 347.37 403.32 347.01 402.96 346.89 c 402.6 346.65 402.36 346.53 401.88 346.53 c h 404.04 350.01 m 403.92 350.37 403.8 350.73 403.68 350.97 c 403.56 351.33 403.32 351.57 403.2 351.69 c 402.96 351.81 402.84 351.93 402.6 351.93 c 402.36 351.93 402.24 351.93 402.12 351.81 c 402 351.69 401.88 351.57 401.76 351.33 c 401.64 351.21 401.64 351.09 401.64 350.97 c 401.64 350.73 401.76 350.49 401.88 350.37 c 402.12 350.25 402.36 350.13 402.72 350.01 c 402.84 350.01 403.08 350.01 403.32 350.01 c 403.44 350.01 403.68 350.01 404.04 350.01 c h f 
405.12 348.93 m 405.12 348.93 405.12 348.93 405.12 349.05 c 405.12 349.89 l 405.12 349.89 405.12 350.01 405.12 350.01 c 405.6 350.01 405.96 350.01 406.32 350.01 c 406.68 350.01 406.92 350.13 407.04 350.25 c 407.16 350.25 407.28 350.37 407.4 350.61 c 407.4 350.73 407.64 350.97 407.76 351.33 c 407.88 351.45 407.88 351.57 408 351.57 c 408 351.69 408.12 351.69 408.24 351.69 c 408.36 351.69 408.48 351.69 408.6 351.57 c 408.48 351.45 408.48 351.33 408.36 351.09 c 408.36 350.97 408.24 350.73 408.24 350.61 c 408.12 350.49 408.12 350.37 408 350.37 c 408.24 350.25 408.48 350.13 408.72 350.01 c 408.96 350.01 409.2 350.01 409.44 350.01 c 409.44 350.01 409.44 349.89 409.44 349.89 c 409.44 349.05 l 409.44 348.93 409.44 348.93 409.44 348.93 c 408.72 348.93 408.12 349.17 407.64 349.65 c 407.52 349.41 l 407.4 349.29 407.28 349.29 407.04 349.17 c 406.8 349.05 406.44 349.05 406.2 348.93 c 405.84 348.93 405.48 348.93 405.12 348.93 c h 408.24 352.65 m 408.12 352.77 407.88 352.89 407.76 353.01 c 407.64 353.13 407.52 353.25 407.52 353.37 c 407.52 353.49 407.64 353.61 407.76 353.73 c 407.88 353.85 408 353.97 408.24 354.21 c 408.24 354.09 408.36 354.09 408.48 353.97 c 408.6 353.85 408.72 353.61 408.96 353.49 c 408.72 353.25 408.48 353.01 408.24 352.65 c h 406.56 352.53 m 406.44 352.65 406.2 352.77 406.08 352.89 c 405.96 353.01 405.84 353.13 405.84 353.25 c 405.96 353.37 406.08 353.49 406.2 353.61 c 406.32 353.73 406.44 353.85 406.56 353.97 c 406.56 353.97 406.68 353.85 406.8 353.73 c 406.92 353.61 407.04 353.49 407.28 353.37 c 407.16 353.25 407.04 353.01 406.92 352.89 c 406.8 352.77 406.68 352.65 406.56 352.53 c h f 
413.4 348.93 m 413.16 348.93 412.8 348.93 412.44 348.93 c 412.08 349.05 411.84 349.05 411.48 349.17 c 411.12 349.29 410.88 349.41 410.64 349.53 c 410.52 349.29 410.28 349.17 410.04 349.05 c 409.8 348.93 409.56 348.93 409.32 348.93 c 409.2 348.93 409.2 348.93 409.2 349.05 c 409.2 349.89 l 409.2 349.89 409.2 350.01 409.32 350.01 c 409.56 350.01 409.8 350.01 410.04 350.13 c 410.28 350.37 410.4 350.49 410.64 350.85 c 410.76 351.09 410.88 351.21 410.88 351.45 c 411 351.57 411 351.69 411.12 351.81 c 411.24 351.93 411.24 352.05 411.36 352.17 c 411.6 352.41 411.72 352.65 411.96 352.77 c 412.08 352.89 412.32 352.89 412.56 352.89 c 412.8 352.89 413.04 352.77 413.28 352.53 c 413.52 352.17 413.64 351.81 413.88 351.45 c 414 350.97 414.12 350.49 414.12 350.13 c 414.12 349.89 414 349.65 413.88 349.41 c 413.76 349.29 413.64 349.05 413.4 348.93 c h 413.16 349.89 m 413.16 350.25 413.04 350.49 413.04 350.85 c 412.92 351.21 412.8 351.45 412.68 351.57 c 412.56 351.69 412.44 351.81 412.32 351.81 c 412.08 351.81 411.84 351.57 411.72 351.33 c 411.6 351.21 411.6 351.21 411.48 350.97 c 411.36 350.85 411.24 350.61 411.12 350.37 c 411.48 350.25 411.72 350.13 412.08 350.13 c 412.44 350.01 412.8 349.89 413.16 349.89 c h f 
416.16 351.57 m 416.16 352.77 l 416.64 353.01 417.12 353.25 417.48 353.37 c 417.84 353.61 418.2 353.61 418.56 353.61 c 419.04 353.61 419.52 353.49 420.24 353.25 c 420.96 353.01 421.44 352.77 421.68 352.77 c 421.92 352.77 422.28 352.89 422.52 353.01 c 422.88 353.25 423.36 353.49 423.84 353.97 c 423.84 352.65 l 423.36 352.41 423 352.17 422.64 352.05 c 422.28 351.93 421.92 351.81 421.68 351.81 c 421.32 351.81 420.84 351.93 420.12 352.17 c 419.4 352.53 418.8 352.65 418.44 352.65 c 418.08 352.65 417.84 352.53 417.48 352.41 c 417.12 352.17 416.64 351.93 416.16 351.57 c h f 
q 0.12 0 0 -0.12 0 841.89 cm 3 w 0 J 0 j 4 M 0.141 0.125 0.129 SC 3468 4086 m 3468 4076 l 3472 4074 3476 4072 3479 4071 c 3482 4069 3485 4069 3488 4069 c 3492 4069 3496 4070 3502 4072 c 3508 4074 3512 4076 3514 4076 c 3516 4076 3519 4075 3521 4074 c 3524 4072 3528 4070 3532 4066 c 3532 4077 l 3528 4079 3525 4081 3522 4082 c 3519 4083 3516 4084 3514 4084 c 3511 4084 3507 4083 3501 4081 c 3495 4078 3490 4077 3487 4077 c 3484 4077 3482 4078 3479 4079 c 3476 4081 3472 4083 3468 4086 c h S Q 
q 0.12 0 0 -0.12 0 841.89 cm 1 w 0 J 0 j 4 M 0.141 0.125 0.129 SC 3594 4080 m 3581 4050 l 3569 4080 l 3594 4080 l h S Q 
q 0.12 0 0 -0.12 0 841.89 cm 1 w 0 J 0 j 4 M 0.141 0.125 0.129 SC 3547 4108 m 3547 4106 l 3550 4106 3552 4105 3553 4103 c 3555 4101 3557 4097 3560 4088 c 3583 4035 l 3585 4035 l 3612 4097 l 3614 4101 3615 4103 3617 4104 c 3618 4105 3619 4106 3622 4106 c 3622 4108 l 3594 4108 l 3594 4106 l 3597 4106 3600 4106 3600 4105 c 3601 4105 3602 4104 3602 4102 c 3602 4102 3602 4101 3601 4100 c 3601 4098 3600 4097 3600 4095 c 3595 4085 l 3567 4085 l 3564 4092 3562 4096 3562 4098 c 3561 4099 3561 4101 3561 4102 c 3561 4103 3562 4105 3563 4105 c 3564 4106 3566 4106 3568 4106 c 3568 4108 l 3547 4108 l h S Q 
q 0.12 0 0 -0.12 0 841.89 cm 1 w 0 J 0 j 4 M 0.141 0.125 0.129 SC 3654 4104 m 3659 4104 3664 4103 3668 4101 c 3672 4099 3673 4095 3673 4089 c 3673 4083 3671 4078 3667 4076 c 3663 4074 3657 4073 3650 4073 c 3648 4073 3647 4073 3647 4073 c 3647 4073 3646 4073 3645 4073 c 3645 4100 l 3645 4102 3645 4103 3647 4104 c 3648 4104 3650 4104 3654 4104 c h S Q 
q 0.12 0 0 -0.12 0 841.89 cm 1 w 0 J 0 j 4 M 0.141 0.125 0.129 SC 3623 4106 m 3628 4106 3631 4105 3632 4104 c 3633 4103 3634 4101 3634 4097 c 3634 4048 l 3634 4044 3633 4041 3632 4040 c 3631 4039 3628 4038 3623 4038 c 3623 4036 l 3654 4036 l 3663 4036 3670 4037 3675 4040 c 3680 4043 3682 4048 3682 4055 c 3682 4060 3681 4064 3677 4067 c 3675 4068 3672 4069 3668 4070 c 3673 4072 3677 4074 3681 4076 c 3684 4079 3686 4083 3686 4088 c 3686 4097 3682 4103 3674 4106 c 3670 4108 3665 4108 3659 4108 c 3623 4108 l 3623 4106 l h S Q 
q 0.12 0 0 -0.12 0 841.89 cm 1 w 0 J 0 j 4 M 0.141 0.125 0.129 SC 3655 4068 m 3659 4068 3662 4068 3664 4067 c 3669 4065 3671 4061 3671 4055 c 3671 4049 3669 4044 3663 4042 c 3660 4041 3656 4040 3650 4040 c 3648 4040 3646 4040 3646 4041 c 3645 4041 3645 4042 3645 4044 c 3645 4069 l 3655 4068 l h S Q 
q 0.12 0 0 -0.12 0 841.89 cm 1 w 0 J 0 j 4 M 0.141 0.125 0.129 SC 3732 4035 m 3736 4035 3740 4035 3744 4037 c 3749 4038 3751 4038 3751 4038 c 3752 4038 3753 4038 3754 4038 c 3755 4037 3756 4036 3756 4035 c 3758 4035 l 3759 4059 l 3757 4059 l 3756 4055 3754 4051 3751 4048 c 3747 4042 3741 4039 3733 4039 c 3726 4039 3719 4042 3715 4048 c 3710 4054 3707 4063 3707 4073 c 3707 4083 3710 4091 3715 4097 c 3720 4102 3726 4105 3734 4105 c 3740 4105 3745 4104 3750 4101 c 3753 4100 3756 4097 3759 4094 c 3761 4096 l 3758 4099 3755 4102 3752 4104 c 3746 4108 3739 4110 3732 4110 c 3720 4110 3711 4107 3704 4099 c 3698 4092 3695 4083 3695 4073 c 3695 4062 3698 4053 3705 4046 c 3712 4039 3721 4035 3732 4035 c h S Q 
q 0.12 0 0 -0.12 0 841.89 cm 1 w 0 J 0 j 4 M 0.141 0.125 0.129 SC 3785 4100 m 3785 4102 3785 4103 3786 4104 c 3787 4104 3789 4104 3792 4104 c 3800 4104 3807 4103 3812 4099 c 3821 4094 3825 4085 3825 4073 c 3825 4061 3822 4053 3815 4047 c 3809 4042 3801 4040 3791 4040 c 3789 4040 3787 4040 3786 4041 c 3785 4041 3785 4042 3785 4044 c 3785 4100 l h S Q 
q 0.12 0 0 -0.12 0 841.89 cm 1 w 0 J 0 j 4 M 0.141 0.125 0.129 SC 3764 4106 m 3768 4106 3771 4105 3772 4104 c 3773 4103 3774 4101 3774 4097 c 3774 4048 l 3774 4044 3773 4041 3772 4040 c 3771 4039 3768 4038 3764 4038 c 3764 4036 l 3793 4036 l 3803 4036 3812 4038 3819 4041 c 3831 4047 3837 4057 3837 4072 c 3837 4078 3836 4083 3834 4088 c 3832 4093 3828 4097 3824 4100 c 3821 4103 3818 4104 3815 4105 c 3809 4107 3802 4108 3794 4108 c 3764 4108 l 3764 4106 l h S Q 
1 w 0.141 0.125 0.129 sc 431.28 352.29 m 429.72 355.89 l 428.28 352.29 l 431.28 352.29 l h 425.64 348.93 m 425.64 349.17 l 426 349.17 426.24 349.29 426.36 349.53 c 426.6 349.77 426.84 350.25 427.2 351.33 c 429.96 357.69 l 430.2 357.69 l 433.44 350.25 l 433.68 349.77 433.8 349.53 434.04 349.41 c 434.16 349.29 434.28 349.17 434.64 349.17 c 434.64 348.93 l 431.28 348.93 l 431.28 349.17 l 431.64 349.17 432 349.17 432 349.29 c 432.12 349.29 432.24 349.41 432.24 349.65 c 432.24 349.65 432.24 349.77 432.12 349.89 c 432.12 350.13 432 350.25 432 350.49 c 431.4 351.69 l 428.04 351.69 l 427.68 350.85 427.44 350.37 427.44 350.13 c 427.32 350.01 427.32 349.77 427.32 349.65 c 427.32 349.53 427.44 349.29 427.56 349.29 c 427.68 349.17 427.92 349.17 428.16 349.17 c 428.16 348.93 l 425.64 348.93 l h f 
438.48 349.41 m 439.08 349.41 439.68 349.53 440.16 349.77 c 440.64 350.01 440.76 350.49 440.76 351.21 c 440.76 351.93 440.52 352.53 440.04 352.77 c 439.56 353.01 438.84 353.13 438 353.13 c 437.76 353.13 437.64 353.13 437.64 353.13 c 437.64 353.13 437.52 353.13 437.4 353.13 c 437.4 349.89 l 437.4 349.65 437.4 349.53 437.64 349.41 c 437.76 349.41 438 349.41 438.48 349.41 c h 434.76 349.17 m 435.36 349.17 435.72 349.29 435.84 349.41 c 435.96 349.53 436.08 349.77 436.08 350.25 c 436.08 356.13 l 436.08 356.61 435.96 356.97 435.84 357.09 c 435.72 357.21 435.36 357.33 434.76 357.33 c 434.76 357.57 l 438.48 357.57 l 439.56 357.57 440.28 357.45 441 357.09 c 441.6 356.73 441.84 356.13 441.84 355.29 c 441.84 354.69 441.6 354.21 441.24 353.85 c 441 353.73 440.64 353.61 440.16 353.49 c 440.76 353.25 441.24 353.01 441.72 352.77 c 442.08 352.41 442.32 351.93 442.32 351.33 c 442.32 350.25 441.84 349.53 440.88 349.17 c 440.4 348.93 439.8 348.93 439.08 348.93 c 434.76 348.93 l 434.76 349.17 l h 438.6 353.73 m 439.08 353.73 439.44 353.73 439.68 353.85 c 440.28 354.09 440.52 354.57 440.52 355.29 c 440.52 356.01 440.28 356.61 439.56 356.85 c 439.2 356.97 438.72 357.09 438 357.09 c 437.76 357.09 437.52 357.09 437.52 356.97 c 437.4 356.97 437.4 356.85 437.4 356.61 c 437.4 353.61 l 438.6 353.73 l h f 
447.84 357.69 m 448.32 357.69 448.8 357.69 449.28 357.45 c 449.88 357.33 450.12 357.33 450.12 357.33 c 450.24 357.33 450.36 357.33 450.48 357.33 c 450.6 357.45 450.72 357.57 450.72 357.69 c 450.96 357.69 l 451.08 354.81 l 450.84 354.81 l 450.6 355.29 450.48 355.77 450.12 356.13 c 449.64 356.85 448.92 357.21 447.96 357.21 c 447.12 357.21 446.28 356.85 445.8 356.13 c 445.2 355.41 444.84 354.33 444.84 353.13 c 444.84 351.93 445.2 350.97 445.8 350.25 c 446.4 349.65 447.12 349.29 448.08 349.29 c 448.8 349.29 449.4 349.41 450 349.77 c 450.36 349.89 450.72 350.25 451.08 350.61 c 451.32 350.37 l 450.96 350.01 450.6 349.65 450.24 349.41 c 449.52 348.93 448.68 348.69 447.84 348.69 c 446.4 348.69 445.32 349.05 444.48 350.01 c 443.76 350.85 443.4 351.93 443.4 353.13 c 443.4 354.45 443.76 355.53 444.6 356.37 c 445.44 357.21 446.52 357.69 447.84 357.69 c h 447.84 357.69 m 447.84 357.69 447.84 357.69 447.84 357.69 c h f 
454.2 349.89 m 454.2 349.65 454.2 349.53 454.32 349.41 c 454.44 349.41 454.68 349.41 454.92 349.41 c 456 349.41 456.84 349.53 457.44 350.01 c 458.52 350.61 459 351.69 459 353.13 c 459 354.57 458.64 355.53 457.8 356.25 c 457.08 356.85 456.12 357.09 454.92 357.09 c 454.68 357.09 454.44 357.09 454.32 356.97 c 454.2 356.97 454.2 356.85 454.2 356.61 c 454.2 349.89 l h 451.68 349.17 m 452.16 349.17 452.52 349.29 452.64 349.41 c 452.76 349.53 452.88 349.77 452.88 350.25 c 452.88 356.13 l 452.88 356.61 452.76 356.97 452.64 357.09 c 452.52 357.21 452.16 357.33 451.68 357.33 c 451.68 357.57 l 455.16 357.57 l 456.36 357.57 457.44 357.33 458.28 356.97 c 459.72 356.25 460.44 355.05 460.44 353.25 c 460.44 352.53 460.32 351.93 460.08 351.33 c 459.72 350.73 459.36 350.25 458.88 349.89 c 458.52 349.53 458.16 349.41 457.8 349.29 c 457.08 349.05 456.24 348.93 455.28 348.93 c 451.68 348.93 l 451.68 349.17 l h f 
466.08 345.57 m 465.48 345.57 465 345.57 464.52 345.81 c 464.04 346.05 463.68 346.29 463.44 346.77 c 463.2 347.13 463.08 347.61 463.08 348.09 c 463.08 348.93 463.44 349.65 464.04 350.37 c 463.8 350.37 463.56 350.49 463.32 350.73 c 463.2 350.85 462.96 351.09 462.84 351.33 c 462.72 351.57 462.72 351.69 462.72 351.93 c 462.72 352.17 462.72 352.41 462.84 352.65 c 462.96 352.89 462.96 353.13 463.2 353.37 c 463.32 353.61 463.44 353.73 463.68 353.97 c 463.92 354.21 464.28 354.33 464.52 354.33 c 464.88 354.33 465.12 354.21 465.36 354.09 c 465.6 353.97 465.84 353.73 466.2 353.37 c 465.96 353.01 l 465.72 353.13 465.6 353.13 465.36 353.13 c 465.12 353.25 465 353.25 464.88 353.25 c 464.64 353.25 464.4 353.25 464.16 353.13 c 463.92 353.13 463.68 353.01 463.44 352.89 c 463.44 352.41 463.56 352.05 463.8 351.69 c 464.16 351.45 464.52 351.21 465.12 351.21 c 465.36 351.33 465.72 351.45 466.08 351.69 c 466.44 351.81 466.8 351.93 467.16 352.05 c 467.28 351.93 467.28 351.81 467.28 351.69 c 467.28 351.57 467.28 351.45 467.16 351.33 c 467.16 351.21 467.04 351.09 466.92 351.09 c 466.8 350.97 466.68 350.97 466.56 350.85 c 466.44 350.73 466.2 350.73 466.08 350.61 c 465.36 350.37 465 350.13 464.64 349.89 c 464.28 349.65 464.04 349.41 463.92 349.17 c 463.8 348.93 463.68 348.81 463.68 348.69 c 463.68 348.57 463.56 348.33 463.56 348.21 c 463.56 347.73 463.8 347.37 464.28 347.01 c 464.64 346.77 465.24 346.65 466.08 346.65 c 466.32 346.65 466.44 346.65 466.68 346.65 c 466.8 346.65 466.92 346.65 467.16 346.65 c 467.4 346.65 467.64 346.77 467.88 346.77 c 468.24 346.77 468.48 346.89 468.84 347.01 c 468.96 346.53 l 468.36 346.17 467.88 345.93 467.4 345.81 c 466.92 345.57 466.44 345.57 466.08 345.57 c h f 
472.08 350.01 m 471.96 350.37 471.72 350.73 471.6 351.09 c 471.36 351.45 471.24 351.81 471 352.05 c 470.88 352.29 470.64 352.53 470.52 352.77 c 470.28 353.01 470.04 353.25 469.8 353.37 c 469.44 353.37 l 469.32 353.61 469.2 353.73 469.08 353.85 c 468.96 354.09 468.96 354.21 468.96 354.45 c 468.96 354.57 468.96 354.81 469.08 354.93 c 469.2 354.93 469.32 355.05 469.44 355.17 c 469.68 354.93 469.92 354.81 470.16 354.57 c 470.4 354.33 470.64 353.97 470.76 353.73 c 471 353.37 471.24 353.13 471.36 352.77 c 471.6 352.53 471.72 352.17 471.84 351.93 c 471.84 351.81 471.96 351.57 472.08 351.45 c 472.08 351.21 472.2 350.97 472.2 350.73 c 472.32 350.61 472.44 350.37 472.44 350.25 c 472.08 350.01 l h f 
469.2 348.93 m 469.2 349.29 l 469.56 349.41 469.92 349.53 470.28 349.65 c 470.64 349.77 471 349.89 471.24 350.01 c 471.48 350.13 471.72 350.25 471.96 350.37 c 472.08 350.61 472.32 350.73 472.44 350.97 c 472.56 351.21 472.8 351.57 472.92 351.93 c 473.04 352.17 473.16 352.65 473.16 353.01 c 473.28 353.49 473.28 353.97 473.4 354.45 c 473.4 354.93 473.4 355.41 473.4 356.01 c 473.64 356.13 473.76 356.25 473.88 356.37 c 474 356.49 474.24 356.61 474.36 356.61 c 474.36 356.49 474.36 356.25 474.36 356.01 c 474.36 355.77 474.36 355.53 474.36 355.29 c 474.36 355.05 474.36 354.69 474.36 354.45 c 474.48 354.21 474.48 353.97 474.48 353.73 c 474.48 353.49 474.48 353.25 474.48 353.13 c 474.48 352.77 474.48 352.53 474.48 352.29 c 474.48 352.05 474.48 351.81 474.48 351.57 c 474.48 351.33 474.48 351.09 474.48 350.85 c 474.48 350.73 474.48 350.49 474.48 350.25 c 474.6 350.25 474.6 350.13 474.72 350.13 c 474.84 350.13 474.84 350.13 474.96 350.01 c 475.08 350.01 475.2 350.01 475.32 350.01 c 475.44 350.01 475.56 350.01 475.68 350.01 c 475.8 350.01 475.8 349.89 475.8 349.89 c 475.8 349.05 l 475.8 348.93 475.8 348.93 475.68 348.93 c 475.44 348.93 475.2 348.93 474.96 349.05 c 474.72 349.05 474.48 349.17 474.36 349.41 c 474.24 349.53 474.12 349.65 474 349.89 c 474 350.25 474 350.61 473.88 350.97 c 473.88 351.21 473.88 351.57 473.88 351.93 c 473.88 352.05 473.88 352.17 473.88 352.41 c 473.76 352.53 473.76 352.77 473.76 353.01 c 473.76 353.13 473.76 353.37 473.76 353.49 c 473.76 353.25 473.64 353.01 473.64 352.77 c 473.64 352.53 473.64 352.29 473.52 352.05 c 473.52 351.93 473.52 351.69 473.52 351.57 c 473.4 351.33 473.4 351.21 473.4 351.09 c 473.28 350.85 473.16 350.61 473.16 350.37 c 473.04 350.13 472.92 349.89 472.8 349.77 c 472.44 349.41 472.08 349.05 471.6 349.05 c 471.24 349.05 470.76 348.93 470.4 348.93 c 470.04 348.93 469.68 348.93 469.2 348.93 c h f 
480.24 348.93 m 479.88 348.93 479.52 348.93 479.04 348.93 c 478.68 349.05 478.32 349.05 477.96 349.17 c 477.6 349.29 477.36 349.41 477.12 349.53 c 477.12 349.53 477 349.41 477 349.41 c 477 349.41 476.88 349.29 476.88 349.29 c 476.76 349.17 476.64 349.05 476.4 349.05 c 476.16 348.93 475.92 348.93 475.68 348.93 c 475.56 348.93 475.56 348.93 475.56 349.05 c 475.56 349.89 l 475.56 349.89 475.56 350.01 475.68 350.01 c 475.92 350.01 476.04 350.01 476.28 350.01 c 476.4 350.13 476.52 350.13 476.64 350.25 c 476.76 350.37 476.88 350.61 477.12 350.85 c 477.12 350.85 477.12 350.97 477.12 350.97 c 477.24 351.09 477.24 351.09 477.24 351.21 c 477.36 351.33 477.48 351.45 477.72 351.45 c 477.84 351.45 477.84 351.33 477.96 351.33 c 477.84 351.09 477.84 350.97 477.72 350.85 c 477.72 350.61 477.6 350.49 477.6 350.37 c 477.72 350.37 477.72 350.37 477.84 350.25 c 477.96 350.25 478.08 350.25 478.08 350.25 c 478.92 351.21 479.52 351.93 480.12 352.41 c 480.84 352.89 481.32 353.13 481.8 353.13 c 482.04 353.13 482.16 353.13 482.4 353.01 c 482.64 352.89 482.76 352.77 483 352.65 c 483.24 352.53 483.48 352.29 483.6 352.17 c 483.84 351.81 483.96 351.57 483.96 351.33 c 483.96 350.85 483.84 350.49 483.48 350.13 c 483.24 349.77 482.76 349.41 482.16 349.17 c 481.56 349.05 480.84 348.93 480.24 348.93 c h 480.36 349.89 m 480.84 349.89 481.32 350.01 481.8 350.13 c 482.4 350.25 482.88 350.49 483.36 350.85 c 483.12 351.21 482.88 351.57 482.52 351.69 c 482.16 351.93 481.92 352.05 481.56 352.05 c 481.2 352.05 480.84 351.93 480.36 351.57 c 479.88 351.21 479.28 350.73 478.8 350.01 c 479.04 350.01 479.28 350.01 479.52 349.89 c 479.88 349.89 480.12 349.89 480.36 349.89 c h 480.24 354.09 m 479.88 354.45 479.52 354.69 479.4 354.93 c 479.52 355.17 479.64 355.29 479.88 355.41 c 480 355.53 480.12 355.65 480.12 355.77 c 480.24 355.65 480.36 355.53 480.48 355.41 c 480.6 355.29 480.84 355.17 480.96 355.05 c 480.84 354.93 480.72 354.81 480.6 354.57 c 480.48 354.45 480.36 354.33 480.24 354.09 c h f 
486 348.93 m 486 348.93 486 348.93 486 349.05 c 486 349.05 486 349.17 486 349.29 c 486 349.53 486.12 349.65 486.12 349.77 c 486.12 349.89 486.12 349.89 486.24 349.89 c 486.36 349.89 486.6 349.89 486.84 349.89 c 487.2 349.89 487.44 349.89 487.68 349.89 c 487.92 349.89 488.28 350.01 488.52 350.01 c 488.76 350.01 489.12 350.13 489.36 350.13 c 489.24 350.37 489 350.73 488.76 351.09 c 488.52 351.33 488.16 351.69 487.92 351.93 c 487.56 352.29 487.32 352.53 486.96 352.77 c 486.6 353.01 486.24 353.25 485.88 353.49 c 485.4 353.49 l 485.28 353.61 485.16 353.73 485.04 353.97 c 484.92 354.09 484.8 354.33 484.8 354.45 c 484.8 354.69 484.92 354.81 484.92 354.93 c 485.04 355.05 485.16 355.17 485.28 355.29 c 485.52 355.17 485.64 355.05 485.88 354.81 c 486.12 354.69 486.36 354.45 486.6 354.33 c 486.84 354.09 487.08 353.85 487.32 353.61 c 487.56 353.37 487.8 353.13 488.04 352.89 c 488.28 352.65 488.52 352.41 488.64 352.17 c 488.76 352.05 488.88 351.93 489 351.69 c 489.12 351.45 489.24 351.21 489.48 350.97 c 489.6 350.73 489.72 350.61 489.84 350.37 c 489.84 350.25 489.96 350.01 489.96 350.01 c 489.96 349.89 489.96 349.89 489.84 349.77 c 489.84 349.65 489.84 349.53 489.72 349.53 c 489.72 349.41 489.72 349.29 489.6 349.17 c 489.6 349.17 489.6 349.05 489.6 349.05 c 489.36 349.05 489.24 349.05 489 349.05 c 488.76 348.93 488.52 348.93 488.28 348.93 c 488.04 348.93 487.8 348.93 487.56 348.93 c 487.56 348.93 487.44 348.93 487.32 348.93 c 487.2 348.93 486.96 348.93 486.84 348.93 c 486.6 348.93 486.48 348.93 486.36 348.93 c 486.24 348.93 486.12 348.93 486 348.93 c h 484.44 355.53 m 484.32 356.01 l 484.8 356.25 l 484.56 356.37 484.44 356.49 484.44 356.73 c 484.44 356.85 484.44 356.97 484.56 357.09 c 484.56 357.33 484.68 357.45 484.8 357.45 c 484.92 357.57 485.16 357.69 485.28 357.69 c 485.52 357.69 485.64 357.45 485.64 357.21 c 485.64 357.09 485.64 356.97 485.64 356.85 c 485.4 356.97 l 485.4 356.97 l 485.4 356.97 485.4 357.09 485.4 357.09 c 485.28 357.09 485.28 357.09 485.28 357.09 c 485.16 357.09 485.04 357.09 484.92 356.97 c 484.92 356.97 484.8 356.85 484.8 356.73 c 484.92 356.61 485.04 356.49 485.28 356.49 c 485.4 356.49 485.4 356.49 485.52 356.49 c 485.64 356.49 485.76 356.49 485.88 356.49 c 485.76 356.13 l 485.52 356.01 485.28 355.89 485.04 355.89 c 484.8 355.77 484.68 355.65 484.44 355.53 c h f 
487.08 349.65 m 486.36 349.77 l 486.72 350.01 487.08 350.37 487.32 350.61 c 487.68 350.85 487.92 351.09 488.04 351.33 c 488.28 351.69 488.52 351.93 488.64 352.17 c 488.76 352.53 488.76 352.77 488.76 353.13 c 488.76 353.25 488.76 353.37 488.76 353.61 c 488.76 353.85 488.64 354.09 488.64 354.33 c 488.64 354.57 488.52 354.81 488.52 355.05 c 488.52 355.29 488.52 355.41 488.4 355.65 c 488.4 355.77 488.4 356.01 488.4 356.01 c 488.4 356.25 488.52 356.49 488.64 356.61 c 488.88 356.73 489 356.85 489.36 356.85 c 489.36 356.61 489.48 356.37 489.48 356.13 c 489.6 356.01 489.6 355.77 489.72 355.53 c 489.36 355.17 l 489.36 355.17 489.36 355.05 489.48 354.81 c 489.48 354.69 489.48 354.57 489.48 354.33 c 489.48 354.09 489.48 353.97 489.48 353.73 c 489.48 353.61 489.48 353.49 489.48 353.49 c 489.48 353.01 489.36 352.65 489.24 352.29 c 489.12 351.81 488.88 351.45 488.64 351.21 c 488.52 350.85 488.28 350.61 487.92 350.37 c 487.68 350.13 487.44 349.89 487.08 349.65 c h f 
491.52 348.93 m 491.52 349.65 491.52 350.25 491.52 350.85 c 491.4 351.57 491.4 352.05 491.4 352.65 c 491.4 353.13 491.28 353.73 491.28 354.21 c 491.28 354.69 491.16 355.17 491.16 355.65 c 491.16 355.89 491.16 356.01 491.28 356.13 c 491.28 356.25 491.4 356.37 491.52 356.49 c 491.64 356.61 491.88 356.61 492.12 356.61 c 492.12 356.49 492.24 356.25 492.24 356.01 c 492.36 355.77 492.48 355.53 492.48 355.29 c 492.12 355.05 l 492.24 354.45 492.24 353.97 492.24 353.37 c 492.24 352.77 492.24 352.05 492.24 351.33 c 492.24 350.61 492.12 349.89 492.12 349.05 c 491.52 348.93 l h f 
497.28 345.93 m 496.56 345.93 496.08 346.05 495.72 346.53 c 495.36 346.89 495.12 347.37 495.12 348.09 c 495.12 348.33 495.12 348.45 495.12 348.57 c 495.12 348.69 495.24 348.81 495.24 349.05 c 495.24 349.29 495.36 349.41 495.36 349.65 c 495.84 349.53 l 495.72 349.17 495.72 348.93 495.72 348.69 c 495.72 348.21 495.84 347.73 496.08 347.49 c 496.32 347.13 496.8 347.01 497.28 347.01 c 497.52 347.01 497.88 347.01 498.12 347.13 c 498.48 347.13 498.72 347.25 498.96 347.37 c 499.32 347.49 499.56 347.61 499.8 347.73 c 500.04 347.85 500.16 347.97 500.28 348.09 c 500.4 348.21 500.52 348.33 500.64 348.45 c 500.52 348.45 500.4 348.45 500.4 348.45 c 500.28 348.45 500.16 348.45 500.04 348.45 c 499.56 348.45 499.08 348.57 498.72 348.69 c 498.48 348.81 498.24 348.93 498.12 349.17 c 497.88 349.41 497.88 349.65 497.88 350.01 c 497.88 350.25 497.88 350.61 498 350.85 c 498.12 351.21 498.36 351.45 498.48 351.69 c 498.72 352.05 498.96 352.29 499.2 352.53 c 499.56 352.77 499.92 353.01 500.16 353.01 c 500.52 353.01 500.64 352.89 500.76 352.65 c 501 352.53 501.12 352.17 501.12 351.81 c 500.64 351.69 l 500.64 351.81 500.52 351.81 500.52 351.81 c 500.52 351.93 500.4 351.93 500.28 351.93 c 500.16 351.93 500.04 351.81 499.8 351.81 c 499.68 351.69 499.44 351.57 499.32 351.45 c 499.08 351.21 498.96 351.09 498.84 350.85 c 498.6 350.61 498.36 350.25 498.36 350.01 c 498.48 349.89 498.6 349.89 498.84 349.77 c 499.08 349.77 499.32 349.65 499.68 349.65 c 499.92 349.53 500.16 349.53 500.28 349.53 c 500.52 349.41 500.64 349.41 500.76 349.29 c 500.88 349.17 501 349.05 501 348.93 c 501.12 348.81 501.12 348.57 501.12 348.45 c 501.12 348.21 501 347.97 500.88 347.73 c 500.64 347.49 500.4 347.13 500.04 346.89 c 499.68 346.65 499.32 346.53 498.96 346.29 c 498.36 346.05 497.76 345.93 497.28 345.93 c h f 
502.56 346.53 m 502.44 346.53 502.32 346.65 502.08 346.65 c 501.96 346.77 501.72 346.89 501.6 346.89 c 501.36 347.01 501.12 347.13 501 347.25 c 501.12 347.73 l 501.36 347.73 501.6 347.61 501.72 347.61 c 501.96 347.61 502.08 347.61 502.32 347.61 c 502.8 347.61 503.4 347.73 503.76 348.09 c 504.12 348.45 504.48 348.81 504.72 349.53 c 504.6 349.65 504.6 349.77 504.48 349.89 c 504.48 350.01 504.36 350.13 504.24 350.25 c 504 350.61 503.88 350.97 503.76 351.33 c 503.52 351.57 503.52 351.81 503.52 352.05 c 503.52 352.29 503.52 352.41 503.76 352.53 c 503.88 352.77 504 352.89 504.24 353.01 c 504.24 352.89 504.36 352.65 504.36 352.53 c 504.48 352.29 504.48 352.17 504.6 351.93 c 504.72 351.69 504.72 351.57 504.84 351.45 c 504.84 351.09 504.96 350.85 505.08 350.61 c 505.08 350.37 505.2 350.13 505.2 349.89 c 505.2 349.29 505.08 348.69 504.84 348.21 c 504.6 347.73 504.24 347.25 503.88 347.01 c 503.52 346.65 503.04 346.53 502.56 346.53 c h 503.64 353.61 m 503.28 353.97 503.04 354.21 502.8 354.45 c 502.92 354.57 503.16 354.81 503.28 354.93 c 503.4 355.05 503.52 355.17 503.64 355.29 c 503.76 355.17 503.76 355.05 504 354.93 c 504.12 354.81 504.24 354.69 504.36 354.57 c 504.24 354.45 504.24 354.21 504 354.09 c 503.88 353.97 503.76 353.85 503.64 353.61 c h f 
506.76 348.93 m 506.76 349.65 506.64 350.25 506.64 350.85 c 506.64 351.57 506.64 352.05 506.64 352.65 c 506.52 353.13 506.52 353.73 506.52 354.21 c 506.4 354.69 506.4 355.17 506.4 355.65 c 506.28 355.89 506.4 356.01 506.4 356.13 c 506.52 356.25 506.64 356.37 506.76 356.49 c 506.88 356.61 507 356.61 507.24 356.61 c 507.36 356.49 507.36 356.25 507.48 356.01 c 507.48 355.77 507.6 355.53 507.72 355.29 c 507.36 355.05 l 507.36 354.45 507.36 353.97 507.36 353.37 c 507.36 352.77 507.36 352.05 507.36 351.33 c 507.36 350.61 507.36 349.89 507.36 349.05 c 506.76 348.93 l h f 
510.36 346.53 m 510.24 346.53 510 346.65 509.88 346.65 c 509.64 346.77 509.4 346.89 509.16 347.01 c 508.92 347.13 508.8 347.25 508.56 347.37 c 508.8 347.73 l 508.92 347.73 509.16 347.61 509.4 347.61 c 509.64 347.61 509.88 347.61 510.12 347.61 c 510.6 347.61 511.08 347.73 511.44 347.97 c 511.8 348.09 512.04 348.45 512.28 348.93 c 511.92 348.93 511.68 348.93 511.44 349.05 c 511.08 349.05 510.96 349.05 510.72 349.17 c 510.36 349.17 510 349.41 509.88 349.65 c 509.64 349.77 509.52 350.13 509.52 350.49 c 509.52 350.97 509.64 351.33 509.76 351.69 c 510 352.17 510.12 352.41 510.48 352.65 c 510.72 352.89 510.96 353.01 511.2 353.01 c 511.56 353.01 511.8 352.89 512.04 352.65 c 512.4 352.29 512.64 351.93 512.76 351.45 c 512.88 351.21 512.88 350.97 513 350.73 c 513 350.49 513 350.25 513 350.01 c 513.72 350.01 l 513.72 350.01 513.84 349.89 513.84 349.89 c 513.84 349.05 l 513.84 348.93 513.72 348.93 513.72 348.93 c 512.88 348.93 l 512.76 348.45 512.64 348.09 512.4 347.73 c 512.04 347.37 511.8 347.01 511.44 346.89 c 511.08 346.65 510.72 346.53 510.36 346.53 c h 512.52 350.01 m 512.4 350.37 512.28 350.73 512.16 350.97 c 512.04 351.33 511.8 351.57 511.68 351.69 c 511.44 351.81 511.2 351.93 510.96 351.93 c 510.84 351.93 510.72 351.93 510.6 351.81 c 510.36 351.69 510.24 351.57 510.24 351.33 c 510.12 351.21 510.12 351.09 510.12 350.97 c 510.12 350.73 510.12 350.49 510.36 350.37 c 510.6 350.25 510.84 350.13 511.2 350.01 c 511.32 350.01 511.56 350.01 511.68 350.01 c 511.92 350.01 512.16 350.01 512.52 350.01 c h f 
513.6 348.93 m 513.6 348.93 513.48 348.93 513.48 349.05 c 513.48 349.89 l 513.48 349.89 513.6 350.01 513.6 350.01 c 514.08 350.01 514.44 350.01 514.8 350.01 c 515.04 350.01 515.28 350.13 515.52 350.25 c 515.52 350.25 515.64 350.37 515.76 350.61 c 515.88 350.73 516 350.97 516.24 351.33 c 516.24 351.45 516.36 351.57 516.48 351.57 c 516.48 351.69 516.6 351.69 516.72 351.69 c 516.84 351.69 516.96 351.69 516.96 351.57 c 516.96 351.45 516.84 351.33 516.84 351.09 c 516.72 350.97 516.72 350.73 516.6 350.61 c 516.6 350.49 516.48 350.37 516.48 350.37 c 516.72 350.25 516.96 350.13 517.2 350.01 c 517.32 350.01 517.56 350.01 517.8 350.01 c 517.92 350.01 517.92 349.89 517.92 349.89 c 517.92 349.05 l 517.92 348.93 517.92 348.93 517.8 348.93 c 517.2 348.93 516.6 349.17 516.12 349.65 c 515.88 349.41 l 515.88 349.29 515.64 349.29 515.4 349.17 c 515.16 349.05 514.92 349.05 514.56 348.93 c 514.32 348.93 513.96 348.93 513.6 348.93 c h 516.72 352.65 m 516.48 352.77 516.36 352.89 516.24 353.01 c 516.12 353.13 516 353.25 515.88 353.37 c 516 353.49 516.12 353.61 516.24 353.73 c 516.36 353.85 516.48 353.97 516.6 354.21 c 516.72 354.09 516.84 354.09 516.96 353.97 c 517.08 353.85 517.2 353.61 517.32 353.49 c 517.2 353.25 516.96 353.01 516.72 352.65 c h 515.04 352.53 m 514.8 352.65 514.68 352.77 514.56 352.89 c 514.44 353.01 514.32 353.13 514.2 353.25 c 514.32 353.37 514.44 353.49 514.56 353.61 c 514.68 353.73 514.8 353.85 515.04 353.97 c 515.04 353.97 515.16 353.85 515.28 353.73 c 515.4 353.61 515.52 353.49 515.64 353.37 c 515.64 353.25 515.52 353.01 515.4 352.89 c 515.28 352.77 515.16 352.65 515.04 352.53 c h f 
521.88 348.93 m 521.52 348.93 521.28 348.93 520.92 348.93 c 520.56 349.05 520.2 349.05 519.96 349.17 c 519.6 349.29 519.36 349.41 519.12 349.53 c 518.88 349.29 518.76 349.17 518.52 349.05 c 518.28 348.93 518.04 348.93 517.8 348.93 c 517.68 348.93 517.68 348.93 517.68 349.05 c 517.68 349.89 l 517.68 349.89 517.68 350.01 517.8 350.01 c 518.04 350.01 518.28 350.01 518.52 350.13 c 518.76 350.37 518.88 350.49 519 350.85 c 519.12 351.09 519.24 351.21 519.36 351.45 c 519.48 351.57 519.48 351.69 519.6 351.81 c 519.6 351.93 519.72 352.05 519.84 352.17 c 519.96 352.41 520.2 352.65 520.32 352.77 c 520.56 352.89 520.8 352.89 521.04 352.89 c 521.28 352.89 521.52 352.77 521.76 352.53 c 522 352.17 522.12 351.81 522.24 351.45 c 522.48 350.97 522.48 350.49 522.48 350.13 c 522.48 349.89 522.48 349.65 522.36 349.41 c 522.24 349.29 522.12 349.05 521.88 348.93 c h 521.64 349.89 m 521.52 350.25 521.52 350.49 521.4 350.85 c 521.28 351.21 521.16 351.45 521.04 351.57 c 521.04 351.69 520.92 351.81 520.8 351.81 c 520.56 351.81 520.32 351.57 520.08 351.33 c 520.08 351.21 519.96 351.21 519.96 350.97 c 519.84 350.85 519.72 350.61 519.6 350.37 c 519.84 350.25 520.2 350.13 520.44 350.13 c 520.8 350.01 521.16 349.89 521.64 349.89 c h f 
473.04 329.13 m 472.56 329.49 l 472.56 329.61 472.56 329.73 472.68 329.85 c 472.68 329.85 472.68 329.97 472.68 330.09 c 472.68 330.21 472.56 330.33 472.44 330.45 c 472.44 330.45 472.32 330.57 472.2 330.69 c 472.08 330.69 471.96 330.81 471.72 330.93 c 471.24 331.17 470.88 331.65 470.88 332.25 c 470.88 332.61 471 332.97 471.24 333.33 c 471.48 333.69 471.72 333.93 472.08 334.17 c 472.32 334.41 472.68 334.53 473.04 334.53 c 473.64 334.53 474.12 334.29 474.48 334.05 c 474.6 333.93 474.6 333.69 474.6 333.57 c 474.6 333.33 474.48 333.09 474.24 332.85 c 474 333.09 473.76 333.21 473.64 333.33 c 473.52 333.33 473.28 333.45 472.92 333.45 c 472.56 333.45 472.32 333.33 471.96 333.09 c 471.72 332.85 471.48 332.61 471.36 332.25 c 471.6 332.13 471.84 332.01 472.08 331.89 c 472.2 331.89 472.44 331.77 472.68 331.65 c 472.8 331.53 472.92 331.41 473.04 331.29 c 473.16 331.17 473.28 331.05 473.4 330.93 c 473.4 330.81 473.52 330.57 473.52 330.45 c 473.52 330.09 473.28 329.73 473.04 329.13 c h 472.8 327.09 m 472.56 327.21 472.44 327.33 472.32 327.45 c 472.08 327.57 471.96 327.69 471.84 327.81 c 471.84 327.93 471.96 327.93 471.96 328.05 c 471.96 328.17 472.08 328.17 472.08 328.29 c 472.08 328.41 472.2 328.41 472.2 328.53 c 472.2 328.65 472.32 328.65 472.32 328.77 c 472.56 328.65 472.68 328.53 472.8 328.53 c 472.92 328.41 473.04 328.41 473.16 328.29 c 473.28 328.17 473.28 328.05 473.28 328.05 c 473.28 327.93 473.16 327.57 472.8 327.09 c h f 
477.24 328.53 m 477.24 328.77 477.24 328.89 477.48 329.01 c 477.6 329.13 477.72 329.13 477.84 329.13 c 477.96 329.13 478.08 329.13 478.08 329.13 c 478.2 329.13 478.2 329.13 478.32 329.01 c 478.68 328.89 l 478.68 328.89 478.68 328.77 478.8 328.77 c 478.8 328.77 478.92 328.77 478.92 328.77 c 479.04 328.77 479.16 328.89 479.28 328.89 c 479.4 329.01 479.52 329.25 479.88 329.73 c 480.12 329.97 480.6 330.81 481.44 331.89 c 481.44 332.01 481.32 332.25 481.2 332.85 c 481.08 333.57 480.96 334.05 480.84 334.53 c 480.72 334.89 480.6 335.25 480.48 335.37 c 480.48 335.49 480.24 335.49 480 335.49 c 479.88 335.49 479.76 335.49 479.52 335.49 c 479.4 335.37 479.16 335.37 479.04 335.37 c 478.92 335.61 l 479.88 335.97 l 480.24 336.09 480.48 336.09 480.72 336.21 c 480.84 336.21 481.08 336.33 481.2 336.33 c 481.44 336.33 481.68 336.21 481.8 336.09 c 482.04 335.85 482.16 335.37 482.28 334.53 c 482.52 333.57 l 483.12 334.41 483.48 335.01 483.84 335.37 c 484.08 335.61 484.32 335.85 484.56 336.09 c 484.8 336.21 485.04 336.21 485.28 336.21 c 485.52 336.21 485.64 336.21 485.76 336.21 c 486 336.09 486.12 335.85 486.12 335.49 c 486.12 335.37 486.12 335.13 486 335.01 c 485.88 334.89 485.64 334.89 485.52 334.89 c 485.4 334.89 485.4 334.89 485.28 334.89 c 485.28 334.89 485.16 334.89 485.16 335.01 c 484.92 335.13 l 484.8 335.13 484.8 335.13 484.68 335.13 c 484.68 335.13 484.56 335.13 484.56 335.13 c 484.32 335.13 483.84 334.77 483.36 334.05 c 482.88 333.33 482.64 332.97 482.64 332.85 c 482.64 332.73 482.76 332.49 482.88 332.01 c 483 331.41 483.12 330.93 483.24 330.33 c 483.36 329.85 483.48 329.49 483.48 329.25 c 483.72 328.89 483.84 328.77 483.96 328.77 c 484.2 328.77 484.32 328.89 484.56 329.01 c 484.68 329.25 484.92 329.61 485.28 330.09 c 485.52 329.85 l 485.28 329.37 485.04 329.01 484.68 328.65 c 484.2 328.05 483.72 327.69 483.24 327.69 c 482.88 327.69 482.64 327.81 482.52 328.17 c 482.4 328.29 482.28 328.53 482.16 329.01 c 481.56 331.29 l 479.76 328.77 l 479.4 328.29 479.04 328.05 478.8 327.93 c 478.68 327.81 478.44 327.69 478.08 327.69 c 477.72 327.69 477.48 327.81 477.36 328.05 c 477.24 328.17 477.24 328.29 477.24 328.53 c h f 
494.28 327.93 m 493.8 327.93 493.44 328.05 493.08 328.17 c 492.84 328.41 492.72 328.53 492.6 328.89 c 492.6 329.13 l 492.12 328.29 l 491.88 328.41 491.64 328.41 491.52 328.41 c 491.4 328.41 491.28 328.41 491.16 328.53 c 491.04 328.53 490.92 328.53 490.8 328.53 c 490.68 328.65 490.44 328.77 490.32 328.77 c 490.08 328.89 489.96 329.01 489.84 329.13 c 489.72 329.25 489.72 329.37 489.72 329.49 c 489.72 329.49 489.72 329.61 489.72 329.73 c 489.84 329.97 489.84 330.09 489.96 330.21 c 489.96 330.33 490.08 330.45 490.08 330.57 c 490.2 330.69 490.32 330.81 490.44 331.05 c 490.68 331.17 490.92 331.41 491.16 331.53 c 491.52 331.77 491.76 331.89 492 332.01 c 492 332.37 l 492.12 332.49 492.24 332.61 492.36 332.61 c 492.48 332.73 492.6 332.85 492.6 332.85 c 492.72 332.97 492.84 332.97 492.96 333.09 c 492.96 332.49 492.96 331.77 492.96 331.17 c 492.96 330.57 493.08 329.97 493.08 329.25 c 493.44 329.13 493.8 329.01 494.28 329.01 c 494.28 329.01 494.4 328.89 494.4 328.89 c 494.4 328.05 l 494.4 327.93 494.28 327.93 494.28 327.93 c h 492.48 329.37 m 492.48 329.73 492.36 329.97 492.36 330.21 c 492.24 330.57 492.24 330.81 492.24 331.17 c 491.28 330.93 490.68 330.57 490.32 330.09 c 490.56 329.85 490.8 329.73 491.04 329.61 c 491.28 329.61 491.52 329.49 491.76 329.49 c 491.88 329.49 492 329.49 492.12 329.49 c 492.24 329.49 492.36 329.37 492.48 329.37 c h 492.36 333.45 m 492.24 333.57 492 333.69 491.88 333.81 c 491.76 333.93 491.64 334.05 491.64 334.17 c 491.64 334.29 491.76 334.29 491.88 334.53 c 492 334.65 492.12 334.77 492.36 335.01 c 492.36 334.89 492.48 334.77 492.6 334.65 c 492.72 334.65 492.84 334.41 493.08 334.29 c 492.96 334.05 492.72 333.69 492.36 333.45 c h 490.68 333.33 m 490.56 333.45 490.44 333.57 490.32 333.69 c 490.08 333.81 490.08 333.93 489.96 334.05 c 490.08 334.17 490.2 334.29 490.32 334.41 c 490.44 334.53 490.56 334.65 490.68 334.77 c 490.8 334.77 490.8 334.65 490.92 334.53 c 491.04 334.41 491.16 334.29 491.4 334.05 c 491.28 333.93 491.28 333.81 491.16 333.69 c 491.04 333.57 490.92 333.45 490.68 333.33 c h f 
497.76 327.93 m 497.4 327.93 496.92 327.93 496.56 328.05 c 496.2 328.05 495.96 328.17 495.6 328.29 c 495.36 328.17 495 328.05 494.76 328.05 c 494.64 327.93 494.4 327.93 494.16 327.93 c 494.04 327.93 494.04 327.93 494.04 328.05 c 494.04 328.89 l 494.04 328.89 494.04 329.01 494.16 329.01 c 494.28 329.01 494.4 329.01 494.52 329.01 c 494.64 329.01 494.76 329.01 494.88 329.13 c 494.76 329.13 494.76 329.13 494.76 329.25 c 494.76 329.25 494.76 329.25 494.76 329.37 c 494.76 329.61 494.88 329.85 495 330.09 c 495.12 330.33 495.24 330.69 495.36 330.93 c 495.6 331.17 495.72 331.41 495.96 331.53 c 496.32 331.77 496.68 331.89 496.92 331.89 c 497.04 331.89 497.16 331.89 497.28 331.77 c 497.4 331.65 497.4 331.53 497.52 331.29 c 497.52 331.17 497.64 331.05 497.64 330.93 c 497.76 330.81 497.76 330.57 497.88 330.45 c 498 330.21 498 329.97 498.12 329.73 c 498.24 329.49 498.36 329.37 498.48 329.25 c 498.6 329.01 498.84 329.01 498.96 329.01 c 499.08 329.01 499.08 328.89 499.08 328.89 c 499.08 328.05 l 499.08 327.93 499.08 327.93 498.96 327.93 c 498.6 327.93 498.24 328.05 497.88 328.41 c 497.76 327.93 l h 497.64 328.89 m 497.4 329.13 497.28 329.37 497.16 329.73 c 497.04 330.09 497.04 330.57 496.92 330.93 c 496.8 330.81 496.56 330.69 496.32 330.57 c 496.08 330.45 495.96 330.33 495.84 330.09 c 495.6 329.97 495.48 329.73 495.36 329.61 c 495.6 329.37 495.96 329.25 496.32 329.13 c 496.68 329.01 497.04 328.89 497.64 328.89 c h f 
498.84 327.93 m 498.84 327.93 498.84 327.93 498.84 328.05 c 498.84 328.89 l 498.84 328.89 498.84 329.01 498.84 329.01 c 499.32 329.01 499.68 329.01 500.04 329.01 c 500.4 329.01 500.64 329.13 500.76 329.25 c 500.88 329.25 501 329.37 501 329.61 c 501.12 329.73 501.36 329.97 501.48 330.33 c 501.6 330.45 501.6 330.57 501.72 330.57 c 501.72 330.69 501.84 330.69 501.96 330.69 c 502.08 330.69 502.2 330.69 502.32 330.57 c 502.2 330.45 502.2 330.33 502.08 330.09 c 502.08 329.97 501.96 329.85 501.96 329.61 c 501.84 329.49 501.84 329.37 501.72 329.37 c 501.96 329.25 502.2 329.13 502.44 329.01 c 502.68 329.01 502.92 329.01 503.16 329.01 c 503.16 329.01 503.16 328.89 503.16 328.89 c 503.16 328.05 l 503.16 327.93 503.16 327.93 503.16 327.93 c 502.44 327.93 501.84 328.17 501.36 328.65 c 501.24 328.41 l 501.12 328.29 501 328.29 500.76 328.17 c 500.52 328.05 500.16 328.05 499.92 328.05 c 499.56 327.93 499.2 327.93 498.84 327.93 c h 501.96 325.77 m 501.6 326.01 501.36 326.25 501.12 326.49 c 501.36 326.61 501.6 326.85 501.96 327.21 c 501.96 327.21 502.08 327.09 502.2 327.09 c 502.32 326.97 502.44 326.73 502.68 326.49 c 502.56 326.49 502.44 326.25 502.32 326.13 c 502.2 326.01 502.08 325.89 501.96 325.77 c h 500.28 325.53 m 500.16 325.77 499.92 325.89 499.8 326.01 c 499.68 326.13 499.56 326.25 499.56 326.25 c 499.68 326.37 499.8 326.49 499.92 326.61 c 500.04 326.73 500.16 326.97 500.28 327.09 c 500.28 327.09 500.4 326.97 500.52 326.85 c 500.64 326.73 500.76 326.61 501 326.37 c 500.88 326.25 500.76 326.13 500.64 326.01 c 500.52 325.89 500.4 325.77 500.28 325.53 c h f 
503.04 327.93 m 502.92 327.93 502.92 327.93 502.92 328.05 c 502.92 328.89 l 502.92 328.89 502.92 329.01 503.04 329.01 c 503.88 329.01 504.6 329.01 505.2 329.13 c 505.68 329.13 506.28 329.37 506.76 329.49 c 506.64 329.61 506.64 329.73 506.64 329.85 c 506.64 329.97 506.64 330.21 506.52 330.33 c 506.4 330.09 506.16 329.97 505.8 329.85 c 505.56 329.73 505.32 329.73 505.08 329.73 c 504.6 329.73 504.36 329.85 504.12 330.09 c 503.88 330.33 503.88 330.69 503.88 331.05 c 503.88 331.41 503.88 331.77 504 332.13 c 504.12 332.49 504.36 332.73 504.6 332.85 c 504.72 332.97 504.84 333.09 504.96 333.09 c 505.08 333.21 505.2 333.21 505.32 333.21 c 505.68 333.21 506.04 333.09 506.28 332.73 c 506.64 332.49 506.88 332.01 507 331.53 c 507.12 331.29 507.12 330.93 507.24 330.69 c 507.24 330.45 507.24 330.21 507.24 329.85 c 507.24 329.73 507.24 329.73 507.24 329.49 c 507.24 329.37 507.24 329.25 507.12 329.13 c 507.12 328.89 507 328.77 506.88 328.65 c 506.76 328.53 506.4 328.41 506.04 328.29 c 505.68 328.17 505.32 328.17 504.72 328.05 c 504.24 327.93 503.64 327.93 503.04 327.93 c h 505.2 330.57 m 505.56 330.57 506.04 330.69 506.4 330.81 c 506.28 331.29 506.04 331.53 505.8 331.77 c 505.68 332.01 505.44 332.13 505.08 332.13 c 504.84 332.13 504.72 332.01 504.6 331.77 c 504.36 331.65 504.36 331.41 504.36 331.17 c 504.36 331.05 504.36 330.81 504.6 330.69 c 504.72 330.57 504.96 330.57 505.2 330.57 c h 506.04 333.93 m 505.92 334.05 505.8 334.17 505.68 334.29 c 505.56 334.41 505.44 334.53 505.32 334.65 c 505.44 334.65 505.56 334.77 505.68 334.89 c 505.8 335.01 505.92 335.13 506.04 335.37 c 506.16 335.37 506.16 335.25 506.28 335.13 c 506.4 335.01 506.64 334.89 506.76 334.65 c 506.64 334.41 506.4 334.17 506.04 333.93 c h 504.48 333.69 m 504.24 333.81 504.12 333.93 504 334.05 c 503.88 334.17 503.76 334.29 503.64 334.41 c 503.76 334.53 503.88 334.65 504 334.77 c 504.12 334.89 504.24 335.01 504.36 335.25 c 504.48 335.13 504.6 335.01 504.72 334.89 c 504.84 334.77 504.96 334.65 505.08 334.53 c 505.08 334.41 504.96 334.29 504.84 334.17 c 504.72 334.05 504.6 333.81 504.48 333.69 c h f 
513.6 327.93 m 513.24 327.93 512.88 327.93 512.64 328.05 c 512.4 328.17 512.16 328.29 512.04 328.53 c 511.92 328.77 511.8 328.89 511.8 329.13 c 511.8 329.37 511.8 329.61 511.68 329.97 c 511.68 330.21 511.68 330.57 511.68 330.93 c 511.56 331.29 511.56 331.65 511.56 332.13 c 511.44 332.49 511.44 332.97 511.44 333.45 c 511.32 333.93 511.32 334.41 511.32 335.01 c 511.44 335.13 511.56 335.25 511.8 335.37 c 511.92 335.49 512.04 335.61 512.28 335.73 c 512.28 335.13 512.28 334.53 512.28 333.93 c 512.28 333.33 512.4 332.73 512.4 332.13 c 512.4 331.53 512.4 330.81 512.4 330.09 c 512.4 329.25 l 512.64 329.13 512.76 329.13 513 329.01 c 513.12 329.01 513.36 329.01 513.6 329.01 c 513.6 329.01 513.6 328.89 513.6 328.89 c 513.6 328.05 l 513.6 327.93 513.6 327.93 513.6 327.93 c h f 
517.08 327.93 m 516.72 327.93 516.24 327.93 515.88 328.05 c 515.52 328.05 515.28 328.17 514.92 328.29 c 514.68 328.17 514.32 328.05 514.08 328.05 c 513.96 327.93 513.72 327.93 513.48 327.93 c 513.36 327.93 513.36 327.93 513.36 328.05 c 513.36 328.89 l 513.36 328.89 513.36 329.01 513.48 329.01 c 513.6 329.01 513.72 329.01 513.84 329.01 c 513.96 329.01 514.08 329.01 514.2 329.13 c 514.08 329.13 514.08 329.13 514.08 329.25 c 514.08 329.25 514.08 329.25 514.08 329.37 c 514.08 329.61 514.2 329.85 514.32 330.09 c 514.44 330.33 514.56 330.69 514.68 330.93 c 514.92 331.17 515.04 331.41 515.28 331.53 c 515.64 331.77 516 331.89 516.24 331.89 c 516.36 331.89 516.48 331.89 516.6 331.77 c 516.72 331.65 516.72 331.53 516.84 331.29 c 516.84 331.17 516.96 331.05 516.96 330.93 c 517.08 330.81 517.08 330.57 517.2 330.45 c 517.32 330.21 517.32 329.97 517.44 329.73 c 517.56 329.49 517.68 329.37 517.8 329.25 c 517.92 329.01 518.16 329.01 518.28 329.01 c 518.4 329.01 518.4 328.89 518.4 328.89 c 518.4 328.05 l 518.4 327.93 518.4 327.93 518.28 327.93 c 517.92 327.93 517.56 328.05 517.2 328.41 c 517.08 327.93 l h 516.96 328.89 m 516.72 329.13 516.6 329.37 516.48 329.73 c 516.36 330.09 516.36 330.57 516.24 330.93 c 516.12 330.81 515.88 330.69 515.64 330.57 c 515.4 330.45 515.28 330.33 515.16 330.09 c 514.92 329.97 514.8 329.73 514.68 329.61 c 514.92 329.37 515.28 329.25 515.64 329.13 c 516 329.01 516.36 328.89 516.96 328.89 c h f 
518.16 327.93 m 518.16 327.93 518.16 327.93 518.16 328.05 c 518.16 328.89 l 518.16 328.89 518.16 329.01 518.16 329.01 c 519 329.01 519.72 329.01 520.32 329.13 c 520.92 329.13 521.4 329.37 521.88 329.49 c 521.88 329.61 521.88 329.73 521.88 329.85 c 521.76 329.97 521.76 330.21 521.76 330.33 c 521.52 330.09 521.28 329.97 521.04 329.85 c 520.8 329.73 520.44 329.73 520.2 329.73 c 519.84 329.73 519.6 329.85 519.36 330.09 c 519.12 330.33 519 330.69 519 331.05 c 519 331.41 519.12 331.77 519.24 332.13 c 519.36 332.49 519.48 332.73 519.72 332.85 c 519.84 332.97 519.96 333.09 520.08 333.09 c 520.2 333.21 520.32 333.21 520.44 333.21 c 520.92 333.21 521.16 333.09 521.52 332.73 c 521.76 332.49 522 332.01 522.24 331.53 c 522.24 331.29 522.36 330.93 522.36 330.69 c 522.48 330.45 522.48 330.21 522.48 329.85 c 522.48 329.73 522.48 329.73 522.48 329.49 c 522.48 329.37 522.36 329.25 522.36 329.13 c 522.24 328.89 522.24 328.77 522.12 328.65 c 521.88 328.53 521.64 328.41 521.28 328.29 c 520.92 328.17 520.44 328.17 519.96 328.05 c 519.48 327.93 518.88 327.93 518.16 327.93 c h 520.44 330.57 m 520.8 330.57 521.16 330.69 521.52 330.81 c 521.4 331.29 521.28 331.53 521.04 331.77 c 520.8 332.01 520.56 332.13 520.32 332.13 c 520.08 332.13 519.84 332.01 519.72 331.77 c 519.6 331.65 519.48 331.41 519.48 331.17 c 519.48 331.05 519.6 330.81 519.72 330.69 c 519.84 330.57 520.08 330.57 520.44 330.57 c h 520.44 333.93 m 520.08 334.17 519.84 334.41 519.6 334.65 c 519.84 334.89 519.96 335.01 520.08 335.25 c 520.2 335.37 520.32 335.49 520.44 335.61 c 520.56 335.49 520.68 335.37 520.8 335.25 c 520.92 335.01 521.04 334.89 521.28 334.77 c 521.16 334.65 521.04 334.53 520.92 334.41 c 520.8 334.29 520.68 334.05 520.44 333.93 c h f 
q 0.12 0 0 -0.12 0 841.89 cm 1 j 0.141 0.125 0.129 SC 3057 4483 m 3049 4483 l 3049 4429 l 3047 4431 3044 4433 3041 4435 c 3038 4437 3035 4438 3032 4439 c 3032 4431 l 3037 4429 3041 4426 3044 4423 c 3048 4420 3050 4417 3052 4414 c 3057 4414 l 3057 4483 l h S Q 
q 0.12 0 0 -0.12 0 841.89 cm 1 w 1 j 0.141 0.125 0.129 SC 3079 4465 m 3087 4464 l 3088 4468 3090 4472 3092 4474 c 3095 4476 3098 4477 3101 4477 c 3105 4477 3108 4476 3111 4473 c 3114 4470 3115 4467 3115 4463 c 3115 4459 3114 4456 3111 4453 c 3109 4451 3106 4449 3102 4449 c 3100 4449 3098 4450 3096 4450 c 3097 4443 l 3097 4443 3098 4443 3098 4443 c 3102 4443 3105 4442 3108 4440 c 3111 4438 3112 4435 3112 4431 c 3112 4428 3111 4426 3109 4424 c 3107 4422 3104 4421 3101 4421 c 3097 4421 3095 4422 3093 4424 c 3090 4426 3089 4429 3088 4433 c 3080 4432 l 3081 4426 3083 4422 3087 4418 c 3091 4415 3095 4414 3101 4414 c 3104 4414 3108 4415 3111 4416 c 3114 4418 3116 4420 3118 4423 c 3120 4426 3121 4429 3121 4432 c 3121 4435 3120 4437 3118 4440 c 3117 4442 3114 4444 3111 4446 c 3115 4446 3118 4448 3121 4451 c 3123 4454 3124 4458 3124 4463 c 3124 4469 3122 4474 3117 4478 c 3113 4482 3108 4484 3101 4484 c 3095 4484 3090 4482 3086 4479 c 3082 4475 3080 4470 3079 4465 c h S Q 
q 0.12 0 0 -0.12 0 841.89 cm 1 w 1 j 0.141 0.125 0.129 SC 3132 4449 m 3132 4441 3133 4434 3135 4429 c 3136 4424 3139 4420 3142 4418 c 3146 4415 3150 4414 3155 4414 c 3158 4414 3162 4415 3164 4416 c 3167 4418 3169 4420 3171 4422 c 3173 4425 3174 4429 3175 4433 c 3176 4437 3177 4442 3177 4449 c 3177 4457 3176 4464 3174 4469 c 3173 4474 3170 4477 3167 4480 c 3164 4483 3160 4484 3155 4484 c 3148 4484 3143 4482 3139 4477 c 3135 4471 3132 4462 3132 4449 c S Q 
q 0.12 0 0 -0.12 0 841.89 cm 1 w 1 j 0.141 0.125 0.129 SC 3141 4449 m 3141 4460 3142 4468 3145 4472 c 3148 4475 3151 4477 3155 4477 c 3158 4477 3162 4475 3164 4472 c 3167 4468 3168 4460 3168 4449 c 3168 4438 3167 4430 3164 4426 c 3162 4423 3158 4421 3155 4421 c 3151 4421 3148 4422 3145 4426 c 3142 4430 3141 4438 3141 4449 c S Q 
1 w 0.141 0.125 0.129 sc 366.84 303.93 m 365.88 303.93 l 365.88 310.41 l 365.64 310.17 365.28 309.93 364.92 309.69 c 364.56 309.45 364.2 309.33 363.84 309.21 c 363.84 310.17 l 364.44 310.41 364.92 310.77 365.28 311.13 c 365.76 311.49 366 311.85 366.24 312.21 c 366.84 312.21 l 366.84 303.93 l h f 
369.48 306.09 m 370.44 306.21 l 370.56 305.73 370.8 305.25 371.04 305.01 c 371.4 304.77 371.76 304.65 372.12 304.65 c 372.6 304.65 372.96 304.77 373.32 305.13 c 373.68 305.49 373.8 305.85 373.8 306.33 c 373.8 306.81 373.68 307.17 373.32 307.53 c 373.08 307.77 372.6 308.01 372.24 308.01 c 372 308.01 371.76 307.89 371.52 307.89 c 371.64 308.73 l 371.64 308.73 371.76 308.73 371.76 308.73 c 372.24 308.73 372.6 308.85 372.96 309.09 c 373.32 309.33 373.44 309.69 373.44 310.17 c 373.44 310.53 373.32 310.77 373.08 311.01 c 372.84 311.25 372.48 311.37 372.12 311.37 c 371.64 311.37 371.4 311.25 371.16 311.01 c 370.8 310.77 370.68 310.41 370.56 309.93 c 369.6 310.05 l 369.72 310.77 369.96 311.25 370.44 311.73 c 370.92 312.09 371.4 312.21 372.12 312.21 c 372.48 312.21 372.96 312.09 373.32 311.97 c 373.68 311.73 373.92 311.49 374.16 311.13 c 374.4 310.77 374.52 310.41 374.52 310.05 c 374.52 309.69 374.4 309.45 374.16 309.09 c 374.04 308.85 373.68 308.61 373.32 308.37 c 373.8 308.37 374.16 308.13 374.52 307.77 c 374.76 307.41 374.88 306.93 374.88 306.33 c 374.88 305.61 374.64 305.01 374.04 304.53 c 373.56 304.05 372.84 303.81 372.12 303.81 c 371.4 303.81 370.8 304.05 370.32 304.41 c 369.84 304.89 369.6 305.49 369.48 306.09 c h f 
375.84 308.01 m 375.84 308.97 375.96 309.81 376.2 310.41 c 376.32 311.01 376.68 311.49 377.04 311.73 c 377.4 312.09 378 312.21 378.6 312.21 c 378.96 312.21 379.32 312.09 379.68 311.97 c 380.04 311.73 380.28 311.49 380.52 311.25 c 380.76 310.89 380.88 310.41 381 309.93 c 381.12 309.45 381.24 308.85 381.24 308.01 c 381.24 307.05 381.12 306.21 380.88 305.61 c 380.76 305.01 380.4 304.65 380.04 304.29 c 379.68 303.93 379.2 303.81 378.6 303.81 c 377.76 303.81 377.16 304.05 376.68 304.65 c 376.2 305.37 375.84 306.45 375.84 308.01 c h 376.92 308.01 m 376.92 306.69 377.04 305.73 377.4 305.25 c 377.64 304.89 378.12 304.65 378.6 304.65 c 378.96 304.65 379.44 304.89 379.68 305.25 c 380.04 305.73 380.16 306.69 380.16 308.01 c 380.16 309.33 380.04 310.29 379.68 310.77 c 379.44 311.13 378.96 311.37 378.48 311.37 c 378.12 311.37 377.76 311.25 377.4 310.77 c 377.04 310.29 376.92 309.33 376.92 308.01 c h f 
388.08 302.37 m 387.36 302.73 386.76 303.09 386.28 303.57 c 385.8 304.05 385.56 304.65 385.32 305.25 c 385.08 305.97 384.96 306.69 384.96 307.65 c 384.96 308.49 385.08 309.21 385.32 309.93 c 385.56 310.53 385.8 311.13 386.28 311.61 c 386.76 312.09 387.36 312.45 388.08 312.81 c 388.08 312.21 l 387.6 311.85 387.24 311.49 387 311.01 c 386.76 310.53 386.64 309.93 386.52 309.33 c 386.4 308.85 386.4 308.25 386.4 307.65 c 386.4 306.93 386.4 306.45 386.52 305.85 c 386.64 305.25 386.76 304.65 387 304.17 c 387.24 303.69 387.6 303.33 388.08 302.97 c 388.08 302.37 l h f 
392.16 303.93 m 391.2 303.93 390.48 304.17 390 304.53 c 389.52 304.89 389.28 305.37 389.28 306.09 c 389.28 306.45 389.4 306.93 389.52 307.29 c 389.88 307.29 l 389.88 307.29 389.88 307.17 389.88 307.05 c 389.88 306.93 389.88 306.81 389.88 306.81 c 389.88 306.33 390 305.97 390.12 305.73 c 390.36 305.49 390.6 305.25 390.96 305.13 c 391.08 305.13 391.32 305.01 391.56 305.01 c 391.8 305.01 392.16 305.01 392.4 305.01 c 393.12 305.01 393.84 305.01 394.44 305.13 c 395.16 305.37 395.76 305.49 396.24 305.73 c 396.24 305.97 396.12 306.09 396 306.33 c 396 306.57 395.88 306.81 395.76 306.93 c 395.76 307.17 395.64 307.29 395.64 307.41 c 395.64 307.53 395.52 307.65 395.52 307.77 c 395.52 307.89 395.64 308.13 395.76 308.25 c 396 308.49 396.12 308.61 396.36 308.73 c 396.48 308.37 396.6 308.01 396.6 307.65 c 396.72 307.29 396.72 307.05 396.84 306.81 c 396.84 306.57 396.84 306.33 396.84 306.21 c 396.84 306.09 396.84 305.85 396.72 305.73 c 396.72 305.49 396.6 305.25 396.48 305.01 c 396.12 304.77 395.76 304.53 395.28 304.41 c 394.8 304.29 394.32 304.17 393.84 304.05 c 393.24 303.93 392.76 303.93 392.16 303.93 c h 392.88 301.53 m 392.64 301.65 392.52 301.77 392.4 301.89 c 392.28 302.01 392.16 302.13 392.04 302.25 c 392.16 302.49 392.4 302.61 392.52 302.73 c 392.64 302.85 392.76 302.97 392.88 303.09 c 393.12 302.85 393.36 302.61 393.6 302.37 c 393.6 302.25 393.48 302.13 393.36 302.01 c 393.12 301.77 393 301.65 392.88 301.53 c h f 
397.92 302.97 m 398.4 303.33 398.76 303.69 399 304.17 c 399.24 304.65 399.48 305.25 399.48 305.85 c 399.6 306.45 399.6 306.93 399.6 307.65 c 399.6 308.25 399.6 308.85 399.48 309.33 c 399.48 309.93 399.24 310.53 399 311.01 c 398.76 311.49 398.4 311.85 397.92 312.21 c 397.92 312.81 l 398.64 312.45 399.24 312.09 399.72 311.61 c 400.2 311.13 400.44 310.53 400.68 309.93 c 400.92 309.21 401.04 308.49 401.04 307.65 c 401.04 306.69 400.92 305.97 400.68 305.25 c 400.44 304.65 400.2 304.05 399.72 303.57 c 399.24 303.09 398.64 302.73 397.92 302.37 c 397.92 302.97 l h f 
q 0.12 0 0 -0.12 0 841.89 cm 1 j 0.141 0.125 0.129 SC 4099 4465 m 4108 4464 l 4108 4468 4110 4472 4112 4474 c 4115 4476 4117 4477 4121 4477 c 4125 4477 4128 4476 4131 4473 c 4134 4469 4135 4465 4135 4460 c 4135 4456 4134 4452 4131 4449 c 4129 4446 4125 4445 4121 4445 c 4118 4445 4116 4445 4113 4447 c 4111 4448 4110 4449 4108 4451 c 4100 4450 l 4107 4415 l 4141 4415 l 4141 4423 l 4114 4423 l 4110 4442 l 4114 4439 4118 4437 4123 4437 c 4129 4437 4134 4439 4138 4444 c 4142 4448 4144 4453 4144 4460 c 4144 4466 4142 4471 4139 4476 c 4134 4481 4128 4484 4121 4484 c 4115 4484 4109 4482 4106 4479 c 4102 4475 4099 4471 4099 4465 c h S Q 
q 0.12 0 0 -0.12 0 841.89 cm 1 w 1 j 0.141 0.125 0.129 SC 4152 4449 m 4152 4441 4153 4434 4155 4429 c 4156 4424 4159 4420 4162 4418 c 4165 4415 4169 4414 4174 4414 c 4178 4414 4181 4415 4184 4416 c 4187 4418 4189 4420 4191 4422 c 4193 4425 4194 4429 4195 4433 c 4196 4437 4197 4442 4197 4449 c 4197 4457 4196 4464 4194 4469 c 4193 4474 4190 4477 4187 4480 c 4184 4483 4179 4484 4174 4484 c 4168 4484 4163 4482 4159 4477 c 4154 4471 4152 4462 4152 4449 c S Q 
q 0.12 0 0 -0.12 0 841.89 cm 1 w 1 j 0.141 0.125 0.129 SC 4161 4449 m 4161 4460 4162 4468 4165 4472 c 4167 4475 4171 4477 4174 4477 c 4178 4477 4181 4475 4184 4472 c 4187 4468 4188 4460 4188 4449 c 4188 4438 4187 4430 4184 4426 c 4182 4423 4178 4421 4174 4421 c 4170 4421 4167 4422 4165 4426 c 4162 4430 4161 4438 4161 4449 c S Q 
1 w 0.141 0.125 0.129 sc 491.88 306.09 m 492.96 306.21 l 492.96 305.73 493.2 305.25 493.44 305.01 c 493.8 304.77 494.04 304.65 494.52 304.65 c 495 304.65 495.36 304.77 495.72 305.13 c 496.08 305.61 496.2 306.09 496.2 306.69 c 496.2 307.17 496.08 307.65 495.72 308.01 c 495.48 308.37 495 308.49 494.52 308.49 c 494.16 308.49 493.92 308.49 493.56 308.25 c 493.32 308.13 493.2 308.01 492.96 307.77 c 492 307.89 l 492.84 312.09 l 496.92 312.09 l 496.92 311.13 l 493.68 311.13 l 493.2 308.85 l 493.68 309.21 494.16 309.45 494.76 309.45 c 495.48 309.45 496.08 309.21 496.56 308.61 c 497.04 308.13 497.28 307.53 497.28 306.69 c 497.28 305.97 497.04 305.37 496.68 304.77 c 496.08 304.17 495.36 303.81 494.52 303.81 c 493.8 303.81 493.08 304.05 492.72 304.41 c 492.24 304.89 491.88 305.37 491.88 306.09 c h f 
498.24 308.01 m 498.24 308.97 498.36 309.81 498.6 310.41 c 498.72 311.01 499.08 311.49 499.44 311.73 c 499.8 312.09 500.28 312.21 500.88 312.21 c 501.36 312.21 501.72 312.09 502.08 311.97 c 502.44 311.73 502.68 311.49 502.92 311.25 c 503.16 310.89 503.28 310.41 503.4 309.93 c 503.52 309.45 503.64 308.85 503.64 308.01 c 503.64 307.05 503.52 306.21 503.28 305.61 c 503.16 305.01 502.8 304.65 502.44 304.29 c 502.08 303.93 501.48 303.81 500.88 303.81 c 500.16 303.81 499.56 304.05 499.08 304.65 c 498.48 305.37 498.24 306.45 498.24 308.01 c h 499.32 308.01 m 499.32 306.69 499.44 305.73 499.8 305.25 c 500.04 304.89 500.4 304.65 500.88 304.65 c 501.36 304.65 501.72 304.89 502.08 305.25 c 502.44 305.73 502.56 306.69 502.56 308.01 c 502.56 309.33 502.44 310.29 502.08 310.77 c 501.72 311.13 501.36 311.37 500.88 311.37 c 500.4 311.37 500.04 311.25 499.8 310.77 c 499.44 310.29 499.32 309.33 499.32 308.01 c h f 
510.48 302.37 m 509.76 302.73 509.16 303.09 508.68 303.57 c 508.2 304.05 507.84 304.65 507.72 305.25 c 507.48 305.97 507.36 306.69 507.36 307.65 c 507.36 308.49 507.48 309.21 507.72 309.93 c 507.84 310.53 508.2 311.13 508.68 311.61 c 509.16 312.09 509.76 312.45 510.48 312.81 c 510.48 312.21 l 510 311.85 509.64 311.49 509.4 311.01 c 509.16 310.53 508.92 309.93 508.92 309.33 c 508.8 308.85 508.8 308.25 508.8 307.65 c 508.8 306.93 508.8 306.45 508.92 305.85 c 508.92 305.25 509.16 304.65 509.4 304.17 c 509.64 303.69 510 303.33 510.48 302.97 c 510.48 302.37 l h f 
514.68 303.93 m 514.68 304.65 514.68 305.37 514.56 305.97 c 514.56 306.57 514.56 307.17 514.56 307.65 c 514.56 308.25 514.44 308.73 514.44 309.21 c 514.44 309.69 514.32 310.17 514.32 310.65 c 514.32 310.89 514.32 311.13 514.32 311.25 c 514.44 311.37 514.56 311.49 514.68 311.61 c 514.8 311.61 515.04 311.73 515.28 311.73 c 515.28 311.49 515.28 311.37 515.4 311.13 c 515.52 310.89 515.52 310.53 515.64 310.29 c 515.28 310.05 l 515.28 309.57 515.4 308.97 515.4 308.37 c 515.4 307.77 515.4 307.17 515.4 306.45 c 515.28 305.73 515.28 304.89 515.28 304.05 c 514.68 303.93 l h 514.08 312.09 m 514.08 312.57 l 514.56 312.81 l 514.2 312.81 514.08 313.05 514.08 313.29 c 514.08 313.41 514.2 313.53 514.2 313.65 c 514.32 313.77 514.44 313.89 514.56 314.01 c 514.68 314.13 514.8 314.13 514.92 314.13 c 515.28 314.13 515.4 314.01 515.4 313.65 c 515.4 313.65 515.4 313.53 515.28 313.41 c 515.04 313.41 l 515.04 313.53 l 515.04 313.53 515.04 313.53 515.04 313.65 c 515.04 313.65 515.04 313.65 514.92 313.65 c 514.8 313.65 514.8 313.65 514.68 313.53 c 514.56 313.41 514.56 313.41 514.44 313.29 c 514.56 313.05 514.8 313.05 515.04 313.05 c 515.04 313.05 515.16 313.05 515.28 313.05 c 515.28 313.05 515.4 313.05 515.52 313.05 c 515.52 312.57 l 515.16 312.57 514.92 312.45 514.8 312.45 c 514.56 312.33 514.32 312.21 514.08 312.09 c h f 
519.24 302.97 m 519.72 303.33 520.08 303.69 520.32 304.17 c 520.68 304.65 520.8 305.25 520.92 305.85 c 520.92 306.45 521.04 306.93 521.04 307.65 c 521.04 308.25 520.92 308.85 520.92 309.33 c 520.8 309.93 520.68 310.53 520.32 311.01 c 520.08 311.49 519.72 311.85 519.24 312.21 c 519.24 312.81 l 519.96 312.45 520.56 312.09 521.04 311.61 c 521.52 311.13 521.88 310.53 522.12 309.93 c 522.24 309.21 522.36 308.49 522.36 307.65 c 522.36 306.69 522.24 305.97 522.12 305.25 c 521.88 304.65 521.52 304.05 521.04 303.57 c 520.56 303.09 519.96 302.73 519.24 302.37 c 519.24 302.97 l h f 
q 0.12 0 0 -0.12 0 841.89 cm 1 j 0.141 0.125 0.129 SC 3072 4598 m 3072 4590 l 3116 4590 l 3116 4596 l 3112 4601 3108 4607 3103 4615 c 3099 4623 3096 4631 3093 4639 c 3092 4645 3091 4651 3090 4658 c 3081 4658 l 3082 4652 3083 4646 3085 4638 c 3087 4630 3090 4623 3093 4616 c 3097 4609 3101 4603 3105 4598 c 3072 4598 l h S Q 
q 0.12 0 0 -0.12 0 841.89 cm 1 w 1 j 0.141 0.125 0.129 SC 3125 4624 m 3125 4616 3125 4609 3127 4604 c 3129 4599 3131 4595 3135 4593 c 3138 4590 3142 4589 3147 4589 c 3151 4589 3154 4589 3157 4591 c 3159 4592 3162 4595 3164 4597 c 3165 4600 3167 4604 3168 4608 c 3169 4612 3169 4617 3169 4624 c 3169 4632 3168 4638 3167 4643 c 3165 4648 3163 4652 3159 4655 c 3156 4658 3152 4659 3147 4659 c 3140 4659 3135 4657 3131 4652 c 3127 4646 3125 4637 3125 4624 c S Q 
q 0.12 0 0 -0.12 0 841.89 cm 1 w 1 j 0.141 0.125 0.129 SC 3133 4624 m 3133 4635 3135 4643 3137 4646 c 3140 4650 3143 4652 3147 4652 c 3151 4652 3154 4650 3157 4646 c 3159 4643 3161 4635 3161 4624 c 3161 4613 3159 4605 3157 4601 c 3154 4598 3151 4596 3147 4596 c 3143 4596 3140 4597 3138 4601 c 3135 4605 3133 4613 3133 4624 c S Q 
1 w 0.141 0.125 0.129 sc 368.64 290.13 m 368.64 291.09 l 373.92 291.09 l 373.92 290.37 l 373.44 289.77 372.96 289.05 372.36 288.09 c 371.88 287.13 371.52 286.17 371.16 285.21 c 371.04 284.49 370.92 283.77 370.8 282.93 c 369.72 282.93 l 369.84 283.65 369.96 284.37 370.2 285.33 c 370.44 286.29 370.8 287.13 371.16 287.97 c 371.64 288.81 372.12 289.53 372.6 290.13 c 368.64 290.13 l h f 
375 287.01 m 375 287.97 375 288.81 375.24 289.41 c 375.48 290.01 375.72 290.49 376.2 290.73 c 376.56 291.09 377.04 291.21 377.64 291.21 c 378.12 291.21 378.48 291.21 378.84 290.97 c 379.08 290.85 379.44 290.49 379.56 290.25 c 379.8 289.89 380.04 289.41 380.16 288.93 c 380.28 288.45 380.28 287.85 380.28 287.01 c 380.28 286.05 380.16 285.33 380.04 284.73 c 379.8 284.13 379.56 283.65 379.08 283.29 c 378.72 282.93 378.24 282.81 377.64 282.81 c 376.8 282.81 376.2 283.05 375.72 283.65 c 375.24 284.37 375 285.45 375 287.01 c h 375.96 287.01 m 375.96 285.69 376.2 284.73 376.44 284.37 c 376.8 283.89 377.16 283.65 377.64 283.65 c 378.12 283.65 378.48 283.89 378.84 284.37 c 379.08 284.73 379.32 285.69 379.32 287.01 c 379.32 288.33 379.08 289.29 378.84 289.77 c 378.48 290.13 378.12 290.37 377.64 290.37 c 377.16 290.37 376.8 290.25 376.56 289.77 c 376.2 289.29 375.96 288.33 375.96 287.01 c h f 
387.24 281.37 m 386.52 281.73 385.92 282.09 385.44 282.57 c 384.96 283.05 384.6 283.65 384.36 284.25 c 384.12 284.97 384 285.69 384 286.65 c 384 287.49 384.12 288.33 384.36 288.93 c 384.6 289.65 384.96 290.13 385.44 290.61 c 385.92 291.09 386.52 291.45 387.24 291.81 c 387.24 291.21 l 386.76 290.85 386.28 290.49 386.04 290.01 c 385.8 289.53 385.68 288.93 385.56 288.45 c 385.56 287.85 385.44 287.25 385.44 286.65 c 385.44 286.05 385.56 285.45 385.56 284.85 c 385.68 284.25 385.8 283.77 386.04 283.29 c 386.28 282.81 386.76 282.33 387.24 281.97 c 387.24 281.37 l h f 
391.92 282.93 m 390.96 282.93 390.48 283.17 390.48 283.77 c 390.48 283.89 390.6 284.01 390.6 284.13 c 390.6 284.25 390.72 284.37 390.72 284.49 c 390.96 284.25 391.2 284.13 391.44 284.13 c 391.68 284.01 391.92 284.01 392.28 284.01 c 392.88 284.01 393.36 284.13 393.84 284.25 c 393.84 284.37 393.72 284.61 393.6 284.73 c 393.48 284.97 393.48 285.09 393.36 285.33 c 393.12 285.57 393 285.81 392.88 286.05 c 392.76 286.17 392.76 286.41 392.64 286.53 c 392.64 286.65 392.64 286.77 392.64 286.89 c 392.64 287.01 392.76 287.25 392.88 287.37 c 393 287.61 393.12 287.73 393.36 287.73 c 393.48 287.61 393.48 287.37 393.6 287.13 c 393.72 286.89 393.72 286.77 393.84 286.53 c 393.96 286.29 393.96 286.17 394.08 285.93 c 394.2 285.69 394.32 285.45 394.32 285.21 c 394.44 284.97 394.44 284.85 394.44 284.61 c 394.44 284.49 394.44 284.49 394.44 284.25 c 394.44 284.13 394.32 284.01 394.32 283.89 c 394.2 283.65 394.2 283.53 394.08 283.41 c 393.84 283.29 393.48 283.17 393.12 283.05 c 392.76 283.05 392.4 282.93 391.92 282.93 c h f 
397.92 281.97 m 398.4 282.33 398.76 282.81 399 283.29 c 399.24 283.77 399.48 284.25 399.48 284.85 c 399.6 285.45 399.6 286.05 399.6 286.65 c 399.6 287.25 399.6 287.85 399.48 288.45 c 399.48 288.93 399.24 289.53 399 290.01 c 398.76 290.49 398.4 290.85 397.92 291.21 c 397.92 291.81 l 398.64 291.45 399.24 291.09 399.72 290.61 c 400.2 290.13 400.44 289.65 400.68 288.93 c 400.92 288.33 401.04 287.49 401.04 286.65 c 401.04 285.69 400.92 284.97 400.68 284.25 c 400.44 283.65 400.2 283.05 399.72 282.57 c 399.24 282.09 398.64 281.73 397.92 281.37 c 397.92 281.97 l h f 
q 0.12 0 0 -0.12 0 841.89 cm 1 j 0.141 0.125 0.129 SC 4128 4606 m 4119 4606 l 4119 4603 4118 4601 4116 4599 c 4114 4597 4111 4596 4108 4596 c 4105 4596 4103 4596 4101 4598 c 4098 4600 4096 4603 4094 4606 c 4093 4610 4092 4615 4092 4622 c 4094 4619 4096 4617 4099 4615 c 4102 4614 4105 4613 4109 4613 c 4114 4613 4119 4615 4123 4619 c 4127 4623 4129 4629 4129 4635 c 4129 4640 4128 4644 4126 4647 c 4124 4651 4122 4654 4118 4656 c 4115 4658 4111 4659 4107 4659 c 4100 4659 4095 4656 4090 4651 c 4086 4646 4084 4637 4084 4626 c 4084 4612 4086 4603 4091 4597 c 4095 4591 4101 4589 4108 4589 c 4114 4589 4118 4590 4122 4593 c 4125 4596 4127 4600 4128 4606 c h S Q 
q 0.12 0 0 -0.12 0 841.89 cm 1 w 1 j 0.141 0.125 0.129 SC 4093 4635 m 4093 4638 4094 4641 4095 4644 c 4096 4647 4098 4649 4100 4650 c 4102 4651 4105 4652 4107 4652 c 4111 4652 4114 4651 4116 4648 c 4119 4645 4120 4641 4120 4636 c 4120 4631 4119 4627 4116 4625 c 4114 4622 4111 4621 4107 4621 c 4103 4621 4100 4622 4097 4625 c 4095 4627 4093 4631 4093 4635 c S Q 
q 0.12 0 0 -0.12 0 841.89 cm 1 w 1 j 0.141 0.125 0.129 SC 4137 4624 m 4137 4616 4138 4609 4140 4604 c 4141 4599 4144 4595 4147 4593 c 4150 4590 4155 4589 4160 4589 c 4163 4589 4166 4589 4169 4591 c 4172 4592 4174 4595 4176 4597 c 4178 4600 4179 4604 4180 4608 c 4181 4612 4182 4617 4182 4624 c 4182 4632 4181 4638 4179 4643 c 4178 4648 4175 4652 4172 4655 c 4169 4658 4165 4659 4160 4659 c 4153 4659 4148 4657 4144 4652 c 4139 4646 4137 4637 4137 4624 c S Q 
q 0.12 0 0 -0.12 0 841.89 cm 1 w 1 j 0.141 0.125 0.129 SC 4146 4624 m 4146 4635 4147 4643 4150 4646 c 4152 4650 4156 4652 4160 4652 c 4163 4652 4167 4650 4169 4646 c 4172 4643 4173 4635 4173 4624 c 4173 4613 4172 4605 4169 4601 c 4167 4598 4163 4596 4159 4596 c 4156 4596 4152 4597 4150 4601 c 4147 4605 4146 4613 4146 4624 c S Q 
1 w 0.141 0.125 0.129 sc 495.36 289.17 m 494.28 289.17 l 494.28 289.53 494.16 289.77 493.92 290.01 c 493.68 290.25 493.32 290.37 492.96 290.37 c 492.6 290.37 492.36 290.37 492.12 290.13 c 491.76 289.89 491.52 289.53 491.28 289.17 c 491.16 288.69 491.04 288.09 491.04 287.25 c 491.28 287.61 491.52 287.85 491.88 288.09 c 492.24 288.21 492.6 288.33 493.08 288.33 c 493.68 288.33 494.28 288.09 494.76 287.61 c 495.24 287.13 495.48 286.41 495.48 285.69 c 495.48 285.09 495.36 284.61 495.12 284.25 c 494.88 283.77 494.64 283.41 494.16 283.17 c 493.8 282.93 493.32 282.81 492.84 282.81 c 492 282.81 491.4 283.17 490.8 283.77 c 490.32 284.37 490.08 285.45 490.08 286.77 c 490.08 288.45 490.32 289.53 490.92 290.25 c 491.4 290.97 492.12 291.21 492.96 291.21 c 493.68 291.21 494.16 291.09 494.64 290.73 c 495 290.37 495.24 289.89 495.36 289.17 c h 491.16 285.69 m 491.16 285.33 491.28 284.97 491.4 284.61 c 491.52 284.25 491.76 284.01 492 283.89 c 492.24 283.77 492.6 283.65 492.84 283.65 c 493.32 283.65 493.68 283.77 493.92 284.13 c 494.28 284.49 494.4 284.97 494.4 285.57 c 494.4 286.17 494.28 286.65 493.92 286.89 c 493.68 287.25 493.32 287.37 492.84 287.37 c 492.36 287.37 492 287.25 491.64 286.89 c 491.4 286.65 491.16 286.17 491.16 285.69 c h f 
496.44 287.01 m 496.44 287.97 496.56 288.81 496.8 289.41 c 496.92 290.01 497.28 290.49 497.64 290.73 c 498 291.09 498.6 291.21 499.2 291.21 c 499.56 291.21 499.92 291.21 500.28 290.97 c 500.64 290.85 500.88 290.49 501.12 290.25 c 501.36 289.89 501.48 289.41 501.6 288.93 c 501.72 288.45 501.84 287.85 501.84 287.01 c 501.84 286.05 501.72 285.33 501.48 284.73 c 501.36 284.13 501 283.65 500.64 283.29 c 500.28 282.93 499.8 282.81 499.2 282.81 c 498.36 282.81 497.76 283.05 497.28 283.65 c 496.68 284.37 496.44 285.45 496.44 287.01 c h 497.52 287.01 m 497.52 285.69 497.64 284.73 498 284.37 c 498.24 283.89 498.72 283.65 499.2 283.65 c 499.56 283.65 500.04 283.89 500.28 284.37 c 500.64 284.73 500.76 285.69 500.76 287.01 c 500.76 288.33 500.64 289.29 500.28 289.77 c 500.04 290.13 499.56 290.37 499.08 290.37 c 498.72 290.37 498.24 290.25 498 289.77 c 497.64 289.29 497.52 288.33 497.52 287.01 c h f 
508.68 281.37 m 507.96 281.73 507.36 282.09 506.88 282.57 c 506.4 283.05 506.16 283.65 505.92 284.25 c 505.68 284.97 505.56 285.69 505.56 286.65 c 505.56 287.49 505.68 288.33 505.92 288.93 c 506.16 289.65 506.4 290.13 506.88 290.61 c 507.36 291.09 507.96 291.45 508.68 291.81 c 508.68 291.21 l 508.2 290.85 507.84 290.49 507.6 290.01 c 507.36 289.53 507.12 288.93 507.12 288.45 c 507 287.85 507 287.25 507 286.65 c 507 286.05 507 285.45 507.12 284.85 c 507.12 284.25 507.36 283.77 507.6 283.29 c 507.84 282.81 508.2 282.33 508.68 281.97 c 508.68 281.37 l h f 
509.04 282.93 m 509.04 282.93 509.04 283.05 509.04 283.05 c 509.04 283.89 l 509.04 284.01 509.04 284.01 509.04 284.01 c 511.56 284.01 l 511.56 284.01 511.68 284.01 511.68 283.89 c 511.68 283.05 l 511.68 283.05 511.56 282.93 511.56 282.93 c 509.04 282.93 l h f 
511.56 282.93 m 511.44 282.93 511.44 283.05 511.44 283.05 c 511.44 283.89 l 511.44 284.01 511.44 284.01 511.56 284.01 c 512.04 284.01 512.52 284.01 513 284.13 c 513.36 284.13 513.84 284.25 514.08 284.25 c 514.56 284.49 514.92 284.61 515.16 284.61 c 515.4 284.73 515.64 284.73 515.76 284.85 c 515.64 284.85 515.52 284.97 515.4 284.97 c 515.28 285.09 515.16 285.21 515.04 285.33 c 514.68 285.57 514.44 285.69 514.32 285.81 c 514.08 285.81 513.96 285.93 513.72 285.93 c 513.48 285.93 513.24 285.81 513.12 285.81 c 512.88 285.69 512.76 285.57 512.4 285.45 c 512.4 285.45 512.28 285.57 512.28 285.69 c 512.28 285.81 512.28 285.81 512.28 285.93 c 512.28 286.29 512.4 286.53 512.64 286.77 c 512.88 286.89 513.24 287.01 513.72 287.01 c 513.96 287.01 514.2 287.01 514.44 286.89 c 514.68 286.77 514.92 286.65 515.28 286.41 c 515.64 286.05 516 285.93 516.24 285.69 c 516.48 285.57 516.84 285.45 517.2 285.45 c 517.32 285.33 517.56 285.33 517.68 285.33 c 517.92 285.33 518.16 285.33 518.52 285.33 c 518.04 284.25 l 517.8 284.37 517.68 284.37 517.56 284.37 c 517.32 284.37 517.2 284.37 516.96 284.37 c 516.84 284.37 516.6 284.37 516.48 284.25 c 516.24 284.25 516.12 284.13 515.88 284.13 c 515.64 284.01 515.4 283.89 515.16 283.77 c 514.8 283.53 514.56 283.41 514.32 283.29 c 514.08 283.29 513.84 283.17 513.6 283.17 c 513.36 283.05 513 283.05 512.64 283.05 c 512.4 283.05 511.92 282.93 511.56 282.93 c h 515.64 280.89 m 515.4 281.01 515.28 281.13 515.16 281.25 c 514.92 281.37 514.8 281.49 514.68 281.61 c 514.92 281.85 515.04 281.97 515.16 282.09 c 515.28 282.21 515.4 282.45 515.52 282.57 c 515.76 282.21 516.12 281.97 516.36 281.73 c 516.24 281.61 516.12 281.49 516 281.37 c 515.88 281.13 515.76 281.01 515.64 280.89 c h f 
519.24 281.97 m 519.72 282.33 520.08 282.81 520.32 283.29 c 520.68 283.77 520.8 284.25 520.92 284.85 c 520.92 285.45 521.04 286.05 521.04 286.65 c 521.04 287.25 520.92 287.85 520.92 288.45 c 520.8 288.93 520.68 289.53 520.32 290.01 c 520.08 290.49 519.72 290.85 519.24 291.21 c 519.24 291.81 l 519.96 291.45 520.56 291.09 521.04 290.61 c 521.52 290.13 521.88 289.65 522.12 288.93 c 522.24 288.33 522.36 287.49 522.36 286.65 c 522.36 285.69 522.24 284.97 522.12 284.25 c 521.88 283.65 521.52 283.05 521.04 282.57 c 520.56 282.09 519.96 281.73 519.24 281.37 c 519.24 281.97 l h f 
216.36 442.05 m 216.24 442.17 216 442.29 215.88 442.41 c 215.64 442.53 215.52 442.65 215.4 442.77 c 215.4 442.77 215.52 442.89 215.52 443.01 c 215.52 443.01 215.64 443.13 215.64 443.25 c 215.64 443.37 215.76 443.37 215.76 443.49 c 215.88 443.61 215.88 443.61 215.88 443.73 c 216.12 443.61 216.24 443.49 216.48 443.37 c 216.6 443.37 216.72 443.25 216.72 443.13 c 216.84 443.13 216.96 443.01 216.96 443.01 c 216.96 442.89 216.72 442.53 216.36 442.05 c h 216.36 438.09 m 216.24 438.21 216 438.33 215.88 438.45 c 215.76 438.57 215.52 438.57 215.4 438.69 c 215.4 438.81 215.52 438.93 215.52 438.93 c 215.52 439.05 215.64 439.17 215.64 439.17 c 215.64 439.29 215.76 439.41 215.76 439.41 c 215.88 439.53 215.88 439.65 215.88 439.65 c 216.6 439.29 216.96 439.05 216.96 438.93 c 216.96 438.81 216.72 438.57 216.36 438.09 c h f 
223.2 435.81 m 222.48 435.81 221.88 435.93 221.4 436.41 c 220.92 436.77 220.8 437.37 220.8 438.09 c 220.8 438.21 220.8 438.33 220.8 438.45 c 220.8 438.57 220.8 438.81 220.8 438.93 c 220.92 439.17 220.92 439.29 221.04 439.65 c 221.4 439.53 l 221.4 439.17 221.28 438.81 221.28 438.57 c 221.28 438.09 221.52 437.61 221.88 437.37 c 222.12 437.01 222.72 436.89 223.32 436.89 c 223.92 436.89 224.4 436.89 224.88 437.01 c 225.24 437.01 225.72 437.13 226.08 437.25 c 226.2 437.37 226.44 437.37 226.56 437.49 c 226.68 437.61 226.92 437.61 227.04 437.73 c 226.8 437.85 226.56 437.97 226.32 438.21 c 226.08 438.33 225.84 438.45 225.72 438.45 c 225.48 438.57 225.36 438.69 225.24 438.81 c 225 438.93 225 439.05 225 439.05 c 225 439.17 225 439.29 225 439.29 c 225 439.41 225.12 439.53 225.12 439.65 c 225.24 439.77 225.24 439.89 225.36 439.89 c 225.36 440.01 225.36 440.01 225.48 440.01 c 225.72 440.01 226.08 439.89 226.56 439.89 c 227.04 439.89 227.4 439.89 228 439.89 c 228 439.89 228.12 439.77 228.12 439.77 c 228.12 438.93 l 228.12 438.81 228 438.81 228 438.81 c 227.76 438.81 227.64 438.81 227.4 438.81 c 227.16 438.81 226.92 438.93 226.8 438.93 c 226.56 438.93 226.32 438.93 226.2 439.05 c 226.32 438.93 226.56 438.81 226.68 438.81 c 226.8 438.69 226.92 438.69 227.04 438.57 c 227.04 438.57 227.16 438.45 227.28 438.45 c 227.4 438.33 227.4 438.21 227.4 438.21 c 227.52 438.09 227.52 437.85 227.52 437.73 c 227.52 437.61 227.4 437.37 227.16 437.13 c 227.04 437.01 226.68 436.77 226.44 436.53 c 226.08 436.41 225.6 436.29 225.24 436.05 c 224.52 435.93 223.8 435.81 223.2 435.81 c h f 
227.88 438.81 m 227.76 438.81 227.76 438.81 227.76 438.93 c 227.76 439.77 l 227.76 439.77 227.76 439.89 227.88 439.89 c 228.24 439.89 228.72 439.89 229.08 440.13 c 229.08 440.37 229.08 440.73 229.08 440.97 c 229.08 441.21 228.96 441.45 228.96 441.69 c 228.96 442.29 228.84 442.89 228.72 443.61 c 228.72 444.33 228.6 445.05 228.48 445.89 c 228.6 446.01 228.72 446.13 228.84 446.25 c 229.08 446.37 229.2 446.49 229.44 446.61 c 229.44 446.01 229.44 445.53 229.44 445.05 c 229.44 444.45 229.56 443.85 229.56 443.25 c 229.56 442.77 229.68 442.17 229.68 441.69 c 229.68 441.33 229.68 440.85 229.68 440.49 c 229.68 440.25 229.68 440.13 229.56 439.89 c 229.44 439.65 229.32 439.41 229.2 439.17 c 229.2 439.05 228.96 438.93 228.72 438.93 c 228.48 438.81 228.24 438.81 227.88 438.81 c h f 
233.52 438.81 m 233.16 438.81 232.8 438.81 232.56 438.93 c 232.32 439.05 232.08 439.17 231.96 439.41 c 231.84 439.65 231.72 439.77 231.72 440.01 c 231.72 440.25 231.72 440.49 231.6 440.73 c 231.6 441.09 231.6 441.45 231.6 441.81 c 231.48 442.17 231.48 442.53 231.48 443.01 c 231.36 443.37 231.36 443.85 231.36 444.33 c 231.24 444.81 231.24 445.29 231.24 445.89 c 231.36 446.01 231.48 446.13 231.72 446.25 c 231.84 446.37 231.96 446.49 232.2 446.61 c 232.2 446.01 232.2 445.41 232.2 444.81 c 232.32 444.21 232.32 443.61 232.32 443.01 c 232.32 442.41 232.32 441.69 232.32 440.97 c 232.32 440.13 l 232.56 440.01 232.68 440.01 232.92 439.89 c 233.04 439.89 233.28 439.89 233.52 439.89 c 233.52 439.89 233.52 439.77 233.52 439.77 c 233.52 438.93 l 233.52 438.81 233.52 438.81 233.52 438.81 c h f 
233.4 438.81 m 233.28 438.81 233.28 438.81 233.28 438.93 c 233.28 439.77 l 233.28 439.77 233.28 439.89 233.4 439.89 c 233.88 439.89 234.24 439.89 234.48 439.89 c 234.84 439.89 235.08 440.01 235.2 440.13 c 235.32 440.13 235.44 440.25 235.56 440.49 c 235.68 440.61 235.8 440.85 236.04 441.21 c 236.04 441.33 236.16 441.45 236.16 441.45 c 236.28 441.57 236.4 441.57 236.4 441.57 c 236.52 441.57 236.64 441.57 236.76 441.45 c 236.76 441.33 236.64 441.21 236.64 440.97 c 236.52 440.85 236.52 440.73 236.4 440.49 c 236.4 440.37 236.28 440.25 236.28 440.25 c 236.52 440.13 236.76 440.01 236.88 439.89 c 237.12 439.89 237.36 439.89 237.6 439.89 c 237.72 439.89 237.72 439.77 237.72 439.77 c 237.72 438.93 l 237.72 438.81 237.72 438.81 237.6 438.81 c 237 438.81 236.4 439.05 235.8 439.53 c 235.68 439.29 l 235.68 439.17 235.44 439.17 235.2 439.05 c 234.96 438.93 234.72 438.93 234.36 438.93 c 234.12 438.81 233.76 438.81 233.4 438.81 c h 236.4 442.53 m 236.28 442.65 236.16 442.77 236.04 442.89 c 235.92 443.01 235.8 443.13 235.68 443.25 c 235.8 443.37 235.8 443.49 236.04 443.61 c 236.16 443.73 236.28 443.85 236.4 444.09 c 236.52 443.97 236.52 443.97 236.64 443.85 c 236.76 443.73 237 443.61 237.12 443.37 c 237 443.13 236.76 442.89 236.4 442.53 c h 234.84 442.41 m 234.6 442.53 234.48 442.65 234.36 442.77 c 234.24 442.89 234.12 443.01 234 443.13 c 234.12 443.25 234.24 443.37 234.36 443.49 c 234.48 443.61 234.6 443.73 234.72 443.97 c 234.84 443.85 234.96 443.73 235.08 443.61 c 235.2 443.49 235.32 443.37 235.44 443.25 c 235.44 443.13 235.32 443.01 235.2 442.77 c 235.08 442.65 234.96 442.53 234.84 442.41 c h f 
237.48 438.81 m 237.48 438.81 237.36 438.81 237.36 438.93 c 237.36 439.77 l 237.36 439.77 237.48 439.89 237.48 439.89 c 237.96 439.89 238.32 439.89 238.8 440.13 c 238.68 440.37 238.68 440.73 238.68 440.97 c 238.68 441.21 238.68 441.45 238.56 441.69 c 238.56 442.29 238.44 442.89 238.44 443.61 c 238.32 444.33 238.2 445.05 238.08 445.89 c 238.2 446.01 238.32 446.13 238.56 446.25 c 238.68 446.37 238.92 446.49 239.04 446.61 c 239.04 446.01 239.04 445.53 239.16 445.05 c 239.16 444.45 239.16 443.85 239.16 443.25 c 239.28 442.77 239.28 442.17 239.28 441.69 c 239.28 441.33 239.28 440.85 239.28 440.49 c 239.28 440.25 239.28 440.13 239.16 439.89 c 239.16 439.65 239.04 439.41 238.92 439.17 c 238.8 439.05 238.68 438.93 238.44 438.93 c 238.2 438.81 237.84 438.81 237.48 438.81 c h f 
241.2 438.81 m 241.2 439.53 241.2 440.13 241.2 440.85 c 241.2 441.45 241.08 441.93 241.08 442.53 c 241.08 443.13 241.08 443.61 240.96 444.09 c 240.96 444.57 240.96 445.05 240.84 445.53 c 240.84 445.77 240.84 445.89 240.96 446.01 c 240.96 446.25 241.08 446.25 241.2 446.37 c 241.44 446.49 241.56 446.49 241.8 446.61 c 241.8 446.37 241.92 446.13 241.92 445.89 c 242.04 445.65 242.16 445.41 242.16 445.17 c 241.92 444.93 l 241.92 444.33 241.92 443.85 241.92 443.25 c 241.92 442.65 241.92 441.93 241.92 441.21 c 241.92 440.49 241.92 439.77 241.8 438.93 c 241.2 438.81 l h f 
248.28 435.81 m 247.68 435.81 247.08 435.93 246.72 436.41 c 246.36 436.77 246.24 437.25 246.24 437.97 c 246.24 438.21 246.24 438.33 246.24 438.45 c 246.24 438.57 246.24 438.81 246.36 438.93 c 246.36 439.17 246.36 439.29 246.48 439.53 c 246.84 439.41 l 246.84 439.17 246.72 438.81 246.72 438.57 c 246.72 438.09 246.84 437.61 247.2 437.37 c 247.44 437.01 247.8 436.89 248.28 436.89 c 248.76 436.89 249.12 436.89 249.48 437.01 c 249.84 437.13 250.2 437.37 250.44 437.49 c 250.8 437.73 250.92 437.97 251.16 438.21 c 250.8 439.89 l 250.68 440.61 250.56 441.21 250.56 441.93 c 250.44 442.53 250.32 443.01 250.2 443.61 c 250.2 443.73 250.2 443.97 250.2 444.21 c 250.08 444.45 250.08 444.57 250.08 444.81 c 250.08 444.93 249.96 445.17 249.96 445.29 c 249.96 445.41 249.96 445.53 249.96 445.53 c 249.96 445.89 250.08 446.13 250.2 446.25 c 250.44 446.37 250.56 446.49 250.92 446.61 c 250.92 446.37 251.04 446.13 251.04 445.89 c 251.16 445.65 251.28 445.41 251.28 445.17 c 251.04 444.93 l 251.16 443.61 251.28 442.65 251.4 441.81 c 251.4 441.09 251.52 440.49 251.52 440.13 c 251.76 439.89 252.12 439.89 252.36 439.89 c 252.48 439.89 252.48 439.77 252.48 439.77 c 252.48 438.93 l 252.48 438.81 252.48 438.81 252.36 438.81 c 252.24 438.81 252.12 438.81 252 438.81 c 251.88 438.93 251.76 438.93 251.64 439.05 c 251.64 438.57 l 251.64 438.09 251.52 437.61 251.16 437.25 c 250.92 436.77 250.44 436.41 249.96 436.17 c 249.72 436.05 249.36 435.93 249.12 435.93 c 248.88 435.81 248.64 435.81 248.28 435.81 c h f 
252.36 438.81 m 252.24 438.81 252.24 438.81 252.24 438.93 c 252.24 439.77 l 252.24 439.77 252.24 439.89 252.36 439.89 c 253.32 439.89 254.04 439.89 254.76 440.13 c 255.12 440.13 255.48 440.25 255.72 440.49 c 255.72 440.61 255.6 440.85 255.36 441.09 c 255.24 441.33 255 441.57 254.76 441.69 c 254.52 441.93 254.4 442.05 254.16 442.17 c 253.92 442.29 253.68 442.41 253.44 442.53 c 253.08 442.77 252.84 442.89 252.6 443.13 c 252.48 443.25 252.36 443.49 252.36 443.61 c 252.36 443.73 252.36 443.97 252.48 444.09 c 252.48 444.21 252.6 444.21 252.6 444.33 c 252.72 444.45 252.84 444.45 252.96 444.57 c 253.2 444.69 253.44 444.81 253.68 444.93 c 253.92 445.05 254.28 445.17 254.64 445.41 c 255 445.53 255.36 445.65 255.84 445.89 c 256.2 446.01 256.68 446.25 257.16 446.37 c 257.28 446.25 257.4 446.13 257.4 445.89 c 257.4 445.77 257.28 445.65 257.16 445.53 c 257.16 445.41 257.04 445.29 256.8 445.17 c 256.44 445.05 256.08 444.81 255.6 444.69 c 255.24 444.57 254.88 444.33 254.4 444.21 c 254.04 443.97 253.56 443.85 253.08 443.61 c 253.56 443.49 254.16 443.25 254.64 442.89 c 255.12 442.65 255.48 442.29 255.84 441.81 c 256.08 441.45 256.2 441.09 256.2 440.73 c 256.2 440.61 256.2 440.49 256.2 440.37 c 256.68 440.01 257.16 439.89 257.76 439.89 c 257.76 439.89 257.88 439.77 257.88 439.77 c 257.88 438.93 l 257.88 438.81 257.76 438.81 257.76 438.81 c 257.4 438.81 257.04 438.93 256.68 439.05 c 256.32 439.17 256.08 439.41 255.84 439.65 c 255.72 439.65 255.72 439.53 255.6 439.53 c 255.48 439.41 255.48 439.41 255.36 439.29 c 254.64 438.93 253.68 438.81 252.36 438.81 c h f 
260.28 438.81 m 260.04 438.81 259.8 438.81 259.56 438.93 c 259.32 438.93 259.08 439.05 258.84 439.17 c 258.72 439.05 258.6 438.93 258.36 438.93 c 258.12 438.81 257.88 438.81 257.64 438.81 c 257.52 438.81 257.52 438.81 257.52 438.93 c 257.52 439.77 l 257.52 439.77 257.52 439.89 257.64 439.89 c 257.88 439.89 258.12 439.89 258.24 439.89 c 258.36 440.01 258.6 440.01 258.6 440.13 c 258.72 440.25 258.84 440.37 258.96 440.49 c 258.96 440.49 259.08 440.73 259.2 440.97 c 259.32 441.09 259.32 441.09 259.44 441.09 c 259.44 441.21 259.56 441.21 259.68 441.21 c 259.8 441.21 259.92 441.21 259.92 441.09 c 259.8 440.85 259.8 440.61 259.68 440.37 c 259.56 440.25 259.56 440.01 259.44 439.89 c 259.56 439.89 259.68 439.89 259.8 439.89 c 259.92 439.77 260.16 439.77 260.4 439.77 c 260.52 439.77 260.64 439.77 260.76 439.89 c 260.88 439.89 261.12 439.89 261.24 439.89 c 261.24 440.01 261.36 440.13 261.36 440.37 c 261.48 440.49 261.48 440.73 261.6 440.85 c 261.72 441.09 261.72 441.33 261.84 441.45 c 261.84 441.57 261.96 441.69 261.96 441.81 c 262.08 441.81 262.2 441.81 262.32 441.81 c 262.44 441.81 262.56 441.81 262.56 441.81 c 262.56 441.57 262.44 441.45 262.44 441.09 c 262.32 440.85 262.2 440.49 261.96 439.89 c 262.08 439.89 262.2 439.89 262.2 439.89 c 262.32 439.89 262.44 439.77 262.56 439.77 c 262.68 439.77 262.92 439.89 263.16 439.89 c 263.28 440.01 263.28 440.13 263.28 440.25 c 263.4 440.37 263.4 440.49 263.52 440.73 c 263.52 440.85 263.64 441.09 263.76 441.21 c 263.76 441.33 263.88 441.57 263.88 441.69 c 264 441.81 264 441.81 264.12 441.93 c 264.12 441.93 264.24 441.93 264.36 441.93 c 264.48 441.93 264.6 441.93 264.72 441.81 c 264.6 441.69 264.6 441.57 264.48 441.33 c 264.36 440.97 264.24 440.61 264.12 440.25 c 264.36 440.13 264.6 440.01 264.72 439.89 c 264.96 439.89 265.2 439.89 265.44 439.89 c 265.56 439.89 265.56 439.77 265.56 439.77 c 265.56 438.93 l 265.56 438.81 265.56 438.81 265.44 438.81 c 265.2 438.81 264.84 438.93 264.6 439.05 c 264.24 439.17 264 439.29 263.88 439.41 c 263.76 439.41 263.76 439.29 263.76 439.17 c 263.64 439.17 263.64 439.05 263.52 439.05 c 263.4 438.93 263.28 438.93 263.16 438.81 c 262.92 438.81 262.8 438.81 262.56 438.81 c 262.2 438.81 261.96 438.81 261.6 439.05 c 261.6 438.93 261.48 438.93 261.36 438.93 c 261.12 438.81 261 438.81 260.76 438.81 c 260.64 438.81 260.4 438.81 260.28 438.81 c h 261 442.65 m 260.88 442.77 260.64 442.89 260.64 442.89 c 260.52 443.01 260.4 443.13 260.28 443.25 c 260.4 443.37 260.52 443.49 260.64 443.61 c 260.76 443.73 260.88 443.85 261 443.97 c 261 443.97 261.12 443.85 261.24 443.73 c 261.36 443.61 261.48 443.49 261.6 443.37 c 261.6 443.25 261.48 443.13 261.36 443.01 c 261.24 442.89 261.12 442.77 261 442.65 c h 262.56 442.77 m 262.44 442.89 262.32 443.01 262.2 443.13 c 262.08 443.25 261.96 443.25 261.84 443.37 c 261.96 443.49 262.08 443.61 262.2 443.73 c 262.32 443.85 262.44 443.97 262.56 444.21 c 262.68 444.09 262.8 443.97 262.92 443.85 c 263.04 443.73 263.16 443.61 263.28 443.49 c 263.16 443.37 263.04 443.25 262.92 443.13 c 262.92 443.01 262.8 442.89 262.56 442.77 c h 261.84 443.73 m 261.72 443.85 261.6 443.85 261.48 443.97 c 261.36 444.09 261.24 444.21 261.12 444.33 c 261.24 444.45 261.36 444.57 261.48 444.69 c 261.6 444.81 261.72 444.81 261.72 444.93 c 261.84 444.81 261.96 444.69 262.08 444.69 c 262.2 444.57 262.32 444.45 262.44 444.33 c 262.32 444.21 262.2 444.09 262.08 443.97 c 261.96 443.85 261.84 443.73 261.84 443.73 c h f 
265.32 438.81 m 265.32 438.81 265.32 438.81 265.32 438.93 c 265.32 439.77 l 265.32 439.77 265.32 439.89 265.32 439.89 c 265.8 439.89 266.16 439.89 266.64 440.13 c 266.64 440.37 266.52 440.73 266.52 440.97 c 266.52 441.21 266.52 441.45 266.52 441.69 c 266.4 442.29 266.4 442.89 266.28 443.61 c 266.16 444.33 266.04 445.05 265.92 445.89 c 266.04 446.01 266.28 446.13 266.4 446.25 c 266.52 446.37 266.76 446.49 266.88 446.61 c 266.88 446.01 267 445.53 267 445.05 c 267 444.45 267 443.85 267.12 443.25 c 267.12 442.77 267.12 442.17 267.12 441.69 c 267.12 441.33 267.12 440.85 267.12 440.49 c 267.12 440.25 267.12 440.13 267 439.89 c 267 439.65 266.88 439.41 266.76 439.17 c 266.64 439.05 266.52 438.93 266.28 438.93 c 266.04 438.81 265.68 438.81 265.32 438.81 c h f 
269.16 438.81 m 269.04 439.53 269.04 440.13 269.04 440.85 c 269.04 441.45 269.04 441.93 268.92 442.53 c 268.92 443.13 268.92 443.61 268.8 444.09 c 268.8 444.57 268.8 445.05 268.68 445.53 c 268.68 445.77 268.68 445.89 268.8 446.01 c 268.92 446.25 268.92 446.25 269.16 446.37 c 269.28 446.49 269.4 446.49 269.64 446.61 c 269.64 446.37 269.76 446.13 269.76 445.89 c 269.88 445.65 270 445.41 270.12 445.17 c 269.76 444.93 l 269.76 444.33 269.76 443.85 269.76 443.25 c 269.76 442.65 269.76 441.93 269.76 441.21 c 269.76 440.49 269.76 439.77 269.76 438.93 c 269.16 438.81 l h f 
276.6 435.81 m 275.76 435.81 275.16 435.93 274.68 436.41 c 274.32 436.77 274.08 437.37 274.08 438.09 c 274.08 438.21 274.08 438.33 274.08 438.45 c 274.08 438.57 274.08 438.81 274.2 438.93 c 274.2 439.17 274.2 439.29 274.32 439.65 c 274.8 439.53 l 274.68 439.17 274.56 438.81 274.56 438.57 c 274.56 438.09 274.8 437.61 275.16 437.37 c 275.52 437.01 276 436.89 276.6 436.89 c 277.2 436.89 277.68 436.89 278.16 437.01 c 278.64 437.01 279 437.13 279.36 437.25 c 279.48 437.37 279.72 437.37 279.84 437.49 c 280.08 437.61 280.2 437.61 280.32 437.73 c 280.08 437.85 279.84 437.97 279.6 438.21 c 279.36 438.33 279.12 438.45 279 438.45 c 278.76 438.57 278.64 438.69 278.52 438.81 c 278.4 438.93 278.28 439.05 278.28 439.05 c 278.28 439.17 278.28 439.29 278.28 439.29 c 278.4 439.41 278.4 439.53 278.52 439.65 c 278.52 439.77 278.52 439.89 278.64 439.89 c 278.64 440.01 278.76 440.01 278.76 440.01 c 279 440.01 279.36 439.89 279.84 439.89 c 280.32 439.89 280.8 439.89 281.28 439.89 c 281.4 439.89 281.4 439.77 281.4 439.77 c 281.4 438.93 l 281.4 438.81 281.4 438.81 281.28 438.81 c 281.04 438.81 280.92 438.81 280.68 438.81 c 280.44 438.81 280.32 438.93 280.08 438.93 c 279.84 438.93 279.72 438.93 279.48 439.05 c 279.72 438.93 279.84 438.81 279.96 438.81 c 280.08 438.69 280.2 438.69 280.32 438.57 c 280.44 438.57 280.44 438.45 280.56 438.45 c 280.68 438.33 280.68 438.21 280.8 438.21 c 280.8 438.09 280.8 437.85 280.8 437.73 c 280.8 437.61 280.68 437.37 280.56 437.13 c 280.32 437.01 280.08 436.77 279.72 436.53 c 279.36 436.41 279 436.29 278.52 436.05 c 277.8 435.93 277.2 435.81 276.6 435.81 c h f 
281.16 438.81 m 281.16 438.81 281.16 438.81 281.16 438.93 c 281.16 439.77 l 281.16 439.77 281.16 439.89 281.16 439.89 c 282 439.89 282.72 439.89 283.32 440.01 c 283.92 440.01 284.4 440.25 284.88 440.37 c 284.88 440.49 284.88 440.61 284.88 440.73 c 284.76 440.85 284.76 441.09 284.76 441.21 c 284.52 440.97 284.28 440.85 284.04 440.73 c 283.8 440.61 283.44 440.61 283.2 440.61 c 282.84 440.61 282.48 440.73 282.36 440.97 c 282.12 441.21 282 441.45 282 441.93 c 282 442.29 282.12 442.65 282.24 443.01 c 282.36 443.37 282.48 443.61 282.72 443.73 c 282.84 443.85 282.96 443.97 283.08 443.97 c 283.2 444.09 283.32 444.09 283.44 444.09 c 283.8 444.09 284.16 443.97 284.52 443.61 c 284.76 443.37 285 442.89 285.24 442.41 c 285.24 442.17 285.36 441.81 285.36 441.57 c 285.48 441.33 285.48 440.97 285.48 440.73 c 285.48 440.61 285.48 440.49 285.48 440.37 c 285.48 440.25 285.36 440.13 285.36 440.01 c 285.24 439.77 285.24 439.65 285.12 439.53 c 284.88 439.41 284.64 439.29 284.28 439.17 c 283.92 439.05 283.44 439.05 282.96 438.93 c 282.36 438.81 281.88 438.81 281.16 438.81 c h 283.44 441.45 m 283.8 441.45 284.16 441.57 284.52 441.69 c 284.4 442.17 284.28 442.41 284.04 442.65 c 283.8 442.89 283.56 443.01 283.32 443.01 c 283.08 443.01 282.84 442.89 282.72 442.65 c 282.6 442.53 282.48 442.29 282.48 442.05 c 282.48 441.93 282.6 441.69 282.72 441.57 c 282.84 441.45 283.08 441.45 283.44 441.45 c h 283.44 444.81 m 283.08 445.05 282.84 445.29 282.6 445.53 c 282.84 445.77 282.96 445.89 283.08 446.13 c 283.2 446.25 283.32 446.37 283.44 446.49 c 283.56 446.37 283.68 446.25 283.8 446.01 c 283.92 445.89 284.04 445.77 284.16 445.65 c 284.16 445.53 284.04 445.41 283.92 445.29 c 283.8 445.17 283.56 444.93 283.44 444.81 c h f 
0.992 0.941 0.918 sc 298.8 434.85 m 302.88 434.85 306.24 438.21 306.24 442.29 c 306.24 446.37 302.88 449.73 298.8 449.73 c 294.72 449.73 291.36 446.37 291.36 442.29 c 291.36 438.21 294.72 434.85 298.8 434.85 c h f 
q 0.12 0 0 -0.12 0 841.89 cm 4 w 1 J 0 j 4 M 0.933 0.114 0.145 SC 2490 3392 m 2524 3392 2552 3364 2552 3330 c 2552 3296 2524 3268 2490 3268 c 2456 3268 2428 3296 2428 3330 c 2428 3364 2456 3392 2490 3392 c S Q 
1 w 0.933 0.114 0.145 sc 299.4 438.21 m 299.4 440.01 l 296.04 440.01 l 296.04 440.97 l 299.4 446.49 l 300.48 446.49 l 300.48 441.09 l 301.56 441.09 l 301.56 440.01 l 300.48 440.01 l 300.48 438.21 l 299.4 438.21 l h 297.12 441.09 m 299.4 441.09 l 299.4 443.25 l 299.4 443.37 299.4 443.49 299.4 443.73 c 299.4 443.85 299.4 443.97 299.4 444.21 c 299.52 444.33 299.52 444.45 299.52 444.69 c 299.52 444.81 299.52 444.93 299.52 445.05 c 299.4 445.05 l 299.4 444.93 299.4 444.81 299.28 444.57 c 299.16 444.45 299.04 444.33 299.04 444.21 c 297.12 441.09 l h f 
q 0.12 0 0 -0.12 0 841.89 cm 7 w 1 J 1 j 0.925 0.008 0.553 SC 1398 3944 m 948 3944 l 948 3492 l 1398 3492 l 1398 3944 l h S Q 
1 w 0.141 0.125 0.129 sc 166.92 425.73 m 166.92 430.89 l 166.92 431.01 167.04 431.13 167.04 431.25 c 167.16 431.25 167.28 431.25 167.52 431.25 c 168.48 431.25 169.2 431.01 169.68 430.65 c 170.4 430.05 170.64 429.33 170.64 428.25 c 170.64 427.05 170.28 426.33 169.56 425.85 c 169.08 425.49 168.36 425.37 167.64 425.37 c 167.4 425.37 167.16 425.37 167.04 425.37 c 167.04 425.49 166.92 425.61 166.92 425.73 c h 165.12 425.01 m 167.88 425.01 l 168.6 425.01 169.2 425.01 169.8 425.25 c 170.04 425.37 170.28 425.49 170.52 425.73 c 171 425.97 171.24 426.45 171.48 426.81 c 171.72 427.29 171.84 427.77 171.84 428.25 c 171.84 429.69 171.24 430.65 170.04 431.13 c 169.44 431.49 168.72 431.61 167.76 431.61 c 165.12 431.61 l 165.12 431.49 l 165.48 431.37 165.72 431.37 165.84 431.25 c 165.96 431.13 165.96 430.89 165.96 430.53 c 165.96 426.09 l 165.96 425.73 165.84 425.49 165.84 425.37 c 165.72 425.25 165.48 425.25 165.12 425.13 c 165.12 425.01 l h f 
113.16 427.53 m 114.36 430.29 l 115.44 427.53 l 113.16 427.53 l h 113.16 425.01 m 113.16 425.13 l 112.92 425.13 112.8 425.25 112.68 425.25 c 112.56 425.25 112.44 425.37 112.44 425.61 c 112.44 425.73 112.44 425.73 112.56 425.97 c 112.56 426.09 112.8 426.45 113.04 427.17 c 115.68 427.17 l 116.04 426.21 l 116.16 426.09 116.16 425.97 116.16 425.73 c 116.16 425.61 116.28 425.61 116.28 425.49 c 116.28 425.37 116.16 425.25 116.16 425.25 c 116.04 425.25 115.8 425.13 115.56 425.13 c 115.56 425.01 l 118.08 425.01 l 118.08 425.13 l 117.84 425.13 117.72 425.25 117.6 425.37 c 117.48 425.37 117.36 425.61 117.24 426.09 c 114.72 431.73 l 114.48 431.73 l 112.44 426.81 l 112.08 426.09 111.84 425.61 111.72 425.49 c 111.6 425.25 111.48 425.13 111.12 425.13 c 111.12 425.01 l 113.16 425.01 l h f 
168.96 365.97 m 167.88 365.97 167.04 365.61 166.44 364.89 c 165.84 364.29 165.48 363.45 165.48 362.49 c 165.48 361.53 165.84 360.69 166.32 360.09 c 167.04 359.37 167.88 359.01 168.96 359.01 c 169.56 359.01 170.16 359.13 170.76 359.49 c 171.12 359.73 171.36 359.97 171.6 360.33 c 171.36 360.45 l 171.12 360.21 170.88 359.97 170.64 359.85 c 170.16 359.61 169.68 359.49 169.2 359.49 c 168.48 359.49 167.88 359.73 167.4 360.21 c 166.92 360.81 166.68 361.53 166.68 362.37 c 166.68 363.33 166.92 364.17 167.4 364.77 c 167.76 365.25 168.36 365.61 169.08 365.61 c 169.8 365.61 170.28 365.25 170.76 364.77 c 170.88 364.53 171.12 364.17 171.24 363.69 c 171.48 363.69 l 171.36 365.97 l 171.12 365.97 l 171.12 365.85 171.12 365.73 171 365.73 c 170.88 365.61 170.76 365.61 170.76 365.61 c 170.64 365.61 170.52 365.73 170.04 365.85 c 169.68 365.85 169.32 365.97 168.96 365.97 c h f 
113.28 359.49 m 112.92 359.49 112.68 359.61 112.56 359.61 c 112.44 359.61 112.44 359.73 112.44 359.97 c 112.44 362.49 l 112.56 362.49 112.56 362.49 112.68 362.49 c 112.68 362.49 112.8 362.49 112.92 362.49 c 113.52 362.49 114 362.37 114.48 362.13 c 114.84 361.89 115.08 361.53 115.08 361.05 c 115.08 360.45 114.84 360.09 114.6 359.85 c 114.24 359.61 113.76 359.49 113.28 359.49 c h 110.4 359.13 m 113.76 359.13 l 114.24 359.13 114.72 359.25 115.08 359.37 c 115.92 359.73 116.28 360.21 116.28 361.05 c 116.28 361.53 116.04 361.89 115.68 362.13 c 115.44 362.37 114.96 362.61 114.6 362.73 c 114.96 362.73 115.2 362.85 115.44 363.09 c 115.68 363.33 115.92 363.69 115.92 364.17 c 115.92 364.77 115.68 365.25 115.2 365.49 c 114.72 365.73 114.12 365.85 113.28 365.85 c 110.4 365.85 l 110.4 365.61 l 110.88 365.61 111.12 365.61 111.24 365.49 c 111.36 365.37 111.36 365.13 111.36 364.77 c 111.36 360.21 l 111.36 359.85 111.36 359.61 111.24 359.61 c 111.12 359.49 110.88 359.37 110.4 359.37 c 110.4 359.13 l h 113.4 362.85 m 112.44 362.85 l 112.44 365.13 l 112.44 365.25 112.44 365.37 112.56 365.49 c 112.56 365.49 112.68 365.49 112.92 365.49 c 113.4 365.49 113.88 365.37 114.12 365.37 c 114.6 365.13 114.84 364.65 114.84 364.05 c 114.84 363.57 114.6 363.21 114.24 362.97 c 114 362.97 113.76 362.85 113.4 362.85 c h f 
148.68 365.25 m 148.44 365.49 147.96 365.61 147.48 365.61 c 146.76 365.61 146.16 365.37 145.8 364.89 c 145.32 364.29 145.08 363.45 145.08 362.13 c 145.08 360.93 145.32 360.21 145.68 359.61 c 146.16 359.13 146.64 358.89 147.36 358.89 c 147.72 358.89 148.08 359.01 148.44 359.25 c 148.68 359.37 149.04 359.61 149.16 359.97 c 149.28 360.33 149.4 360.81 149.4 361.17 c 149.4 361.77 149.28 362.37 148.8 362.73 c 148.44 363.09 147.96 363.33 147.48 363.33 c 147.12 363.33 146.88 363.21 146.64 363.09 c 146.28 362.97 146.04 362.73 145.92 362.49 c 145.92 363.09 145.92 363.57 146.16 363.93 c 146.28 364.29 146.4 364.65 146.76 364.77 c 146.88 364.89 147.12 365.01 147.36 365.01 c 147.72 365.01 147.96 364.89 148.2 364.65 c 148.32 364.53 148.44 364.29 148.56 363.93 c 149.28 364.05 l 149.28 364.53 149.04 364.89 148.68 365.25 c h 146.4 362.25 m 146.64 362.49 147 362.61 147.36 362.61 c 147.72 362.61 147.96 362.49 148.2 362.25 c 148.44 361.89 148.56 361.53 148.56 361.17 c 148.56 360.69 148.44 360.33 148.2 359.97 c 147.96 359.73 147.72 359.61 147.36 359.61 c 147.12 359.61 146.88 359.61 146.64 359.73 c 146.52 359.97 146.28 360.09 146.16 360.33 c 146.04 360.57 146.04 360.93 146.04 361.17 c 146.04 361.65 146.16 361.89 146.4 362.25 c h f 
130.68 356.49 m 130.92 356.49 131.04 356.61 131.16 356.73 c 131.04 356.85 131.04 357.21 131.04 357.45 c 130.92 357.69 130.92 357.93 130.92 358.17 c 130.8 358.77 130.68 359.13 130.68 359.61 c 130.56 359.97 130.56 360.33 130.56 360.57 c 130.68 360.69 130.8 360.81 130.92 360.93 c 131.04 361.05 131.28 361.17 131.4 361.17 c 131.28 360.93 131.16 360.69 131.16 360.45 c 131.16 360.33 131.28 360.09 131.52 359.85 c 131.76 359.73 132.12 359.61 132.48 359.49 c 132.84 359.37 133.32 359.37 133.8 359.37 c 133.92 359.73 l 134.16 359.49 134.52 359.37 134.88 359.37 c 134.88 359.37 134.88 359.37 134.88 359.49 c 134.88 360.21 l 134.88 360.21 134.88 360.21 134.88 360.21 c 134.64 360.21 134.52 360.33 134.4 360.57 c 134.28 360.69 134.28 360.81 134.16 360.93 c 134.04 361.17 133.92 361.29 133.92 361.53 c 133.8 361.77 133.8 361.89 133.68 362.01 c 133.68 362.13 133.56 362.25 133.56 362.37 c 133.44 362.49 133.44 362.61 133.32 362.73 c 133.2 362.85 133.2 362.85 133.08 362.85 c 132.96 362.85 132.72 362.73 132.48 362.73 c 132.24 362.61 132 362.49 131.76 362.25 c 131.64 362.25 131.52 362.13 131.28 362.01 c 131.16 361.89 131.04 361.89 130.92 361.77 c 130.8 361.65 130.68 361.53 130.56 361.53 c 130.44 361.41 130.44 361.41 130.44 361.29 c 130.32 361.17 130.32 361.05 130.2 360.93 c 130.2 360.81 130.2 360.69 130.08 360.57 c 130.08 360.57 130.08 360.45 130.08 360.45 c 130.08 360.33 130.08 360.33 130.08 360.33 c 130.08 360.09 130.08 359.85 130.08 359.61 c 130.08 359.25 130.08 359.01 130.2 358.65 c 130.2 358.17 130.2 357.81 130.32 357.33 c 130.32 356.97 130.32 356.61 130.32 356.25 c 130.44 356.25 130.56 356.37 130.68 356.49 c h 131.76 360.81 m 131.76 360.93 131.88 361.05 132.12 361.29 c 132.24 361.41 132.36 361.53 132.6 361.65 c 132.72 361.77 132.96 361.89 133.08 362.01 c 133.08 361.65 133.2 361.29 133.32 360.93 c 133.44 360.69 133.56 360.33 133.68 360.21 c 132.72 360.21 132.12 360.45 131.76 360.81 c h f 
137.52 359.37 m 137.76 359.37 137.88 359.37 138 359.49 c 138.12 359.49 138.24 359.49 138.24 359.61 c 138.36 359.61 138.36 359.73 138.36 359.73 c 138.72 359.61 139.08 359.49 139.44 359.37 c 139.8 359.37 140.16 359.37 140.64 359.37 c 140.64 359.49 140.76 359.61 140.76 359.73 c 140.88 359.97 140.88 360.09 140.88 360.21 c 141 360.45 141 360.57 141 360.57 c 141 360.81 141 360.93 140.88 361.17 c 140.88 361.41 140.88 361.65 140.76 362.01 c 140.64 362.25 140.64 362.61 140.64 362.85 c 140.4 362.73 140.16 362.61 140.04 362.49 c 139.92 362.25 139.8 362.13 139.8 362.01 c 139.8 361.89 139.92 361.77 139.92 361.65 c 139.92 361.53 140.04 361.41 140.04 361.17 c 140.16 361.05 140.28 360.81 140.28 360.69 c 140.4 360.45 140.4 360.33 140.52 360.21 c 140.28 360.21 140.04 360.21 139.8 360.33 c 139.68 360.33 139.44 360.33 139.32 360.45 c 139.08 360.45 138.84 360.57 138.72 360.57 c 138.72 360.93 138.84 361.17 138.96 361.41 c 138.96 361.65 139.08 361.77 139.08 361.89 c 139.08 362.01 138.96 362.01 138.84 362.01 c 138.72 362.01 138.6 362.01 138.6 361.89 c 138.48 361.89 138.48 361.77 138.36 361.65 c 138.36 361.53 138.24 361.41 138.24 361.17 c 138.12 360.93 138.12 360.81 138 360.69 c 138 360.45 137.88 360.45 137.88 360.33 c 137.76 360.33 137.64 360.33 137.52 360.21 c 137.4 360.21 137.28 360.21 137.16 360.21 c 136.92 360.21 136.8 360.21 136.68 360.21 c 136.56 360.33 136.44 360.33 136.32 360.33 c 136.44 360.45 136.44 360.57 136.56 360.69 c 136.56 360.81 136.68 361.05 136.8 361.29 c 136.68 361.41 136.56 361.41 136.56 361.41 c 136.44 361.41 136.32 361.41 136.32 361.41 c 136.32 361.29 136.2 361.29 136.2 361.29 c 136.08 361.05 135.96 360.93 135.96 360.93 c 135.96 360.81 135.84 360.69 135.84 360.69 c 135.84 360.57 135.72 360.57 135.6 360.45 c 135.6 360.45 135.48 360.33 135.24 360.33 c 135.12 360.33 135 360.21 134.76 360.21 c 134.76 360.21 134.64 360.21 134.64 360.21 c 134.64 359.37 l 134.64 359.37 134.76 359.37 134.76 359.37 c 135 359.37 135.24 359.37 135.36 359.37 c 135.6 359.49 135.72 359.49 135.84 359.61 c 135.96 359.49 136.2 359.49 136.44 359.37 c 136.68 359.37 136.8 359.37 137.04 359.37 c 137.16 359.37 137.4 359.37 137.52 359.37 c h f 
0.925 0.008 0.553 sc 111.12 396.81 m 116.28 396.81 l 116.28 396.21 l 111.12 396.21 l 111.12 396.81 l h 111.12 395.13 m 116.28 395.13 l 116.28 394.53 l 111.12 394.53 l 111.12 395.13 l h f 
165.24 396.81 m 170.28 396.81 l 170.28 396.21 l 165.24 396.21 l 165.24 396.81 l h 165.24 395.13 m 170.28 395.13 l 170.28 394.53 l 165.24 394.53 l 165.24 395.13 l h f 
141.84 425.37 m 141.84 420.21 l 141.24 420.21 l 141.24 425.37 l 141.84 425.37 l h 140.16 425.37 m 140.16 420.21 l 139.56 420.21 l 139.56 425.37 l 140.16 425.37 l h f 
141.84 371.13 m 141.84 365.97 l 141.24 365.97 l 141.24 371.13 l 141.84 371.13 l h 140.16 371.13 m 140.16 365.97 l 139.56 365.97 l 139.56 371.13 l 140.16 371.13 l h f 
q 0.12 0 0 -0.12 0 841.89 cm 7 w 1 J 1 j 0.925 0.008 0.553 SC 2051 3928 m 1751 3928 l 1751 3627 l 2051 3627 l 2051 3928 l h S Q 
1 w 0.141 0.125 0.129 sc 243.48 408.81 m 245.76 408.81 l 245.76 409.05 l 245.4 409.05 245.16 409.17 245.04 409.29 c 244.92 409.41 244.8 409.77 244.8 410.37 c 244.8 414.33 l 247.32 408.81 l 247.56 408.81 l 250.08 414.57 l 250.08 410.01 l 250.08 409.65 250.08 409.41 249.96 409.29 c 249.84 409.17 249.6 409.05 249.24 409.05 c 249.24 408.81 l 252 408.81 l 252 409.05 l 251.64 409.05 251.4 409.17 251.28 409.29 c 251.16 409.29 251.16 409.53 251.16 409.89 c 251.16 414.45 l 251.16 414.81 251.16 415.05 251.28 415.17 c 251.4 415.17 251.64 415.29 252 415.29 c 252 415.53 l 249.96 415.53 l 247.8 410.49 l 245.4 415.53 l 243.48 415.53 l 243.48 415.29 l 243.84 415.29 244.08 415.29 244.2 415.17 c 244.32 415.05 244.44 414.81 244.44 414.45 c 244.44 410.37 l 244.44 409.77 244.32 409.41 244.2 409.29 c 244.08 409.17 243.84 409.05 243.48 409.05 c 243.48 408.81 l h f 
207.48 408.81 m 209.88 408.81 l 209.88 409.05 l 209.64 409.05 209.4 409.05 209.28 409.05 c 209.16 409.17 209.04 409.29 209.04 409.41 c 209.04 409.53 209.16 409.65 209.28 409.77 c 209.28 409.89 209.4 410.01 209.64 410.25 c 210.72 411.69 l 211.44 410.73 211.92 410.13 212.04 409.89 c 212.16 409.65 212.28 409.41 212.28 409.41 c 212.28 409.29 212.16 409.17 212.04 409.05 c 211.92 409.05 211.8 409.05 211.44 409.05 c 211.44 408.81 l 214.44 408.81 l 214.44 409.05 l 214.2 409.05 213.96 409.17 213.84 409.17 c 213.72 409.29 213.48 409.53 213.36 409.77 c 211.44 412.53 l 212.88 414.33 l 213.24 414.81 213.48 415.05 213.72 415.17 c 213.84 415.29 214.08 415.29 214.32 415.29 c 214.32 415.53 l 211.92 415.53 l 211.92 415.29 l 212.16 415.29 212.4 415.29 212.4 415.29 c 212.64 415.17 212.64 415.17 212.64 414.93 c 212.64 414.93 212.64 414.81 212.64 414.81 c 212.52 414.69 212.4 414.45 212.28 414.33 c 211.2 412.89 l 210.12 414.45 l 210.12 414.57 210 414.57 210 414.69 c 209.88 414.81 209.88 414.93 209.88 414.93 c 209.88 415.17 210 415.17 210.12 415.29 c 210.24 415.29 210.36 415.29 210.72 415.29 c 210.72 415.53 l 207.6 415.53 l 207.6 415.29 l 207.96 415.29 208.2 415.17 208.44 415.05 c 208.56 414.93 208.92 414.45 209.4 413.73 c 210.48 412.17 l 209.04 410.13 l 208.56 409.65 208.32 409.41 208.2 409.29 c 207.96 409.17 207.84 409.05 207.48 409.05 c 207.48 408.81 l h f 
243.72 361.17 m 249.36 361.17 l 249.72 362.85 l 249.48 362.85 l 249.24 362.49 249.12 362.13 249 361.89 c 248.76 361.65 248.28 361.53 247.68 361.53 c 245.04 361.53 l 249.48 367.65 l 249.48 367.77 l 244.2 367.77 l 243.96 366.09 l 244.2 366.09 l 244.32 366.45 244.44 366.81 244.56 366.93 c 244.8 367.29 245.28 367.41 245.88 367.41 c 248.16 367.41 l 243.72 361.29 l 243.72 361.17 l h f 
206.88 367.77 m 206.88 367.65 l 207.24 367.65 207.36 367.53 207.6 367.29 c 207.72 367.17 208.08 366.69 208.56 365.97 c 209.88 364.05 l 209.88 362.37 l 209.88 361.89 209.76 361.65 209.64 361.53 c 209.64 361.41 209.28 361.41 208.8 361.29 c 208.8 361.17 l 211.92 361.17 l 211.92 361.29 l 211.44 361.29 211.2 361.41 211.08 361.53 c 210.96 361.65 210.84 361.89 210.84 362.25 c 210.84 364.17 l 212.4 366.45 l 212.64 366.93 213 367.29 213.24 367.41 c 213.36 367.53 213.48 367.65 213.72 367.65 c 213.72 367.77 l 211.56 367.77 l 211.56 367.65 l 211.8 367.65 211.92 367.65 212.04 367.53 c 212.16 367.53 212.28 367.41 212.28 367.29 c 212.28 367.29 212.28 367.17 212.28 367.17 c 212.16 367.05 212.16 367.05 212.16 366.93 c 210.72 364.65 l 209.16 366.81 l 209.16 366.93 209.04 367.05 209.04 367.17 c 209.04 367.17 209.04 367.29 209.04 367.29 c 209.04 367.41 209.04 367.53 209.16 367.53 c 209.28 367.65 209.52 367.65 209.76 367.65 c 209.76 367.77 l 206.88 367.77 l h f 
0.925 0.008 0.553 sc 207.6 389.01 m 212.76 389.01 l 212.76 388.29 l 207.6 388.29 l h f 
243.6 389.01 m 248.76 389.01 l 248.76 388.29 l 243.6 388.29 l h f 
227.76 409.29 m 228.48 409.29 l 228.48 404.13 l 227.76 404.13 l h f 
227.76 373.05 m 228.48 373.05 l 228.48 367.89 l 227.76 367.89 l h f 
q 0.12 0 0 -0.12 0 841.89 cm 7 w 0 J 0 j 4 M 0.141 0.125 0.129 SC 1179 4203 m 1253 4203 l S Q 
1 w 0.141 0.125 0.129 sc 143.28 341.97 m 144.24 342.09 l 144.36 341.49 144.6 341.13 144.84 340.89 c 145.08 340.53 145.44 340.41 145.8 340.41 c 146.28 340.41 146.76 340.65 147 341.01 c 147.36 341.25 147.6 341.73 147.6 342.21 c 147.6 342.69 147.36 343.05 147.12 343.29 c 146.76 343.65 146.4 343.77 145.92 343.77 c 145.8 343.77 145.56 343.77 145.2 343.65 c 145.32 344.61 l 145.44 344.61 145.44 344.61 145.44 344.61 c 145.92 344.61 146.28 344.61 146.64 344.85 c 147 345.09 147.24 345.45 147.24 345.93 c 147.24 346.29 147 346.65 146.76 346.89 c 146.52 347.13 146.28 347.25 145.8 347.25 c 145.44 347.25 145.08 347.13 144.84 346.89 c 144.6 346.65 144.36 346.17 144.36 345.69 c 143.28 345.93 l 143.4 346.53 143.76 347.13 144.12 347.49 c 144.6 347.85 145.2 348.09 145.8 348.09 c 146.28 348.09 146.64 347.97 147 347.73 c 147.48 347.61 147.72 347.25 147.96 347.01 c 148.08 346.65 148.2 346.29 148.2 345.93 c 148.2 345.57 148.08 345.21 147.96 344.97 c 147.72 344.61 147.48 344.37 147.12 344.25 c 147.6 344.13 147.96 343.89 148.2 343.53 c 148.44 343.17 148.56 342.69 148.56 342.21 c 148.56 341.49 148.32 340.89 147.84 340.41 c 147.36 339.81 146.64 339.57 145.8 339.57 c 145.08 339.57 144.48 339.81 144 340.29 c 143.52 340.65 143.28 341.25 143.28 341.97 c h f 
q 0.12 0 0 -0.12 0 841.89 cm 1 j 0.141 0.125 0.129 SC 1194 4166 m 1202 4165 l 1203 4170 1205 4173 1207 4175 c 1209 4178 1212 4179 1215 4179 c 1219 4179 1223 4177 1225 4174 c 1228 4172 1230 4168 1230 4164 c 1230 4160 1228 4157 1226 4155 c 1223 4152 1220 4151 1216 4151 c 1215 4151 1213 4151 1210 4152 c 1211 4144 l 1212 4144 1212 4144 1212 4144 c 1216 4144 1219 4144 1222 4142 c 1225 4140 1227 4137 1227 4133 c 1227 4130 1225 4127 1223 4125 c 1221 4123 1219 4122 1215 4122 c 1212 4122 1209 4123 1207 4125 c 1205 4127 1203 4131 1203 4135 c 1194 4133 l 1195 4128 1198 4123 1201 4120 c 1205 4117 1210 4115 1215 4115 c 1219 4115 1222 4116 1225 4118 c 1229 4119 1231 4122 1233 4124 c 1234 4127 1235 4130 1235 4133 c 1235 4136 1234 4139 1233 4141 c 1231 4144 1229 4146 1226 4147 c 1230 4148 1233 4150 1235 4153 c 1237 4156 1238 4160 1238 4164 c 1238 4170 1236 4175 1232 4179 c 1228 4184 1222 4186 1215 4186 c 1209 4186 1204 4184 1200 4180 c 1196 4177 1194 4172 1194 4166 c h S Q 
1 w 0.141 0.125 0.129 sc 148.56 327.09 m 148.56 326.13 l 143.04 326.13 l 143.04 326.37 143.16 326.61 143.16 326.85 c 143.28 327.21 143.52 327.57 143.88 327.93 c 144.12 328.29 144.6 328.65 145.2 329.13 c 146.04 329.85 146.64 330.45 147 330.93 c 147.36 331.29 147.48 331.77 147.48 332.13 c 147.48 332.49 147.36 332.85 147 333.21 c 146.76 333.45 146.4 333.57 145.92 333.57 c 145.44 333.57 145.08 333.45 144.72 333.09 c 144.48 332.85 144.36 332.49 144.36 331.89 c 143.28 332.01 l 143.4 332.85 143.64 333.45 144.12 333.81 c 144.6 334.17 145.2 334.41 145.92 334.41 c 146.76 334.41 147.36 334.17 147.84 333.81 c 148.32 333.33 148.56 332.73 148.56 332.13 c 148.56 331.77 148.44 331.41 148.32 331.17 c 148.2 330.81 147.96 330.45 147.6 330.09 c 147.36 329.73 146.76 329.25 146.04 328.65 c 145.44 328.17 145.08 327.81 144.96 327.69 c 144.72 327.45 144.6 327.21 144.48 327.09 c 148.56 327.09 l h f 
q 0.12 0 0 -0.12 0 841.89 cm 1 j 0.141 0.125 0.129 SC 1238 4290 m 1238 4298 l 1192 4298 l 1192 4296 1193 4294 1193 4292 c 1194 4289 1196 4286 1199 4283 c 1201 4280 1205 4277 1210 4273 c 1217 4267 1222 4262 1225 4258 c 1228 4255 1229 4251 1229 4248 c 1229 4245 1228 4242 1225 4239 c 1223 4237 1220 4236 1216 4236 c 1212 4236 1209 4237 1206 4240 c 1204 4242 1203 4245 1203 4250 c 1194 4249 l 1195 4242 1197 4237 1201 4234 c 1205 4231 1210 4229 1216 4229 c 1223 4229 1228 4231 1232 4234 c 1236 4238 1238 4243 1238 4248 c 1238 4251 1237 4254 1236 4256 c 1235 4259 1233 4262 1230 4265 c 1228 4268 1223 4272 1217 4277 c 1212 4281 1209 4284 1208 4285 c 1206 4287 1205 4289 1204 4290 c 1238 4290 l h S Q 
1 w 0.141 0.125 0.129 sc 160.2 336.33 m 160.2 335.49 l 153.36 335.49 l 153.36 336.33 l 160.2 336.33 l h 160.2 339.09 m 160.2 338.25 l 153.36 338.25 l 153.36 339.09 l 160.2 339.09 l h f 
q 0.12 0 0 -0.12 0 841.89 cm 1 j 0.141 0.125 0.129 SC 1335 4213 m 1335 4220 l 1278 4220 l 1278 4213 l 1335 4213 l h S Q 
q 0.12 0 0 -0.12 0 841.89 cm 1 w 1 j 0.141 0.125 0.129 SC 1335 4190 m 1335 4197 l 1278 4197 l 1278 4190 l 1335 4190 l h S Q 
q 0.12 0 0 -0.12 0 841.89 cm 7 w 0 J 0 j 4 M 0.141 0.125 0.129 SC 1359 4212 m 2127 4212 l S Q 
q 0.12 0 0 -0.12 0 841.89 cm 1 w 0 J 0 j 4 M 0.141 0.125 0.129 SC 1427 4149 m 1415 4121 l 1404 4149 l 1427 4149 l h S Q 
q 0.12 0 0 -0.12 0 841.89 cm 1 w 0 J 0 j 4 M 0.141 0.125 0.129 SC 1384 4174 m 1384 4173 l 1386 4172 1388 4171 1389 4170 c 1391 4168 1393 4164 1396 4156 c 1417 4107 l 1419 4107 l 1444 4164 l 1445 4168 1447 4170 1448 4171 c 1449 4172 1450 4172 1453 4173 c 1453 4174 l 1427 4174 l 1427 4173 l 1430 4172 1432 4172 1433 4172 c 1434 4171 1434 4170 1434 4169 c 1434 4168 1434 4168 1434 4166 c 1433 4165 1433 4164 1432 4162 c 1428 4153 l 1402 4153 l 1399 4159 1398 4163 1397 4165 c 1397 4166 1396 4167 1396 4168 c 1396 4170 1397 4171 1399 4172 c 1399 4172 1401 4172 1403 4173 c 1403 4174 l 1384 4174 l h S Q 
q 0.12 0 0 -0.12 0 841.89 cm 1 w 0 J 0 j 4 M 0.141 0.125 0.129 SC 1484 4171 m 1489 4171 1493 4170 1497 4168 c 1500 4166 1502 4162 1502 4156 c 1502 4151 1500 4147 1496 4145 c 1492 4143 1487 4142 1481 4142 c 1479 4142 1478 4142 1478 4142 c 1477 4142 1477 4142 1476 4142 c 1476 4167 l 1476 4168 1476 4170 1477 4170 c 1478 4171 1481 4171 1484 4171 c h S Q 
q 0.12 0 0 -0.12 0 841.89 cm 1 w 0 J 0 j 4 M 0.141 0.125 0.129 SC 1456 4173 m 1460 4172 1463 4172 1464 4171 c 1465 4170 1466 4167 1466 4164 c 1466 4119 l 1466 4115 1465 4113 1464 4112 c 1463 4111 1460 4110 1456 4110 c 1456 4108 l 1484 4108 l 1492 4108 1498 4109 1503 4112 c 1508 4114 1510 4119 1510 4125 c 1510 4130 1509 4134 1505 4136 c 1503 4137 1501 4139 1497 4139 c 1501 4141 1505 4142 1509 4145 c 1512 4148 1514 4151 1514 4156 c 1514 4164 1510 4169 1503 4172 c 1499 4174 1494 4174 1489 4174 c 1456 4174 l 1456 4173 l h S Q 
q 0.12 0 0 -0.12 0 841.89 cm 1 w 0 J 0 j 4 M 0.141 0.125 0.129 SC 1485 4138 m 1489 4138 1491 4137 1494 4136 c 1498 4134 1500 4131 1500 4125 c 1500 4119 1498 4115 1493 4113 c 1490 4112 1486 4112 1480 4112 c 1478 4112 1477 4112 1477 4112 c 1476 4112 1476 4113 1476 4115 c 1476 4138 l 1485 4138 l h S Q 
q 0.12 0 0 -0.12 0 841.89 cm 1 w 0 J 0 j 4 M 0.141 0.125 0.129 SC 1558 4107 m 1562 4107 1565 4107 1569 4108 c 1573 4109 1575 4110 1576 4110 c 1577 4110 1578 4110 1578 4109 c 1579 4109 1580 4108 1580 4107 c 1582 4107 l 1583 4129 l 1581 4129 l 1580 4125 1578 4121 1576 4119 c 1572 4113 1566 4111 1559 4111 c 1552 4111 1546 4114 1542 4119 c 1537 4125 1535 4132 1535 4142 c 1535 4151 1538 4158 1542 4164 c 1547 4169 1553 4172 1560 4172 c 1565 4172 1570 4170 1574 4168 c 1577 4167 1580 4164 1583 4162 c 1584 4163 l 1582 4166 1579 4169 1576 4171 c 1571 4174 1565 4176 1558 4176 c 1547 4176 1539 4173 1532 4166 c 1527 4159 1524 4151 1524 4142 c 1524 4132 1527 4124 1533 4117 c 1539 4110 1548 4107 1558 4107 c h S Q 
q 0.12 0 0 -0.12 0 841.89 cm 1 w 0 J 0 j 4 M 0.141 0.125 0.129 SC 1608 4167 m 1608 4168 1609 4170 1610 4170 c 1610 4171 1612 4171 1615 4171 c 1622 4171 1629 4169 1634 4166 c 1642 4161 1646 4153 1646 4142 c 1646 4131 1642 4123 1636 4118 c 1630 4114 1623 4112 1614 4112 c 1612 4112 1610 4112 1610 4112 c 1609 4113 1608 4114 1608 4116 c 1608 4167 l h S Q 
q 0.12 0 0 -0.12 0 841.89 cm 1 w 0 J 0 j 4 M 0.141 0.125 0.129 SC 1589 4173 m 1593 4172 1595 4172 1597 4171 c 1598 4170 1598 4167 1598 4164 c 1598 4119 l 1598 4115 1598 4113 1597 4112 c 1596 4111 1593 4110 1589 4110 c 1589 4108 l 1616 4108 l 1626 4108 1633 4109 1640 4112 c 1651 4118 1657 4127 1657 4141 c 1657 4146 1656 4151 1653 4156 c 1651 4160 1648 4164 1644 4167 c 1642 4169 1639 4171 1636 4172 c 1631 4174 1625 4174 1617 4174 c 1589 4174 l 1589 4173 l h S Q 
1 w 0.141 0.125 0.129 sc 171.24 344.01 m 169.8 347.37 l 168.48 344.01 l 171.24 344.01 l h 166.08 341.01 m 166.08 341.13 l 166.32 341.25 166.56 341.37 166.68 341.49 c 166.92 341.73 167.16 342.21 167.52 343.17 c 170.04 349.05 l 170.28 349.05 l 173.28 342.21 l 173.4 341.73 173.64 341.49 173.76 341.37 c 173.88 341.25 174 341.25 174.36 341.13 c 174.36 341.01 l 171.24 341.01 l 171.24 341.13 l 171.6 341.25 171.84 341.25 171.96 341.25 c 172.08 341.37 172.08 341.49 172.08 341.61 c 172.08 341.73 172.08 341.73 172.08 341.97 c 171.96 342.09 171.96 342.21 171.84 342.45 c 171.36 343.53 l 168.24 343.53 l 167.88 342.81 167.76 342.33 167.64 342.09 c 167.64 341.97 167.52 341.85 167.52 341.73 c 167.52 341.49 167.64 341.37 167.88 341.25 c 167.88 341.25 168.12 341.25 168.36 341.13 c 168.36 341.01 l 166.08 341.01 l h f 
178.08 341.37 m 178.68 341.37 179.16 341.49 179.64 341.73 c 180 341.97 180.24 342.45 180.24 343.17 c 180.24 343.77 180 344.25 179.52 344.49 c 179.04 344.73 178.44 344.85 177.72 344.85 c 177.48 344.85 177.36 344.85 177.36 344.85 c 177.24 344.85 177.24 344.85 177.12 344.85 c 177.12 341.85 l 177.12 341.73 177.12 341.49 177.24 341.49 c 177.36 341.37 177.6 341.37 178.08 341.37 c h 174.72 341.13 m 175.2 341.25 175.56 341.25 175.68 341.37 c 175.8 341.49 175.92 341.85 175.92 342.21 c 175.92 347.61 l 175.92 348.09 175.8 348.33 175.68 348.45 c 175.56 348.57 175.2 348.69 174.72 348.69 c 174.72 348.93 l 178.08 348.93 l 179.04 348.93 179.76 348.81 180.36 348.45 c 180.96 348.21 181.2 347.61 181.2 346.89 c 181.2 346.29 180.96 345.81 180.6 345.57 c 180.36 345.45 180.12 345.21 179.64 345.21 c 180.12 344.97 180.6 344.85 181.08 344.49 c 181.44 344.13 181.68 343.77 181.68 343.17 c 181.68 342.21 181.2 341.61 180.36 341.25 c 179.88 341.01 179.28 341.01 178.68 341.01 c 174.72 341.01 l 174.72 341.13 l h 178.2 345.33 m 178.68 345.33 178.92 345.45 179.28 345.57 c 179.76 345.81 180 346.17 180 346.89 c 180 347.61 179.76 348.09 179.16 348.33 c 178.8 348.45 178.32 348.45 177.6 348.45 c 177.36 348.45 177.24 348.45 177.24 348.45 c 177.12 348.45 177.12 348.33 177.12 348.09 c 177.12 345.33 l 178.2 345.33 l h f 
186.96 349.05 m 187.44 349.05 187.8 349.05 188.28 348.93 c 188.76 348.81 189 348.69 189.12 348.69 c 189.24 348.69 189.36 348.69 189.36 348.81 c 189.48 348.81 189.6 348.93 189.6 349.05 c 189.84 349.05 l 189.96 346.41 l 189.72 346.41 l 189.48 346.89 189.36 347.37 189.12 347.61 c 188.52 348.33 187.92 348.57 187.08 348.57 c 186.24 348.57 185.52 348.21 185.04 347.61 c 184.44 346.89 184.2 346.05 184.2 344.85 c 184.2 343.77 184.56 342.93 185.04 342.21 c 185.64 341.61 186.36 341.25 187.2 341.25 c 187.8 341.25 188.4 341.49 188.88 341.73 c 189.24 341.85 189.6 342.21 189.96 342.45 c 190.08 342.33 l 189.84 341.97 189.48 341.61 189.12 341.37 c 188.52 341.01 187.68 340.77 186.96 340.77 c 185.64 340.77 184.68 341.13 183.84 341.97 c 183.12 342.81 182.88 343.77 182.88 344.85 c 182.88 346.05 183.24 347.01 183.96 347.85 c 184.68 348.69 185.76 349.05 186.96 349.05 c h 186.96 349.05 m 186.96 349.05 186.96 349.05 186.96 349.05 c h f 
192.96 341.85 m 192.96 341.73 193.08 341.49 193.2 341.49 c 193.2 341.37 193.44 341.37 193.8 341.37 c 194.64 341.37 195.48 341.61 196.08 341.97 c 197.04 342.57 197.52 343.53 197.52 344.85 c 197.52 346.17 197.04 347.13 196.32 347.73 c 195.6 348.21 194.76 348.45 193.68 348.45 c 193.44 348.45 193.2 348.45 193.2 348.45 c 193.08 348.33 192.96 348.21 192.96 347.97 c 192.96 341.85 l h 190.68 341.13 m 191.16 341.25 191.4 341.25 191.64 341.37 c 191.76 341.49 191.76 341.85 191.76 342.21 c 191.76 347.61 l 191.76 348.09 191.76 348.33 191.64 348.45 c 191.52 348.57 191.16 348.69 190.68 348.69 c 190.68 348.93 l 193.92 348.93 l 195.12 348.93 195.96 348.81 196.8 348.45 c 198.12 347.73 198.84 346.65 198.84 344.97 c 198.84 344.37 198.72 343.77 198.36 343.17 c 198.12 342.69 197.76 342.21 197.28 341.85 c 197.04 341.61 196.68 341.37 196.32 341.25 c 195.72 341.01 195 341.01 194.04 341.01 c 190.68 341.01 l 190.68 341.13 l h f 
206.16 338.61 m 205.56 338.61 205.08 338.73 204.72 338.97 c 204.36 339.21 204 339.45 203.76 339.81 c 203.52 340.17 203.52 340.53 203.52 340.89 c 203.52 341.25 203.52 341.49 203.64 341.73 c 203.64 341.97 203.76 342.21 204 342.45 c 204.24 342.69 204.48 342.93 204.72 343.17 c 204.72 343.17 204.72 343.29 204.6 343.29 c 204.6 343.41 204.48 343.41 204.48 343.53 c 204.36 343.65 204.24 343.89 204.12 344.01 c 204 344.13 203.88 344.25 203.88 344.37 c 203.76 344.49 203.76 344.49 203.64 344.61 c 203.52 344.61 203.52 344.73 203.4 344.73 c 203.28 344.61 l 203.04 344.85 203.04 344.97 203.04 345.21 c 203.04 345.33 203.04 345.57 203.16 345.69 c 203.28 345.81 203.52 345.93 203.64 346.05 c 203.88 346.17 204.12 346.29 204.36 346.29 c 204.6 346.41 204.96 346.53 205.32 346.53 c 205.68 346.53 205.92 346.41 206.28 346.29 c 206.52 346.17 206.76 345.93 206.88 345.69 c 207 345.57 207.12 345.21 207.12 344.97 c 207.12 344.61 207 344.37 206.88 344.13 c 206.64 343.77 206.4 343.53 206.04 343.29 c 206.28 343.17 206.52 343.17 206.76 343.17 c 207 343.05 207.36 343.05 207.72 343.05 c 207.84 343.05 207.84 343.05 207.84 342.93 c 207.84 342.09 l 207.84 342.09 207.84 342.09 207.72 342.09 c 207.36 342.09 207 342.09 206.76 342.09 c 206.4 342.09 206.16 342.21 205.92 342.33 c 205.68 342.45 205.44 342.57 205.2 342.69 c 204.72 342.45 204.48 342.21 204.24 341.85 c 204 341.61 204 341.37 204 341.01 c 204 340.53 204.12 340.29 204.48 340.05 c 204.84 339.81 205.44 339.69 206.28 339.69 c 206.4 339.69 206.64 339.69 206.88 339.69 c 207.12 339.69 207.24 339.81 207.48 339.81 c 207.84 339.93 208.08 339.93 208.44 340.05 c 208.56 339.69 l 208.2 339.45 207.84 339.21 207.48 339.09 c 207.24 338.85 207 338.85 206.76 338.73 c 206.64 338.73 206.4 338.61 206.16 338.61 c h 205.44 343.65 m 205.56 343.77 205.68 343.89 205.8 344.01 c 205.92 344.13 205.92 344.25 206.04 344.25 c 206.16 344.37 206.16 344.61 206.16 344.73 c 206.16 344.97 206.04 345.09 205.92 345.21 c 205.8 345.33 205.56 345.45 205.32 345.45 c 205.08 345.45 204.96 345.45 204.72 345.33 c 204.48 345.33 204.24 345.21 204 345.09 c 204.12 345.09 204.12 344.97 204.24 344.97 c 204.36 344.85 204.36 344.85 204.48 344.73 c 204.48 344.61 204.6 344.49 204.72 344.37 c 204.84 344.25 204.96 344.13 205.08 344.01 c 205.44 343.65 l h f 
207.72 342.09 m 207.6 342.09 207.6 342.09 207.6 342.09 c 207.6 342.93 l 207.6 343.05 207.6 343.05 207.72 343.05 c 208.08 343.05 208.44 343.17 208.8 343.17 c 209.16 343.29 209.52 343.41 209.76 343.53 c 209.64 343.65 209.64 343.89 209.52 344.01 c 209.4 344.25 209.4 344.49 209.28 344.73 c 209.16 344.85 209.16 344.97 209.16 345.09 c 209.04 345.33 209.04 345.33 209.04 345.45 c 209.04 345.57 209.16 345.81 209.28 346.05 c 209.4 346.17 209.64 346.41 209.88 346.53 c 209.88 346.29 210 346.17 210 345.93 c 210 345.69 210.12 345.33 210.12 344.97 c 210.24 344.73 210.24 344.61 210.36 344.37 c 210.36 344.25 210.36 344.01 210.36 343.89 c 210.36 343.77 210.24 343.65 210.24 343.41 c 210.12 343.17 210 342.93 209.88 342.69 c 209.16 342.21 208.44 342.09 207.72 342.09 c h 209.28 339.57 m 209.16 339.69 209.04 339.81 208.8 339.93 c 208.68 340.05 208.56 340.17 208.44 340.29 c 208.68 340.53 208.8 340.65 208.92 340.77 c 209.04 340.89 209.16 341.13 209.28 341.25 c 209.52 340.89 209.88 340.65 210.12 340.41 c 210 340.29 209.88 340.17 209.76 340.05 c 209.64 339.93 209.52 339.69 209.28 339.57 c h f 
212.16 339.69 m 212.04 339.69 211.8 339.69 211.68 339.81 c 211.44 339.81 211.32 339.93 211.08 340.05 c 210.96 340.17 210.72 340.29 210.6 340.41 c 210.72 340.89 l 210.96 340.77 211.2 340.77 211.32 340.77 c 211.56 340.77 211.68 340.65 211.8 340.65 c 212.4 340.65 212.88 340.89 213.36 341.25 c 213.72 341.49 214.08 341.97 214.2 342.57 c 214.2 342.69 214.08 342.81 214.08 342.93 c 213.96 343.05 213.96 343.17 213.84 343.29 c 213.6 343.77 213.48 344.01 213.36 344.25 c 213.24 344.61 213.12 344.73 213.12 344.97 c 213.12 345.09 213.12 345.21 213.24 345.33 c 213.24 345.45 213.36 345.57 213.48 345.69 c 213.48 345.69 213.6 345.69 213.72 345.69 c 213.72 345.69 213.84 345.69 213.96 345.57 c 214.08 345.33 214.2 345.09 214.2 344.97 c 214.32 344.73 214.32 344.61 214.44 344.37 c 214.44 344.13 214.56 343.89 214.56 343.77 c 214.68 343.53 214.68 343.41 214.68 343.29 c 214.92 343.17 215.28 343.05 215.52 343.05 c 215.64 343.05 215.64 343.05 215.64 342.93 c 215.64 342.09 l 215.64 342.09 215.64 342.09 215.52 342.09 c 215.28 342.09 214.92 342.09 214.68 342.33 c 214.56 341.73 214.44 341.37 214.2 340.89 c 213.96 340.53 213.6 340.17 213.24 340.05 c 212.88 339.81 212.52 339.69 212.16 339.69 c h f 
219.12 341.97 m 218.64 341.97 218.28 342.09 217.92 342.09 c 217.56 342.21 217.32 342.33 216.96 342.45 c 216.6 342.21 216.36 342.21 216.12 342.09 c 215.88 342.09 215.76 342.09 215.52 342.09 c 215.4 342.09 215.4 342.09 215.4 342.09 c 215.4 342.93 l 215.4 343.05 215.4 343.05 215.52 343.05 c 215.64 343.05 215.76 343.05 215.88 343.05 c 215.88 343.17 216 343.17 216.12 343.17 c 216.12 343.17 216.12 343.29 216.12 343.29 c 216.12 343.41 216.12 343.41 216.12 343.41 c 216.12 343.65 216.24 343.89 216.36 344.25 c 216.36 344.49 216.6 344.73 216.72 344.97 c 216.96 345.21 217.08 345.45 217.32 345.57 c 217.68 345.93 217.92 346.05 218.28 346.05 c 218.4 346.05 218.52 345.93 218.64 345.81 c 218.64 345.69 218.76 345.57 218.88 345.45 c 218.88 345.33 219 345.21 219 344.97 c 219.12 344.85 219.12 344.73 219.24 344.61 c 219.36 344.25 219.36 344.01 219.48 343.89 c 219.6 343.65 219.72 343.41 219.84 343.29 c 219.96 343.17 220.08 343.05 220.32 343.05 c 220.32 343.05 220.44 343.05 220.44 342.93 c 220.44 342.21 l 220.44 342.09 220.32 342.09 220.32 342.09 c 219.96 342.09 219.6 342.21 219.24 342.57 c 219.12 341.97 l h 218.88 342.93 m 218.76 343.17 218.64 343.53 218.52 343.89 c 218.4 344.25 218.28 344.61 218.28 344.97 c 218.04 344.97 217.92 344.85 217.68 344.73 c 217.44 344.49 217.32 344.37 217.08 344.25 c 216.96 344.01 216.84 343.89 216.72 343.77 c 216.96 343.53 217.32 343.41 217.68 343.17 c 218.04 343.05 218.4 343.05 218.88 342.93 c h f 
220.2 342.09 m 220.2 342.09 220.08 342.09 220.08 342.09 c 220.08 342.93 l 220.08 343.05 220.2 343.05 220.2 343.05 c 220.68 343.05 221.04 343.17 221.52 343.41 c 221.4 343.65 221.4 343.89 221.4 344.13 c 221.4 344.49 221.4 344.73 221.28 344.97 c 221.28 345.57 221.16 346.17 221.16 346.89 c 221.04 347.49 220.92 348.33 220.8 349.05 c 220.92 349.17 221.04 349.29 221.28 349.41 c 221.4 349.53 221.52 349.65 221.76 349.77 c 221.76 349.29 221.76 348.81 221.76 348.21 c 221.88 347.73 221.88 347.13 221.88 346.53 c 222 345.93 222 345.45 222 344.97 c 222 344.49 222 344.13 222 343.65 c 222 343.53 222 343.29 221.88 343.05 c 221.76 342.81 221.76 342.69 221.52 342.45 c 221.52 342.33 221.4 342.21 221.16 342.09 c 220.92 342.09 220.56 342.09 220.2 342.09 c h f 
223.92 342.09 m 223.92 342.81 223.92 343.41 223.92 344.01 c 223.8 344.61 223.8 345.21 223.8 345.81 c 223.8 346.29 223.68 346.77 223.68 347.37 c 223.68 347.85 223.56 348.33 223.56 348.81 c 223.56 348.93 223.56 349.17 223.68 349.29 c 223.68 349.41 223.8 349.53 223.92 349.65 c 224.04 349.65 224.28 349.77 224.52 349.77 c 224.52 349.65 224.64 349.41 224.64 349.17 c 224.76 348.93 224.76 348.69 224.88 348.45 c 224.52 348.09 l 224.64 347.61 224.64 347.01 224.64 346.41 c 224.64 345.81 224.64 345.21 224.64 344.49 c 224.64 343.77 224.52 343.05 224.52 342.09 c 223.92 342.09 l h f 
232.68 341.97 m 232.44 341.97 232.08 341.97 231.72 341.97 c 231.48 342.09 231.12 342.09 230.88 342.09 c 230.64 342.09 230.4 342.09 230.28 342.21 c 230.16 342.21 230.04 342.21 229.8 342.33 c 229.56 342.45 229.32 342.57 229.2 342.69 c 228.96 342.81 228.72 342.93 228.6 343.05 c 228.72 343.53 l 228.96 343.53 229.2 343.41 229.32 343.41 c 229.44 343.41 229.56 343.41 229.56 343.29 c 229.68 343.29 229.68 343.29 229.68 343.29 c 229.68 343.29 229.8 343.29 229.8 343.29 c 229.92 343.29 229.92 343.29 230.04 343.29 c 230.16 343.29 230.28 343.17 230.52 343.17 c 230.64 343.29 230.76 343.41 230.76 343.53 c 230.88 343.65 231 343.77 231.12 343.89 c 231 344.25 231 344.61 230.88 344.85 c 230.88 345.21 230.76 345.57 230.76 345.93 c 230.64 346.17 230.64 346.41 230.52 346.77 c 230.52 347.13 230.52 347.37 230.4 347.73 c 230.4 347.97 230.4 348.21 230.28 348.45 c 230.28 348.57 230.28 348.57 230.28 348.69 c 230.28 348.69 230.28 348.69 230.28 348.81 c 230.28 349.05 230.4 349.29 230.52 349.41 c 230.64 349.65 230.88 349.77 231.24 349.77 c 231.24 349.53 231.36 349.41 231.36 349.17 c 231.48 348.93 231.48 348.69 231.6 348.45 c 231.24 348.09 l 231.36 347.61 231.36 347.13 231.48 346.77 c 231.48 346.41 231.48 346.05 231.48 345.93 c 231.48 345.69 231.6 345.45 231.6 345.21 c 231.6 344.97 231.6 344.73 231.6 344.49 c 232.68 345.69 233.64 346.29 234.36 346.29 c 234.48 346.29 234.72 346.29 234.84 346.17 c 235.08 346.05 235.32 345.93 235.56 345.81 c 235.68 345.69 235.92 345.45 236.04 345.21 c 236.4 344.97 236.52 344.73 236.52 344.49 c 236.52 344.25 236.4 344.13 236.4 343.89 c 236.28 343.77 236.28 343.53 236.16 343.41 c 236.52 343.17 236.88 343.05 237.36 343.05 c 237.48 343.05 237.48 343.05 237.48 342.93 c 237.48 342.09 l 237.48 342.09 237.48 342.09 237.36 342.09 c 237 342.09 236.76 342.09 236.4 342.21 c 236.04 342.45 235.8 342.57 235.56 342.81 c 235.32 342.69 235.08 342.45 234.72 342.33 c 234.48 342.21 234.12 342.21 233.76 342.09 c 233.4 342.09 233.04 341.97 232.68 341.97 c h 232.8 343.05 m 233.28 343.05 233.88 343.05 234.36 343.29 c 234.84 343.41 235.32 343.65 235.92 343.89 c 235.68 344.37 235.32 344.61 234.96 344.85 c 234.72 345.09 234.36 345.21 234 345.21 c 233.64 345.21 233.28 344.97 232.8 344.61 c 232.32 344.25 231.72 343.77 231.12 343.05 c 231.48 343.05 231.72 343.05 231.96 343.05 c 232.32 343.05 232.56 343.05 232.8 343.05 c h f 
237.24 342.09 m 237.24 342.09 237.24 342.09 237.24 342.09 c 237.24 342.93 l 237.24 343.05 237.24 343.05 237.24 343.05 c 237.72 343.05 238.08 343.05 238.44 343.17 c 238.8 343.17 239.04 343.29 239.16 343.29 c 239.28 343.41 239.4 343.53 239.52 343.65 c 239.52 343.89 239.76 344.13 239.88 344.49 c 240 344.61 240 344.73 240.12 344.73 c 240.24 344.73 240.24 344.85 240.36 344.85 c 240.48 344.85 240.6 344.73 240.72 344.73 c 240.6 344.61 240.6 344.37 240.48 344.25 c 240.48 344.01 240.36 343.89 240.36 343.77 c 240.24 343.65 240.24 343.53 240.12 343.53 c 240.36 343.29 240.6 343.29 240.84 343.17 c 241.08 343.05 241.32 343.05 241.56 343.05 c 241.56 343.05 241.68 343.05 241.68 342.93 c 241.68 342.09 l 241.68 342.09 241.56 342.09 241.56 342.09 c 240.84 342.09 240.24 342.33 239.76 342.81 c 239.64 342.57 l 239.52 342.45 239.4 342.33 239.16 342.33 c 238.92 342.21 238.68 342.09 238.32 342.09 c 237.96 342.09 237.6 342.09 237.24 342.09 c h 240.36 339.81 m 240 340.17 239.76 340.41 239.64 340.53 c 239.76 340.77 240 341.01 240.36 341.37 c 240.36 341.37 240.48 341.25 240.6 341.13 c 240.72 341.01 240.84 340.89 241.08 340.65 c 240.96 340.53 240.84 340.41 240.72 340.29 c 240.6 340.17 240.48 340.05 240.36 339.81 c h 238.68 339.69 m 238.56 339.81 238.32 339.93 238.2 340.05 c 238.08 340.17 237.96 340.29 237.96 340.41 c 238.08 340.53 238.2 340.65 238.32 340.77 c 238.44 340.89 238.56 341.01 238.68 341.13 c 238.68 341.13 238.8 341.01 238.92 340.89 c 239.04 340.77 239.16 340.65 239.4 340.53 c 239.28 340.41 239.16 340.29 239.04 340.05 c 238.92 339.93 238.8 339.81 238.68 339.69 c h f 
241.44 342.09 m 241.32 342.09 241.32 342.09 241.32 342.09 c 241.32 342.93 l 241.32 343.05 241.32 343.05 241.44 343.05 c 242.04 343.05 242.64 343.05 243.12 343.17 c 243.6 343.29 244.08 343.29 244.44 343.53 c 244.8 343.65 245.04 343.65 245.16 343.77 c 245.4 343.89 245.52 343.89 245.76 343.89 c 245.64 344.01 245.4 344.01 245.28 344.13 c 245.16 344.25 245.04 344.25 244.92 344.37 c 244.68 344.61 244.44 344.73 244.2 344.85 c 244.08 344.85 243.84 344.97 243.6 344.97 c 243.36 344.97 243.24 344.97 243 344.85 c 242.88 344.73 242.64 344.61 242.4 344.49 c 242.28 344.61 242.28 344.61 242.16 344.73 c 242.16 344.85 242.16 344.97 242.16 344.97 c 242.16 345.33 242.28 345.57 242.52 345.81 c 242.76 345.93 243.12 346.05 243.6 346.05 c 243.84 346.05 244.08 346.05 244.32 345.93 c 244.56 345.81 244.8 345.69 245.16 345.45 c 245.52 345.21 245.88 344.97 246.12 344.85 c 246.48 344.73 246.72 344.61 247.08 344.49 c 247.2 344.49 247.44 344.49 247.68 344.37 c 247.8 344.37 248.16 344.37 248.4 344.37 c 247.92 343.53 l 247.92 343.53 247.8 343.53 247.68 343.53 c 247.56 343.53 247.44 343.53 247.32 343.53 c 247.2 343.53 247.08 343.53 247.08 343.53 c 247.08 343.41 247.2 343.41 247.32 343.29 c 247.44 343.29 247.56 343.17 247.68 343.17 c 247.8 343.17 248.04 343.17 248.28 343.05 c 248.52 343.05 248.76 343.05 249.12 343.05 c 249.24 343.05 249.24 343.05 249.24 342.93 c 249.24 342.09 l 249.24 342.09 249.24 342.09 249.12 342.09 c 248.76 342.09 248.52 342.09 248.16 342.09 c 247.92 342.09 247.68 342.21 247.44 342.21 c 247.2 342.33 247.08 342.45 246.96 342.57 c 246.84 342.57 246.72 342.69 246.6 342.93 c 246.48 343.05 246.48 343.29 246.36 343.41 c 246.24 343.41 246.12 343.41 245.88 343.29 c 245.76 343.17 245.64 343.17 245.52 343.05 c 245.4 342.93 245.28 342.93 245.04 342.81 c 244.8 342.57 244.56 342.45 244.32 342.45 c 244.08 342.33 243.72 342.21 243.48 342.21 c 243.24 342.09 242.88 342.09 242.64 342.09 c 242.28 342.09 241.92 342.09 241.44 342.09 c h f 
253.2 341.97 m 252.84 341.97 252.6 342.09 252.24 342.09 c 251.88 342.09 251.52 342.21 251.28 342.33 c 250.92 342.45 250.68 342.57 250.44 342.69 c 250.2 342.45 249.96 342.33 249.84 342.21 c 249.6 342.09 249.36 342.09 249 342.09 c 249 342.09 249 342.09 249 342.09 c 249 342.93 l 249 343.05 249 343.05 249 343.05 c 249.36 343.05 249.6 343.17 249.84 343.29 c 249.96 343.41 250.2 343.65 250.32 343.89 c 250.44 344.13 250.56 344.37 250.68 344.49 c 250.68 344.73 250.8 344.85 250.92 344.97 c 250.92 345.09 251.04 345.21 251.16 345.33 c 251.28 345.57 251.52 345.81 251.64 345.81 c 251.88 345.93 252.12 346.05 252.24 346.05 c 252.48 346.05 252.72 345.93 252.96 345.57 c 253.2 345.33 253.44 344.97 253.56 344.49 c 253.68 344.13 253.8 343.65 253.8 343.29 c 253.8 343.05 253.8 342.81 253.68 342.57 c 253.56 342.33 253.44 342.21 253.2 341.97 c h 252.84 343.05 m 252.84 343.29 252.84 343.65 252.72 344.01 c 252.6 344.25 252.48 344.49 252.36 344.73 c 252.36 344.85 252.24 344.85 252.12 344.85 c 251.88 344.85 251.64 344.73 251.4 344.49 c 251.4 344.37 251.28 344.25 251.16 344.13 c 251.16 344.01 251.04 343.77 250.92 343.53 c 251.16 343.41 251.52 343.29 251.76 343.17 c 252.12 343.17 252.48 343.05 252.84 343.05 c h f 
q 0.12 0 0 -0.12 0 841.89 cm 1 j 0.141 0.125 0.129 SC 1368 4308 m 1370 4308 1372 4307 1374 4306 c 1375 4305 1378 4302 1382 4297 c 1398 4277 l 1387 4261 l 1382 4254 1379 4250 1377 4248 c 1375 4246 1372 4245 1369 4245 c 1369 4243 l 1399 4243 l 1399 4245 l 1396 4245 1394 4246 1393 4246 c 1392 4246 1391 4247 1391 4249 c 1391 4250 1392 4251 1392 4252 c 1393 4253 1393 4253 1394 4254 c 1404 4269 l 1415 4256 l 1417 4254 1418 4252 1419 4251 c 1419 4250 1419 4249 1419 4249 c 1419 4247 1418 4246 1417 4246 c 1416 4246 1414 4245 1412 4245 c 1412 4243 l 1436 4243 l 1436 4245 l 1433 4245 1431 4246 1430 4247 c 1427 4248 1424 4251 1421 4255 c 1407 4273 l 1426 4301 l 1428 4304 1429 4306 1431 4306 c 1432 4307 1434 4308 1437 4308 c 1437 4310 l 1407 4310 l 1407 4308 l 1410 4308 1412 4308 1413 4307 c 1414 4307 1415 4306 1415 4305 c 1415 4304 1414 4302 1412 4300 c 1411 4297 1407 4291 1400 4281 c 1388 4296 l 1387 4298 1385 4300 1385 4301 c 1384 4302 1383 4303 1383 4304 c 1383 4306 1384 4307 1386 4307 c 1387 4308 1388 4308 1391 4308 c 1391 4310 l 1368 4310 l 1368 4308 l h S Q 
q 0.12 0 0 -0.12 0 841.89 cm 1 w 1 j 0.141 0.125 0.129 SC 1469 4243 m 1469 4245 l 1467 4245 1465 4245 1464 4246 c 1463 4246 1462 4247 1462 4249 c 1462 4249 1462 4250 1463 4250 c 1463 4251 1463 4252 1464 4253 c 1479 4274 l 1493 4252 l 1494 4251 1494 4251 1494 4250 c 1494 4249 1494 4249 1494 4249 c 1494 4247 1494 4246 1492 4246 c 1491 4246 1490 4245 1487 4245 c 1487 4243 l 1509 4243 l 1509 4245 l 1507 4245 1505 4246 1504 4247 c 1501 4249 1499 4252 1495 4257 c 1481 4280 l 1481 4299 l 1481 4303 1481 4305 1483 4306 c 1484 4307 1487 4308 1491 4308 c 1491 4310 l 1460 4310 l 1460 4308 l 1465 4308 1468 4307 1469 4306 c 1470 4305 1471 4302 1471 4298 c 1471 4280 l 1457 4261 l 1453 4254 1450 4250 1448 4248 c 1446 4246 1444 4245 1441 4245 c 1441 4243 l 1469 4243 l h S Q 
q 0.12 0 0 -0.12 0 841.89 cm 1 w 1 j 0.141 0.125 0.129 SC 1512 4309 m 1556 4247 l 1533 4247 l 1527 4247 1523 4249 1521 4252 c 1519 4253 1518 4256 1517 4261 c 1515 4261 l 1517 4243 l 1569 4243 l 1569 4245 l 1525 4306 l 1551 4306 l 1557 4306 1562 4305 1564 4302 c 1566 4300 1567 4297 1569 4292 c 1571 4292 l 1569 4310 l 1512 4310 l 1512 4309 l h S Q 
q 0.12 0 0 -0.12 0 841.89 cm 1 w 1 j 0.141 0.125 0.129 SC 1574 4308 m 1578 4308 1580 4307 1581 4305 c 1583 4304 1583 4300 1583 4295 c 1583 4254 l 1583 4251 1583 4248 1582 4247 c 1580 4246 1578 4246 1574 4245 c 1574 4243 l 1594 4243 l 1617 4294 l 1639 4243 l 1659 4243 l 1659 4245 l 1655 4246 1653 4246 1652 4247 c 1651 4248 1650 4251 1650 4254 c 1650 4299 l 1650 4303 1651 4305 1652 4306 c 1653 4307 1655 4308 1659 4308 c 1659 4310 l 1631 4310 l 1631 4308 l 1635 4308 1637 4307 1638 4306 c 1639 4305 1640 4302 1640 4298 c 1640 4253 l 1614 4310 l 1613 4310 l 1588 4255 l 1588 4295 l 1588 4301 1588 4304 1590 4306 c 1591 4307 1593 4308 1597 4308 c 1597 4310 l 1574 4310 l 1574 4308 l h S Q 
1 w 0.141 0.125 0.129 sc 164.16 324.93 m 164.4 324.93 164.64 325.05 164.88 325.17 c 165 325.29 165.36 325.65 165.84 326.25 c 167.76 328.65 l 166.44 330.57 l 165.84 331.41 165.48 331.89 165.24 332.13 c 165 332.37 164.64 332.49 164.28 332.49 c 164.28 332.73 l 167.88 332.73 l 167.88 332.49 l 167.52 332.49 167.28 332.37 167.16 332.37 c 167.04 332.37 166.92 332.25 166.92 332.01 c 166.92 331.89 167.04 331.77 167.04 331.65 c 167.16 331.53 167.16 331.53 167.28 331.41 c 168.48 329.61 l 169.8 331.17 l 170.04 331.41 170.16 331.65 170.28 331.77 c 170.28 331.89 170.28 332.01 170.28 332.01 c 170.28 332.25 170.16 332.37 170.04 332.37 c 169.92 332.37 169.68 332.49 169.44 332.49 c 169.44 332.73 l 172.32 332.73 l 172.32 332.49 l 171.96 332.49 171.72 332.37 171.6 332.25 c 171.24 332.13 170.88 331.77 170.52 331.29 c 168.84 329.13 l 171.12 325.77 l 171.36 325.41 171.48 325.17 171.72 325.17 c 171.84 325.05 172.08 324.93 172.44 324.93 c 172.44 324.69 l 168.84 324.69 l 168.84 324.93 l 169.2 324.93 169.44 324.93 169.56 325.05 c 169.68 325.05 169.8 325.17 169.8 325.29 c 169.8 325.41 169.68 325.65 169.44 325.89 c 169.32 326.25 168.84 326.97 168 328.17 c 166.56 326.37 l 166.44 326.13 166.2 325.89 166.2 325.77 c 166.08 325.65 165.96 325.53 165.96 325.41 c 165.96 325.17 166.08 325.05 166.32 325.05 c 166.44 324.93 166.56 324.93 166.92 324.93 c 166.92 324.69 l 164.16 324.69 l 164.16 324.93 l h f 
176.28 332.73 m 176.28 332.49 l 176.04 332.49 175.8 332.49 175.68 332.37 c 175.56 332.37 175.44 332.25 175.44 332.01 c 175.44 332.01 175.44 331.89 175.44 331.89 c 175.56 331.77 175.56 331.65 175.68 331.53 c 177.48 329.01 l 179.16 331.65 l 179.28 331.77 179.28 331.77 179.28 331.89 c 179.28 332.01 179.28 332.01 179.28 332.01 c 179.28 332.25 179.28 332.37 179.04 332.37 c 178.92 332.37 178.8 332.49 178.44 332.49 c 178.44 332.73 l 181.08 332.73 l 181.08 332.49 l 180.84 332.49 180.6 332.37 180.48 332.25 c 180.12 332.01 179.88 331.65 179.4 331.05 c 177.72 328.29 l 177.72 326.01 l 177.72 325.53 177.72 325.29 177.96 325.17 c 178.08 325.05 178.44 324.93 178.92 324.93 c 178.92 324.69 l 175.2 324.69 l 175.2 324.93 l 175.8 324.93 176.16 325.05 176.28 325.17 c 176.4 325.29 176.4 325.65 176.4 326.13 c 176.4 328.29 l 174.84 330.57 l 174.36 331.41 174 331.89 173.76 332.13 c 173.52 332.37 173.28 332.49 172.92 332.49 c 172.92 332.73 l 176.28 332.73 l h f 
181.44 324.81 m 186.72 332.25 l 183.96 332.25 l 183.24 332.25 182.76 332.01 182.52 331.65 c 182.28 331.53 182.16 331.17 182.04 330.57 c 181.8 330.57 l 182.04 332.73 l 188.28 332.73 l 188.28 332.49 l 183 325.17 l 186.12 325.17 l 186.84 325.17 187.44 325.29 187.68 325.65 c 187.92 325.89 188.04 326.25 188.28 326.85 c 188.52 326.85 l 188.28 324.69 l 181.44 324.69 l 181.44 324.81 l h f 
188.88 324.93 m 189.36 324.93 189.6 325.05 189.72 325.29 c 189.96 325.41 189.96 325.89 189.96 326.49 c 189.96 331.41 l 189.96 331.77 189.96 332.13 189.84 332.25 c 189.6 332.37 189.36 332.37 188.88 332.49 c 188.88 332.73 l 191.28 332.73 l 194.04 326.61 l 196.68 332.73 l 199.08 332.73 l 199.08 332.49 l 198.6 332.37 198.36 332.37 198.24 332.25 c 198.12 332.13 198 331.77 198 331.41 c 198 326.01 l 198 325.53 198.12 325.29 198.24 325.17 c 198.36 325.05 198.6 324.93 199.08 324.93 c 199.08 324.69 l 195.72 324.69 l 195.72 324.93 l 196.2 324.93 196.44 325.05 196.56 325.17 c 196.68 325.29 196.8 325.65 196.8 326.13 c 196.8 331.53 l 193.68 324.69 l 193.56 324.69 l 190.56 331.29 l 190.56 326.49 l 190.56 325.77 190.56 325.41 190.8 325.17 c 190.92 325.05 191.16 324.93 191.64 324.93 c 191.64 324.69 l 188.88 324.69 l 188.88 324.93 l h f 
206.28 322.41 m 205.68 322.41 205.2 322.53 204.84 322.65 c 204.36 322.89 204.12 323.13 203.88 323.49 c 203.64 323.85 203.52 324.21 203.52 324.69 c 203.52 324.93 203.64 325.29 203.64 325.53 c 203.76 325.77 203.88 326.01 204.12 326.25 c 204.24 326.37 204.48 326.61 204.84 326.97 c 204.84 326.97 204.72 326.97 204.72 327.09 c 204.6 327.09 204.6 327.21 204.6 327.21 c 204.48 327.45 204.36 327.57 204.24 327.69 c 204.12 327.93 204 328.05 203.88 328.05 c 203.88 328.17 203.76 328.29 203.76 328.29 c 203.64 328.41 203.64 328.41 203.52 328.53 c 203.28 328.29 l 203.16 328.53 203.04 328.77 203.04 328.89 c 203.04 329.13 203.16 329.25 203.28 329.37 c 203.4 329.61 203.52 329.73 203.76 329.85 c 204 329.85 204.12 329.97 204.36 330.09 c 204.72 330.21 205.08 330.21 205.44 330.21 c 205.68 330.21 206.04 330.21 206.28 329.97 c 206.52 329.85 206.76 329.73 207 329.49 c 207.12 329.25 207.24 329.01 207.24 328.77 c 207.24 328.41 207.12 328.05 206.88 327.81 c 206.76 327.57 206.52 327.33 206.16 326.97 c 206.28 326.97 206.52 326.85 206.88 326.85 c 207.12 326.85 207.48 326.85 207.84 326.85 c 207.96 326.85 207.96 326.73 207.96 326.73 c 207.96 325.89 l 207.96 325.77 207.96 325.77 207.84 325.77 c 207.48 325.77 207.12 325.77 206.76 325.89 c 206.52 325.89 206.28 326.01 206.04 326.01 c 205.8 326.13 205.56 326.25 205.32 326.49 c 204.84 326.13 204.48 325.89 204.36 325.65 c 204.12 325.41 204 325.05 204 324.69 c 204 324.33 204.24 323.97 204.6 323.73 c 204.96 323.61 205.56 323.49 206.28 323.49 c 206.52 323.49 206.76 323.49 207 323.49 c 207.12 323.49 207.36 323.49 207.6 323.61 c 207.84 323.61 208.2 323.73 208.44 323.85 c 208.68 323.37 l 208.2 323.13 207.96 322.89 207.6 322.77 c 207.36 322.65 207.12 322.53 206.88 322.53 c 206.64 322.41 206.4 322.41 206.28 322.41 c h 205.44 327.45 m 205.68 327.57 205.8 327.57 205.8 327.69 c 205.92 327.81 206.04 327.93 206.04 328.05 c 206.16 328.17 206.28 328.29 206.28 328.41 c 206.28 328.65 206.16 328.89 206.04 329.01 c 205.92 329.13 205.68 329.13 205.44 329.13 c 205.2 329.13 204.96 329.13 204.72 329.13 c 204.6 329.01 204.36 329.01 204.12 328.89 c 204.24 328.77 204.24 328.77 204.36 328.65 c 204.36 328.65 204.48 328.53 204.48 328.53 c 204.6 328.41 204.72 328.29 204.84 328.17 c 204.96 328.05 205.08 327.93 205.2 327.69 c 205.44 327.45 l h f 
207.84 325.77 m 207.72 325.77 207.72 325.77 207.72 325.89 c 207.72 326.73 l 207.72 326.73 207.72 326.85 207.84 326.85 c 208.2 326.85 208.56 326.85 208.92 326.97 c 209.28 326.97 209.52 327.09 209.76 327.21 c 209.76 327.33 209.64 327.57 209.64 327.81 c 209.52 328.05 209.4 328.17 209.4 328.41 c 209.28 328.65 209.28 328.77 209.16 328.89 c 209.16 329.01 209.16 329.13 209.16 329.13 c 209.16 329.37 209.16 329.49 209.4 329.73 c 209.52 329.97 209.76 330.09 210 330.21 c 210 330.09 210 329.85 210.12 329.61 c 210.12 329.37 210.24 329.13 210.24 328.77 c 210.36 328.53 210.36 328.29 210.36 328.17 c 210.36 327.93 210.36 327.81 210.36 327.69 c 210.36 327.57 210.36 327.33 210.24 327.09 c 210.24 326.85 210.12 326.61 210 326.37 c 209.28 326.01 208.56 325.77 207.84 325.77 c h 209.4 323.25 m 209.28 323.49 209.04 323.61 208.92 323.73 c 208.8 323.85 208.68 323.97 208.56 324.09 c 208.68 324.21 208.92 324.45 209.04 324.57 c 209.16 324.69 209.28 324.81 209.4 324.93 c 209.64 324.69 209.88 324.45 210.12 324.21 c 210.12 324.09 210 323.85 209.88 323.73 c 209.76 323.61 209.52 323.49 209.4 323.25 c h f 
212.16 323.37 m 212.04 323.37 211.92 323.49 211.8 323.49 c 211.56 323.61 211.44 323.73 211.2 323.85 c 210.96 323.97 210.84 324.09 210.6 324.21 c 210.84 324.57 l 211.08 324.57 211.2 324.45 211.44 324.45 c 211.56 324.45 211.8 324.45 211.92 324.45 c 212.52 324.45 213 324.57 213.36 324.93 c 213.84 325.29 214.08 325.77 214.32 326.37 c 214.2 326.49 214.2 326.61 214.08 326.73 c 214.08 326.85 213.96 326.97 213.96 327.09 c 213.72 327.45 213.48 327.81 213.36 328.05 c 213.24 328.29 213.24 328.53 213.24 328.65 c 213.24 328.89 213.24 329.01 213.24 329.13 c 213.36 329.25 213.48 329.37 213.6 329.49 c 213.6 329.49 213.6 329.49 213.72 329.49 c 213.84 329.37 213.96 329.37 214.08 329.37 c 214.2 329.13 214.2 328.89 214.32 328.65 c 214.32 328.41 214.44 328.29 214.44 328.17 c 214.56 327.93 214.68 327.69 214.68 327.45 c 214.68 327.33 214.8 327.21 214.8 327.09 c 215.04 326.85 215.28 326.85 215.64 326.85 c 215.76 326.85 215.76 326.73 215.76 326.73 c 215.76 325.89 l 215.76 325.77 215.76 325.77 215.64 325.77 c 215.28 325.77 215.04 325.89 214.8 326.01 c 214.68 325.53 214.44 325.05 214.2 324.69 c 213.96 324.21 213.72 323.97 213.36 323.73 c 213 323.49 212.64 323.37 212.16 323.37 c h f 
219.12 325.77 m 218.76 325.77 218.4 325.77 218.04 325.89 c 217.68 325.89 217.32 326.01 217.08 326.13 c 216.72 326.01 216.48 325.89 216.24 325.89 c 216 325.77 215.76 325.77 215.52 325.77 c 215.52 325.77 215.4 325.77 215.4 325.89 c 215.4 326.73 l 215.4 326.73 215.52 326.85 215.52 326.85 c 215.64 326.85 215.76 326.85 215.88 326.85 c 216 326.85 216.12 326.85 216.24 326.97 c 216.24 326.97 216.24 326.97 216.24 327.09 c 216.24 327.09 216.24 327.09 216.24 327.21 c 216.24 327.45 216.24 327.69 216.36 327.93 c 216.48 328.17 216.6 328.53 216.84 328.77 c 216.96 329.01 217.2 329.25 217.44 329.37 c 217.68 329.61 218.04 329.73 218.4 329.73 c 218.52 329.73 218.64 329.73 218.64 329.61 c 218.76 329.49 218.88 329.37 219 329.13 c 219 329.01 219 328.89 219.12 328.77 c 219.12 328.65 219.24 328.41 219.24 328.29 c 219.36 328.05 219.48 327.81 219.6 327.57 c 219.72 327.33 219.84 327.21 219.96 327.09 c 220.08 326.85 220.2 326.85 220.32 326.85 c 220.44 326.85 220.44 326.73 220.44 326.73 c 220.44 325.89 l 220.44 325.77 220.44 325.77 220.32 325.77 c 219.96 325.77 219.6 325.89 219.36 326.25 c 219.12 325.77 l h 219 326.73 m 218.88 326.97 218.76 327.21 218.64 327.57 c 218.52 327.93 218.4 328.41 218.4 328.77 c 218.16 328.65 217.92 328.53 217.8 328.41 c 217.56 328.29 217.32 328.17 217.2 327.93 c 217.08 327.81 216.96 327.57 216.84 327.45 c 217.08 327.21 217.32 327.09 217.68 326.97 c 218.04 326.85 218.52 326.73 219 326.73 c h f 
220.32 325.77 m 220.2 325.77 220.2 325.77 220.2 325.89 c 220.2 326.73 l 220.2 326.73 220.2 326.85 220.32 326.85 c 220.68 326.85 221.16 326.97 221.52 327.09 c 221.52 327.33 221.52 327.69 221.52 327.93 c 221.4 328.17 221.4 328.41 221.4 328.65 c 221.28 329.25 221.28 329.85 221.16 330.57 c 221.04 331.29 221.04 332.01 220.92 332.85 c 221.04 332.97 221.16 333.09 221.28 333.21 c 221.52 333.33 221.64 333.45 221.88 333.57 c 221.88 333.09 221.88 332.49 221.88 332.01 c 221.88 331.41 222 330.81 222 330.21 c 222 329.73 222 329.13 222 328.77 c 222.12 328.29 222.12 327.81 222.12 327.45 c 222.12 327.21 222 327.09 222 326.85 c 221.88 326.61 221.76 326.37 221.64 326.13 c 221.64 326.01 221.4 325.89 221.16 325.89 c 220.92 325.77 220.68 325.77 220.32 325.77 c h f 
224.04 325.77 m 224.04 326.49 223.92 327.21 223.92 327.81 c 223.92 328.41 223.92 329.01 223.92 329.49 c 223.8 330.09 223.8 330.57 223.8 331.05 c 223.68 331.53 223.68 332.01 223.68 332.49 c 223.68 332.73 223.68 332.85 223.68 332.97 c 223.8 333.21 223.92 333.33 224.04 333.33 c 224.16 333.45 224.4 333.45 224.52 333.57 c 224.64 333.33 224.64 333.09 224.76 332.85 c 224.76 332.61 224.88 332.37 225 332.13 c 224.64 331.89 l 224.64 331.29 224.64 330.81 224.64 330.21 c 224.64 329.61 224.64 328.89 224.64 328.17 c 224.64 327.57 224.64 326.73 224.64 325.89 c 224.04 325.77 l h f 
232.68 325.77 m 232.44 325.77 232.08 325.77 231.72 325.77 c 231.48 325.77 231.12 325.77 230.88 325.77 c 230.64 325.89 230.4 325.89 230.28 325.89 c 230.16 325.89 230.04 326.01 229.8 326.13 c 229.56 326.13 229.32 326.25 229.2 326.49 c 228.96 326.61 228.72 326.73 228.6 326.85 c 228.72 327.33 l 228.96 327.21 229.2 327.21 229.32 327.09 c 229.44 327.09 229.56 327.09 229.56 327.09 c 229.68 327.09 229.68 327.09 229.68 327.09 c 229.68 327.09 229.8 327.09 229.8 327.09 c 229.92 326.97 229.92 326.97 230.04 326.97 c 230.16 326.97 230.28 326.97 230.52 326.85 c 230.64 327.09 230.76 327.21 230.76 327.33 c 230.88 327.45 231 327.57 231.12 327.69 c 231 327.93 231 328.29 230.88 328.65 c 230.88 329.01 230.76 329.25 230.76 329.61 c 230.64 329.85 230.64 330.21 230.52 330.57 c 230.52 330.81 230.52 331.17 230.4 331.41 c 230.4 331.77 230.4 332.01 230.28 332.25 c 230.28 332.25 230.28 332.37 230.28 332.37 c 230.28 332.49 230.28 332.49 230.28 332.49 c 230.28 332.85 230.4 332.97 230.52 333.21 c 230.64 333.33 230.88 333.45 231.24 333.57 c 231.24 333.33 231.36 333.09 231.36 332.85 c 231.48 332.61 231.48 332.37 231.6 332.13 c 231.24 331.89 l 231.36 331.29 231.36 330.81 231.48 330.45 c 231.48 330.09 231.48 329.85 231.48 329.61 c 231.48 329.37 231.6 329.25 231.6 329.01 c 231.6 328.77 231.6 328.53 231.6 328.29 c 232.68 329.49 233.64 329.97 234.36 329.97 c 234.48 329.97 234.72 329.97 234.84 329.85 c 235.08 329.85 235.32 329.73 235.56 329.49 c 235.68 329.37 235.92 329.25 236.04 329.01 c 236.4 328.65 236.52 328.41 236.52 328.29 c 236.52 328.05 236.4 327.81 236.4 327.69 c 236.28 327.45 236.28 327.33 236.16 327.09 c 236.52 326.97 236.88 326.85 237.36 326.85 c 237.48 326.85 237.48 326.73 237.48 326.73 c 237.48 325.89 l 237.48 325.77 237.48 325.77 237.36 325.77 c 237 325.77 236.76 325.89 236.4 326.01 c 236.04 326.13 235.8 326.37 235.56 326.49 c 235.32 326.37 235.08 326.25 234.72 326.13 c 234.48 326.01 234.12 325.89 233.76 325.89 c 233.4 325.77 233.04 325.77 232.68 325.77 c h 232.8 326.73 m 233.28 326.73 233.88 326.85 234.36 326.97 c 234.84 327.09 235.32 327.33 235.92 327.69 c 235.68 328.05 235.32 328.41 234.96 328.65 c 234.72 328.77 234.36 328.89 234 328.89 c 233.64 328.89 233.28 328.77 232.8 328.41 c 232.32 328.05 231.72 327.45 231.12 326.85 c 231.48 326.85 231.72 326.73 231.96 326.73 c 232.32 326.73 232.56 326.73 232.8 326.73 c h f 
237.24 325.77 m 237.24 325.77 237.24 325.77 237.24 325.89 c 237.24 326.73 l 237.24 326.73 237.24 326.85 237.24 326.85 c 237.72 326.85 238.08 326.85 238.44 326.85 c 238.8 326.85 239.04 326.97 239.16 327.09 c 239.28 327.09 239.4 327.21 239.52 327.45 c 239.52 327.57 239.76 327.81 239.88 328.17 c 240 328.29 240 328.41 240.12 328.41 c 240.24 328.53 240.24 328.53 240.36 328.53 c 240.48 328.53 240.6 328.53 240.72 328.41 c 240.6 328.29 240.6 328.17 240.48 327.93 c 240.48 327.81 240.36 327.69 240.36 327.45 c 240.24 327.33 240.24 327.21 240.12 327.21 c 240.36 327.09 240.6 326.97 240.84 326.85 c 241.08 326.85 241.32 326.85 241.56 326.85 c 241.56 326.85 241.56 326.73 241.56 326.73 c 241.56 325.89 l 241.56 325.77 241.56 325.77 241.56 325.77 c 240.84 325.77 240.24 326.01 239.76 326.49 c 239.64 326.25 l 239.52 326.13 239.4 326.13 239.16 326.01 c 238.92 325.89 238.68 325.89 238.32 325.89 c 237.96 325.77 237.6 325.77 237.24 325.77 c h 240.36 323.61 m 240 323.85 239.76 324.09 239.64 324.33 c 239.76 324.45 240 324.69 240.36 325.05 c 240.36 325.05 240.48 325.05 240.6 324.93 c 240.72 324.81 240.84 324.57 241.08 324.45 c 240.96 324.33 240.84 324.21 240.72 323.97 c 240.6 323.85 240.48 323.73 240.36 323.61 c h 238.68 323.37 m 238.56 323.61 238.32 323.73 238.2 323.85 c 238.08 323.97 237.96 324.09 237.96 324.09 c 238.08 324.21 238.2 324.33 238.32 324.45 c 238.44 324.57 238.56 324.81 238.68 324.93 c 238.68 324.93 238.8 324.81 238.92 324.69 c 239.04 324.57 239.16 324.45 239.4 324.21 c 239.28 324.09 239.16 323.97 239.04 323.85 c 238.92 323.73 238.8 323.61 238.68 323.37 c h f 
241.44 325.77 m 241.32 325.77 241.32 325.77 241.32 325.89 c 241.32 326.73 l 241.32 326.73 241.32 326.85 241.44 326.85 c 242.04 326.85 242.64 326.85 243.12 326.85 c 243.6 326.97 244.08 327.09 244.44 327.21 c 244.8 327.33 245.04 327.45 245.16 327.45 c 245.4 327.57 245.52 327.57 245.76 327.69 c 245.64 327.69 245.4 327.81 245.28 327.81 c 245.16 327.93 245.04 328.05 244.92 328.17 c 244.68 328.29 244.44 328.53 244.2 328.53 c 244.08 328.65 243.84 328.65 243.6 328.65 c 243.36 328.65 243.24 328.65 243 328.53 c 242.88 328.53 242.64 328.41 242.4 328.29 c 242.28 328.29 242.28 328.41 242.16 328.41 c 242.16 328.53 242.16 328.65 242.16 328.77 c 242.16 329.13 242.28 329.37 242.52 329.49 c 242.76 329.73 243.12 329.85 243.6 329.85 c 243.84 329.85 244.08 329.73 244.32 329.61 c 244.56 329.61 244.8 329.37 245.16 329.13 c 245.52 328.89 245.88 328.77 246.12 328.53 c 246.48 328.41 246.72 328.29 247.08 328.29 c 247.2 328.17 247.44 328.17 247.68 328.17 c 247.8 328.17 248.16 328.17 248.4 328.17 c 247.92 327.21 l 247.92 327.21 247.8 327.21 247.68 327.21 c 247.56 327.21 247.44 327.21 247.32 327.33 c 247.2 327.33 247.08 327.33 247.08 327.33 c 247.08 327.21 247.2 327.09 247.32 327.09 c 247.44 326.97 247.56 326.97 247.68 326.85 c 247.8 326.85 248.04 326.85 248.28 326.85 c 248.52 326.85 248.76 326.85 249.12 326.85 c 249.24 326.85 249.24 326.73 249.24 326.73 c 249.24 325.89 l 249.24 325.77 249.24 325.77 249.12 325.77 c 248.76 325.77 248.52 325.77 248.16 325.89 c 247.92 325.89 247.68 325.89 247.44 326.01 c 247.2 326.01 247.08 326.13 246.96 326.25 c 246.84 326.37 246.72 326.49 246.6 326.61 c 246.48 326.85 246.36 326.97 246.36 327.21 c 246.24 327.09 246.12 327.09 245.88 326.97 c 245.76 326.97 245.64 326.85 245.52 326.85 c 245.4 326.73 245.28 326.61 245.04 326.49 c 244.8 326.37 244.56 326.25 244.32 326.13 c 243.96 326.01 243.72 326.01 243.48 325.89 c 243.24 325.89 242.88 325.77 242.64 325.77 c 242.28 325.77 241.92 325.77 241.44 325.77 c h f 
253.2 325.77 m 252.84 325.77 252.6 325.77 252.24 325.77 c 251.88 325.89 251.52 326.01 251.28 326.01 c 250.92 326.13 250.68 326.25 250.44 326.37 c 250.2 326.25 249.96 326.01 249.84 325.89 c 249.6 325.77 249.36 325.77 249 325.77 c 249 325.77 249 325.77 249 325.89 c 249 326.73 l 249 326.73 249 326.85 249 326.85 c 249.36 326.85 249.6 326.85 249.84 326.97 c 249.96 327.21 250.2 327.33 250.32 327.69 c 250.44 327.93 250.56 328.05 250.68 328.29 c 250.68 328.41 250.8 328.53 250.92 328.65 c 250.92 328.77 251.04 328.89 251.16 329.01 c 251.28 329.25 251.52 329.49 251.64 329.61 c 251.88 329.73 252.12 329.73 252.24 329.73 c 252.48 329.73 252.72 329.61 252.96 329.37 c 253.2 329.01 253.44 328.65 253.56 328.29 c 253.68 327.81 253.8 327.45 253.8 326.97 c 253.8 326.73 253.8 326.49 253.68 326.37 c 253.56 326.13 253.44 325.89 253.2 325.77 c h 252.84 326.73 m 252.84 327.09 252.84 327.45 252.72 327.69 c 252.6 328.05 252.48 328.29 252.36 328.41 c 252.36 328.53 252.24 328.65 252.12 328.65 c 251.88 328.65 251.64 328.53 251.4 328.17 c 251.4 328.17 251.28 328.05 251.16 327.81 c 251.16 327.69 251.04 327.57 250.92 327.33 c 251.16 327.21 251.52 327.09 251.76 326.97 c 252.12 326.85 252.48 326.85 252.84 326.73 c h f 
260.52 330.81 m 259.92 330.81 259.32 331.05 258.96 331.41 c 258.6 331.77 258.48 332.37 258.48 333.09 c 258.48 333.21 258.48 333.33 258.48 333.57 c 258.48 333.69 258.48 333.81 258.6 334.05 c 258.6 334.17 258.6 334.41 258.72 334.65 c 259.08 334.53 l 259.08 334.17 258.96 333.93 258.96 333.69 c 258.96 333.09 259.08 332.73 259.44 332.37 c 259.68 332.13 260.04 332.01 260.52 332.01 c 261 332.01 261.36 332.01 261.72 332.13 c 262.08 332.25 262.44 332.37 262.68 332.61 c 262.92 332.73 263.16 332.97 263.4 333.21 c 263.16 333.81 262.92 334.29 262.8 334.65 c 262.68 335.01 262.56 335.25 262.56 335.37 c 262.56 335.73 262.68 335.85 262.8 336.09 c 262.92 336.21 263.16 336.45 263.4 336.57 c 263.52 336.57 263.52 336.33 263.52 336.21 c 263.52 336.09 263.52 335.85 263.64 335.73 c 263.64 335.49 263.64 335.25 263.76 335.01 c 263.76 334.77 263.76 334.53 263.88 334.29 c 263.88 334.05 263.88 333.81 263.88 333.69 c 263.88 333.21 263.76 332.73 263.4 332.25 c 263.16 331.89 262.68 331.53 262.2 331.29 c 261.96 331.17 261.72 331.05 261.36 330.93 c 261.12 330.93 260.88 330.81 260.52 330.81 c h 260.88 336.57 m 260.52 336.93 260.28 337.17 260.04 337.41 c 260.16 337.53 260.4 337.77 260.52 337.89 c 260.64 338.01 260.76 338.13 260.88 338.25 c 261 338.13 261.12 338.01 261.24 337.89 c 261.36 337.77 261.48 337.65 261.6 337.41 c 261.48 337.29 261.48 337.17 261.24 337.05 c 261.12 336.93 261 336.81 260.88 336.57 c h f 
267.6 333.93 m 267.24 333.93 267 333.93 266.76 334.05 c 266.4 334.17 266.28 334.29 266.16 334.53 c 265.92 334.65 265.92 334.89 265.92 335.13 c 265.8 335.37 265.8 335.61 265.8 335.85 c 265.8 336.09 265.68 336.45 265.68 336.81 c 265.68 337.17 265.68 337.65 265.56 338.01 c 265.56 338.49 265.56 338.97 265.44 339.45 c 265.44 339.93 265.44 340.41 265.32 340.89 c 265.44 341.01 265.68 341.13 265.8 341.25 c 265.92 341.37 266.16 341.49 266.28 341.61 c 266.4 341.01 266.4 340.41 266.4 339.81 c 266.4 339.33 266.4 338.73 266.4 338.01 c 266.4 337.41 266.4 336.81 266.4 336.09 c 266.52 335.25 l 266.64 335.13 266.88 335.01 267 335.01 c 267.24 334.89 267.36 334.89 267.6 334.89 c 267.72 334.89 267.72 334.89 267.72 334.77 c 267.72 333.93 l 267.72 333.93 267.72 333.93 267.6 333.93 c h f 
267.48 333.93 m 267.48 333.93 267.48 333.93 267.48 333.93 c 267.48 334.77 l 267.48 334.89 267.48 334.89 267.48 334.89 c 268.08 334.89 268.44 334.89 268.92 335.01 c 269.28 335.01 269.64 335.13 269.88 335.13 c 270.12 335.13 270.24 335.25 270.48 335.25 c 270.6 335.37 270.84 335.49 270.96 335.49 c 270.84 335.73 270.72 335.85 270.6 336.09 c 270.48 336.33 270.24 336.45 270.12 336.69 c 269.88 336.81 269.64 337.05 269.4 337.17 c 269.16 337.29 268.92 337.53 268.56 337.65 c 268.56 337.65 268.44 337.65 268.32 337.65 c 268.08 337.65 267.96 337.65 267.84 337.89 c 267.6 338.01 267.6 338.13 267.6 338.37 c 267.6 338.49 267.6 338.61 267.6 338.73 c 267.6 338.85 267.72 338.97 267.72 339.09 c 267.72 339.21 267.72 339.33 267.84 339.45 c 267.84 339.57 267.84 339.57 267.84 339.57 c 268.44 339.81 268.8 340.05 269.16 340.29 c 269.52 340.41 269.88 340.53 270.24 340.77 c 270.48 340.89 270.84 341.01 271.08 341.13 c 271.32 341.25 271.68 341.37 272.04 341.49 c 272.16 341.37 272.16 341.25 272.16 341.01 c 272.16 340.77 272.16 340.65 272.04 340.53 c 271.92 340.41 271.8 340.29 271.68 340.29 c 271.2 340.05 270.72 339.81 270.36 339.69 c 269.88 339.45 269.52 339.33 269.16 339.21 c 268.8 339.09 268.44 338.85 268.08 338.73 c 268.68 338.61 269.16 338.37 269.76 338.01 c 270.24 337.77 270.72 337.29 270.96 336.93 c 271.32 336.57 271.44 336.09 271.44 335.73 c 271.44 335.13 271.08 334.65 270.48 334.41 c 270.12 334.17 269.64 334.05 269.16 334.05 c 268.68 333.93 268.2 333.93 267.48 333.93 c h f 
276.24 333.93 m 276.12 334.65 276.12 335.25 276.12 335.85 c 276.12 336.45 276.12 337.05 276 337.65 c 276 338.13 276 338.61 276 339.21 c 275.88 339.69 275.88 340.17 275.76 340.65 c 275.76 340.77 275.88 341.01 275.88 341.13 c 276 341.25 276 341.37 276.24 341.49 c 276.36 341.49 276.48 341.61 276.72 341.61 c 276.72 341.49 276.84 341.25 276.96 341.01 c 276.96 340.77 277.08 340.53 277.2 340.29 c 276.84 339.93 l 276.84 339.45 276.84 338.85 276.84 338.25 c 276.84 337.65 276.84 337.05 276.84 336.33 c 276.84 335.61 276.84 334.89 276.84 333.93 c 276.24 333.93 l h f 
279.72 333.81 m 278.76 333.81 278.28 334.05 278.28 334.65 c 278.28 334.77 278.28 334.89 278.28 335.01 c 278.4 335.13 278.4 335.25 278.52 335.37 c 278.64 335.25 278.88 335.13 279.12 335.01 c 279.36 334.89 279.72 334.89 280.08 334.89 c 280.56 334.89 281.04 335.01 281.64 335.13 c 281.52 335.37 281.4 335.49 281.28 335.73 c 281.28 335.85 281.16 335.97 281.04 336.21 c 280.92 336.45 280.68 336.69 280.68 336.93 c 280.56 337.17 280.44 337.29 280.44 337.41 c 280.32 337.53 280.32 337.65 280.32 337.77 c 280.32 338.01 280.44 338.13 280.56 338.25 c 280.68 338.49 280.8 338.61 281.04 338.61 c 281.16 338.49 281.16 338.25 281.28 338.01 c 281.4 337.77 281.52 337.65 281.52 337.41 c 281.64 337.17 281.76 337.05 281.76 336.81 c 281.88 336.57 282 336.33 282.12 336.09 c 282.12 335.85 282.24 335.73 282.24 335.49 c 282.24 335.49 282.12 335.37 282.12 335.13 c 282.12 335.01 282 334.89 282 334.77 c 281.88 334.65 281.88 334.41 281.76 334.29 c 281.52 334.17 281.16 334.05 280.8 333.93 c 280.44 333.93 280.08 333.81 279.72 333.81 c h 280.32 339.33 m 280.08 339.57 279.72 339.93 279.48 340.17 c 279.72 340.29 279.84 340.53 279.96 340.65 c 280.2 340.77 280.32 340.89 280.32 341.01 c 280.44 340.89 280.56 340.77 280.68 340.65 c 280.8 340.53 281.04 340.41 281.16 340.17 c 281.04 340.05 280.92 339.93 280.8 339.81 c 280.68 339.69 280.56 339.57 280.32 339.33 c h f 
283.92 333.93 m 283.92 334.65 283.92 335.25 283.92 335.85 c 283.8 336.45 283.8 337.05 283.8 337.65 c 283.8 338.13 283.68 338.61 283.68 339.21 c 283.68 339.69 283.56 340.17 283.56 340.65 c 283.56 340.77 283.56 341.01 283.68 341.13 c 283.68 341.25 283.8 341.37 283.92 341.49 c 284.04 341.49 284.28 341.61 284.52 341.61 c 284.52 341.49 284.52 341.25 284.64 341.01 c 284.76 340.77 284.76 340.53 284.88 340.29 c 284.52 339.93 l 284.64 339.45 284.64 338.85 284.64 338.25 c 284.64 337.65 284.64 337.05 284.64 336.33 c 284.64 335.61 284.52 334.89 284.52 333.93 c 283.92 333.93 l h 283.56 331.05 m 283.56 331.53 l 284.04 331.77 l 283.68 331.89 283.56 332.01 283.56 332.25 c 283.56 332.37 283.68 332.49 283.68 332.73 c 283.8 332.85 283.92 332.97 284.04 332.97 c 284.16 333.09 284.28 333.21 284.4 333.21 c 284.76 333.21 284.88 332.97 284.88 332.73 c 284.88 332.61 284.88 332.49 284.76 332.37 c 284.52 332.49 l 284.64 332.49 l 284.64 332.61 284.52 332.61 284.4 332.61 c 284.28 332.61 284.28 332.61 284.16 332.49 c 284.04 332.49 284.04 332.37 283.92 332.25 c 284.04 332.13 284.28 332.01 284.52 332.01 c 284.52 332.01 284.64 332.01 284.76 332.01 c 284.88 332.01 284.88 332.13 285 332.13 c 285 331.65 l 284.76 331.53 284.64 331.53 284.4 331.53 c 284.28 331.41 284.16 331.41 284.04 331.29 c 283.92 331.29 283.8 331.17 283.56 331.05 c h f 
172.56 308.13 m 172.08 308.49 l 172.08 308.61 172.2 308.73 172.2 308.85 c 172.2 308.97 172.2 308.97 172.2 309.09 c 172.2 309.21 172.08 309.33 171.96 309.45 c 171.96 309.45 171.84 309.57 171.72 309.69 c 171.6 309.69 171.48 309.81 171.36 309.93 c 170.76 310.29 170.4 310.65 170.4 311.25 c 170.4 311.61 170.52 311.97 170.76 312.33 c 171 312.69 171.24 312.93 171.6 313.17 c 171.84 313.41 172.2 313.53 172.68 313.53 c 173.16 313.53 173.64 313.41 174 313.05 c 174.12 312.93 174.12 312.69 174.12 312.57 c 174.12 312.33 174 312.09 173.76 311.85 c 173.52 312.09 173.4 312.21 173.16 312.33 c 173.04 312.33 172.8 312.45 172.56 312.45 c 172.08 312.45 171.84 312.33 171.48 312.09 c 171.24 311.85 171 311.61 170.88 311.25 c 171.12 311.13 171.36 311.01 171.6 311.01 c 171.72 310.89 171.96 310.77 172.2 310.65 c 172.32 310.53 172.44 310.41 172.56 310.29 c 172.8 310.17 172.8 310.05 172.92 309.93 c 172.92 309.81 173.04 309.57 173.04 309.45 c 173.04 309.09 172.92 308.73 172.56 308.13 c h 172.32 306.09 m 172.08 306.33 171.96 306.45 171.84 306.45 c 171.6 306.57 171.48 306.69 171.36 306.81 c 171.36 306.93 171.48 306.93 171.48 307.05 c 171.48 307.17 171.6 307.17 171.6 307.29 c 171.6 307.41 171.72 307.41 171.72 307.53 c 171.84 307.65 171.84 307.65 171.84 307.77 c 172.08 307.65 172.2 307.53 172.32 307.53 c 172.44 307.41 172.56 307.41 172.68 307.29 c 172.8 307.17 172.8 307.05 172.8 307.05 c 172.8 306.93 172.68 306.69 172.32 306.09 c h f 
q 0.12 0 0 -0.12 0 841.89 cm 1 j 0.141 0.125 0.129 SC 1475 4456 m 1478 4456 1481 4455 1482 4454 c 1484 4453 1487 4449 1491 4444 c 1508 4423 l 1496 4405 l 1491 4397 1487 4393 1485 4391 c 1483 4389 1480 4388 1477 4388 c 1477 4386 l 1509 4386 l 1509 4388 l 1506 4388 1504 4388 1503 4389 c 1502 4389 1501 4390 1501 4392 c 1501 4393 1501 4394 1502 4395 c 1502 4396 1503 4397 1504 4397 c 1515 4414 l 1527 4399 l 1529 4397 1530 4395 1531 4394 c 1531 4393 1531 4392 1531 4392 c 1531 4390 1530 4389 1529 4388 c 1528 4388 1526 4388 1524 4388 c 1524 4386 l 1549 4386 l 1549 4388 l 1546 4388 1544 4388 1543 4389 c 1540 4391 1537 4394 1533 4398 c 1518 4418 l 1538 4448 l 1540 4451 1542 4453 1544 4454 c 1545 4455 1547 4456 1550 4456 c 1550 4458 l 1518 4458 l 1518 4456 l 1521 4456 1523 4456 1525 4455 c 1526 4455 1526 4454 1526 4453 c 1526 4451 1526 4450 1524 4447 c 1522 4444 1518 4438 1511 4427 c 1498 4443 l 1496 4445 1495 4447 1494 4448 c 1493 4450 1492 4451 1492 4452 c 1492 4453 1493 4455 1495 4455 c 1496 4456 1498 4456 1500 4456 c 1500 4458 l 1475 4458 l 1475 4456 l h S Q 
q 0.12 0 0 -0.12 0 841.89 cm 1 w 1 j 0.141 0.125 0.129 SC 1585 4386 m 1585 4388 l 1582 4388 1580 4388 1579 4388 c 1578 4389 1577 4390 1577 4391 c 1577 4392 1577 4392 1577 4393 c 1578 4394 1578 4395 1579 4396 c 1595 4420 l 1610 4396 l 1611 4395 1611 4394 1612 4393 c 1612 4392 1612 4392 1612 4391 c 1612 4390 1611 4389 1609 4388 c 1608 4388 1607 4388 1604 4388 c 1604 4386 l 1628 4386 l 1628 4388 l 1626 4388 1624 4389 1622 4390 c 1620 4392 1616 4395 1613 4400 c 1597 4425 l 1597 4446 l 1597 4450 1598 4453 1599 4454 c 1600 4455 1604 4456 1608 4456 c 1608 4458 l 1575 4458 l 1575 4456 l 1580 4456 1583 4455 1584 4454 c 1585 4453 1586 4450 1586 4445 c 1586 4426 l 1572 4405 l 1567 4398 1563 4393 1561 4391 c 1559 4389 1557 4388 1554 4388 c 1554 4386 l 1585 4386 l h S Q 
q 0.12 0 0 -0.12 0 841.89 cm 1 w 1 j 0.141 0.125 0.129 SC 1630 4457 m 1678 4390 l 1653 4390 l 1646 4390 1642 4392 1639 4395 c 1638 4397 1637 4400 1636 4404 c 1633 4404 l 1635 4386 l 1692 4386 l 1692 4387 l 1645 4454 l 1673 4454 l 1679 4454 1684 4452 1687 4449 c 1689 4448 1690 4444 1692 4439 c 1694 4439 l 1692 4458 l 1630 4458 l 1630 4457 l h S Q 
q 0.12 0 0 -0.12 0 841.89 cm 1 w 1 j 0.141 0.125 0.129 SC 1696 4456 m 1700 4456 1703 4455 1704 4453 c 1706 4451 1706 4448 1706 4442 c 1706 4398 l 1706 4394 1706 4391 1704 4390 c 1703 4389 1700 4388 1696 4388 c 1696 4386 l 1718 4386 l 1743 4440 l 1767 4386 l 1789 4386 l 1789 4388 l 1785 4388 1782 4389 1781 4390 c 1780 4391 1779 4394 1779 4398 c 1779 4446 l 1779 4450 1780 4453 1781 4454 c 1782 4455 1785 4456 1789 4456 c 1789 4458 l 1758 4458 l 1758 4456 l 1763 4456 1765 4455 1766 4454 c 1767 4452 1768 4450 1768 4445 c 1768 4396 l 1740 4458 l 1739 4458 l 1711 4398 l 1711 4442 l 1711 4448 1712 4452 1714 4454 c 1715 4455 1717 4456 1721 4456 c 1721 4458 l 1696 4458 l 1696 4456 l h S Q 
1 w 0.141 0.125 0.129 sc 177 307.17 m 177.36 307.17 177.72 307.29 177.84 307.41 c 178.08 307.53 178.44 308.01 178.92 308.61 c 180.96 311.13 l 179.52 313.29 l 178.92 314.25 178.44 314.73 178.2 314.97 c 177.96 315.21 177.6 315.33 177.24 315.33 c 177.24 315.57 l 181.08 315.57 l 181.08 315.33 l 180.72 315.33 180.48 315.33 180.36 315.21 c 180.24 315.21 180.12 315.09 180.12 314.85 c 180.12 314.73 180.12 314.61 180.24 314.49 c 180.24 314.37 180.36 314.25 180.48 314.25 c 181.8 312.21 l 183.24 314.01 l 183.48 314.25 183.6 314.49 183.72 314.61 c 183.72 314.73 183.72 314.85 183.72 314.85 c 183.72 315.09 183.6 315.21 183.48 315.33 c 183.36 315.33 183.12 315.33 182.88 315.33 c 182.88 315.57 l 185.88 315.57 l 185.88 315.33 l 185.52 315.33 185.28 315.33 185.16 315.21 c 184.8 314.97 184.44 314.61 183.96 314.13 c 182.16 311.73 l 184.56 308.13 l 184.8 307.77 185.04 307.53 185.28 307.41 c 185.4 307.29 185.64 307.17 186 307.17 c 186 306.93 l 182.16 306.93 l 182.16 307.17 l 182.52 307.17 182.76 307.17 183 307.29 c 183.12 307.29 183.12 307.41 183.12 307.53 c 183.12 307.77 183.12 307.89 182.88 308.25 c 182.64 308.61 182.16 309.33 181.32 310.65 c 179.76 308.73 l 179.52 308.49 179.4 308.25 179.28 308.13 c 179.16 307.89 179.04 307.77 179.04 307.65 c 179.04 307.53 179.16 307.29 179.4 307.29 c 179.52 307.17 179.76 307.17 180 307.17 c 180 306.93 l 177 306.93 l 177 307.17 l h f 
190.2 315.57 m 190.2 315.33 l 189.84 315.33 189.6 315.33 189.48 315.33 c 189.36 315.21 189.24 315.09 189.24 314.97 c 189.24 314.85 189.24 314.85 189.24 314.73 c 189.24 314.61 189.36 314.49 189.48 314.37 c 191.4 311.49 l 193.2 314.37 l 193.32 314.49 193.32 314.61 193.44 314.73 c 193.44 314.85 193.44 314.85 193.44 314.97 c 193.44 315.09 193.32 315.21 193.08 315.33 c 192.96 315.33 192.84 315.33 192.48 315.33 c 192.48 315.57 l 195.36 315.57 l 195.36 315.33 l 195.12 315.33 194.88 315.21 194.64 315.09 c 194.4 314.85 193.92 314.49 193.56 313.89 c 191.64 310.89 l 191.64 308.37 l 191.64 307.89 191.76 307.53 191.88 307.41 c 192 307.29 192.48 307.17 192.96 307.17 c 192.96 306.93 l 189 306.93 l 189 307.17 l 189.6 307.17 189.96 307.29 190.08 307.41 c 190.2 307.53 190.32 307.89 190.32 308.49 c 190.32 310.77 l 188.64 313.29 l 188.04 314.13 187.56 314.73 187.32 314.97 c 187.08 315.21 186.84 315.33 186.48 315.33 c 186.48 315.57 l 190.2 315.57 l h f 
195.6 307.05 m 201.36 315.09 l 198.36 315.09 l 197.52 315.09 197.04 314.85 196.68 314.49 c 196.56 314.25 196.44 313.89 196.32 313.41 c 195.96 313.41 l 196.2 315.57 l 203.04 315.57 l 203.04 315.45 l 197.4 307.41 l 200.76 307.41 l 201.48 307.41 202.08 307.65 202.44 308.01 c 202.68 308.13 202.8 308.61 203.04 309.21 c 203.28 309.21 l 203.04 306.93 l 195.6 306.93 l 195.6 307.05 l h f 
203.52 307.17 m 204 307.17 204.36 307.29 204.48 307.53 c 204.72 307.77 204.72 308.13 204.72 308.85 c 204.72 314.13 l 204.72 314.61 204.72 314.97 204.48 315.09 c 204.36 315.21 204 315.33 203.52 315.33 c 203.52 315.57 l 206.16 315.57 l 209.16 309.09 l 212.04 315.57 l 214.68 315.57 l 214.68 315.33 l 214.2 315.33 213.84 315.21 213.72 315.09 c 213.6 314.97 213.48 314.61 213.48 314.13 c 213.48 308.37 l 213.48 307.89 213.6 307.53 213.72 307.41 c 213.84 307.29 214.2 307.17 214.68 307.17 c 214.68 306.93 l 210.96 306.93 l 210.96 307.17 l 211.56 307.17 211.8 307.29 211.92 307.41 c 212.04 307.65 212.16 307.89 212.16 308.49 c 212.16 314.37 l 208.8 306.93 l 208.68 306.93 l 205.32 314.13 l 205.32 308.85 l 205.32 308.13 205.44 307.65 205.68 307.41 c 205.8 307.29 206.04 307.17 206.52 307.17 c 206.52 306.93 l 203.52 306.93 l 203.52 307.17 l h f 
220.92 303.57 m 220.32 303.57 219.84 303.69 219.36 303.81 c 219 304.05 218.64 304.29 218.52 304.65 c 218.28 305.01 218.16 305.37 218.16 305.85 c 218.16 306.09 218.16 306.45 218.28 306.69 c 218.4 306.93 218.52 307.17 218.76 307.41 c 218.88 307.65 219.12 307.89 219.48 308.13 c 219.36 308.13 219.36 308.13 219.36 308.25 c 219.24 308.25 219.24 308.37 219.24 308.37 c 219.12 308.61 219 308.73 218.88 308.85 c 218.76 309.09 218.64 309.21 218.52 309.21 c 218.52 309.33 218.4 309.45 218.4 309.45 c 218.28 309.57 218.16 309.57 218.16 309.69 c 217.92 309.57 l 217.8 309.69 217.68 309.93 217.68 310.05 c 217.68 310.29 217.8 310.41 217.92 310.65 c 218.04 310.77 218.16 310.89 218.4 311.01 c 218.52 311.13 218.76 311.13 219 311.25 c 219.36 311.37 219.72 311.37 219.96 311.37 c 220.32 311.37 220.68 311.37 220.92 311.13 c 221.16 311.01 221.4 310.89 221.52 310.65 c 221.76 310.41 221.76 310.17 221.76 309.93 c 221.76 309.57 221.76 309.33 221.52 308.97 c 221.4 308.73 221.16 308.49 220.8 308.13 c 220.92 308.13 221.16 308.01 221.4 308.01 c 221.76 308.01 222 308.01 222.48 308.01 c 222.6 308.01 222.6 308.01 222.6 307.89 c 222.6 307.05 l 222.6 306.93 222.6 306.93 222.48 306.93 c 222.12 306.93 221.76 306.93 221.4 307.05 c 221.16 307.05 220.8 307.17 220.56 307.17 c 220.32 307.29 220.08 307.41 219.96 307.65 c 219.48 307.29 219.12 307.05 219 306.81 c 218.76 306.57 218.64 306.21 218.64 305.97 c 218.64 305.49 218.88 305.13 219.24 304.89 c 219.6 304.77 220.2 304.65 220.92 304.65 c 221.16 304.65 221.4 304.65 221.52 304.65 c 221.76 304.65 222 304.65 222.24 304.77 c 222.48 304.77 222.72 304.89 223.08 305.01 c 223.32 304.53 l 222.84 304.29 222.48 304.05 222.24 303.93 c 222 303.81 221.76 303.69 221.52 303.69 c 221.28 303.57 221.04 303.57 220.92 303.57 c h 220.08 308.61 m 220.2 308.73 220.32 308.85 220.44 308.85 c 220.56 308.97 220.68 309.09 220.68 309.21 c 220.8 309.33 220.92 309.45 220.92 309.69 c 220.92 309.81 220.8 310.05 220.68 310.17 c 220.44 310.29 220.32 310.29 220.08 310.29 c 219.84 310.29 219.6 310.29 219.36 310.29 c 219.24 310.17 219 310.17 218.76 310.05 c 218.76 309.93 218.88 309.93 218.88 309.81 c 219 309.81 219.12 309.69 219.12 309.69 c 219.24 309.57 219.36 309.45 219.48 309.33 c 219.6 309.21 219.72 309.09 219.84 308.85 c 220.08 308.61 l h f 
222.36 306.93 m 222.36 306.93 222.36 306.93 222.36 307.05 c 222.36 307.89 l 222.36 308.01 222.36 308.01 222.36 308.01 c 222.72 308.01 223.08 308.01 223.56 308.13 c 223.92 308.13 224.16 308.25 224.4 308.37 c 224.4 308.61 224.28 308.73 224.28 308.97 c 224.16 309.21 224.04 309.45 224.04 309.57 c 223.92 309.81 223.8 309.93 223.8 310.05 c 223.8 310.17 223.8 310.29 223.8 310.41 c 223.8 310.53 223.8 310.77 223.92 310.89 c 224.16 311.13 224.28 311.25 224.64 311.37 c 224.64 311.25 224.64 311.01 224.76 310.77 c 224.76 310.53 224.76 310.29 224.88 309.93 c 225 309.69 225 309.45 225 309.33 c 225 309.09 225 308.97 225 308.85 c 225 308.73 225 308.49 224.88 308.25 c 224.88 308.01 224.76 307.77 224.64 307.53 c 223.92 307.17 223.2 306.93 222.36 306.93 c h 224.04 304.41 m 223.8 304.65 223.68 304.77 223.56 304.89 c 223.44 305.01 223.32 305.13 223.2 305.25 c 223.32 305.37 223.56 305.61 223.68 305.73 c 223.8 305.85 223.92 305.97 224.04 306.09 c 224.28 305.85 224.52 305.61 224.76 305.37 c 224.76 305.25 224.64 305.13 224.52 304.89 c 224.4 304.77 224.16 304.65 224.04 304.41 c h f 
226.68 304.65 m 226.56 304.65 226.44 304.65 226.32 304.65 c 226.08 304.77 225.84 304.89 225.72 305.01 c 225.48 305.13 225.36 305.25 225.12 305.37 c 225.36 305.73 l 225.6 305.73 225.72 305.73 225.96 305.61 c 226.08 305.61 226.32 305.61 226.44 305.61 c 227.04 305.61 227.52 305.73 227.88 306.09 c 228.36 306.45 228.6 306.93 228.84 307.53 c 228.72 307.65 228.72 307.77 228.6 307.89 c 228.6 308.01 228.48 308.13 228.48 308.25 c 228.24 308.61 228 308.97 227.88 309.21 c 227.76 309.45 227.76 309.69 227.76 309.81 c 227.64 310.05 227.76 310.17 227.76 310.29 c 227.88 310.41 228 310.53 228.12 310.65 c 228.12 310.65 228.12 310.65 228.24 310.65 c 228.36 310.65 228.48 310.53 228.6 310.53 c 228.72 310.29 228.72 310.05 228.84 309.81 c 228.84 309.69 228.96 309.45 228.96 309.33 c 229.08 309.09 229.08 308.85 229.2 308.61 c 229.2 308.49 229.32 308.37 229.32 308.25 c 229.56 308.01 229.8 308.01 230.16 308.01 c 230.28 308.01 230.28 308.01 230.28 307.89 c 230.28 307.05 l 230.28 306.93 230.28 306.93 230.16 306.93 c 229.8 306.93 229.56 307.05 229.2 307.17 c 229.2 306.69 228.96 306.21 228.72 305.85 c 228.48 305.49 228.24 305.13 227.88 304.89 c 227.52 304.65 227.16 304.65 226.68 304.65 c h f 
233.64 306.93 m 233.28 306.93 232.92 306.93 232.56 307.05 c 232.2 307.05 231.84 307.17 231.6 307.29 c 231.24 307.17 231 307.05 230.76 307.05 c 230.52 306.93 230.28 306.93 230.04 306.93 c 230.04 306.93 229.92 306.93 229.92 307.05 c 229.92 307.89 l 229.92 308.01 230.04 308.01 230.04 308.01 c 230.16 308.01 230.28 308.01 230.4 308.01 c 230.52 308.01 230.64 308.01 230.76 308.13 c 230.76 308.13 230.76 308.13 230.76 308.25 c 230.76 308.25 230.76 308.37 230.76 308.37 c 230.76 308.61 230.76 308.85 230.88 309.09 c 231 309.45 231.12 309.69 231.36 309.93 c 231.48 310.17 231.72 310.41 231.96 310.53 c 232.2 310.77 232.56 310.89 232.92 310.89 c 233.04 310.89 233.04 310.89 233.16 310.77 c 233.28 310.65 233.4 310.53 233.4 310.29 c 233.52 310.17 233.52 310.05 233.64 309.93 c 233.64 309.81 233.76 309.69 233.76 309.45 c 233.88 309.21 234 308.97 234.12 308.73 c 234.24 308.49 234.36 308.37 234.36 308.25 c 234.6 308.01 234.72 308.01 234.84 308.01 c 234.96 308.01 234.96 307.89 234.96 307.89 c 234.96 307.05 l 234.96 306.93 234.96 306.93 234.84 306.93 c 234.48 306.93 234.12 307.05 233.88 307.41 c 233.64 306.93 l h 233.52 307.89 m 233.4 308.13 233.28 308.37 233.16 308.73 c 233.04 309.09 232.92 309.57 232.92 309.93 c 232.68 309.81 232.44 309.69 232.32 309.57 c 232.08 309.45 231.84 309.33 231.72 309.09 c 231.6 308.97 231.36 308.73 231.36 308.61 c 231.6 308.37 231.84 308.25 232.2 308.13 c 232.56 308.01 233.04 307.89 233.52 307.89 c h f 
234.84 306.93 m 234.72 306.93 234.72 306.93 234.72 307.05 c 234.72 307.89 l 234.72 308.01 234.72 308.01 234.84 308.01 c 235.2 308.01 235.68 308.13 236.04 308.25 c 236.04 308.61 236.04 308.85 236.04 309.09 c 235.92 309.33 235.92 309.57 235.92 309.81 c 235.8 310.41 235.8 311.01 235.68 311.73 c 235.56 312.45 235.44 313.17 235.32 314.01 c 235.56 314.13 235.68 314.25 235.8 314.37 c 236.04 314.49 236.16 314.61 236.28 314.73 c 236.4 314.25 236.4 313.65 236.4 313.17 c 236.4 312.57 236.4 311.97 236.52 311.37 c 236.52 310.89 236.52 310.29 236.52 309.93 c 236.52 309.45 236.64 308.97 236.64 308.61 c 236.64 308.37 236.52 308.25 236.52 308.01 c 236.4 307.77 236.28 307.53 236.16 307.29 c 236.04 307.17 235.92 307.17 235.68 307.05 c 235.44 306.93 235.2 306.93 234.84 306.93 c h f 
238.44 306.93 m 238.44 307.65 238.32 308.37 238.32 308.97 c 238.32 309.57 238.32 310.17 238.32 310.65 c 238.2 311.25 238.2 311.73 238.2 312.21 c 238.08 312.69 238.08 313.17 238.08 313.65 c 238.08 313.89 238.08 314.01 238.08 314.25 c 238.2 314.37 238.32 314.49 238.44 314.49 c 238.56 314.61 238.8 314.61 238.92 314.73 c 239.04 314.49 239.04 314.25 239.16 314.01 c 239.16 313.77 239.28 313.53 239.4 313.29 c 239.04 313.05 l 239.04 312.45 239.04 311.97 239.04 311.37 c 239.04 310.77 239.04 310.05 239.04 309.45 c 239.04 308.73 239.04 307.89 239.04 307.05 c 238.44 306.93 l h f 
247.8 306.93 m 247.32 306.93 246.96 307.05 246.6 307.17 c 246.36 307.41 246.24 307.65 246.12 307.89 c 246.12 308.25 l 245.64 307.41 l 245.4 307.41 245.16 307.41 245.04 307.41 c 244.92 307.41 244.8 307.41 244.68 307.53 c 244.56 307.53 244.44 307.53 244.32 307.65 c 244.2 307.65 243.96 307.77 243.84 307.89 c 243.72 307.89 243.48 308.01 243.36 308.13 c 243.24 308.25 243.24 308.37 243.24 308.49 c 243.24 308.49 243.24 308.61 243.24 308.73 c 243.36 308.97 243.36 309.09 243.48 309.21 c 243.48 309.45 243.6 309.57 243.6 309.57 c 243.72 309.69 243.84 309.81 243.96 310.05 c 244.2 310.17 244.44 310.41 244.68 310.53 c 245.04 310.77 245.28 310.89 245.52 311.01 c 245.52 311.37 l 245.64 311.49 245.76 311.61 245.88 311.73 c 246 311.73 246.12 311.85 246.12 311.85 c 246.24 311.97 246.36 311.97 246.48 312.09 c 246.48 311.49 246.48 310.77 246.48 310.17 c 246.48 309.57 246.6 308.97 246.6 308.25 c 246.96 308.13 247.32 308.01 247.8 308.01 c 247.8 308.01 247.92 308.01 247.92 307.89 c 247.92 307.05 l 247.92 306.93 247.8 306.93 247.8 306.93 c h 246 308.49 m 246 308.73 245.88 308.97 245.88 309.33 c 245.76 309.57 245.76 309.93 245.76 310.17 c 244.8 309.93 244.2 309.57 243.84 309.09 c 244.08 308.85 244.32 308.73 244.56 308.73 c 244.8 308.61 245.04 308.49 245.28 308.49 c 245.4 308.49 245.52 308.49 245.64 308.49 c 245.76 308.49 245.88 308.49 246 308.49 c h 245.88 312.45 m 245.76 312.57 245.64 312.69 245.4 312.81 c 245.28 312.93 245.16 313.05 245.16 313.17 c 245.16 313.29 245.28 313.41 245.4 313.53 c 245.52 313.65 245.64 313.77 245.88 314.01 c 245.88 313.89 246 313.89 246.12 313.77 c 246.24 313.65 246.36 313.41 246.6 313.29 c 246.48 313.05 246.24 312.81 245.88 312.45 c h 244.2 312.33 m 244.08 312.45 243.96 312.57 243.84 312.69 c 243.6 312.81 243.6 312.93 243.48 313.05 c 243.6 313.17 243.72 313.29 243.84 313.41 c 243.96 313.53 244.08 313.65 244.2 313.77 c 244.32 313.77 244.32 313.65 244.44 313.53 c 244.56 313.41 244.68 313.29 244.92 313.05 c 244.8 312.93 244.8 312.81 244.68 312.69 c 244.56 312.57 244.44 312.45 244.2 312.33 c h f 
247.68 306.93 m 247.56 306.93 247.56 306.93 247.56 307.05 c 247.56 307.89 l 247.56 308.01 247.56 308.01 247.68 308.01 c 248.28 308.01 248.76 308.01 249.12 308.01 c 249.6 308.13 249.96 308.13 250.32 308.25 c 250.68 308.37 251.04 308.49 251.28 308.61 c 251.52 308.73 251.76 308.73 252 308.73 c 251.76 308.85 251.64 308.85 251.52 308.97 c 251.4 309.09 251.28 309.21 251.16 309.21 c 250.8 309.45 250.68 309.69 250.44 309.69 c 250.2 309.81 250.08 309.81 249.84 309.81 c 249.6 309.81 249.48 309.81 249.24 309.81 c 249.12 309.69 248.88 309.57 248.52 309.45 c 248.52 309.45 248.52 309.57 248.4 309.69 c 248.4 309.69 248.4 309.81 248.4 309.93 c 248.4 310.29 248.52 310.53 248.76 310.65 c 249 310.89 249.36 311.01 249.84 311.01 c 250.08 311.01 250.32 310.89 250.56 310.77 c 250.8 310.77 251.04 310.53 251.4 310.29 c 251.76 310.05 252.12 309.81 252.36 309.69 c 252.72 309.57 252.96 309.45 253.32 309.33 c 253.44 309.33 253.68 309.33 253.92 309.21 c 254.04 309.21 254.4 309.21 254.64 309.21 c 254.16 308.25 l 253.92 308.25 253.8 308.25 253.68 308.37 c 253.44 308.37 253.32 308.37 253.08 308.37 c 252.96 308.37 252.72 308.25 252.6 308.25 c 252.48 308.25 252.24 308.13 252 308.01 c 251.88 308.01 251.64 307.89 251.28 307.65 c 251.04 307.53 250.8 307.41 250.44 307.29 c 250.2 307.17 249.96 307.17 249.72 307.05 c 249.48 307.05 249.12 307.05 248.88 306.93 c 248.52 306.93 248.16 306.93 247.68 306.93 c h f 
258 306.93 m 257.64 306.93 257.4 307.05 257.16 307.05 c 256.92 307.17 256.68 307.41 256.56 307.53 c 256.44 307.77 256.32 307.89 256.32 308.25 c 256.32 308.37 256.2 308.61 256.2 308.97 c 256.2 309.21 256.2 309.57 256.08 309.93 c 256.08 310.29 256.08 310.65 255.96 311.13 c 255.96 311.49 255.96 311.97 255.84 312.45 c 255.84 312.93 255.84 313.53 255.72 314.01 c 255.96 314.13 256.08 314.25 256.2 314.37 c 256.44 314.49 256.56 314.61 256.8 314.73 c 256.8 314.13 256.8 313.53 256.8 312.93 c 256.8 312.33 256.8 311.73 256.8 311.13 c 256.92 310.53 256.92 309.81 256.92 309.09 c 256.92 308.25 l 257.04 308.13 257.28 308.13 257.4 308.01 c 257.64 308.01 257.88 308.01 258 308.01 c 258.12 308.01 258.12 308.01 258.12 307.89 c 258.12 307.05 l 258.12 306.93 258.12 306.93 258 306.93 c h f 
260.52 306.93 m 260.4 306.93 260.16 306.93 259.8 307.05 c 259.56 307.05 259.32 307.17 259.2 307.29 c 259.08 307.17 258.84 307.05 258.6 307.05 c 258.48 306.93 258.24 306.93 258 306.93 c 257.88 306.93 257.88 306.93 257.88 307.05 c 257.88 307.89 l 257.88 308.01 257.88 308.01 258 308.01 c 258.24 308.01 258.36 308.01 258.6 308.01 c 258.72 308.13 258.84 308.13 258.96 308.25 c 259.08 308.37 259.2 308.49 259.2 308.61 c 259.32 308.73 259.44 308.85 259.56 309.09 c 259.56 309.21 259.68 309.21 259.68 309.21 c 259.8 309.33 259.92 309.33 259.92 309.33 c 260.04 309.33 260.16 309.33 260.28 309.21 c 260.16 308.97 260.04 308.73 259.92 308.49 c 259.92 308.37 259.8 308.13 259.8 308.01 c 259.8 308.01 259.92 308.01 260.16 308.01 c 260.28 308.01 260.52 308.01 260.64 308.01 c 260.88 308.01 261 308.01 261.12 308.01 c 261.24 308.01 261.36 308.01 261.48 308.13 c 261.6 308.13 261.6 308.25 261.72 308.49 c 261.72 308.61 261.84 308.85 261.96 309.09 c 261.96 309.21 262.08 309.45 262.08 309.57 c 262.2 309.81 262.2 309.81 262.32 309.93 c 262.44 309.93 262.44 309.93 262.56 309.93 c 262.68 309.93 262.8 309.93 262.92 309.93 c 262.92 309.81 262.8 309.57 262.68 309.33 c 262.56 308.97 262.44 308.61 262.32 308.01 c 262.44 308.01 262.44 308.01 262.56 308.01 c 262.68 308.01 262.68 308.01 262.8 308.01 c 263.04 308.01 263.28 308.01 263.52 308.13 c 263.52 308.13 263.64 308.25 263.64 308.37 c 263.64 308.49 263.76 308.61 263.88 308.85 c 263.88 308.97 264 309.21 264 309.33 c 264.12 309.57 264.12 309.69 264.24 309.81 c 264.24 309.93 264.36 309.93 264.36 310.05 c 264.48 310.05 264.6 310.05 264.72 310.05 c 264.84 310.05 264.84 310.05 264.96 309.93 c 264.96 309.81 264.84 309.69 264.72 309.45 c 264.72 309.21 264.6 308.85 264.36 308.37 c 264.6 308.25 264.84 308.13 265.08 308.13 c 265.32 308.01 265.56 308.01 265.8 308.01 c 265.8 308.01 265.92 308.01 265.92 307.89 c 265.92 307.05 l 265.92 306.93 265.8 306.93 265.8 306.93 c 265.44 306.93 265.2 307.05 264.84 307.17 c 264.6 307.29 264.36 307.41 264.12 307.65 c 264.12 307.53 264.12 307.41 264 307.29 c 264 307.29 263.88 307.17 263.76 307.17 c 263.76 307.05 263.64 307.05 263.4 306.93 c 263.28 306.93 263.04 306.93 262.92 306.93 c 262.56 306.93 262.2 307.05 261.96 307.17 c 261.84 307.17 261.72 307.05 261.6 307.05 c 261.48 307.05 261.24 306.93 261.12 306.93 c 260.88 306.93 260.76 306.93 260.52 306.93 c h f 
269.88 306.93 m 269.52 306.93 269.16 306.93 268.8 307.05 c 268.56 307.05 268.2 307.17 267.84 307.29 c 267.6 307.29 267.24 307.41 267 307.65 c 266.88 307.41 266.64 307.17 266.4 307.05 c 266.28 307.05 266.04 306.93 265.68 306.93 c 265.68 306.93 265.56 306.93 265.56 307.05 c 265.56 307.89 l 265.56 308.01 265.68 308.01 265.68 308.01 c 266.04 308.01 266.28 308.01 266.4 308.25 c 266.64 308.37 266.88 308.61 267 308.85 c 267.12 309.09 267.24 309.21 267.24 309.45 c 267.36 309.57 267.48 309.69 267.48 309.81 c 267.6 309.93 267.72 310.05 267.72 310.17 c 267.96 310.53 268.08 310.65 268.32 310.77 c 268.56 310.89 268.68 310.89 268.92 310.89 c 269.16 310.89 269.4 310.77 269.64 310.53 c 269.88 310.29 270.12 309.93 270.24 309.45 c 270.36 308.97 270.48 308.61 270.48 308.13 c 270.48 307.89 270.36 307.65 270.36 307.53 c 270.24 307.29 270 307.05 269.88 306.93 c h 269.52 307.89 m 269.52 308.25 269.52 308.61 269.4 308.85 c 269.28 309.21 269.16 309.45 269.04 309.57 c 268.92 309.69 268.8 309.81 268.8 309.81 c 268.56 309.81 268.32 309.69 268.08 309.33 c 267.96 309.33 267.96 309.21 267.84 308.97 c 267.72 308.85 267.72 308.73 267.6 308.49 c 267.84 308.37 268.08 308.25 268.44 308.13 c 268.8 308.01 269.16 308.01 269.52 307.89 c h f 
276.24 306.93 m 275.88 306.93 275.52 307.05 275.28 307.05 c 275.04 307.17 274.92 307.41 274.68 307.53 c 274.56 307.77 274.44 307.89 274.44 308.25 c 274.44 308.37 274.44 308.61 274.44 308.97 c 274.32 309.21 274.32 309.57 274.32 309.93 c 274.32 310.29 274.2 310.65 274.2 311.13 c 274.2 311.49 274.08 311.97 274.08 312.45 c 274.08 312.93 273.96 313.53 273.96 314.01 c 274.08 314.13 274.2 314.25 274.44 314.37 c 274.56 314.49 274.8 314.61 274.92 314.73 c 274.92 314.13 274.92 313.53 275.04 312.93 c 275.04 312.33 275.04 311.73 275.04 311.13 c 275.04 310.53 275.04 309.81 275.04 309.09 c 275.16 308.25 l 275.28 308.13 275.4 308.13 275.64 308.01 c 275.76 308.01 276 308.01 276.24 308.01 c 276.24 308.01 276.36 308.01 276.36 307.89 c 276.36 307.05 l 276.36 306.93 276.24 306.93 276.24 306.93 c h f 
279.72 306.93 m 279.36 306.93 279 306.93 278.64 307.05 c 278.28 307.05 277.92 307.17 277.56 307.29 c 277.32 307.17 277.08 307.05 276.84 307.05 c 276.6 306.93 276.36 306.93 276.12 306.93 c 276.12 306.93 276 306.93 276 307.05 c 276 307.89 l 276 308.01 276.12 308.01 276.12 308.01 c 276.24 308.01 276.36 308.01 276.48 308.01 c 276.6 308.01 276.72 308.01 276.84 308.13 c 276.84 308.13 276.84 308.13 276.72 308.25 c 276.72 308.25 276.72 308.37 276.72 308.37 c 276.84 308.61 276.84 308.85 276.96 309.09 c 277.08 309.45 277.2 309.69 277.44 309.93 c 277.56 310.17 277.8 310.41 277.92 310.53 c 278.28 310.77 278.64 310.89 278.88 310.89 c 279 310.89 279.12 310.89 279.24 310.77 c 279.36 310.65 279.48 310.53 279.48 310.29 c 279.6 310.17 279.6 310.05 279.72 309.93 c 279.72 309.81 279.84 309.69 279.84 309.45 c 279.96 309.21 280.08 308.97 280.2 308.73 c 280.2 308.49 280.32 308.37 280.44 308.25 c 280.68 308.01 280.8 308.01 280.92 308.01 c 281.04 308.01 281.04 307.89 281.04 307.89 c 281.04 307.05 l 281.04 306.93 281.04 306.93 280.92 306.93 c 280.56 306.93 280.2 307.05 279.84 307.41 c 279.72 306.93 l h 279.6 307.89 m 279.48 308.13 279.24 308.37 279.24 308.73 c 279.12 309.09 279 309.57 278.88 309.93 c 278.76 309.81 278.52 309.69 278.28 309.57 c 278.16 309.45 277.92 309.33 277.8 309.09 c 277.56 308.97 277.44 308.73 277.44 308.61 c 277.68 308.37 277.92 308.25 278.28 308.13 c 278.64 308.01 279.12 307.89 279.6 307.89 c h f 
280.92 306.93 m 280.8 306.93 280.8 306.93 280.8 307.05 c 280.8 307.89 l 280.8 308.01 280.8 308.01 280.92 308.01 c 281.76 308.01 282.48 308.01 282.96 308.13 c 283.56 308.25 284.04 308.37 284.52 308.61 c 284.52 308.73 284.52 308.85 284.52 308.97 c 284.52 309.09 284.4 309.21 284.4 309.33 c 284.16 309.09 283.92 308.97 283.68 308.85 c 283.44 308.73 283.2 308.73 282.84 308.73 c 282.48 308.73 282.24 308.85 282 309.09 c 281.76 309.33 281.64 309.69 281.64 310.05 c 281.64 310.41 281.76 310.77 281.88 311.13 c 282 311.49 282.24 311.73 282.36 311.85 c 282.48 311.97 282.6 312.09 282.72 312.09 c 282.84 312.21 283.08 312.21 283.2 312.21 c 283.56 312.21 283.92 312.09 284.16 311.73 c 284.52 311.49 284.76 311.01 284.88 310.53 c 285 310.29 285 310.05 285.12 309.69 c 285.12 309.45 285.12 309.21 285.12 308.85 c 285.12 308.85 285.12 308.73 285.12 308.49 c 285.12 308.37 285.12 308.25 285 308.13 c 285 307.89 284.88 307.77 284.76 307.65 c 284.52 307.65 284.28 307.53 283.92 307.41 c 283.56 307.29 283.08 307.17 282.6 307.05 c 282.12 306.93 281.52 306.93 280.92 306.93 c h 283.08 309.57 m 283.44 309.57 283.8 309.69 284.28 309.81 c 284.04 310.29 283.92 310.53 283.68 310.77 c 283.44 311.01 283.2 311.13 282.96 311.13 c 282.72 311.13 282.6 311.01 282.36 310.89 c 282.24 310.65 282.12 310.41 282.12 310.29 c 282.12 310.05 282.24 309.81 282.36 309.69 c 282.6 309.69 282.84 309.57 283.08 309.57 c h 283.08 312.93 m 282.84 313.17 282.48 313.53 282.24 313.65 c 282.48 313.89 282.6 314.01 282.72 314.25 c 282.96 314.37 282.96 314.49 283.08 314.61 c 283.2 314.49 283.32 314.37 283.44 314.25 c 283.56 314.13 283.68 313.89 283.92 313.77 c 283.8 313.65 283.68 313.53 283.56 313.41 c 283.44 313.29 283.32 313.05 283.08 312.93 c h f 
114.84 292.89 m 114.84 292.17 l 110.88 292.17 l 110.88 292.41 110.88 292.53 110.88 292.77 c 111 293.01 111.24 293.25 111.36 293.49 c 111.6 293.85 111.96 294.09 112.32 294.45 c 113.04 294.93 113.4 295.41 113.64 295.77 c 113.88 296.01 114 296.37 114 296.61 c 114 296.85 113.88 297.09 113.76 297.33 c 113.52 297.57 113.28 297.69 112.92 297.69 c 112.56 297.69 112.32 297.57 112.08 297.33 c 111.84 297.09 111.72 296.85 111.72 296.49 c 111 296.49 l 111 297.09 111.24 297.57 111.6 297.81 c 111.84 298.05 112.32 298.29 112.92 298.29 c 113.52 298.29 114 298.05 114.24 297.81 c 114.6 297.45 114.84 297.09 114.84 296.61 c 114.84 296.37 114.72 296.13 114.6 295.89 c 114.48 295.65 114.36 295.41 114.12 295.17 c 113.88 294.93 113.52 294.57 113.04 294.09 c 112.56 293.73 112.32 293.49 112.2 293.37 c 112.08 293.25 111.96 293.01 111.84 292.89 c 114.84 292.89 l h f 
q 0.12 0 0 -0.12 0 841.89 cm 1 j 0.141 0.125 0.129 SC 957 4575 m 957 4581 l 924 4581 l 924 4579 924 4578 924 4576 c 925 4574 927 4572 928 4570 c 930 4567 933 4565 936 4562 c 942 4558 945 4554 947 4551 c 949 4549 950 4546 950 4544 c 950 4542 949 4540 948 4538 c 946 4536 944 4535 941 4535 c 938 4535 936 4536 934 4538 c 932 4540 931 4542 931 4545 c 925 4545 l 925 4540 927 4536 930 4534 c 932 4532 936 4530 941 4530 c 946 4530 950 4532 952 4534 c 955 4537 957 4540 957 4544 c 957 4546 956 4548 955 4550 c 954 4552 953 4554 951 4556 c 949 4558 946 4561 942 4565 c 938 4568 936 4570 935 4571 c 934 4572 933 4574 932 4575 c 957 4575 l h S Q 
1 w 0.141 0.125 0.129 sc 116.4 282.45 m 116.28 282.81 116.28 283.29 116.28 283.65 c 116.28 284.13 116.16 284.61 116.16 285.09 c 116.16 285.57 116.04 285.93 116.04 286.17 c 116.04 286.53 116.04 286.77 116.04 287.01 c 116.04 287.13 116.04 287.13 116.04 287.25 c 116.04 287.25 116.04 287.37 116.04 287.37 c 116.16 287.49 116.16 287.61 116.16 287.73 c 116.28 287.85 116.4 288.09 116.4 288.21 c 116.4 288.33 116.52 288.33 116.64 288.45 c 116.76 288.57 116.88 288.57 117 288.69 c 117.12 288.81 117.36 288.93 117.48 289.05 c 117.6 289.17 117.84 289.29 117.96 289.29 c 118.2 289.53 118.56 289.65 118.8 289.77 c 119.04 289.89 119.28 290.01 119.52 290.01 c 119.64 290.01 119.64 289.89 119.76 289.77 c 119.88 289.77 119.88 289.65 120 289.41 c 120 289.41 120.12 289.17 120.24 289.05 c 120.24 288.93 120.36 288.69 120.48 288.45 c 120.48 288.21 120.6 287.97 120.72 287.85 c 120.84 287.61 120.84 287.49 120.96 287.37 c 121.2 287.13 121.32 287.01 121.44 287.01 c 121.56 287.01 121.56 287.01 121.56 286.89 c 121.56 286.05 l 121.56 286.05 121.56 285.93 121.44 285.93 c 121.08 285.93 120.72 286.17 120.48 286.41 c 120.36 285.93 l 119.76 285.93 119.28 285.93 118.8 286.05 c 118.32 286.17 117.96 286.41 117.72 286.53 c 117.48 286.77 117.36 287.01 117.36 287.25 c 117.36 287.49 117.36 287.85 117.48 288.09 c 117.36 287.97 117.24 287.85 117 287.73 c 116.88 287.61 116.76 287.49 116.52 287.37 c 116.64 287.01 116.64 286.65 116.76 286.17 c 116.76 285.81 116.88 285.21 117 284.61 c 117 284.37 117.12 284.01 117.12 283.77 c 117.12 283.41 117.24 283.17 117.24 282.93 c 117.12 282.81 117 282.69 116.76 282.57 c 116.64 282.57 116.52 282.45 116.4 282.45 c h 120.12 286.89 m 120 287.13 119.88 287.49 119.76 287.85 c 119.64 288.21 119.52 288.57 119.52 288.93 c 119.28 288.81 119.04 288.69 118.92 288.57 c 118.68 288.45 118.44 288.33 118.32 288.09 c 118.2 287.97 118.08 287.85 117.96 287.61 c 118.44 287.25 119.16 287.01 120.12 286.89 c h f 
123.96 285.93 m 123.84 285.93 123.6 285.93 123.36 286.05 c 123 286.05 122.88 286.17 122.64 286.29 c 122.52 286.17 122.4 286.17 122.16 286.05 c 121.92 286.05 121.68 285.93 121.44 285.93 c 121.32 285.93 121.32 286.05 121.32 286.05 c 121.32 286.89 l 121.32 287.01 121.32 287.01 121.44 287.01 c 121.68 287.01 121.92 287.01 122.04 287.01 c 122.16 287.13 122.28 287.13 122.4 287.25 c 122.52 287.37 122.64 287.37 122.64 287.49 c 122.64 287.49 122.76 287.61 122.76 287.73 c 122.88 287.85 122.88 287.97 123 288.09 c 123.12 288.21 123.12 288.21 123.24 288.33 c 123.24 288.33 123.36 288.33 123.48 288.33 c 123.48 288.33 123.6 288.33 123.72 288.21 c 123.6 287.97 123.48 287.73 123.48 287.49 c 123.36 287.25 123.24 287.13 123.24 287.13 c 123.36 287.01 123.48 287.01 123.6 287.01 c 123.72 287.01 123.96 287.01 124.08 287.01 c 124.32 287.01 124.44 287.01 124.56 287.01 c 124.68 287.01 124.92 287.01 125.04 287.13 c 125.04 287.13 125.16 287.25 125.16 287.49 c 125.28 287.61 125.28 287.85 125.4 288.09 c 125.4 288.21 125.52 288.45 125.64 288.69 c 125.64 288.81 125.64 288.93 125.76 288.93 c 125.88 288.93 126 289.05 126.12 289.05 c 126.24 289.05 126.36 288.93 126.36 288.93 c 126.36 288.69 126.24 288.57 126.12 288.33 c 126.12 288.09 126 287.73 125.88 287.37 c 126.12 287.37 126.36 287.25 126.6 287.13 c 126.84 287.13 126.96 287.01 127.2 287.01 c 127.44 287.01 127.68 287.01 127.92 287.01 c 127.92 287.13 127.8 287.25 127.8 287.49 c 127.68 287.73 127.56 287.85 127.56 288.09 c 127.44 288.33 127.32 288.45 127.32 288.69 c 127.32 288.81 127.2 288.93 127.2 288.93 c 127.2 289.17 127.32 289.29 127.44 289.53 c 127.68 289.65 127.8 289.89 128.04 290.01 c 128.16 289.65 128.16 289.29 128.28 288.93 c 128.4 288.69 128.4 288.33 128.52 288.09 c 128.52 287.85 128.52 287.61 128.52 287.37 c 128.52 287.37 128.52 287.13 128.52 287.01 c 128.4 286.77 128.4 286.65 128.28 286.41 c 128.28 286.29 128.16 286.05 128.04 285.93 c 127.56 285.93 127.2 285.93 126.72 286.05 c 126.36 286.17 126 286.29 125.52 286.41 c 125.52 286.41 125.52 286.29 125.4 286.29 c 125.4 286.17 125.28 286.17 125.16 286.05 c 125.04 286.05 124.8 285.93 124.56 285.93 c 124.44 285.93 124.2 285.93 123.96 285.93 c h f 
q 0.12 0 0 -0.12 0 841.89 cm 1 j 0.141 0.125 0.129 SC 1145 4625 m 1145 4633 l 1100 4633 l 1100 4631 1100 4629 1101 4627 c 1102 4624 1104 4621 1107 4618 c 1109 4615 1113 4612 1118 4608 c 1125 4601 1130 4597 1133 4593 c 1135 4589 1137 4586 1137 4583 c 1137 4579 1136 4577 1133 4574 c 1131 4572 1128 4571 1124 4571 c 1120 4571 1116 4572 1114 4575 c 1112 4577 1110 4580 1110 4585 c 1102 4584 l 1102 4577 1104 4572 1108 4569 c 1112 4566 1117 4564 1124 4564 c 1131 4564 1136 4566 1140 4569 c 1143 4573 1145 4578 1145 4583 c 1145 4586 1145 4588 1144 4591 c 1143 4594 1141 4597 1138 4600 c 1135 4603 1131 4607 1125 4612 c 1120 4616 1117 4619 1115 4620 c 1114 4622 1113 4623 1112 4625 c 1145 4625 l h S Q 
q 0.12 0 0 -0.12 0 841.89 cm 1 w 1 j 0.141 0.125 0.129 SC 1181 4633 m 1181 4617 l 1152 4617 l 1152 4609 l 1183 4564 l 1190 4564 l 1190 4609 l 1199 4609 l 1199 4617 l 1190 4617 l 1190 4633 l 1181 4633 l h S Q 
q 0.12 0 0 -0.12 0 841.89 cm 1 w 1 j 0.141 0.125 0.129 SC 1181 4609 m 1181 4578 l 1160 4609 l 1181 4609 l h S Q 
1 w 0.141 0.125 0.129 sc 137.4 286.89 m 137.4 285.93 l 132 285.93 l 132 286.17 132 286.41 132.12 286.65 c 132.24 287.01 132.48 287.37 132.84 287.73 c 133.08 288.09 133.56 288.45 134.16 288.93 c 135 289.77 135.6 290.25 135.96 290.73 c 136.2 291.21 136.44 291.57 136.44 291.93 c 136.44 292.41 136.32 292.65 135.96 293.01 c 135.72 293.25 135.36 293.37 134.88 293.37 c 134.4 293.37 133.92 293.25 133.68 292.89 c 133.44 292.65 133.2 292.29 133.2 291.69 c 132.24 291.81 l 132.24 292.65 132.48 293.25 132.96 293.61 c 133.44 293.97 134.04 294.21 134.88 294.21 c 135.72 294.21 136.32 293.97 136.8 293.61 c 137.16 293.13 137.4 292.53 137.4 291.93 c 137.4 291.57 137.4 291.33 137.28 290.97 c 137.16 290.61 136.92 290.25 136.56 289.89 c 136.2 289.53 135.72 289.05 135 288.45 c 134.4 287.97 134.04 287.61 133.8 287.49 c 133.68 287.25 133.56 287.13 133.44 286.89 c 137.4 286.89 l h f 
141.72 285.93 m 141.72 287.85 l 138.24 287.85 l 138.24 288.81 l 141.96 294.21 l 142.8 294.21 l 142.8 288.81 l 143.88 288.81 l 143.88 287.85 l 142.8 287.85 l 142.8 285.93 l 141.72 285.93 l h 141.72 288.81 m 141.72 292.53 l 139.2 288.81 l 141.72 288.81 l h f 
150.84 284.37 m 150 284.73 149.4 285.09 149.04 285.57 c 148.56 286.05 148.2 286.53 147.96 287.25 c 147.72 287.97 147.6 288.69 147.6 289.53 c 147.6 290.49 147.72 291.21 147.96 291.93 c 148.2 292.53 148.56 293.13 149.04 293.61 c 149.4 294.09 150 294.45 150.84 294.69 c 150.84 294.21 l 150.24 293.85 149.88 293.49 149.64 293.01 c 149.4 292.53 149.28 291.93 149.16 291.33 c 149.16 290.85 149.04 290.25 149.04 289.53 c 149.04 288.93 149.16 288.33 149.16 287.85 c 149.28 287.25 149.4 286.65 149.64 286.17 c 149.88 285.69 150.24 285.33 150.84 284.97 c 150.84 284.37 l h f 
154.8 285.93 m 153.84 285.93 153.12 286.05 152.76 286.41 c 152.28 286.77 152.04 287.37 152.04 288.09 c 152.04 288.45 152.04 288.93 152.16 289.29 c 152.64 289.29 l 152.64 289.29 152.64 289.17 152.64 289.05 c 152.52 288.93 152.52 288.81 152.52 288.81 c 152.52 288.33 152.64 287.97 152.88 287.73 c 153 287.49 153.24 287.25 153.6 287.13 c 153.84 287.13 154.08 287.01 154.32 287.01 c 154.56 287.01 154.8 287.01 155.04 287.01 c 155.76 287.01 156.48 287.01 157.08 287.13 c 157.8 287.37 158.4 287.49 158.88 287.73 c 158.88 287.97 158.76 288.09 158.76 288.33 c 158.64 288.57 158.52 288.81 158.52 288.93 c 158.4 289.17 158.28 289.29 158.28 289.41 c 158.28 289.53 158.28 289.65 158.28 289.77 c 158.28 289.89 158.28 290.13 158.52 290.25 c 158.64 290.49 158.88 290.61 159.12 290.73 c 159.24 290.37 159.24 289.89 159.36 289.65 c 159.36 289.29 159.48 289.05 159.48 288.81 c 159.48 288.57 159.48 288.33 159.48 288.21 c 159.48 288.09 159.48 287.85 159.36 287.61 c 159.36 287.49 159.24 287.25 159.12 287.01 c 158.76 286.77 158.4 286.53 157.92 286.41 c 157.44 286.29 156.96 286.17 156.48 286.05 c 155.88 285.93 155.4 285.93 154.8 285.93 c h 155.52 283.53 m 155.4 283.65 155.16 283.77 155.04 283.89 c 154.92 284.01 154.8 284.13 154.68 284.25 c 154.92 284.37 155.04 284.61 155.16 284.73 c 155.28 284.85 155.4 284.97 155.52 285.09 c 155.76 284.85 156 284.61 156.36 284.37 c 156.24 284.25 156.12 284.13 156 283.89 c 155.88 283.77 155.76 283.65 155.52 283.53 c h f 
160.56 284.97 m 161.04 285.33 161.4 285.69 161.64 286.17 c 161.88 286.65 162.12 287.25 162.12 287.85 c 162.24 288.33 162.24 288.93 162.24 289.53 c 162.24 290.25 162.24 290.85 162.12 291.33 c 162.12 291.93 161.88 292.53 161.64 293.01 c 161.4 293.49 161.04 293.85 160.56 294.21 c 160.56 294.69 l 161.28 294.45 161.88 294.09 162.36 293.61 c 162.84 293.13 163.2 292.53 163.44 291.93 c 163.56 291.21 163.68 290.49 163.68 289.53 c 163.68 288.69 163.56 287.97 163.44 287.25 c 163.2 286.53 162.84 286.05 162.36 285.57 c 161.88 285.09 161.28 284.73 160.56 284.37 c 160.56 284.97 l h f 
237.12 292.89 m 237.12 292.17 l 233.16 292.17 l 233.16 292.41 233.28 292.53 233.28 292.77 c 233.4 293.01 233.52 293.25 233.76 293.49 c 234 293.85 234.36 294.09 234.72 294.45 c 235.44 294.93 235.8 295.41 236.04 295.77 c 236.28 296.01 236.4 296.37 236.4 296.61 c 236.4 296.85 236.28 297.09 236.04 297.33 c 235.92 297.57 235.56 297.69 235.32 297.69 c 234.96 297.69 234.6 297.57 234.48 297.33 c 234.24 297.09 234.12 296.85 234.12 296.49 c 233.4 296.49 l 233.4 297.09 233.64 297.57 233.88 297.81 c 234.24 298.05 234.72 298.29 235.32 298.29 c 235.92 298.29 236.28 298.05 236.64 297.81 c 237 297.45 237.12 297.09 237.12 296.61 c 237.12 296.37 237.12 296.13 237 295.89 c 236.88 295.65 236.76 295.41 236.52 295.17 c 236.28 294.93 235.92 294.57 235.44 294.09 c 234.96 293.73 234.72 293.49 234.48 293.37 c 234.36 293.25 234.36 293.01 234.24 292.89 c 237.12 292.89 l h f 
q 0.12 0 0 -0.12 0 841.89 cm 1 j 0.141 0.125 0.129 SC 1976 4575 m 1976 4581 l 1943 4581 l 1943 4579 1944 4578 1944 4576 c 1945 4574 1946 4572 1948 4570 c 1950 4567 1953 4565 1956 4562 c 1962 4558 1965 4554 1967 4551 c 1969 4549 1970 4546 1970 4544 c 1970 4542 1969 4540 1967 4538 c 1966 4536 1963 4535 1961 4535 c 1958 4535 1955 4536 1954 4538 c 1952 4540 1951 4542 1951 4545 c 1945 4545 l 1945 4540 1947 4536 1949 4534 c 1952 4532 1956 4530 1961 4530 c 1966 4530 1969 4532 1972 4534 c 1975 4537 1976 4540 1976 4544 c 1976 4546 1976 4548 1975 4550 c 1974 4552 1973 4554 1971 4556 c 1969 4558 1966 4561 1962 4565 c 1958 4568 1956 4570 1954 4571 c 1953 4572 1953 4574 1952 4575 c 1976 4575 l h S Q 
1 w 0.141 0.125 0.129 sc 238.68 282.45 m 238.68 282.81 238.68 283.29 238.68 283.65 c 238.56 284.13 238.56 284.61 238.56 285.09 c 238.44 285.57 238.44 285.93 238.44 286.17 c 238.44 286.53 238.44 286.77 238.44 287.01 c 238.44 287.13 238.44 287.13 238.44 287.25 c 238.44 287.25 238.44 287.37 238.44 287.37 c 238.44 287.49 238.56 287.61 238.56 287.73 c 238.68 287.85 238.68 288.09 238.8 288.21 c 238.8 288.33 238.92 288.33 239.04 288.45 c 239.16 288.57 239.28 288.57 239.4 288.69 c 239.52 288.81 239.64 288.93 239.88 289.05 c 240 289.17 240.12 289.29 240.24 289.29 c 240.6 289.53 240.96 289.65 241.2 289.77 c 241.44 289.89 241.68 290.01 241.92 290.01 c 241.92 290.01 242.04 289.89 242.16 289.77 c 242.16 289.77 242.28 289.65 242.4 289.41 c 242.4 289.41 242.52 289.17 242.52 289.05 c 242.64 288.93 242.76 288.69 242.76 288.45 c 242.88 288.21 243 287.97 243.12 287.85 c 243.12 287.61 243.24 287.49 243.36 287.37 c 243.48 287.13 243.72 287.01 243.84 287.01 c 243.96 287.01 243.96 287.01 243.96 286.89 c 243.96 286.05 l 243.96 286.05 243.96 285.93 243.84 285.93 c 243.48 285.93 243.12 286.17 242.88 286.41 c 242.64 285.93 l 242.16 285.93 241.68 285.93 241.2 286.05 c 240.72 286.17 240.36 286.41 240.12 286.53 c 239.88 286.77 239.64 287.01 239.64 287.25 c 239.64 287.49 239.76 287.85 239.88 288.09 c 239.76 287.97 239.64 287.85 239.4 287.73 c 239.28 287.61 239.16 287.49 238.92 287.37 c 239.04 287.01 239.04 286.65 239.04 286.17 c 239.16 285.81 239.28 285.21 239.4 284.61 c 239.4 284.37 239.4 284.01 239.52 283.77 c 239.52 283.41 239.52 283.17 239.64 282.93 c 239.52 282.81 239.28 282.69 239.16 282.57 c 239.04 282.57 238.92 282.45 238.68 282.45 c h 242.52 286.89 m 242.4 287.13 242.16 287.49 242.16 287.85 c 242.04 288.21 241.92 288.57 241.92 288.93 c 241.68 288.81 241.44 288.69 241.2 288.57 c 241.08 288.45 240.84 288.33 240.72 288.09 c 240.48 287.97 240.36 287.85 240.36 287.61 c 240.84 287.25 241.56 287.01 242.52 286.89 c h f 
246.36 285.93 m 246.24 285.93 246 285.93 245.64 286.05 c 245.4 286.05 245.16 286.17 245.04 286.29 c 244.92 286.17 244.68 286.17 244.44 286.05 c 244.32 286.05 244.08 285.93 243.84 285.93 c 243.72 285.93 243.72 286.05 243.72 286.05 c 243.72 286.89 l 243.72 287.01 243.72 287.01 243.84 287.01 c 244.08 287.01 244.2 287.01 244.44 287.01 c 244.56 287.13 244.68 287.13 244.8 287.25 c 244.92 287.37 244.92 287.37 245.04 287.49 c 245.04 287.49 245.04 287.61 245.16 287.73 c 245.28 287.85 245.28 287.97 245.4 288.09 c 245.4 288.21 245.52 288.21 245.52 288.33 c 245.64 288.33 245.76 288.33 245.76 288.33 c 245.88 288.33 246 288.33 246.12 288.21 c 246 287.97 245.88 287.73 245.76 287.49 c 245.76 287.25 245.64 287.13 245.64 287.13 c 245.64 287.01 245.76 287.01 246 287.01 c 246.12 287.01 246.36 287.01 246.48 287.01 c 246.72 287.01 246.84 287.01 246.96 287.01 c 247.08 287.01 247.2 287.01 247.32 287.13 c 247.44 287.13 247.44 287.25 247.56 287.49 c 247.56 287.61 247.68 287.85 247.68 288.09 c 247.8 288.21 247.92 288.45 247.92 288.69 c 248.04 288.81 248.04 288.93 248.16 288.93 c 248.16 288.93 248.28 289.05 248.4 289.05 c 248.52 289.05 248.64 288.93 248.76 288.93 c 248.64 288.69 248.64 288.57 248.52 288.33 c 248.4 288.09 248.4 287.73 248.28 287.37 c 248.52 287.37 248.76 287.25 249 287.13 c 249.12 287.13 249.36 287.01 249.6 287.01 c 249.84 287.01 250.08 287.01 250.32 287.01 c 250.32 287.13 250.2 287.25 250.08 287.49 c 250.08 287.73 249.96 287.85 249.84 288.09 c 249.84 288.33 249.72 288.45 249.72 288.69 c 249.6 288.81 249.6 288.93 249.6 288.93 c 249.6 289.17 249.72 289.29 249.84 289.53 c 249.96 289.65 250.2 289.89 250.44 290.01 c 250.56 289.65 250.56 289.29 250.68 288.93 c 250.68 288.69 250.8 288.33 250.8 288.09 c 250.92 287.85 250.92 287.61 250.92 287.37 c 250.92 287.37 250.92 287.13 250.8 287.01 c 250.8 286.77 250.8 286.65 250.68 286.41 c 250.56 286.29 250.56 286.05 250.44 285.93 c 249.96 285.93 249.48 285.93 249.12 286.05 c 248.76 286.17 248.28 286.29 247.92 286.41 c 247.92 286.41 247.8 286.29 247.8 286.29 c 247.8 286.17 247.68 286.17 247.56 286.05 c 247.32 286.05 247.2 285.93 246.96 285.93 c 246.72 285.93 246.6 285.93 246.36 285.93 c h f 
q 0.12 0 0 -0.12 0 841.89 cm 1 j 0.141 0.125 0.129 SC 2121 4615 m 2129 4614 l 2130 4618 2132 4622 2134 4624 c 2137 4626 2140 4627 2143 4627 c 2147 4627 2150 4626 2153 4623 c 2156 4620 2157 4617 2157 4613 c 2157 4609 2156 4606 2153 4603 c 2151 4601 2148 4599 2144 4599 c 2142 4599 2140 4600 2138 4600 c 2139 4593 l 2139 4593 2140 4593 2140 4593 c 2144 4593 2147 4592 2150 4590 c 2153 4588 2154 4585 2154 4582 c 2154 4578 2153 4576 2151 4574 c 2149 4572 2146 4571 2143 4571 c 2139 4571 2137 4572 2135 4574 c 2132 4576 2131 4579 2130 4583 c 2122 4582 l 2123 4576 2125 4572 2129 4569 c 2133 4565 2137 4564 2143 4564 c 2146 4564 2150 4565 2153 4566 c 2156 4568 2158 4570 2160 4573 c 2162 4576 2163 4579 2163 4582 c 2163 4585 2162 4587 2160 4590 c 2159 4592 2156 4594 2153 4596 c 2157 4597 2160 4599 2163 4601 c 2165 4604 2166 4608 2166 4613 c 2166 4619 2164 4624 2159 4628 c 2155 4632 2150 4634 2143 4634 c 2137 4634 2132 4632 2128 4629 c 2124 4625 2122 4620 2121 4615 c h S Q 
q 0.12 0 0 -0.12 0 841.89 cm 1 w 1 j 0.141 0.125 0.129 SC 2218 4581 m 2210 4582 l 2209 4578 2208 4576 2207 4574 c 2204 4572 2201 4571 2198 4571 c 2195 4571 2193 4572 2191 4573 c 2188 4575 2186 4578 2185 4582 c 2183 4585 2182 4591 2182 4597 c 2184 4594 2187 4592 2190 4591 c 2193 4589 2196 4588 2199 4588 c 2205 4588 2209 4590 2213 4595 c 2217 4599 2219 4604 2219 4611 c 2219 4615 2218 4619 2216 4623 c 2215 4626 2212 4629 2209 4631 c 2206 4633 2202 4634 2198 4634 c 2191 4634 2185 4632 2181 4626 c 2176 4621 2174 4613 2174 4601 c 2174 4587 2176 4578 2181 4572 c 2186 4567 2191 4564 2199 4564 c 2204 4564 2208 4565 2212 4568 c 2215 4571 2217 4576 2218 4581 c h S Q 
q 0.12 0 0 -0.12 0 841.89 cm 1 w 1 j 0.141 0.125 0.129 SC 2184 4611 m 2184 4614 2184 4616 2185 4619 c 2187 4622 2188 4624 2191 4625 c 2193 4627 2195 4627 2198 4627 c 2201 4627 2204 4626 2207 4623 c 2209 4620 2211 4616 2211 4611 c 2211 4606 2209 4603 2207 4600 c 2204 4597 2201 4596 2197 4596 c 2193 4596 2190 4597 2188 4600 c 2185 4603 2184 4606 2184 4611 c S Q 
1 w 0.141 0.125 0.129 sc 254.52 288.09 m 255.48 288.21 l 255.6 287.73 255.84 287.25 256.08 287.01 c 256.44 286.77 256.8 286.65 257.16 286.65 c 257.64 286.65 258 286.77 258.36 287.13 c 258.72 287.49 258.84 287.85 258.84 288.33 c 258.84 288.81 258.72 289.17 258.36 289.53 c 258.12 289.77 257.76 290.01 257.28 290.01 c 257.04 290.01 256.8 289.89 256.56 289.89 c 256.68 290.73 l 256.68 290.73 256.8 290.73 256.8 290.73 c 257.28 290.73 257.64 290.85 258 291.09 c 258.36 291.33 258.48 291.69 258.48 292.05 c 258.48 292.53 258.36 292.77 258.12 293.01 c 257.88 293.25 257.52 293.37 257.16 293.37 c 256.68 293.37 256.44 293.25 256.2 293.01 c 255.84 292.77 255.72 292.41 255.6 291.93 c 254.64 292.05 l 254.76 292.77 255 293.25 255.48 293.61 c 255.96 294.09 256.44 294.21 257.16 294.21 c 257.52 294.21 258 294.09 258.36 293.97 c 258.72 293.73 258.96 293.49 259.2 293.13 c 259.44 292.77 259.56 292.41 259.56 292.05 c 259.56 291.69 259.44 291.45 259.2 291.09 c 259.08 290.85 258.72 290.61 258.36 290.37 c 258.84 290.25 259.2 290.01 259.56 289.77 c 259.8 289.41 259.92 288.93 259.92 288.33 c 259.92 287.61 259.68 287.01 259.08 286.53 c 258.6 286.05 258 285.81 257.16 285.81 c 256.44 285.81 255.84 286.05 255.36 286.41 c 254.88 286.89 254.64 287.49 254.52 288.09 c h f 
266.16 292.17 m 265.2 292.05 l 265.08 292.53 264.96 292.77 264.84 293.01 c 264.48 293.25 264.12 293.37 263.76 293.37 c 263.4 293.37 263.16 293.25 262.92 293.13 c 262.56 292.89 262.32 292.53 262.2 292.05 c 261.96 291.69 261.84 290.97 261.84 290.25 c 262.08 290.61 262.44 290.85 262.8 290.97 c 263.16 291.21 263.52 291.33 263.88 291.33 c 264.6 291.33 265.08 291.09 265.56 290.49 c 266.04 290.01 266.28 289.41 266.28 288.57 c 266.28 288.09 266.16 287.61 265.92 287.13 c 265.8 286.77 265.44 286.41 265.08 286.17 c 264.72 285.93 264.24 285.81 263.76 285.81 c 262.92 285.81 262.2 286.05 261.72 286.77 c 261.12 287.37 260.88 288.33 260.88 289.77 c 260.88 291.45 261.12 292.53 261.72 293.25 c 262.32 293.85 262.92 294.21 263.88 294.21 c 264.48 294.21 264.96 294.09 265.44 293.73 c 265.8 293.37 266.04 292.77 266.16 292.17 c h 262.08 288.57 m 262.08 288.21 262.08 287.97 262.2 287.61 c 262.44 287.25 262.56 287.01 262.92 286.89 c 263.16 286.65 263.4 286.65 263.76 286.65 c 264.12 286.65 264.48 286.77 264.84 287.13 c 265.08 287.49 265.32 287.97 265.32 288.57 c 265.32 289.17 265.08 289.53 264.84 289.89 c 264.48 290.25 264.12 290.37 263.64 290.37 c 263.16 290.37 262.8 290.25 262.56 289.89 c 262.2 289.53 262.08 289.17 262.08 288.57 c h f 
273.24 284.37 m 272.4 284.73 271.8 285.09 271.32 285.57 c 270.84 286.05 270.6 286.53 270.36 287.25 c 270.12 287.97 270 288.69 270 289.53 c 270 290.49 270.12 291.21 270.36 291.93 c 270.6 292.53 270.84 293.13 271.32 293.61 c 271.8 294.09 272.4 294.45 273.24 294.69 c 273.24 294.21 l 272.64 293.85 272.28 293.49 272.04 293.01 c 271.8 292.53 271.68 291.93 271.56 291.33 c 271.44 290.85 271.44 290.25 271.44 289.53 c 271.44 288.93 271.44 288.33 271.56 287.85 c 271.68 287.25 271.8 286.65 272.04 286.17 c 272.28 285.69 272.64 285.33 273.24 284.97 c 273.24 284.37 l h f 
277.32 285.93 m 277.32 286.65 277.32 287.37 277.32 287.97 c 277.32 288.57 277.2 289.17 277.2 289.65 c 277.2 290.25 277.08 290.73 277.08 291.21 c 277.08 291.69 277.08 292.17 276.96 292.65 c 276.96 292.89 276.96 293.13 277.08 293.25 c 277.08 293.37 277.2 293.49 277.32 293.49 c 277.56 293.61 277.68 293.73 277.92 293.73 c 277.92 293.49 278.04 293.37 278.04 293.13 c 278.16 292.77 278.28 292.53 278.28 292.29 c 277.92 292.05 l 278.04 291.57 278.04 290.97 278.04 290.37 c 278.04 289.77 278.04 289.17 278.04 288.45 c 278.04 287.73 278.04 286.89 277.92 286.05 c 277.32 285.93 l h 276.72 294.09 m 276.72 294.57 l 277.2 294.81 l 276.96 294.81 276.72 295.05 276.72 295.29 c 276.72 295.41 276.84 295.53 276.96 295.65 c 276.96 295.77 277.08 295.89 277.2 296.01 c 277.32 296.13 277.44 296.13 277.56 296.13 c 277.92 296.13 278.04 296.01 278.04 295.65 c 278.04 295.53 278.04 295.53 278.04 295.41 c 277.8 295.41 l 277.8 295.53 l 277.8 295.53 277.8 295.53 277.68 295.53 c 277.68 295.65 277.68 295.65 277.68 295.65 c 277.56 295.65 277.44 295.53 277.32 295.53 c 277.2 295.41 277.2 295.29 277.08 295.17 c 277.32 295.05 277.44 295.05 277.68 295.05 c 277.8 295.05 277.8 295.05 277.92 295.05 c 278.04 295.05 278.16 295.05 278.16 295.05 c 278.16 294.57 l 277.92 294.57 277.68 294.45 277.44 294.33 c 277.2 294.33 276.96 294.21 276.72 294.09 c h f 
281.88 284.97 m 282.36 285.33 282.84 285.69 283.08 286.17 c 283.32 286.65 283.44 287.25 283.56 287.85 c 283.56 288.33 283.68 288.93 283.68 289.53 c 283.68 290.25 283.56 290.85 283.56 291.33 c 283.44 291.93 283.32 292.53 283.08 293.01 c 282.84 293.49 282.36 293.85 281.88 294.21 c 281.88 294.69 l 282.72 294.45 283.32 294.09 283.68 293.61 c 284.16 293.13 284.52 292.53 284.76 291.93 c 285 291.21 285.12 290.49 285.12 289.53 c 285.12 288.69 285 287.97 284.76 287.25 c 284.52 286.53 284.16 286.05 283.68 285.57 c 283.32 285.09 282.72 284.73 281.88 284.37 c 281.88 284.97 l h f 
119.64 271.89 m 119.64 271.29 l 115.68 271.29 l 115.68 271.41 115.68 271.53 115.68 271.77 c 115.8 272.01 116.04 272.25 116.28 272.49 c 116.4 272.85 116.76 273.09 117.24 273.45 c 117.84 274.05 118.32 274.41 118.56 274.77 c 118.68 275.01 118.8 275.37 118.8 275.61 c 118.8 275.85 118.8 276.21 118.56 276.33 c 118.32 276.57 118.08 276.69 117.72 276.69 c 117.36 276.69 117.12 276.57 116.88 276.33 c 116.64 276.09 116.52 275.85 116.52 275.49 c 115.8 275.49 l 115.8 276.09 116.04 276.57 116.4 276.81 c 116.76 277.17 117.12 277.29 117.72 277.29 c 118.32 277.29 118.8 277.17 119.16 276.81 c 119.4 276.45 119.64 276.09 119.64 275.61 c 119.64 275.37 119.52 275.13 119.4 274.89 c 119.4 274.65 119.16 274.41 118.92 274.17 c 118.8 273.93 118.32 273.57 117.84 273.09 c 117.36 272.73 117.12 272.49 117 272.37 c 116.88 272.25 116.76 272.13 116.64 271.89 c 119.64 271.89 l h f 
q 0.12 0 0 -0.12 0 841.89 cm 1 j 0.141 0.125 0.129 SC 997 4750 m 997 4755 l 964 4755 l 964 4754 964 4753 964 4751 c 965 4749 967 4747 969 4745 c 970 4742 973 4740 977 4737 c 982 4732 986 4729 988 4726 c 989 4724 990 4721 990 4719 c 990 4717 990 4714 988 4713 c 986 4711 984 4710 981 4710 c 978 4710 976 4711 974 4713 c 972 4715 971 4717 971 4720 c 965 4720 l 965 4715 967 4711 970 4709 c 973 4706 976 4705 981 4705 c 986 4705 990 4706 993 4709 c 995 4712 997 4715 997 4719 c 997 4721 996 4723 995 4725 c 995 4727 993 4729 991 4731 c 990 4733 986 4736 982 4740 c 978 4743 976 4745 975 4746 c 974 4747 973 4748 972 4750 c 997 4750 l h S Q 
1 w 0.141 0.125 0.129 sc 121.2 261.45 m 121.08 261.81 121.08 262.29 121.08 262.65 c 121.08 263.13 120.96 263.61 120.96 264.09 c 120.96 264.57 120.84 264.93 120.84 265.17 c 120.84 265.53 120.84 265.77 120.84 266.01 c 120.84 266.13 120.84 266.13 120.84 266.25 c 120.84 266.25 120.84 266.37 120.96 266.37 c 120.96 266.49 120.96 266.61 121.08 266.73 c 121.08 266.85 121.2 267.09 121.32 267.21 c 121.32 267.33 121.32 267.33 121.44 267.45 c 121.56 267.57 121.68 267.57 121.8 267.69 c 122.04 267.81 122.16 267.93 122.28 268.05 c 122.4 268.17 122.64 268.29 122.76 268.29 c 123.12 268.53 123.36 268.65 123.6 268.77 c 123.96 268.89 124.08 269.01 124.32 269.01 c 124.44 269.01 124.44 268.89 124.56 268.89 c 124.68 268.77 124.68 268.65 124.8 268.53 c 124.92 268.41 124.92 268.17 125.04 268.05 c 125.04 267.93 125.16 267.69 125.28 267.45 c 125.28 267.21 125.4 266.97 125.52 266.85 c 125.64 266.61 125.76 266.49 125.76 266.37 c 126 266.13 126.12 266.01 126.36 266.01 c 126.36 266.01 126.48 266.01 126.48 265.89 c 126.48 265.05 l 126.48 265.05 126.36 264.93 126.36 264.93 c 125.88 264.93 125.64 265.17 125.28 265.41 c 125.16 264.93 l 124.56 264.93 124.08 265.05 123.6 265.17 c 123.12 265.17 122.76 265.41 122.52 265.65 c 122.28 265.77 122.16 266.01 122.16 266.25 c 122.16 266.61 122.16 266.85 122.28 267.09 c 122.16 266.97 122.04 266.85 121.92 266.73 c 121.68 266.61 121.56 266.61 121.44 266.37 c 121.44 266.13 121.44 265.65 121.56 265.29 c 121.56 264.81 121.68 264.33 121.8 263.73 c 121.8 263.37 121.92 263.01 121.92 262.77 c 121.92 262.41 122.04 262.17 122.04 261.93 c 121.92 261.81 121.8 261.69 121.56 261.69 c 121.44 261.57 121.32 261.45 121.2 261.45 c h 124.92 265.89 m 124.8 266.13 124.68 266.49 124.56 266.85 c 124.44 267.21 124.32 267.57 124.32 267.93 c 124.08 267.93 123.84 267.81 123.72 267.57 c 123.48 267.45 123.36 267.33 123.12 267.09 c 123 266.97 122.88 266.85 122.76 266.61 c 123.24 266.25 123.96 266.01 124.92 265.89 c h f 
128.88 264.93 m 128.64 264.93 128.4 264.93 128.16 265.05 c 127.92 265.17 127.68 265.17 127.44 265.29 c 127.32 265.17 127.2 265.17 126.96 265.05 c 126.72 265.05 126.48 264.93 126.24 264.93 c 126.12 264.93 126.12 265.05 126.12 265.05 c 126.12 265.89 l 126.12 266.01 126.12 266.01 126.24 266.01 c 126.48 266.01 126.72 266.01 126.84 266.13 c 126.96 266.13 127.08 266.25 127.2 266.25 c 127.32 266.37 127.44 266.37 127.44 266.49 c 127.44 266.49 127.56 266.61 127.56 266.73 c 127.68 266.85 127.8 266.97 127.8 267.09 c 127.92 267.21 127.92 267.21 128.04 267.33 c 128.04 267.33 128.16 267.33 128.28 267.33 c 128.4 267.33 128.4 267.33 128.52 267.21 c 128.4 266.97 128.28 266.73 128.28 266.49 c 128.16 266.37 128.16 266.13 128.04 266.13 c 128.16 266.13 128.28 266.01 128.4 266.01 c 128.52 266.01 128.76 266.01 129 266.01 c 129.12 266.01 129.24 266.01 129.36 266.01 c 129.6 266.01 129.72 266.01 129.84 266.13 c 129.84 266.13 129.96 266.25 129.96 266.49 c 130.08 266.61 130.08 266.85 130.2 267.09 c 130.2 267.33 130.32 267.45 130.44 267.69 c 130.44 267.81 130.56 267.93 130.56 267.93 c 130.68 267.93 130.8 268.05 130.92 268.05 c 131.04 268.05 131.16 267.93 131.16 267.93 c 131.16 267.81 131.04 267.57 131.04 267.33 c 130.92 267.09 130.8 266.73 130.68 266.49 c 130.92 266.37 131.16 266.25 131.4 266.13 c 131.64 266.13 131.88 266.01 132 266.01 c 132.24 266.01 132.48 266.01 132.72 266.01 c 132.72 266.13 132.6 266.25 132.6 266.49 c 132.48 266.73 132.36 266.85 132.36 267.09 c 132.24 267.33 132.24 267.45 132.12 267.69 c 132.12 267.81 132 267.93 132 267.93 c 132 268.17 132.12 268.29 132.24 268.53 c 132.48 268.77 132.6 268.89 132.96 269.01 c 132.96 268.65 133.08 268.29 133.08 268.05 c 133.2 267.69 133.2 267.33 133.32 267.09 c 133.32 266.85 133.32 266.61 133.32 266.37 c 133.32 266.37 133.32 266.25 133.32 266.01 c 133.2 265.77 133.2 265.65 133.08 265.41 c 133.08 265.29 132.96 265.05 132.96 264.93 c 132.48 264.93 132 264.93 131.64 265.05 c 131.16 265.17 130.8 265.29 130.32 265.53 c 130.32 265.41 130.32 265.29 130.32 265.29 c 130.2 265.17 130.08 265.17 129.96 265.05 c 129.84 265.05 129.6 265.05 129.48 264.93 c 129.24 264.93 129 264.93 128.88 264.93 c h f 
q 0.12 0 0 -0.12 0 841.89 cm 1 j 0.141 0.125 0.129 SC 1160 4771 m 1156 4769 1154 4767 1152 4765 c 1150 4763 1150 4760 1150 4757 c 1150 4752 1151 4747 1155 4744 c 1159 4740 1163 4739 1169 4739 c 1175 4739 1180 4741 1184 4744 c 1187 4747 1189 4752 1189 4757 c 1189 4760 1188 4763 1187 4765 c 1185 4767 1182 4769 1179 4771 c 1183 4772 1186 4774 1189 4777 c 1191 4780 1192 4784 1192 4788 c 1192 4794 1190 4799 1186 4803 c 1182 4807 1176 4809 1169 4809 c 1163 4809 1157 4807 1153 4803 c 1149 4799 1147 4794 1147 4788 c 1147 4784 1148 4780 1150 4777 c 1152 4774 1156 4772 1160 4771 c S Q 
q 0.12 0 0 -0.12 0 841.89 cm 1 w 1 j 0.141 0.125 0.129 SC 1158 4756 m 1158 4759 1159 4762 1161 4764 c 1163 4766 1166 4767 1169 4767 c 1173 4767 1175 4766 1177 4764 c 1179 4762 1181 4760 1181 4757 c 1181 4754 1179 4751 1177 4749 c 1175 4747 1173 4746 1169 4746 c 1166 4746 1163 4747 1161 4749 c 1159 4751 1158 4753 1158 4756 c S Q 
q 0.12 0 0 -0.12 0 841.89 cm 1 w 1 j 0.141 0.125 0.129 SC 1155 4788 m 1155 4790 1156 4793 1157 4795 c 1158 4797 1160 4799 1162 4800 c 1164 4802 1167 4802 1169 4802 c 1173 4802 1177 4801 1179 4798 c 1182 4796 1183 4792 1183 4788 c 1183 4784 1182 4781 1179 4778 c 1177 4776 1173 4774 1169 4774 c 1165 4774 1162 4776 1159 4778 c 1157 4781 1155 4784 1155 4788 c S Q 
1 w 0.141 0.125 0.129 sc 139.2 269.37 m 138.72 269.61 138.48 269.85 138.24 270.09 c 138 270.33 138 270.69 138 271.05 c 138 271.65 138.12 272.25 138.6 272.61 c 139.08 273.09 139.56 273.21 140.28 273.21 c 141 273.21 141.6 272.97 142.08 272.61 c 142.44 272.25 142.68 271.65 142.68 271.05 c 142.68 270.69 142.56 270.33 142.44 270.09 c 142.2 269.85 141.84 269.61 141.48 269.37 c 141.96 269.25 142.32 269.01 142.68 268.65 c 142.92 268.29 143.04 267.81 143.04 267.33 c 143.04 266.61 142.8 266.01 142.32 265.53 c 141.84 265.05 141.12 264.81 140.28 264.81 c 139.56 264.81 138.84 265.05 138.36 265.53 c 137.88 266.01 137.64 266.61 137.64 267.33 c 137.64 267.81 137.76 268.29 138 268.65 c 138.24 269.01 138.72 269.25 139.2 269.37 c h 138.96 271.17 m 138.96 270.81 139.08 270.45 139.32 270.21 c 139.56 269.97 139.92 269.85 140.28 269.85 c 140.76 269.85 141 269.97 141.24 270.21 c 141.48 270.45 141.72 270.69 141.72 271.05 c 141.72 271.41 141.48 271.77 141.24 272.01 c 141 272.25 140.76 272.37 140.28 272.37 c 139.92 272.37 139.56 272.25 139.32 272.01 c 139.08 271.77 138.96 271.53 138.96 271.17 c h 138.6 267.33 m 138.6 267.09 138.72 266.73 138.84 266.49 c 138.96 266.25 139.2 266.01 139.44 265.89 c 139.68 265.65 140.04 265.65 140.28 265.65 c 140.76 265.65 141.24 265.77 141.48 266.13 c 141.84 266.37 141.96 266.85 141.96 267.33 c 141.96 267.81 141.84 268.17 141.48 268.53 c 141.24 268.77 140.76 269.01 140.28 269.01 c 139.8 269.01 139.44 268.77 139.08 268.53 c 138.84 268.17 138.6 267.81 138.6 267.33 c h f 
149.88 263.37 m 149.16 263.73 148.56 264.09 148.08 264.57 c 147.6 265.05 147.24 265.65 147 266.25 c 146.88 266.97 146.76 267.69 146.76 268.65 c 146.76 269.49 146.88 270.21 147 270.93 c 147.24 271.65 147.6 272.13 148.08 272.61 c 148.56 273.09 149.16 273.45 149.88 273.81 c 149.88 273.21 l 149.4 272.85 149.04 272.49 148.8 272.01 c 148.44 271.53 148.32 270.93 148.2 270.33 c 148.2 269.85 148.2 269.25 148.2 268.65 c 148.2 268.05 148.2 267.45 148.2 266.85 c 148.32 266.25 148.44 265.65 148.8 265.17 c 149.04 264.69 149.4 264.33 149.88 263.97 c 149.88 263.37 l h f 
154.68 264.93 m 153.72 264.93 153.24 265.17 153.24 265.77 c 153.24 265.89 153.24 266.01 153.24 266.13 c 153.36 266.25 153.36 266.37 153.48 266.49 c 153.6 266.25 153.84 266.13 154.08 266.13 c 154.32 266.01 154.68 266.01 155.04 266.01 c 155.52 266.01 156 266.01 156.6 266.25 c 156.48 266.37 156.36 266.61 156.24 266.73 c 156.24 266.97 156.12 267.09 156 267.33 c 155.88 267.57 155.64 267.81 155.64 268.05 c 155.52 268.17 155.4 268.41 155.4 268.53 c 155.28 268.65 155.28 268.77 155.28 268.89 c 155.28 269.01 155.4 269.25 155.52 269.37 c 155.64 269.61 155.76 269.61 156 269.73 c 156.12 269.61 156.12 269.37 156.24 269.13 c 156.36 268.89 156.48 268.65 156.48 268.53 c 156.6 268.29 156.72 268.05 156.72 267.93 c 156.84 267.69 156.96 267.45 157.08 267.21 c 157.08 266.97 157.2 266.73 157.2 266.61 c 157.2 266.49 157.08 266.37 157.08 266.25 c 157.08 266.13 157.08 266.01 156.96 265.89 c 156.84 265.65 156.84 265.53 156.72 265.41 c 156.48 265.29 156.12 265.17 155.76 265.05 c 155.4 264.93 155.04 264.93 154.68 264.93 c h f 
160.56 263.97 m 161.04 264.33 161.4 264.69 161.64 265.17 c 161.88 265.65 162.12 266.25 162.12 266.85 c 162.24 267.45 162.24 268.05 162.24 268.65 c 162.24 269.25 162.24 269.85 162.12 270.33 c 162.12 270.93 161.88 271.53 161.64 272.01 c 161.4 272.49 161.04 272.85 160.56 273.21 c 160.56 273.81 l 161.28 273.45 161.88 273.09 162.36 272.61 c 162.84 272.13 163.2 271.65 163.44 270.93 c 163.56 270.21 163.68 269.49 163.68 268.65 c 163.68 267.69 163.56 266.97 163.44 266.25 c 163.2 265.65 162.84 265.05 162.36 264.57 c 161.88 264.09 161.28 263.73 160.56 263.37 c 160.56 263.97 l h f 
235.44 271.89 m 235.44 271.29 l 231.48 271.29 l 231.36 271.41 231.48 271.53 231.48 271.77 c 231.6 272.01 231.72 272.25 231.96 272.49 c 232.2 272.85 232.56 273.09 232.92 273.45 c 233.64 274.05 234 274.41 234.24 274.77 c 234.48 275.01 234.6 275.37 234.6 275.61 c 234.6 275.85 234.48 276.21 234.36 276.33 c 234.12 276.57 233.88 276.69 233.52 276.69 c 233.16 276.69 232.8 276.57 232.68 276.33 c 232.44 276.09 232.32 275.85 232.32 275.49 c 231.6 275.49 l 231.6 276.09 231.84 276.57 232.2 276.81 c 232.44 277.17 232.92 277.29 233.52 277.29 c 234.12 277.29 234.48 277.17 234.84 276.81 c 235.2 276.45 235.32 276.09 235.32 275.61 c 235.32 275.37 235.32 275.13 235.2 274.89 c 235.08 274.65 234.96 274.41 234.72 274.17 c 234.48 273.93 234.12 273.57 233.64 273.09 c 233.16 272.73 232.92 272.49 232.8 272.37 c 232.68 272.25 232.56 272.13 232.44 271.89 c 235.44 271.89 l h f 
q 0.12 0 0 -0.12 0 841.89 cm 1 j 0.141 0.125 0.129 SC 1962 4750 m 1962 4755 l 1929 4755 l 1928 4754 1929 4753 1929 4751 c 1930 4749 1931 4747 1933 4745 c 1935 4742 1938 4740 1941 4737 c 1947 4732 1950 4729 1952 4726 c 1954 4724 1955 4721 1955 4719 c 1955 4717 1954 4714 1953 4713 c 1951 4711 1949 4710 1946 4710 c 1943 4710 1940 4711 1939 4713 c 1937 4715 1936 4717 1936 4720 c 1930 4720 l 1930 4715 1932 4711 1935 4709 c 1937 4706 1941 4705 1946 4705 c 1951 4705 1954 4706 1957 4709 c 1960 4712 1961 4715 1961 4719 c 1961 4721 1961 4723 1960 4725 c 1959 4727 1958 4729 1956 4731 c 1954 4733 1951 4736 1947 4740 c 1943 4743 1941 4745 1940 4746 c 1939 4747 1938 4748 1937 4750 c 1962 4750 l h S Q 
1 w 0.141 0.125 0.129 sc 236.88 261.45 m 236.88 261.81 236.88 262.29 236.88 262.65 c 236.76 263.13 236.76 263.61 236.76 264.09 c 236.64 264.57 236.64 264.93 236.64 265.17 c 236.64 265.53 236.64 265.77 236.64 266.01 c 236.64 266.13 236.64 266.13 236.64 266.25 c 236.64 266.25 236.64 266.37 236.64 266.37 c 236.76 266.49 236.76 266.61 236.76 266.73 c 236.88 266.85 237 267.09 237 267.21 c 237 267.33 237.12 267.33 237.24 267.45 c 237.36 267.57 237.48 267.57 237.6 267.69 c 237.72 267.81 237.96 267.93 238.08 268.05 c 238.2 268.17 238.32 268.29 238.56 268.29 c 238.8 268.53 239.16 268.65 239.4 268.77 c 239.64 268.89 239.88 269.01 240.12 269.01 c 240.12 269.01 240.24 268.89 240.36 268.89 c 240.48 268.77 240.48 268.65 240.6 268.53 c 240.6 268.41 240.72 268.17 240.84 268.05 c 240.84 267.93 240.96 267.69 240.96 267.45 c 241.08 267.21 241.2 266.97 241.32 266.85 c 241.44 266.61 241.44 266.49 241.56 266.37 c 241.68 266.13 241.92 266.01 242.04 266.01 c 242.16 266.01 242.16 266.01 242.16 265.89 c 242.16 265.05 l 242.16 265.05 242.16 264.93 242.04 264.93 c 241.68 264.93 241.32 265.17 241.08 265.41 c 240.84 264.93 l 240.36 264.93 239.88 265.05 239.4 265.17 c 238.92 265.17 238.56 265.41 238.32 265.65 c 238.08 265.77 237.96 266.01 237.96 266.25 c 237.96 266.61 237.96 266.85 238.08 267.09 c 237.96 266.97 237.84 266.85 237.6 266.73 c 237.48 266.61 237.36 266.61 237.12 266.37 c 237.24 266.13 237.24 265.65 237.36 265.29 c 237.36 264.81 237.48 264.33 237.6 263.73 c 237.6 263.37 237.6 263.01 237.72 262.77 c 237.72 262.41 237.84 262.17 237.84 261.93 c 237.72 261.81 237.48 261.69 237.36 261.69 c 237.24 261.57 237.12 261.45 236.88 261.45 c h 240.72 265.89 m 240.6 266.13 240.48 266.49 240.36 266.85 c 240.24 267.21 240.12 267.57 240.12 267.93 c 239.88 267.93 239.64 267.81 239.52 267.57 c 239.28 267.45 239.04 267.33 238.92 267.09 c 238.8 266.97 238.68 266.85 238.56 266.61 c 239.04 266.25 239.76 266.01 240.72 265.89 c h f 
244.56 264.93 m 244.44 264.93 244.2 264.93 243.96 265.05 c 243.6 265.17 243.48 265.17 243.24 265.29 c 243.12 265.17 243 265.17 242.76 265.05 c 242.52 265.05 242.28 264.93 242.04 264.93 c 241.92 264.93 241.92 265.05 241.92 265.05 c 241.92 265.89 l 241.92 266.01 241.92 266.01 242.04 266.01 c 242.28 266.01 242.52 266.01 242.64 266.13 c 242.76 266.13 242.88 266.25 243 266.25 c 243.12 266.37 243.12 266.37 243.24 266.49 c 243.24 266.49 243.36 266.61 243.36 266.73 c 243.48 266.85 243.48 266.97 243.6 267.09 c 243.72 267.21 243.72 267.21 243.84 267.33 c 243.84 267.33 243.96 267.33 244.08 267.33 c 244.08 267.33 244.2 267.33 244.32 267.21 c 244.2 266.97 244.08 266.73 244.08 266.49 c 243.96 266.37 243.84 266.13 243.84 266.13 c 243.96 266.13 244.08 266.01 244.2 266.01 c 244.32 266.01 244.56 266.01 244.68 266.01 c 244.92 266.01 245.04 266.01 245.16 266.01 c 245.28 266.01 245.4 266.01 245.64 266.13 c 245.64 266.13 245.64 266.25 245.76 266.49 c 245.76 266.61 245.88 266.85 246 267.09 c 246 267.33 246.12 267.45 246.12 267.69 c 246.24 267.81 246.24 267.93 246.36 267.93 c 246.48 267.93 246.48 268.05 246.72 268.05 c 246.84 268.05 246.84 267.93 246.96 267.93 c 246.96 267.81 246.84 267.57 246.72 267.33 c 246.72 267.09 246.6 266.73 246.48 266.49 c 246.72 266.37 246.96 266.25 247.2 266.13 c 247.44 266.13 247.56 266.01 247.8 266.01 c 248.04 266.01 248.28 266.01 248.52 266.01 c 248.52 266.13 248.4 266.25 248.4 266.49 c 248.28 266.73 248.16 266.85 248.16 267.09 c 248.04 267.33 247.92 267.45 247.92 267.69 c 247.8 267.81 247.8 267.93 247.8 267.93 c 247.8 268.17 247.92 268.29 248.04 268.53 c 248.16 268.77 248.4 268.89 248.64 269.01 c 248.76 268.65 248.76 268.29 248.88 268.05 c 249 267.69 249 267.33 249.12 267.09 c 249.12 266.85 249.12 266.61 249.12 266.37 c 249.12 266.37 249.12 266.25 249.12 266.01 c 249 265.77 249 265.65 248.88 265.41 c 248.88 265.29 248.76 265.05 248.64 264.93 c 248.16 264.93 247.8 264.93 247.32 265.05 c 246.96 265.17 246.6 265.29 246.12 265.53 c 246.12 265.41 246.12 265.29 246 265.29 c 246 265.17 245.88 265.17 245.76 265.05 c 245.64 265.05 245.4 265.05 245.16 264.93 c 245.04 264.93 244.8 264.93 244.56 264.93 c h f 
q 0.12 0 0 -0.12 0 841.89 cm 1 j 0.141 0.125 0.129 SC 2138 4808 m 2129 4808 l 2129 4754 l 2127 4756 2125 4758 2121 4760 c 2118 4762 2115 4763 2113 4764 c 2113 4756 l 2117 4754 2121 4751 2125 4748 c 2128 4745 2131 4742 2132 4739 c 2138 4739 l 2138 4808 l h S Q 
q 0.12 0 0 -0.12 0 841.89 cm 1 w 1 j 0.141 0.125 0.129 SC 2203 4756 m 2195 4757 l 2194 4753 2193 4751 2192 4749 c 2189 4747 2187 4746 2183 4746 c 2181 4746 2178 4746 2176 4748 c 2173 4750 2171 4753 2170 4756 c 2168 4760 2167 4765 2167 4772 c 2169 4769 2172 4767 2175 4765 c 2178 4764 2181 4763 2184 4763 c 2190 4763 2195 4765 2198 4769 c 2202 4774 2204 4779 2204 4786 c 2204 4790 2203 4794 2202 4798 c 2200 4801 2197 4804 2194 4806 c 2191 4808 2187 4809 2183 4809 c 2176 4809 2170 4806 2166 4801 c 2161 4796 2159 4788 2159 4776 c 2159 4762 2162 4753 2166 4747 c 2171 4741 2176 4739 2184 4739 c 2189 4739 2194 4740 2197 4743 c 2200 4746 2203 4751 2203 4756 c h S Q 
q 0.12 0 0 -0.12 0 841.89 cm 1 w 1 j 0.141 0.125 0.129 SC 2169 4786 m 2169 4789 2169 4791 2171 4794 c 2172 4797 2174 4799 2176 4800 c 2178 4801 2180 4802 2183 4802 c 2186 4802 2189 4801 2192 4798 c 2194 4795 2196 4791 2196 4786 c 2196 4781 2195 4778 2192 4775 c 2189 4772 2186 4771 2182 4771 c 2179 4771 2175 4772 2173 4775 c 2170 4778 2169 4781 2169 4786 c S Q 
1 w 0.141 0.125 0.129 sc 256.56 264.93 m 255.48 264.93 l 255.48 271.41 l 255.24 271.17 255 270.93 254.52 270.69 c 254.16 270.45 253.8 270.33 253.56 270.21 c 253.56 271.17 l 254.04 271.41 254.52 271.77 255 272.13 c 255.36 272.49 255.72 272.85 255.84 273.21 c 256.56 273.21 l 256.56 264.93 l h f 
264.36 271.17 m 263.4 271.05 l 263.28 271.53 263.16 271.77 263.04 272.01 c 262.68 272.25 262.44 272.37 261.96 272.37 c 261.72 272.37 261.36 272.37 261.12 272.13 c 260.76 271.89 260.52 271.53 260.4 271.17 c 260.16 270.69 260.04 270.09 260.04 269.25 c 260.28 269.61 260.64 269.85 261 270.09 c 261.36 270.21 261.72 270.33 262.08 270.33 c 262.8 270.33 263.28 270.09 263.76 269.61 c 264.24 269.01 264.48 268.41 264.48 267.57 c 264.48 267.09 264.36 266.61 264.24 266.13 c 264 265.77 263.64 265.41 263.28 265.17 c 262.92 264.93 262.44 264.81 261.96 264.81 c 261.12 264.81 260.4 265.17 259.92 265.77 c 259.32 266.37 259.08 267.33 259.08 268.77 c 259.08 270.45 259.44 271.53 259.92 272.25 c 260.52 272.97 261.12 273.21 262.08 273.21 c 262.68 273.21 263.28 273.09 263.64 272.73 c 264 272.37 264.36 271.77 264.36 271.17 c h 260.28 267.57 m 260.28 267.21 260.28 266.97 260.52 266.61 c 260.64 266.25 260.88 266.01 261.12 265.89 c 261.36 265.77 261.6 265.65 261.96 265.65 c 262.32 265.65 262.68 265.77 263.04 266.13 c 263.28 266.49 263.52 266.97 263.52 267.57 c 263.52 268.17 263.28 268.53 263.04 268.89 c 262.68 269.25 262.32 269.37 261.84 269.37 c 261.48 269.37 261 269.25 260.76 268.89 c 260.4 268.53 260.28 268.17 260.28 267.57 c h f 
271.44 263.37 m 270.6 263.73 270 264.09 269.52 264.57 c 269.16 265.05 268.8 265.65 268.56 266.25 c 268.32 266.97 268.2 267.69 268.2 268.65 c 268.2 269.49 268.32 270.21 268.56 270.93 c 268.8 271.65 269.16 272.13 269.52 272.61 c 270 273.09 270.6 273.45 271.44 273.81 c 271.44 273.21 l 270.84 272.85 270.48 272.49 270.24 272.01 c 270 271.53 269.88 270.93 269.76 270.33 c 269.64 269.85 269.64 269.25 269.64 268.65 c 269.64 268.05 269.64 267.45 269.76 266.85 c 269.88 266.25 270 265.65 270.24 265.17 c 270.48 264.69 270.84 264.33 271.44 263.97 c 271.44 263.37 l h f 
271.8 264.93 m 271.68 264.93 271.68 265.05 271.68 265.05 c 271.68 265.89 l 271.68 266.01 271.68 266.01 271.8 266.01 c 274.2 266.01 l 274.32 266.01 274.32 266.01 274.32 265.89 c 274.32 265.05 l 274.32 265.05 274.32 264.93 274.2 264.93 c 271.8 264.93 l h f 
274.2 264.93 m 274.08 264.93 274.08 265.05 274.08 265.05 c 274.08 265.89 l 274.08 266.01 274.08 266.01 274.2 266.01 c 274.8 266.01 275.28 266.01 275.64 266.13 c 276.12 266.13 276.48 266.13 276.84 266.25 c 277.2 266.49 277.56 266.49 277.8 266.61 c 278.04 266.73 278.28 266.73 278.52 266.73 c 278.28 266.85 278.16 266.97 278.04 266.97 c 277.92 267.09 277.8 267.21 277.68 267.33 c 277.44 267.57 277.2 267.69 276.96 267.81 c 276.72 267.81 276.6 267.93 276.36 267.93 c 276.12 267.93 276 267.81 275.76 267.81 c 275.64 267.69 275.4 267.57 275.16 267.45 c 275.04 267.45 275.04 267.57 274.92 267.69 c 274.92 267.81 274.92 267.81 274.92 267.93 c 274.92 268.29 275.04 268.53 275.28 268.65 c 275.52 268.89 275.88 269.01 276.36 269.01 c 276.6 269.01 276.84 268.89 277.08 268.89 c 277.32 268.77 277.56 268.53 277.92 268.41 c 278.28 268.05 278.64 267.81 278.88 267.69 c 279.24 267.57 279.48 267.45 279.84 267.33 c 279.96 267.33 280.2 267.33 280.44 267.33 c 280.68 267.33 280.92 267.21 281.16 267.21 c 280.68 266.25 l 280.44 266.37 280.32 266.37 280.2 266.37 c 279.96 266.37 279.84 266.37 279.6 266.37 c 279.48 266.37 279.36 266.37 279.12 266.25 c 279 266.25 278.76 266.13 278.52 266.13 c 278.4 266.01 278.16 265.89 277.8 265.77 c 277.56 265.53 277.32 265.41 276.96 265.29 c 276.72 265.29 276.48 265.17 276.24 265.05 c 276 265.05 275.64 265.05 275.4 265.05 c 275.04 264.93 274.68 264.93 274.2 264.93 c h 278.28 262.89 m 278.04 263.01 277.92 263.13 277.8 263.25 c 277.68 263.37 277.56 263.49 277.44 263.61 c 277.56 263.85 277.68 263.97 277.92 264.09 c 278.04 264.21 278.16 264.33 278.28 264.57 c 278.52 264.21 278.76 263.97 279 263.73 c 278.88 263.61 278.76 263.49 278.64 263.37 c 278.52 263.13 278.4 263.01 278.28 262.89 c h f 
281.88 263.97 m 282.36 264.33 282.84 264.69 283.08 265.17 c 283.32 265.65 283.44 266.25 283.56 266.85 c 283.56 267.45 283.68 268.05 283.68 268.65 c 283.68 269.25 283.56 269.85 283.56 270.33 c 283.44 270.93 283.32 271.53 283.08 272.01 c 282.84 272.49 282.36 272.85 281.88 273.21 c 281.88 273.81 l 282.72 273.45 283.32 273.09 283.68 272.61 c 284.16 272.13 284.52 271.65 284.76 270.93 c 285 270.21 285.12 269.49 285.12 268.65 c 285.12 267.69 285 266.97 284.76 266.25 c 284.52 265.65 284.16 265.05 283.68 264.57 c 283.32 264.09 282.72 263.73 281.88 263.37 c 281.88 263.97 l h f 
453.72 246.81 m 453.48 246.93 453.36 247.05 453.12 247.17 c 453 247.29 452.88 247.41 452.76 247.41 c 452.76 247.53 452.76 247.65 452.88 247.65 c 452.88 247.77 453 247.89 453 247.89 c 453 248.01 453.12 248.13 453.12 248.25 c 453.12 248.25 453.24 248.37 453.24 248.37 c 453.48 248.37 453.6 248.25 453.72 248.13 c 453.96 248.01 454.08 247.89 454.08 247.89 c 454.2 247.77 454.2 247.77 454.2 247.65 c 454.2 247.53 454.08 247.29 453.72 246.81 c h 453.72 242.73 m 453.48 242.85 453.36 242.97 453.24 243.09 c 453 243.21 452.88 243.33 452.76 243.45 c 452.76 243.57 452.76 243.57 452.88 243.69 c 452.88 243.81 453 243.81 453 243.93 c 453 244.05 453.12 244.05 453.12 244.17 c 453.12 244.29 453.24 244.29 453.24 244.41 c 453.96 244.05 454.2 243.81 454.2 243.69 c 454.2 243.57 454.08 243.21 453.72 242.73 c h f 
460.56 240.45 m 459.72 240.45 459.12 240.69 458.76 241.05 c 458.28 241.53 458.04 242.01 458.04 242.73 c 458.04 242.85 458.04 243.09 458.16 243.21 c 458.16 243.33 458.16 243.45 458.16 243.69 c 458.16 243.81 458.28 244.05 458.28 244.29 c 458.76 244.17 l 458.64 243.81 458.64 243.57 458.64 243.33 c 458.64 242.73 458.76 242.37 459.12 242.01 c 459.48 241.77 459.96 241.65 460.68 241.65 c 461.28 241.65 461.76 241.65 462.12 241.65 c 462.6 241.77 462.96 241.89 463.32 242.01 c 463.56 242.01 463.68 242.13 463.92 242.25 c 464.04 242.25 464.16 242.37 464.4 242.49 c 464.04 242.61 463.8 242.73 463.56 242.85 c 463.44 242.97 463.2 243.09 462.96 243.21 c 462.84 243.33 462.72 243.45 462.6 243.57 c 462.36 243.69 462.24 243.69 462.24 243.81 c 462.24 243.93 462.36 243.93 462.36 244.05 c 462.36 244.17 462.48 244.29 462.48 244.41 c 462.48 244.53 462.6 244.53 462.6 244.65 c 462.72 244.77 462.72 244.77 462.72 244.77 c 463.08 244.65 463.44 244.65 463.92 244.65 c 464.28 244.53 464.76 244.53 465.24 244.53 c 465.36 244.53 465.36 244.53 465.36 244.41 c 465.36 243.69 l 465.36 243.57 465.36 243.57 465.24 243.57 c 465.12 243.57 464.88 243.57 464.76 243.57 c 464.52 243.57 464.28 243.57 464.04 243.57 c 463.92 243.69 463.68 243.69 463.56 243.69 c 463.68 243.69 463.8 243.57 463.92 243.45 c 464.16 243.45 464.28 243.33 464.28 243.33 c 464.4 243.21 464.52 243.21 464.64 243.09 c 464.64 243.09 464.76 242.97 464.76 242.85 c 464.76 242.73 464.76 242.61 464.76 242.49 c 464.76 242.25 464.76 242.13 464.52 241.89 c 464.28 241.65 464.04 241.53 463.68 241.29 c 463.32 241.05 462.96 240.93 462.48 240.81 c 461.88 240.57 461.16 240.45 460.56 240.45 c h f 
465.24 243.57 m 465.12 243.57 465.12 243.57 465.12 243.57 c 465.12 244.41 l 465.12 244.53 465.12 244.53 465.24 244.53 c 465.6 244.53 466.08 244.65 466.44 244.89 c 466.44 245.13 466.44 245.37 466.32 245.61 c 466.32 245.97 466.32 246.21 466.32 246.45 c 466.2 247.05 466.2 247.65 466.08 248.37 c 465.96 248.97 465.84 249.81 465.72 250.53 c 465.96 250.65 466.08 250.77 466.2 250.89 c 466.32 251.01 466.56 251.13 466.68 251.25 c 466.8 250.77 466.8 250.29 466.8 249.69 c 466.8 249.21 466.8 248.61 466.92 248.01 c 466.92 247.41 466.92 246.93 466.92 246.45 c 466.92 245.97 467.04 245.61 467.04 245.13 c 467.04 245.01 466.92 244.77 466.92 244.53 c 466.8 244.29 466.68 244.17 466.56 243.93 c 466.44 243.81 466.32 243.69 466.08 243.57 c 465.84 243.57 465.6 243.57 465.24 243.57 c h f 
470.76 243.57 m 470.52 243.57 470.16 243.57 469.92 243.69 c 469.68 243.81 469.44 243.93 469.32 244.17 c 469.2 244.29 469.08 244.53 469.08 244.77 c 469.08 245.01 468.96 245.25 468.96 245.49 c 468.96 245.73 468.96 246.09 468.84 246.45 c 468.84 246.81 468.84 247.29 468.84 247.65 c 468.72 248.13 468.72 248.61 468.72 249.09 c 468.6 249.57 468.6 250.05 468.6 250.53 c 468.72 250.65 468.84 250.77 468.96 250.89 c 469.2 251.01 469.32 251.13 469.56 251.25 c 469.56 250.65 469.56 250.05 469.56 249.45 c 469.56 248.97 469.56 248.37 469.68 247.65 c 469.68 247.05 469.68 246.45 469.68 245.73 c 469.68 244.89 l 469.8 244.77 470.04 244.65 470.16 244.65 c 470.4 244.53 470.64 244.53 470.76 244.53 c 470.88 244.53 470.88 244.53 470.88 244.41 c 470.88 243.57 l 470.88 243.57 470.88 243.57 470.76 243.57 c h f 
470.76 243.57 m 470.64 243.57 470.64 243.57 470.64 243.57 c 470.64 244.41 l 470.64 244.53 470.64 244.53 470.76 244.53 c 471.12 244.53 471.48 244.53 471.84 244.65 c 472.2 244.65 472.44 244.77 472.56 244.77 c 472.68 244.89 472.8 245.01 472.92 245.13 c 473.04 245.37 473.16 245.61 473.28 245.97 c 473.4 246.09 473.52 246.21 473.52 246.21 c 473.64 246.21 473.64 246.33 473.76 246.33 c 473.88 246.33 474 246.21 474.12 246.21 c 474.12 246.09 474 245.85 473.88 245.73 c 473.88 245.49 473.76 245.37 473.76 245.25 c 473.64 245.13 473.64 245.01 473.64 245.01 c 473.88 244.77 474 244.77 474.24 244.65 c 474.48 244.65 474.72 244.53 474.96 244.53 c 474.96 244.53 475.08 244.53 475.08 244.41 c 475.08 243.57 l 475.08 243.57 474.96 243.57 474.96 243.57 c 474.24 243.57 473.64 243.81 473.16 244.29 c 473.04 244.05 l 472.92 243.93 472.8 243.81 472.56 243.81 c 472.32 243.69 472.08 243.57 471.72 243.57 c 471.36 243.57 471.12 243.57 470.76 243.57 c h 473.76 247.29 m 473.64 247.41 473.52 247.53 473.28 247.65 c 473.16 247.77 473.16 247.89 473.04 248.01 c 473.04 248.01 473.16 248.13 473.28 248.25 c 473.4 248.49 473.64 248.61 473.76 248.73 c 473.76 248.73 473.88 248.61 474 248.49 c 474.12 248.37 474.24 248.25 474.48 248.13 c 474.36 247.89 474.12 247.53 473.76 247.29 c h 472.08 247.17 m 471.96 247.29 471.84 247.41 471.72 247.53 c 471.48 247.65 471.48 247.77 471.36 247.77 c 471.48 247.89 471.6 248.01 471.72 248.25 c 471.84 248.37 471.96 248.49 472.08 248.61 c 472.2 248.61 472.2 248.49 472.32 248.37 c 472.44 248.25 472.68 248.13 472.8 247.89 c 472.68 247.77 472.68 247.65 472.56 247.53 c 472.44 247.41 472.32 247.29 472.08 247.17 c h f 
474.84 243.57 m 474.72 243.57 474.72 243.57 474.72 243.57 c 474.72 244.41 l 474.72 244.53 474.72 244.53 474.84 244.53 c 475.2 244.53 475.68 244.65 476.04 244.89 c 476.04 245.13 476.04 245.37 476.04 245.61 c 476.04 245.97 475.92 246.21 475.92 246.45 c 475.92 247.05 475.8 247.65 475.68 248.37 c 475.68 248.97 475.56 249.81 475.44 250.53 c 475.56 250.65 475.68 250.77 475.92 250.89 c 476.04 251.01 476.16 251.13 476.4 251.25 c 476.4 250.77 476.4 250.29 476.4 249.69 c 476.52 249.21 476.52 248.61 476.52 248.01 c 476.52 247.41 476.64 246.93 476.64 246.45 c 476.64 245.97 476.64 245.61 476.64 245.13 c 476.64 245.01 476.64 244.77 476.52 244.53 c 476.4 244.29 476.28 244.17 476.16 243.93 c 476.16 243.81 476.04 243.69 475.8 243.57 c 475.56 243.57 475.2 243.57 474.84 243.57 c h f 
478.56 243.57 m 478.56 244.29 478.56 244.89 478.56 245.49 c 478.44 246.09 478.44 246.69 478.44 247.29 c 478.44 247.77 478.32 248.25 478.32 248.85 c 478.32 249.33 478.2 249.81 478.2 250.29 c 478.2 250.41 478.2 250.65 478.32 250.77 c 478.32 250.89 478.44 251.01 478.56 251.13 c 478.68 251.13 478.92 251.25 479.16 251.25 c 479.16 251.13 479.16 250.89 479.28 250.65 c 479.4 250.41 479.4 250.17 479.52 249.93 c 479.16 249.57 l 479.16 249.09 479.28 248.49 479.28 247.89 c 479.28 247.29 479.28 246.69 479.28 245.97 c 479.28 245.25 479.16 244.53 479.16 243.57 c 478.56 243.57 l h f 
485.64 240.45 m 484.92 240.45 484.44 240.69 484.08 241.05 c 483.72 241.41 483.48 242.01 483.48 242.73 c 483.48 242.85 483.6 242.97 483.6 243.21 c 483.6 243.33 483.6 243.45 483.6 243.69 c 483.72 243.81 483.72 244.05 483.72 244.29 c 484.2 244.17 l 484.08 243.81 484.08 243.57 484.08 243.33 c 484.08 242.73 484.2 242.37 484.44 242.01 c 484.8 241.77 485.16 241.65 485.64 241.65 c 486 241.65 486.48 241.65 486.84 241.77 c 487.2 241.89 487.44 242.01 487.8 242.25 c 488.04 242.49 488.28 242.61 488.4 242.85 c 488.16 244.53 l 488.04 245.25 487.92 245.97 487.8 246.57 c 487.68 247.17 487.68 247.77 487.56 248.25 c 487.56 248.49 487.56 248.73 487.44 248.97 c 487.44 249.09 487.44 249.33 487.44 249.45 c 487.32 249.69 487.32 249.81 487.32 249.93 c 487.32 250.05 487.32 250.17 487.32 250.29 c 487.32 250.53 487.44 250.77 487.56 251.01 c 487.68 251.13 487.92 251.25 488.16 251.25 c 488.28 251.01 488.28 250.89 488.4 250.65 c 488.52 250.41 488.52 250.17 488.64 249.93 c 488.4 249.57 l 488.52 248.37 488.64 247.41 488.64 246.57 c 488.76 245.73 488.88 245.13 488.88 244.77 c 489.12 244.65 489.48 244.53 489.72 244.53 c 489.84 244.53 489.84 244.53 489.84 244.41 c 489.84 243.57 l 489.84 243.57 489.84 243.57 489.72 243.57 c 489.6 243.57 489.48 243.57 489.36 243.57 c 489.24 243.57 489.12 243.69 488.88 243.69 c 488.88 243.33 l 488.88 242.85 488.76 242.37 488.52 241.89 c 488.16 241.53 487.8 241.17 487.32 240.93 c 486.96 240.81 486.72 240.69 486.48 240.57 c 486.24 240.57 485.88 240.45 485.64 240.45 c h f 
489.6 243.57 m 489.6 243.57 489.6 243.57 489.6 243.57 c 489.6 244.41 l 489.6 244.53 489.6 244.53 489.6 244.53 c 490.56 244.53 491.4 244.65 492 244.77 c 492.48 244.89 492.72 245.01 493.08 245.13 c 492.96 245.37 492.84 245.61 492.72 245.85 c 492.48 246.09 492.36 246.21 492.12 246.45 c 491.88 246.57 491.76 246.69 491.52 246.93 c 491.28 247.05 491.04 247.17 490.8 247.29 c 490.44 247.53 490.08 247.65 489.96 247.77 c 489.84 248.01 489.72 248.13 489.72 248.37 c 489.72 248.49 489.72 248.61 489.72 248.73 c 489.84 248.85 489.84 248.97 489.96 249.09 c 490.08 249.09 490.2 249.21 490.32 249.33 c 490.56 249.45 490.8 249.57 491.04 249.69 c 491.28 249.81 491.64 249.93 492 250.05 c 492.36 250.29 492.72 250.41 493.2 250.53 c 493.56 250.77 494.04 250.89 494.52 251.13 c 494.64 251.01 494.64 250.89 494.64 250.65 c 494.64 250.53 494.64 250.29 494.52 250.17 c 494.4 250.05 494.28 249.93 494.16 249.93 c 493.8 249.69 493.32 249.57 492.96 249.45 c 492.6 249.21 492.12 249.09 491.76 248.85 c 491.28 248.73 490.8 248.49 490.32 248.37 c 490.92 248.25 491.4 248.01 491.88 247.65 c 492.48 247.29 492.84 246.93 493.08 246.57 c 493.44 246.21 493.56 245.73 493.56 245.37 c 493.56 245.25 493.56 245.13 493.56 245.01 c 494.04 244.77 494.52 244.53 495 244.53 c 495.12 244.53 495.12 244.53 495.12 244.41 c 495.12 243.57 l 495.12 243.57 495.12 243.57 495 243.57 c 494.64 243.57 494.4 243.57 494.04 243.69 c 493.68 243.81 493.44 244.05 493.08 244.41 c 493.08 244.29 492.96 244.29 492.96 244.17 c 492.84 244.17 492.72 244.05 492.72 244.05 c 492 243.69 491.04 243.57 489.6 243.57 c h f 
497.52 243.45 m 497.4 243.45 497.16 243.57 496.92 243.57 c 496.56 243.69 496.44 243.69 496.2 243.81 c 496.08 243.81 495.96 243.69 495.72 243.57 c 495.48 243.57 495.24 243.57 495 243.57 c 494.88 243.57 494.88 243.57 494.88 243.57 c 494.88 244.41 l 494.88 244.53 494.88 244.53 495 244.53 c 495.24 244.53 495.48 244.53 495.6 244.65 c 495.72 244.65 495.84 244.77 495.96 244.89 c 496.08 244.89 496.2 245.01 496.32 245.13 c 496.32 245.25 496.44 245.49 496.56 245.73 c 496.68 245.73 496.68 245.85 496.8 245.85 c 496.8 245.85 496.92 245.85 497.04 245.85 c 497.04 245.85 497.16 245.85 497.28 245.85 c 497.16 245.49 497.04 245.25 497.04 245.13 c 496.92 244.89 496.8 244.77 496.8 244.65 c 496.92 244.65 497.04 244.65 497.16 244.53 c 497.28 244.53 497.52 244.53 497.64 244.53 c 497.88 244.53 498 244.53 498.12 244.53 c 498.24 244.53 498.36 244.65 498.6 244.65 c 498.6 244.77 498.6 244.89 498.72 245.01 c 498.84 245.25 498.84 245.37 498.96 245.61 c 498.96 245.85 499.08 246.09 499.08 246.21 c 499.2 246.33 499.2 246.45 499.32 246.45 c 499.44 246.57 499.56 246.57 499.68 246.57 c 499.8 246.57 499.8 246.57 499.92 246.45 c 499.92 246.33 499.8 246.09 499.68 245.85 c 499.68 245.61 499.56 245.13 499.32 244.65 c 499.44 244.65 499.56 244.53 499.56 244.53 c 499.68 244.53 499.8 244.53 499.8 244.53 c 500.04 244.53 500.28 244.53 500.52 244.65 c 500.52 244.65 500.64 244.77 500.64 244.89 c 500.76 245.01 500.76 245.25 500.88 245.37 c 500.88 245.61 501 245.73 501 245.97 c 501.12 246.09 501.12 246.21 501.24 246.45 c 501.24 246.45 501.36 246.57 501.48 246.57 c 501.48 246.69 501.6 246.69 501.72 246.69 c 501.84 246.69 501.96 246.57 501.96 246.57 c 501.96 246.45 501.84 246.21 501.84 245.97 c 501.72 245.73 501.6 245.37 501.48 244.89 c 501.72 244.77 501.84 244.65 502.08 244.65 c 502.32 244.53 502.56 244.53 502.8 244.53 c 502.92 244.53 502.92 244.53 502.92 244.41 c 502.92 243.57 l 502.92 243.57 502.92 243.57 502.8 243.57 c 502.56 243.57 502.2 243.57 501.84 243.69 c 501.6 243.81 501.36 243.93 501.12 244.17 c 501.12 244.05 501.12 244.05 501 243.93 c 501 243.81 500.88 243.81 500.88 243.69 c 500.76 243.69 500.64 243.57 500.4 243.57 c 500.28 243.45 500.04 243.45 499.92 243.45 c 499.56 243.45 499.32 243.57 498.96 243.81 c 498.84 243.69 498.84 243.69 498.6 243.57 c 498.48 243.57 498.36 243.57 498.12 243.57 c 497.88 243.45 497.76 243.45 497.52 243.45 c h 498.36 247.29 m 498.12 247.41 498 247.53 497.88 247.65 c 497.76 247.77 497.64 247.89 497.64 248.01 c 497.76 248.13 497.76 248.13 497.88 248.37 c 498 248.49 498.12 248.61 498.36 248.73 c 498.36 248.61 498.48 248.61 498.6 248.49 c 498.6 248.37 498.84 248.25 498.96 248.01 c 498.84 247.89 498.84 247.77 498.72 247.65 c 498.6 247.53 498.48 247.41 498.36 247.29 c h 499.92 247.41 m 499.8 247.53 499.68 247.65 499.56 247.77 c 499.44 247.89 499.32 248.01 499.2 248.13 c 499.32 248.25 499.44 248.25 499.56 248.37 c 499.68 248.49 499.8 248.73 499.92 248.85 c 500.04 248.73 500.16 248.73 500.16 248.61 c 500.28 248.49 500.4 248.37 500.64 248.25 c 500.52 248.13 500.4 248.01 500.28 247.89 c 500.16 247.77 500.04 247.53 499.92 247.41 c h 499.08 248.37 m 498.96 248.49 498.84 248.61 498.72 248.73 c 498.72 248.85 498.6 248.85 498.48 248.97 c 498.6 249.09 498.72 249.21 498.84 249.33 c 498.96 249.45 498.96 249.57 499.08 249.69 c 499.2 249.57 499.2 249.45 499.32 249.33 c 499.44 249.21 499.56 249.09 499.68 248.97 c 499.56 248.85 499.44 248.73 499.44 248.61 c 499.32 248.61 499.2 248.49 499.08 248.37 c h f 
502.68 243.57 m 502.68 243.57 502.56 243.57 502.56 243.57 c 502.56 244.41 l 502.56 244.53 502.68 244.53 502.68 244.53 c 503.16 244.53 503.52 244.65 504 244.89 c 503.88 245.13 503.88 245.37 503.88 245.61 c 503.88 245.97 503.88 246.21 503.76 246.45 c 503.76 247.05 503.64 247.65 503.64 248.37 c 503.52 248.97 503.4 249.81 503.28 250.53 c 503.4 250.65 503.52 250.77 503.76 250.89 c 503.88 251.01 504 251.13 504.24 251.25 c 504.24 250.77 504.24 250.29 504.36 249.69 c 504.36 249.21 504.36 248.61 504.36 248.01 c 504.48 247.41 504.48 246.93 504.48 246.45 c 504.48 245.97 504.48 245.61 504.48 245.13 c 504.48 245.01 504.48 244.77 504.36 244.53 c 504.24 244.29 504.24 244.17 504.12 243.93 c 504 243.81 503.88 243.69 503.64 243.57 c 503.4 243.57 503.04 243.57 502.68 243.57 c h f 
506.4 243.57 m 506.4 244.29 506.4 244.89 506.4 245.49 c 506.28 246.09 506.28 246.69 506.28 247.29 c 506.28 247.77 506.16 248.25 506.16 248.85 c 506.16 249.33 506.04 249.81 506.04 250.29 c 506.04 250.41 506.04 250.65 506.16 250.77 c 506.16 250.89 506.28 251.01 506.4 251.13 c 506.52 251.13 506.76 251.25 507 251.25 c 507 251.13 507.12 250.89 507.12 250.65 c 507.24 250.41 507.36 250.17 507.36 249.93 c 507 249.57 l 507.12 249.09 507.12 248.49 507.12 247.89 c 507.12 247.29 507.12 246.69 507.12 245.97 c 507.12 245.25 507 244.53 507 243.57 c 506.4 243.57 l h f 
513.84 240.45 m 513.12 240.45 512.52 240.69 512.04 241.05 c 511.56 241.53 511.44 242.01 511.44 242.73 c 511.44 242.85 511.44 243.09 511.44 243.21 c 511.44 243.33 511.44 243.45 511.44 243.69 c 511.56 243.81 511.56 244.05 511.68 244.29 c 512.04 244.17 l 512.04 243.81 511.92 243.57 511.92 243.33 c 511.92 242.73 512.16 242.37 512.52 242.01 c 512.76 241.77 513.36 241.65 513.96 241.65 c 514.56 241.65 515.04 241.65 515.52 241.65 c 515.88 241.77 516.36 241.89 516.72 242.01 c 516.84 242.01 517.08 242.13 517.2 242.25 c 517.32 242.25 517.56 242.37 517.68 242.49 c 517.44 242.61 517.2 242.73 516.96 242.85 c 516.72 242.97 516.48 243.09 516.36 243.21 c 516.12 243.33 516 243.45 515.88 243.57 c 515.64 243.69 515.64 243.69 515.64 243.81 c 515.64 243.93 515.64 243.93 515.64 244.05 c 515.64 244.17 515.76 244.29 515.76 244.41 c 515.88 244.53 515.88 244.53 516 244.65 c 516 244.77 516 244.77 516.12 244.77 c 516.36 244.65 516.72 244.65 517.2 244.65 c 517.68 244.53 518.16 244.53 518.64 244.53 c 518.64 244.53 518.76 244.53 518.76 244.41 c 518.76 243.69 l 518.76 243.57 518.64 243.57 518.64 243.57 c 518.4 243.57 518.28 243.57 518.04 243.57 c 517.8 243.57 517.56 243.57 517.44 243.57 c 517.2 243.69 516.96 243.69 516.84 243.69 c 516.96 243.69 517.2 243.57 517.32 243.45 c 517.44 243.45 517.56 243.33 517.68 243.33 c 517.68 243.21 517.8 243.21 517.92 243.09 c 518.04 243.09 518.04 242.97 518.04 242.85 c 518.16 242.73 518.16 242.61 518.16 242.49 c 518.16 242.25 518.04 242.13 517.8 241.89 c 517.68 241.65 517.32 241.53 517.08 241.29 c 516.72 241.05 516.24 240.93 515.88 240.81 c 515.16 240.57 514.44 240.45 513.84 240.45 c h f 
518.52 243.57 m 518.52 243.57 518.4 243.57 518.4 243.57 c 518.4 244.41 l 518.4 244.53 518.52 244.53 518.52 244.53 c 519.36 244.53 520.08 244.65 520.68 244.65 c 521.28 244.77 521.76 244.89 522.24 245.13 c 522.24 245.25 522.12 245.37 522.12 245.49 c 522.12 245.61 522.12 245.73 522.12 245.85 c 521.88 245.73 521.64 245.49 521.4 245.49 c 521.04 245.37 520.8 245.25 520.56 245.25 c 520.2 245.25 519.84 245.37 519.6 245.61 c 519.48 245.97 519.36 246.21 519.36 246.57 c 519.36 246.93 519.36 247.29 519.48 247.65 c 519.72 248.01 519.84 248.25 520.08 248.49 c 520.2 248.61 520.32 248.61 520.44 248.73 c 520.56 248.73 520.68 248.85 520.8 248.85 c 521.16 248.85 521.52 248.61 521.88 248.37 c 522.12 248.01 522.36 247.65 522.6 247.05 c 522.6 246.81 522.72 246.57 522.72 246.33 c 522.72 245.97 522.84 245.73 522.84 245.49 c 522.84 245.37 522.84 245.25 522.72 245.13 c 522.72 245.01 522.72 244.77 522.72 244.65 c 522.6 244.53 522.48 244.41 522.36 244.29 c 522.24 244.17 522 244.05 521.52 243.93 c 521.16 243.81 520.8 243.69 520.2 243.69 c 519.72 243.57 519.12 243.57 518.52 243.57 c h 520.8 246.21 m 521.16 246.21 521.52 246.21 521.88 246.45 c 521.76 246.81 521.52 247.17 521.4 247.41 c 521.16 247.53 520.92 247.65 520.56 247.65 c 520.44 247.65 520.2 247.65 520.08 247.41 c 519.84 247.29 519.84 247.05 519.84 246.81 c 519.84 246.57 519.84 246.45 520.08 246.33 c 520.2 246.21 520.44 246.21 520.8 246.21 c h 520.8 249.57 m 520.44 249.81 520.2 250.05 519.96 250.29 c 520.08 250.53 520.32 250.65 520.44 250.77 c 520.56 250.89 520.68 251.01 520.8 251.13 c 520.92 251.01 521.04 250.89 521.16 250.77 c 521.28 250.65 521.4 250.53 521.52 250.41 c 521.4 250.29 521.4 250.17 521.28 249.93 c 521.04 249.81 520.92 249.69 520.8 249.57 c h f 
0.992 0.941 0.918 sc 536.16 238.89 m 540.24 238.89 543.48 242.13 543.48 246.33 c 543.48 250.41 540.24 253.77 536.16 253.77 c 532.08 253.77 528.72 250.41 528.72 246.33 c 528.72 242.13 532.08 238.89 536.16 238.89 c h f 
q 0.12 0 0 -0.12 0 841.89 cm 4 w 1 J 0 j 4 M 0.933 0.114 0.145 SC 4468 5025 m 4502 5025 4529 4998 4529 4963 c 4529 4929 4502 4901 4468 4901 c 4434 4901 4406 4929 4406 4963 c 4406 4998 4434 5025 4468 5025 c S Q 
1 w 0.933 0.114 0.145 sc 535.68 242.01 m 534.84 242.01 534.24 242.25 533.76 242.49 c 533.76 243.69 l 534 243.45 534.36 243.33 534.72 243.21 c 534.96 243.09 535.32 243.09 535.68 243.09 c 536.28 243.09 536.64 243.21 537 243.57 c 537.24 243.81 537.36 244.17 537.36 244.77 c 537.36 245.73 536.76 246.21 535.68 246.21 c 535.44 246.21 535.32 246.21 535.08 246.21 c 534.84 246.21 534.6 246.09 534.48 246.09 c 533.88 246.45 l 534.24 250.41 l 537.96 250.41 l 537.96 249.33 l 535.2 249.33 l 534.96 247.17 l 535.2 247.17 535.44 247.29 535.56 247.29 c 535.68 247.29 535.92 247.29 536.04 247.29 c 536.88 247.29 537.48 247.05 537.84 246.69 c 538.32 246.21 538.56 245.61 538.56 244.89 c 538.56 243.93 538.32 243.33 537.84 242.73 c 537.24 242.25 536.64 242.01 535.68 242.01 c h f 
0.141 0.125 0.129 sc 403.32 217.29 m 402.24 217.29 401.4 216.93 400.8 216.21 c 400.08 215.61 399.84 214.77 399.84 213.81 c 399.84 212.85 400.08 212.01 400.68 211.41 c 401.28 210.69 402.24 210.33 403.32 210.33 c 403.92 210.33 404.52 210.57 405.12 210.93 c 405.48 211.17 405.72 211.41 405.96 211.65 c 405.72 211.77 l 405.48 211.53 405.12 211.29 404.88 211.17 c 404.52 210.93 404.04 210.81 403.44 210.81 c 402.72 210.81 402.12 211.05 401.64 211.65 c 401.16 212.13 401.04 212.85 401.04 213.81 c 401.04 214.77 401.16 215.49 401.64 216.09 c 402.12 216.57 402.72 216.93 403.32 216.93 c 404.04 216.93 404.64 216.69 405 216.09 c 405.24 215.85 405.48 215.49 405.6 215.01 c 405.84 215.01 l 405.72 217.29 l 405.48 217.29 l 405.48 217.17 405.36 217.17 405.36 217.05 c 405.24 217.05 405.12 216.93 405 216.93 c 405 216.93 404.76 217.05 404.4 217.17 c 404.04 217.29 403.68 217.29 403.32 217.29 c h f 
365.76 211.29 m 365.76 216.45 l 365.76 216.57 365.76 216.69 365.88 216.81 c 366 216.81 366.12 216.81 366.36 216.81 c 367.2 216.81 367.92 216.57 368.52 216.21 c 369.12 215.61 369.48 214.89 369.48 213.81 c 369.48 212.61 369.12 211.89 368.28 211.41 c 367.8 211.05 367.08 210.93 366.36 210.93 c 366.12 210.93 366 210.93 365.88 210.93 c 365.76 211.05 365.76 211.17 365.76 211.29 c h 363.84 210.57 m 366.6 210.57 l 367.32 210.57 368.04 210.57 368.52 210.81 c 368.76 210.93 369.12 211.05 369.36 211.29 c 369.72 211.53 370.08 212.01 370.2 212.37 c 370.44 212.85 370.56 213.33 370.56 213.81 c 370.56 215.25 369.96 216.21 368.88 216.69 c 368.16 217.05 367.44 217.17 366.6 217.17 c 363.84 217.17 l 363.84 217.05 l 364.2 216.93 364.44 216.93 364.56 216.81 c 364.68 216.69 364.68 216.45 364.68 216.09 c 364.68 211.65 l 364.68 211.29 364.68 211.05 364.56 210.93 c 364.44 210.81 364.2 210.81 363.84 210.69 c 363.84 210.57 l h f 
384.84 167.97 m 384.48 167.97 384.36 168.09 384.24 168.09 c 384.12 168.21 384.12 168.21 384.12 168.45 c 384.12 170.97 l 384.12 170.97 384.24 170.97 384.24 170.97 c 384.24 170.97 384.36 170.97 384.6 170.97 c 385.2 170.97 385.68 170.85 386.04 170.61 c 386.52 170.49 386.64 170.01 386.64 169.53 c 386.64 168.93 386.52 168.57 386.16 168.33 c 385.8 168.09 385.44 167.97 384.84 167.97 c h 382.08 167.61 m 385.32 167.61 l 385.92 167.61 386.4 167.73 386.76 167.85 c 387.48 168.21 387.84 168.69 387.84 169.53 c 387.84 170.01 387.72 170.37 387.36 170.61 c 387 170.85 386.64 171.09 386.16 171.21 c 386.52 171.21 386.88 171.33 387 171.57 c 387.36 171.81 387.48 172.17 387.48 172.65 c 387.48 173.25 387.24 173.73 386.76 173.97 c 386.28 174.21 385.68 174.33 384.84 174.33 c 382.08 174.33 l 382.08 174.09 l 382.44 174.09 382.68 174.09 382.92 173.97 c 383.04 173.85 383.04 173.61 383.04 173.25 c 383.04 168.81 l 383.04 168.33 383.04 168.09 382.92 168.09 c 382.8 167.97 382.44 167.85 382.08 167.85 c 382.08 167.61 l h 384.96 171.33 m 384.12 171.33 l 384.12 173.61 l 384.12 173.73 384.12 173.85 384.12 173.97 c 384.24 173.97 384.36 173.97 384.48 173.97 c 385.08 173.97 385.44 173.97 385.8 173.85 c 386.28 173.61 386.52 173.13 386.52 172.53 c 386.52 172.05 386.28 171.69 385.8 171.45 c 385.68 171.45 385.32 171.33 384.96 171.33 c h f 
347.16 170.25 m 348.24 173.01 l 349.44 170.25 l 347.16 170.25 l h 347.04 167.61 m 347.04 167.85 l 346.8 167.85 346.68 167.85 346.56 167.97 c 346.44 167.97 346.44 168.09 346.44 168.33 c 346.44 168.33 346.44 168.45 346.44 168.69 c 346.56 168.81 346.68 169.17 346.92 169.89 c 349.56 169.89 l 349.92 168.93 l 350.04 168.69 350.04 168.57 350.16 168.45 c 350.16 168.33 350.16 168.33 350.16 168.21 c 350.16 168.09 350.16 167.97 350.04 167.97 c 349.92 167.97 349.8 167.85 349.44 167.85 c 349.44 167.61 l 352.08 167.61 l 352.08 167.85 l 351.84 167.85 351.6 167.97 351.48 168.09 c 351.48 168.09 351.24 168.33 351.12 168.69 c 348.6 174.45 l 348.48 174.45 l 346.32 169.53 l 346.08 168.81 345.84 168.33 345.72 168.09 c 345.6 167.97 345.36 167.85 345.12 167.85 c 345.12 167.61 l 347.04 167.61 l h f 
q 0.12 0 0 -0.12 0 841.89 cm 7 w 1 J 1 j 0.925 0.008 0.553 SC 3053 5279 m 3353 5279 l S Q 
q 0.12 0 0 -0.12 0 841.89 cm 7 w 1 J 1 j 0.925 0.008 0.553 SC 2903 5540 m 3203 5540 l 3353 5279 l S Q 
q 0.12 0 0 -0.12 0 841.89 cm 7 w 1 J 1 j 0.925 0.008 0.553 SC 2903 5540 m 3053 5279 l S Q 
1 w 0.925 0.008 0.553 sc 355.32 194.25 m 359.76 191.73 l 359.4 191.13 l 355.08 193.77 l 355.32 194.25 l h f 
384 210.93 m 384.72 210.93 l 384.72 205.77 l 384 205.77 l h f 
395.4 191.13 m 391.08 193.77 l 391.32 194.25 l 395.76 191.73 l 395.4 191.13 l h f 
366 179.61 m 366.72 179.61 l 366.72 174.45 l 366 174.45 l h f 
q 0.12 0 0 -0.12 0 841.89 cm 7 w 1 J 1 j 0.925 0.008 0.553 SC 3219 5513 m 3214 5510 3209 5509 3203 5509 c 3186 5509 3172 5523 3172 5540 c S Q 
1 w 0.141 0.125 0.129 sc 372.84 182.25 m 372.96 182.37 372.96 182.49 373.2 182.61 c 373.32 182.85 373.56 183.09 374.04 183.45 c 374.52 183.81 374.88 184.17 375.12 184.53 c 375.36 184.77 375.48 185.01 375.6 185.25 c 375.72 185.49 375.72 185.73 375.72 185.97 c 375.72 186.45 375.6 186.81 375.24 187.17 c 374.88 187.41 374.52 187.65 373.92 187.65 c 373.32 187.65 372.84 187.41 372.48 187.17 c 372.24 186.81 372 186.45 372 185.85 c 372.72 185.73 l 372.72 186.21 372.84 186.45 373.08 186.69 c 373.2 186.93 373.56 186.93 373.92 186.93 c 374.16 186.93 374.52 186.93 374.64 186.69 c 374.88 186.45 375 186.21 375 185.97 c 375 185.61 374.88 185.37 374.64 185.01 c 374.4 184.77 374.04 184.29 373.32 183.81 c 372.96 183.45 372.6 183.09 372.36 182.85 c 372.12 182.61 372 182.37 371.88 182.13 c 371.88 181.89 371.76 181.77 371.76 181.53 c 375.72 181.53 l 375.72 182.25 l 372.84 182.25 l h f 
377.52 181.89 m 377.52 181.77 377.52 181.77 377.64 181.65 c 377.76 181.53 377.88 181.41 378.12 181.41 c 378.24 181.41 378.48 181.53 378.6 181.53 c 378.72 181.65 378.84 181.89 379.08 182.13 c 380.28 183.69 l 380.64 182.25 l 380.64 182.01 380.76 181.77 380.76 181.65 c 380.88 181.53 381.12 181.41 381.24 181.41 c 381.6 181.41 381.84 181.65 382.2 182.01 c 382.44 182.25 382.56 182.49 382.68 182.85 c 382.56 182.85 l 382.32 182.61 382.2 182.37 382.08 182.25 c 381.96 182.13 381.84 182.13 381.72 182.13 c 381.6 182.13 381.6 182.25 381.48 182.37 c 381.36 182.49 381.36 182.73 381.24 183.09 c 381.24 183.45 381.12 183.81 381 184.05 c 381 184.41 380.88 184.65 380.88 184.65 c 380.88 184.65 381.12 185.01 381.36 185.37 c 381.72 185.85 381.96 186.09 382.08 186.09 c 382.08 186.09 382.2 186.09 382.2 186.09 c 382.2 186.09 382.32 186.09 382.32 185.97 c 382.44 185.97 l 382.56 185.97 382.56 185.97 382.56 185.97 c 382.68 185.85 382.68 185.85 382.68 185.85 c 382.8 185.85 382.92 185.97 383.04 185.97 c 383.04 186.09 383.04 186.21 383.04 186.33 c 383.04 186.45 383.04 186.69 382.92 186.69 c 382.8 186.69 382.68 186.81 382.56 186.81 c 382.44 186.81 382.32 186.69 382.08 186.57 c 381.96 186.57 381.84 186.33 381.6 186.21 c 381.48 185.97 381.24 185.61 380.88 185.01 c 380.76 185.73 l 380.64 186.21 380.52 186.45 380.4 186.69 c 380.28 186.69 380.16 186.81 380.04 186.81 c 379.92 186.81 379.8 186.81 379.68 186.69 c 379.56 186.69 379.44 186.69 379.2 186.57 c 378.6 186.33 l 378.6 186.21 l 378.72 186.21 378.84 186.21 378.96 186.21 c 379.08 186.33 379.2 186.33 379.32 186.33 c 379.44 186.33 379.56 186.33 379.56 186.21 c 379.68 186.09 379.68 185.97 379.8 185.61 c 379.92 185.37 379.92 185.01 380.04 184.65 c 380.16 184.29 380.16 184.05 380.16 184.05 c 379.68 183.33 379.32 182.85 379.2 182.73 c 378.96 182.37 378.84 182.25 378.84 182.25 c 378.72 182.13 378.72 182.13 378.6 182.13 c 378.6 182.13 378.6 182.13 378.48 182.13 c 378.48 182.13 378.48 182.13 378.48 182.13 c 378.24 182.25 l 378.24 182.25 378.12 182.37 378.12 182.37 c 378 182.37 378 182.37 378 182.37 c 377.88 182.37 377.76 182.37 377.64 182.25 c 377.64 182.25 377.52 182.13 377.52 181.89 c h f 
385.56 187.89 m 385.32 187.65 385.08 187.65 384.84 187.65 c 384.6 187.65 384.48 187.65 384.24 187.89 c 384.12 188.01 384 188.25 384 188.49 c 384 188.73 384.12 188.97 384.24 189.09 c 384.48 189.33 384.6 189.33 384.84 189.33 c 385.2 189.33 385.32 189.33 385.56 189.09 c 385.68 188.97 385.8 188.73 385.8 188.49 c 385.8 188.25 385.68 188.01 385.56 187.89 c h 384 189.45 m 383.76 189.21 383.64 188.85 383.64 188.49 c 383.64 188.13 383.76 187.89 384 187.53 c 384.24 187.29 384.48 187.17 384.84 187.17 c 385.2 187.17 385.56 187.29 385.8 187.53 c 386.04 187.89 386.16 188.13 386.16 188.49 c 386.16 188.85 386.04 189.21 385.8 189.45 c 385.56 189.69 385.2 189.81 384.84 189.81 c 384.48 189.81 384.24 189.69 384 189.45 c h f 
q 0.12 0 0 -0.12 0 841.89 cm 1 j 0.141 0.125 0.129 SC 3213 5450 m 3211 5452 3209 5452 3207 5452 c 3205 5452 3204 5452 3202 5450 c 3201 5449 3200 5447 3200 5445 c 3200 5443 3201 5441 3202 5440 c 3204 5438 3205 5438 3207 5438 c 3210 5438 3211 5438 3213 5440 c 3214 5441 3215 5443 3215 5445 c 3215 5447 3214 5449 3213 5450 c S Q 
q 0.12 0 0 -0.12 0 841.89 cm 1 w 1 j 0.141 0.125 0.129 SC 3200 5437 m 3198 5439 3197 5442 3197 5445 c 3197 5448 3198 5450 3200 5453 c 3202 5455 3204 5456 3207 5456 c 3210 5456 3213 5455 3215 5453 c 3217 5450 3218 5448 3218 5445 c 3218 5442 3217 5439 3215 5437 c 3213 5435 3210 5434 3207 5434 c 3204 5434 3202 5435 3200 5437 c S Q 
1 w 0.141 0.125 0.129 sc 506.52 223.29 m 509.4 223.29 l 509.4 223.41 l 509.04 223.53 508.8 223.53 508.68 223.65 c 508.56 223.77 508.44 224.01 508.44 224.37 c 508.44 226.17 l 508.8 226.53 l 510.72 224.37 l 510.84 224.25 510.96 224.13 511.08 224.01 c 511.08 223.89 511.2 223.77 511.2 223.77 c 511.2 223.65 511.08 223.53 510.96 223.53 c 510.84 223.53 510.72 223.53 510.48 223.41 c 510.48 223.29 l 513.48 223.29 l 513.48 223.41 l 513.24 223.53 513 223.53 512.76 223.65 c 512.64 223.77 512.4 224.13 511.92 224.61 c 509.52 227.13 l 511.44 228.93 l 511.8 229.29 512.04 229.53 512.28 229.53 c 512.4 229.65 512.64 229.77 513 229.77 c 513 230.01 l 510.36 230.01 l 510.36 229.77 l 510.6 229.77 510.72 229.77 510.84 229.65 c 510.96 229.65 511.08 229.53 511.08 229.41 c 511.08 229.29 510.72 228.81 510 228.21 c 509.64 227.73 509.16 227.37 508.44 226.77 c 508.44 228.81 l 508.44 229.17 508.56 229.41 508.68 229.53 c 508.8 229.65 509.04 229.77 509.4 229.77 c 509.4 230.01 l 506.52 230.01 l 506.52 229.77 l 507 229.77 507.24 229.65 507.36 229.53 c 507.48 229.41 507.48 229.17 507.48 228.81 c 507.48 224.49 l 507.48 224.01 507.48 223.77 507.36 223.65 c 507.24 223.53 507 223.53 506.52 223.41 c 506.52 223.29 l h f 
452.64 223.89 m 452.64 223.65 452.64 223.53 452.88 223.41 c 453 223.29 453.24 223.17 453.6 223.17 c 454.08 223.17 454.44 223.29 454.8 223.65 c 455.16 224.01 455.28 224.49 455.28 225.21 c 455.28 228.93 l 455.28 229.17 455.28 229.41 455.4 229.53 c 455.52 229.65 455.76 229.77 456.24 229.77 c 456.24 230.01 l 453.36 230.01 l 453.36 229.77 l 453.72 229.77 453.96 229.65 454.08 229.53 c 454.2 229.53 454.2 229.29 454.2 228.81 c 454.2 224.25 l 454.2 224.01 454.2 223.77 454.2 223.65 c 454.08 223.65 454.08 223.53 453.96 223.53 c 453.84 223.53 453.72 223.65 453.6 224.01 c 453.48 224.25 453.24 224.37 453.12 224.37 c 453 224.37 452.88 224.37 452.76 224.25 c 452.64 224.13 452.64 224.01 452.64 223.89 c h f 
479.88 164.73 m 485.28 164.73 l 485.76 166.53 l 485.52 166.53 l 485.16 165.93 484.92 165.57 484.56 165.33 c 484.32 165.21 483.6 165.21 482.76 165.21 c 482.52 165.21 482.4 165.21 482.28 165.21 c 482.16 165.21 482.16 165.21 482.04 165.21 c 481.92 165.21 481.8 165.21 481.8 165.33 c 481.8 165.33 481.8 165.45 481.8 165.57 c 481.8 170.37 l 481.8 170.73 481.8 170.97 481.92 171.09 c 482.04 171.21 482.28 171.21 482.64 171.21 c 482.64 171.45 l 479.88 171.45 l 479.88 171.21 l 480.24 171.21 480.48 171.21 480.6 171.09 c 480.72 170.97 480.72 170.73 480.72 170.37 c 480.72 165.81 l 480.72 165.45 480.72 165.21 480.6 165.21 c 480.48 165.09 480.24 164.97 479.88 164.97 c 479.88 164.73 l h f 
424.92 164.73 m 427.68 164.73 l 427.68 164.97 l 427.32 164.97 427.08 165.09 426.96 165.21 c 426.84 165.21 426.84 165.45 426.84 165.81 c 426.84 167.97 l 429.84 167.97 l 429.84 165.93 l 429.84 165.57 429.84 165.33 429.72 165.21 c 429.6 165.09 429.36 164.97 429 164.97 c 429 164.73 l 431.76 164.73 l 431.76 164.97 l 431.4 164.97 431.16 165.09 431.04 165.21 c 430.92 165.21 430.92 165.45 430.92 165.81 c 430.92 170.37 l 430.92 170.73 430.92 170.97 431.04 171.09 c 431.16 171.21 431.4 171.21 431.76 171.21 c 431.76 171.45 l 429 171.45 l 429 171.21 l 429.36 171.21 429.6 171.21 429.72 171.09 c 429.84 170.97 429.84 170.73 429.84 170.37 c 429.84 168.33 l 426.84 168.33 l 426.84 170.37 l 426.84 170.73 426.84 170.97 426.96 171.09 c 427.08 171.21 427.32 171.21 427.68 171.21 c 427.68 171.45 l 424.92 171.45 l 424.92 171.21 l 425.28 171.21 425.52 171.21 425.64 171.09 c 425.76 170.97 425.76 170.73 425.76 170.37 c 425.76 165.93 l 425.76 165.57 425.76 165.33 425.64 165.21 c 425.52 165.09 425.28 164.97 424.92 164.97 c 424.92 164.73 l h f 
q 0.12 0 0 -0.12 0 841.89 cm 7 w 1 J 1 j 0.925 0.008 0.553 SC 3793 5173 m 4244 5173 l S Q 
q 0.12 0 0 -0.12 0 841.89 cm 7 w 1 J 1 j 0.925 0.008 0.553 SC 3568 5564 m 4018 5564 l 4244 5173 l S Q 
q 0.12 0 0 -0.12 0 841.89 cm 7 w 1 J 1 j 0.925 0.008 0.553 SC 3568 5564 m 3793 5173 l S Q 
q 0.12 0 0 -0.12 0 841.89 cm 7 w 1 J 1 j 0.925 0.008 0.553 SC 4208 5233 m 4186 5221 4174 5198 4174 5174 c S Q 
1 w 0.925 0.008 0.553 sc 440.04 199.89 m 444.48 197.37 l 444.12 196.89 l 439.8 199.41 l 440.04 199.89 l h 439.2 198.45 m 443.64 195.93 l 443.28 195.33 l 438.96 197.97 l 439.2 198.45 l h f 
483.36 223.65 m 483.36 218.61 l 482.76 218.61 l 482.76 223.65 l 483.36 223.65 l h 481.68 223.65 m 481.68 218.61 l 481.08 218.61 l 481.08 223.65 l 481.68 223.65 l h f 
497.28 195.33 m 492.96 197.97 l 493.2 198.45 l 497.64 195.93 l 497.28 195.33 l h 498.24 196.89 m 493.8 199.41 l 494.04 199.89 l 498.48 197.37 l 498.24 196.89 l h f 
454.08 171.57 m 454.08 176.73 l 454.68 176.73 l 454.68 171.57 l 454.08 171.57 l h 455.76 171.57 m 455.76 176.73 l 456.36 176.73 l 456.36 171.57 l 455.76 171.57 l h f 
0.141 0.125 0.129 sc 491.64 214.77 m 491.4 215.01 491.04 215.13 490.68 215.13 c 490.08 215.13 489.6 214.89 489.24 214.53 c 488.88 214.05 488.76 213.33 488.76 212.25 c 488.76 211.29 488.88 210.69 489.24 210.21 c 489.6 209.85 490.08 209.61 490.56 209.61 c 490.92 209.61 491.16 209.73 491.4 209.85 c 491.76 209.97 491.88 210.21 492 210.57 c 492.24 210.81 492.24 211.17 492.24 211.41 c 492.24 212.01 492.12 212.37 491.76 212.73 c 491.52 213.09 491.16 213.21 490.68 213.21 c 490.44 213.21 490.2 213.21 489.96 213.09 c 489.72 212.97 489.48 212.73 489.36 212.49 c 489.36 213.09 489.48 213.45 489.6 213.69 c 489.72 214.05 489.84 214.29 490.08 214.41 c 490.2 214.53 490.44 214.65 490.56 214.65 c 490.92 214.65 491.04 214.53 491.28 214.29 c 491.4 214.17 491.52 214.05 491.52 213.69 c 492.24 213.81 l 492.12 214.17 492 214.53 491.64 214.77 c h 489.84 212.25 m 489.96 212.49 490.2 212.61 490.56 212.61 c 490.8 212.61 491.04 212.49 491.28 212.25 c 491.52 212.13 491.64 211.77 491.64 211.41 c 491.64 211.05 491.52 210.69 491.28 210.45 c 491.04 210.33 490.8 210.21 490.56 210.21 c 490.32 210.21 490.2 210.21 490.08 210.33 c 489.84 210.45 489.72 210.57 489.6 210.81 c 489.48 211.05 489.48 211.29 489.48 211.41 c 489.48 211.77 489.6 212.13 489.84 212.25 c h f 
493.44 210.21 m 493.8 209.85 494.16 209.61 494.64 209.61 c 495.12 209.61 495.36 209.73 495.6 209.97 c 495.96 210.09 496.08 210.45 496.2 210.81 c 496.32 211.17 496.44 211.77 496.44 212.37 c 496.44 212.85 496.44 213.33 496.32 213.69 c 496.2 213.93 496.08 214.29 495.96 214.41 c 495.84 214.65 495.6 214.89 495.48 215.01 c 495.24 215.13 495 215.13 494.64 215.13 c 494.28 215.13 493.92 215.01 493.68 214.77 c 493.44 214.65 493.2 214.29 493.08 213.93 c 492.96 213.57 492.96 212.97 492.96 212.37 c 492.96 211.41 493.08 210.57 493.44 210.21 c h 493.92 214.17 m 494.16 214.41 494.4 214.53 494.64 214.53 c 495 214.53 495.24 214.41 495.48 214.17 c 495.6 213.81 495.72 213.21 495.72 212.37 c 495.72 211.53 495.6 210.93 495.48 210.57 c 495.24 210.33 495 210.21 494.64 210.21 c 494.4 210.21 494.16 210.33 493.92 210.57 c 493.68 210.93 493.56 211.53 493.56 212.37 c 493.56 213.21 493.68 213.81 493.92 214.17 c h f 
497.76 214.77 m 498.12 214.41 498.36 214.29 498.72 214.29 c 499.2 214.29 499.44 214.41 499.68 214.77 c 500.04 215.01 500.16 215.25 500.16 215.73 c 500.16 216.09 500.04 216.33 499.68 216.69 c 499.44 216.93 499.2 217.05 498.72 217.05 c 498.36 217.05 498.12 216.93 497.76 216.69 c 497.52 216.33 497.4 216.09 497.4 215.73 c 497.4 215.25 497.52 215.01 497.76 214.77 c h 498.24 216.21 m 498.36 216.45 498.6 216.45 498.84 216.45 c 498.96 216.45 499.2 216.45 499.32 216.21 c 499.56 216.09 499.56 215.85 499.56 215.73 c 499.56 215.49 499.56 215.25 499.32 215.13 c 499.2 214.89 498.96 214.89 498.84 214.89 c 498.6 214.89 498.36 214.89 498.24 215.13 c 498 215.25 498 215.49 498 215.73 c 498 215.85 498 216.09 498.24 216.21 c h f 
q 0.12 0 0 -0.12 0 841.89 cm 1 j 0.141 0.125 0.129 SC 2954 5808 m 2958 5808 2961 5807 2962 5806 c 2963 5805 2963 5802 2963 5797 c 2963 5750 l 2963 5746 2963 5743 2961 5742 c 2960 5741 2958 5740 2954 5740 c 2954 5738 l 2984 5738 l 2984 5740 l 2980 5740 2977 5741 2976 5742 c 2975 5743 2974 5746 2974 5750 c 2974 5771 l 3007 5771 l 3007 5750 l 3007 5746 3007 5743 3006 5742 c 3004 5741 3002 5740 2998 5740 c 2998 5738 l 3028 5738 l 3028 5740 l 3024 5740 3021 5741 3020 5742 c 3019 5743 3018 5746 3018 5750 c 3018 5798 l 3018 5802 3019 5805 3020 5806 c 3021 5807 3024 5808 3028 5808 c 3028 5810 l 2998 5810 l 2998 5808 l 3002 5808 3005 5807 3006 5806 c 3007 5805 3007 5802 3007 5797 c 3007 5776 l 2974 5776 l 2974 5798 l 2974 5802 2975 5805 2976 5806 c 2977 5807 2980 5808 2984 5808 c 2984 5810 l 2954 5810 l 2954 5808 l h S Q 
q 0.12 0 0 -0.12 0 841.89 cm 1 w 1 j 0.141 0.125 0.129 SC 3032 5808 m 3036 5808 3038 5807 3040 5806 c 3041 5805 3041 5802 3041 5798 c 3041 5750 l 3041 5746 3041 5743 3040 5742 c 3038 5741 3036 5740 3032 5740 c 3032 5738 l 3063 5738 l 3063 5740 l 3059 5740 3056 5741 3054 5742 c 3053 5743 3052 5745 3052 5749 c 3052 5801 l 3052 5803 3053 5804 3053 5804 c 3053 5805 3054 5805 3056 5806 c 3057 5806 3057 5806 3058 5806 c 3059 5806 3061 5806 3063 5806 c 3073 5806 3080 5805 3083 5803 c 3086 5802 3090 5798 3093 5791 c 3096 5791 l 3090 5810 l 3032 5810 l 3032 5808 l h S Q 
q 0.12 0 0 -0.12 0 841.89 cm 1 w 1 j 0.141 0.125 0.129 SC 3099 5808 m 3103 5808 3106 5807 3107 5806 c 3108 5805 3109 5802 3109 5797 c 3109 5750 l 3109 5746 3108 5743 3107 5742 c 3106 5741 3103 5740 3099 5740 c 3099 5738 l 3130 5738 l 3130 5740 l 3126 5740 3123 5741 3122 5742 c 3120 5743 3120 5746 3120 5750 c 3120 5772 l 3126 5766 3132 5761 3136 5757 c 3144 5750 3148 5745 3148 5743 c 3148 5742 3147 5741 3146 5741 c 3144 5740 3143 5740 3140 5740 c 3140 5738 l 3169 5738 l 3169 5740 l 3165 5740 3163 5741 3161 5742 c 3159 5743 3156 5745 3152 5748 c 3131 5768 l 3157 5796 l 3162 5801 3165 5805 3167 5806 c 3168 5807 3171 5808 3174 5808 c 3174 5810 l 3141 5810 l 3141 5808 l 3144 5808 3146 5808 3147 5808 c 3148 5807 3148 5806 3148 5805 c 3148 5805 3148 5804 3147 5803 c 3147 5801 3146 5800 3144 5798 c 3123 5775 l 3120 5779 l 3120 5798 l 3120 5802 3120 5805 3122 5806 c 3123 5807 3125 5808 3130 5808 c 3130 5810 l 3099 5810 l 3099 5808 l h S Q 
q 0.12 0 0 -0.12 0 841.89 cm 1 w 1 j 0.141 0.125 0.129 SC 3177 5804 m 3177 5802 3177 5801 3178 5800 c 3179 5799 3181 5798 3182 5798 c 3184 5798 3186 5800 3187 5803 c 3188 5806 3190 5808 3191 5808 c 3192 5808 3193 5807 3194 5806 c 3194 5804 3195 5802 3195 5799 c 3195 5750 l 3195 5746 3194 5743 3193 5742 c 3191 5741 3189 5740 3185 5740 c 3185 5738 l 3216 5738 l 3216 5740 l 3212 5740 3209 5741 3208 5742 c 3206 5743 3206 5746 3206 5750 c 3206 5790 l 3206 5797 3204 5803 3200 5806 c 3197 5810 3193 5811 3187 5811 c 3184 5811 3181 5811 3180 5809 c 3178 5808 3177 5806 3177 5804 c h S Q 
1 w 0.141 0.125 0.129 sc 354.48 144.93 m 354.96 144.93 355.32 145.05 355.44 145.17 c 355.56 145.29 355.56 145.65 355.56 146.25 c 355.56 151.89 l 355.56 152.37 355.56 152.73 355.32 152.85 c 355.2 152.97 354.96 153.09 354.48 153.09 c 354.48 153.33 l 358.08 153.33 l 358.08 153.09 l 357.6 153.09 357.24 152.97 357.12 152.85 c 357 152.73 356.88 152.37 356.88 151.89 c 356.88 149.37 l 360.84 149.37 l 360.84 151.89 l 360.84 152.37 360.84 152.73 360.72 152.85 c 360.48 152.97 360.24 153.09 359.76 153.09 c 359.76 153.33 l 363.36 153.33 l 363.36 153.09 l 362.88 153.09 362.52 152.97 362.4 152.85 c 362.28 152.73 362.16 152.37 362.16 151.89 c 362.16 146.13 l 362.16 145.65 362.28 145.29 362.4 145.17 c 362.52 145.05 362.88 144.93 363.36 144.93 c 363.36 144.69 l 359.76 144.69 l 359.76 144.93 l 360.24 144.93 360.6 145.05 360.72 145.17 c 360.84 145.29 360.84 145.65 360.84 146.25 c 360.84 148.77 l 356.88 148.77 l 356.88 146.13 l 356.88 145.65 357 145.29 357.12 145.17 c 357.24 145.05 357.6 144.93 358.08 144.93 c 358.08 144.69 l 354.48 144.69 l 354.48 144.93 l h f 
363.84 144.93 m 364.32 144.93 364.56 145.05 364.68 145.17 c 364.92 145.29 364.92 145.65 364.92 146.13 c 364.92 151.89 l 364.92 152.37 364.92 152.73 364.8 152.85 c 364.56 152.97 364.32 153.09 363.84 153.09 c 363.84 153.33 l 367.44 153.33 l 367.44 153.09 l 366.96 153.09 366.72 152.97 366.48 152.85 c 366.36 152.73 366.24 152.49 366.24 152.01 c 366.24 145.77 l 366.24 145.53 366.36 145.41 366.36 145.41 c 366.36 145.29 366.48 145.29 366.72 145.17 c 366.72 145.17 366.84 145.17 366.96 145.17 c 367.08 145.17 367.32 145.17 367.56 145.17 c 368.76 145.17 369.6 145.29 369.96 145.53 c 370.32 145.65 370.8 146.13 371.16 146.97 c 371.52 146.97 l 370.8 144.69 l 363.84 144.69 l 363.84 144.93 l h f 
371.88 144.93 m 372.36 144.93 372.72 145.05 372.84 145.17 c 372.96 145.29 373.08 145.65 373.08 146.25 c 373.08 151.89 l 373.08 152.37 372.96 152.73 372.84 152.85 c 372.72 152.97 372.36 153.09 371.88 153.09 c 371.88 153.33 l 375.6 153.33 l 375.6 153.09 l 375.12 153.09 374.76 152.97 374.64 152.85 c 374.4 152.73 374.4 152.37 374.4 151.89 c 374.4 149.25 l 375.12 149.97 375.84 150.57 376.32 151.05 c 377.28 151.89 377.76 152.49 377.76 152.73 c 377.76 152.85 377.64 152.97 377.52 152.97 c 377.28 153.09 377.16 153.09 376.8 153.09 c 376.8 153.33 l 380.28 153.33 l 380.28 153.09 l 379.8 153.09 379.56 152.97 379.32 152.85 c 379.08 152.73 378.72 152.49 378.24 152.13 c 375.72 149.73 l 378.84 146.37 l 379.44 145.77 379.8 145.29 380.04 145.17 c 380.16 145.05 380.52 144.93 380.88 144.93 c 380.88 144.69 l 376.92 144.69 l 376.92 144.93 l 377.28 144.93 377.52 144.93 377.64 144.93 c 377.76 145.05 377.76 145.17 377.76 145.29 c 377.76 145.29 377.76 145.41 377.64 145.53 c 377.64 145.77 377.52 145.89 377.28 146.13 c 374.76 148.89 l 374.4 148.41 l 374.4 146.13 l 374.4 145.65 374.4 145.29 374.64 145.17 c 374.76 145.05 375 144.93 375.6 144.93 c 375.6 144.69 l 371.88 144.69 l 371.88 144.93 l h f 
381.24 145.41 m 381.24 145.65 381.24 145.77 381.36 145.89 c 381.48 146.01 381.72 146.13 381.84 146.13 c 382.08 146.13 382.32 145.89 382.44 145.53 c 382.56 145.17 382.8 144.93 382.92 144.93 c 383.04 144.93 383.16 145.05 383.28 145.17 c 383.28 145.41 383.4 145.65 383.4 146.01 c 383.4 151.89 l 383.4 152.37 383.28 152.73 383.16 152.85 c 382.92 152.97 382.68 153.09 382.2 153.09 c 382.2 153.33 l 385.92 153.33 l 385.92 153.09 l 385.44 153.09 385.08 152.97 384.96 152.85 c 384.72 152.73 384.72 152.37 384.72 151.89 c 384.72 147.09 l 384.72 146.25 384.48 145.53 384 145.17 c 383.64 144.69 383.16 144.57 382.44 144.57 c 382.08 144.57 381.72 144.57 381.6 144.81 c 381.36 144.93 381.24 145.17 381.24 145.41 c h f 
391.56 141.69 m 390.96 141.69 390.36 141.93 390 142.29 c 389.64 142.65 389.52 143.25 389.52 143.97 c 389.52 144.09 389.52 144.21 389.52 144.33 c 389.52 144.45 389.52 144.69 389.52 144.81 c 389.64 145.05 389.64 145.29 389.76 145.53 c 390.12 145.41 l 390.12 145.05 390 144.69 390 144.57 c 390 143.97 390.12 143.49 390.48 143.25 c 390.72 142.89 391.08 142.77 391.56 142.77 c 392.04 142.77 392.4 142.89 392.76 142.89 c 393.12 143.01 393.36 143.25 393.72 143.37 c 393.96 143.61 394.2 143.85 394.44 144.09 c 394.2 144.57 393.96 145.05 393.84 145.41 c 393.72 145.77 393.6 146.01 393.6 146.25 c 393.6 146.49 393.6 146.73 393.84 146.85 c 393.96 147.09 394.2 147.33 394.44 147.45 c 394.44 147.33 394.56 147.09 394.56 146.85 c 394.56 146.61 394.68 146.37 394.68 145.89 c 395.04 145.77 395.28 145.77 395.52 145.77 c 395.64 145.77 395.64 145.77 395.64 145.65 c 395.64 144.81 l 395.64 144.69 395.64 144.69 395.52 144.69 c 395.4 144.69 395.28 144.69 395.28 144.69 c 395.16 144.81 395.04 144.81 394.92 144.81 c 394.92 144.57 l 394.92 143.97 394.8 143.61 394.44 143.13 c 394.2 142.65 393.72 142.29 393.24 142.05 c 393 141.93 392.64 141.81 392.4 141.81 c 392.16 141.69 391.8 141.69 391.56 141.69 c h 391.92 147.45 m 391.56 147.69 391.2 147.93 391.08 148.17 c 391.2 148.41 391.44 148.53 391.56 148.65 c 391.68 148.89 391.8 149.01 391.92 149.13 c 391.92 149.01 392.04 148.89 392.28 148.65 c 392.4 148.53 392.52 148.41 392.64 148.29 c 392.52 148.17 392.4 148.05 392.28 147.93 c 392.16 147.69 392.04 147.57 391.92 147.45 c h f 
395.52 144.69 m 395.4 144.69 395.4 144.69 395.4 144.81 c 395.4 145.65 l 395.4 145.77 395.4 145.77 395.52 145.77 c 395.88 145.77 396.24 145.77 396.6 145.77 c 396.96 145.89 397.2 145.89 397.32 146.01 c 397.44 146.01 397.56 146.13 397.68 146.37 c 397.8 146.49 397.92 146.73 398.04 147.21 c 398.16 147.33 398.28 147.33 398.28 147.45 c 398.4 147.45 398.4 147.45 398.52 147.45 c 398.64 147.45 398.76 147.45 398.88 147.33 c 398.88 147.21 398.76 147.09 398.64 146.85 c 398.64 146.73 398.52 146.61 398.52 146.49 c 398.4 146.25 398.4 146.25 398.4 146.13 c 398.64 146.01 398.76 145.89 399 145.89 c 399.24 145.77 399.48 145.77 399.72 145.77 c 399.72 145.77 399.84 145.77 399.84 145.65 c 399.84 144.81 l 399.84 144.69 399.72 144.69 399.72 144.69 c 399 144.69 398.4 144.93 397.92 145.41 c 397.8 145.17 l 397.68 145.17 397.56 145.05 397.32 144.93 c 397.08 144.93 396.84 144.81 396.48 144.81 c 396.12 144.69 395.88 144.69 395.52 144.69 c h 398.52 142.53 m 398.16 142.77 397.92 143.01 397.8 143.25 c 397.92 143.37 398.16 143.73 398.52 143.97 c 398.52 143.97 398.64 143.97 398.76 143.85 c 398.88 143.73 399 143.49 399.24 143.37 c 399.12 143.25 399.12 143.13 399 143.01 c 398.88 142.77 398.64 142.65 398.52 142.53 c h 396.84 142.41 m 396.72 142.53 396.6 142.65 396.48 142.77 c 396.24 142.89 396.24 143.01 396.12 143.01 c 396.24 143.13 396.36 143.25 396.48 143.37 c 396.6 143.61 396.72 143.73 396.84 143.85 c 396.84 143.85 396.96 143.73 397.08 143.61 c 397.2 143.49 397.32 143.37 397.56 143.13 c 397.44 143.01 397.44 142.89 397.32 142.77 c 397.2 142.65 397.08 142.53 396.84 142.41 c h f 
399.6 144.69 m 399.6 144.69 399.48 144.69 399.48 144.81 c 399.48 145.65 l 399.48 145.77 399.6 145.77 399.6 145.77 c 400.08 145.77 400.44 145.77 400.68 145.77 c 401.04 145.89 401.28 145.89 401.64 146.01 c 401.4 146.25 l 401.28 146.49 401.16 146.61 401.04 146.73 c 400.92 146.85 400.8 146.97 400.8 147.09 c 400.68 147.09 400.68 147.21 400.56 147.21 c 400.56 147.33 400.44 147.33 400.44 147.45 c 400.2 147.33 l 400.08 147.45 399.96 147.69 399.96 147.93 c 399.96 148.05 399.96 148.17 400.08 148.29 c 400.2 148.53 400.44 148.65 400.56 148.77 c 400.8 148.77 401.04 148.89 401.28 149.01 c 401.52 149.13 401.88 149.13 402.24 149.13 c 402.6 149.13 402.96 149.13 403.2 149.01 c 403.44 148.77 403.68 148.65 403.8 148.41 c 403.92 148.17 404.04 147.93 404.04 147.69 c 404.04 147.33 403.92 146.97 403.8 146.73 c 403.56 146.49 403.32 146.13 403.08 145.89 c 403.2 145.89 403.44 145.77 403.68 145.77 c 403.92 145.77 404.28 145.77 404.52 145.77 c 404.64 145.77 404.64 145.77 404.64 145.65 c 404.64 144.81 l 404.64 144.69 404.64 144.69 404.52 144.69 c 404.04 144.69 403.56 144.81 403.2 144.81 c 402.84 144.93 402.48 145.17 402.24 145.41 c 401.76 145.17 401.4 144.93 400.92 144.81 c 400.56 144.81 400.08 144.69 399.6 144.69 c h 402.36 146.37 m 402.6 146.49 402.84 146.61 402.96 146.85 c 403.08 147.09 403.08 147.21 403.08 147.45 c 403.08 147.57 403.08 147.81 402.84 147.93 c 402.72 148.05 402.6 148.05 402.36 148.05 c 402.12 148.05 401.88 148.05 401.64 148.05 c 401.4 147.93 401.28 147.93 401.04 147.81 c 401.16 147.69 401.28 147.57 401.4 147.33 c 401.64 147.21 401.88 146.97 402.12 146.61 c 402.12 146.61 402.12 146.49 402.24 146.49 c 402.24 146.49 402.36 146.37 402.36 146.37 c h f 
408.12 144.69 m 407.76 144.69 407.28 144.69 406.92 144.81 c 406.56 144.81 406.32 144.93 405.96 145.05 c 405.72 144.93 405.36 144.81 405.12 144.81 c 405 144.69 404.76 144.69 404.52 144.69 c 404.4 144.69 404.4 144.69 404.4 144.81 c 404.4 145.65 l 404.4 145.77 404.4 145.77 404.52 145.77 c 404.64 145.77 404.76 145.77 404.88 145.77 c 405 145.77 405.12 145.77 405.24 145.89 c 405.12 145.89 405.12 145.89 405.12 146.01 c 405.12 146.01 405.12 146.13 405.12 146.13 c 405.12 146.37 405.24 146.61 405.36 146.85 c 405.48 147.21 405.6 147.45 405.72 147.69 c 405.96 147.93 406.08 148.17 406.32 148.29 c 406.68 148.53 407.04 148.65 407.28 148.65 c 407.4 148.65 407.52 148.65 407.64 148.53 c 407.76 148.41 407.76 148.29 407.88 148.05 c 407.88 147.93 408 147.81 408 147.69 c 408.12 147.57 408.12 147.45 408.24 147.21 c 408.36 146.97 408.48 146.73 408.48 146.49 c 408.6 146.25 408.72 146.13 408.84 146.01 c 408.96 145.77 409.2 145.77 409.32 145.77 c 409.44 145.77 409.44 145.65 409.44 145.65 c 409.44 144.81 l 409.44 144.69 409.44 144.69 409.32 144.69 c 408.96 144.69 408.6 144.81 408.24 145.17 c 408.12 144.69 l h 408 145.65 m 407.76 145.89 407.64 146.13 407.52 146.49 c 407.4 146.85 407.4 147.33 407.28 147.69 c 407.16 147.57 406.92 147.45 406.68 147.33 c 406.44 147.21 406.32 147.09 406.2 146.85 c 405.96 146.73 405.84 146.49 405.72 146.37 c 405.96 146.13 406.32 146.01 406.68 145.89 c 407.04 145.77 407.4 145.65 408 145.65 c h f 
409.2 144.69 m 409.2 144.69 409.08 144.69 409.08 144.81 c 409.08 145.65 l 409.08 145.77 409.2 145.77 409.2 145.77 c 409.68 145.77 410.04 145.89 410.52 146.01 c 410.52 146.37 410.4 146.61 410.4 146.85 c 410.4 147.09 410.4 147.33 410.28 147.57 c 410.28 148.17 410.16 148.77 410.16 149.49 c 410.04 150.21 409.92 150.93 409.8 151.77 c 409.92 151.89 410.04 152.01 410.28 152.13 c 410.4 152.25 410.64 152.37 410.76 152.49 c 410.76 152.01 410.76 151.41 410.88 150.93 c 410.88 150.33 410.88 149.73 410.88 149.13 c 411 148.65 411 148.17 411 147.69 c 411 147.21 411 146.73 411 146.37 c 411 146.13 411 146.01 410.88 145.77 c 410.88 145.53 410.76 145.29 410.64 145.05 c 410.52 144.93 410.4 144.93 410.16 144.81 c 409.92 144.69 409.56 144.69 409.2 144.69 c h f 
412.92 144.69 m 412.92 145.41 412.92 146.13 412.92 146.73 c 412.92 147.33 412.8 147.93 412.8 148.41 c 412.8 149.01 412.8 149.49 412.68 149.97 c 412.68 150.45 412.68 150.93 412.56 151.41 c 412.56 151.65 412.56 151.77 412.68 152.01 c 412.68 152.13 412.8 152.25 412.92 152.25 c 413.16 152.37 413.28 152.37 413.52 152.49 c 413.52 152.25 413.64 152.01 413.64 151.77 c 413.76 151.53 413.88 151.29 413.88 151.05 c 413.64 150.81 l 413.64 150.21 413.64 149.73 413.64 149.13 c 413.64 148.53 413.64 147.81 413.64 147.21 c 413.64 146.49 413.64 145.65 413.52 144.81 c 412.92 144.69 l h f 
417.36 147.33 m 417.36 148.53 l 417.84 148.77 418.2 149.01 418.56 149.25 c 418.92 149.37 419.28 149.37 419.76 149.37 c 420.12 149.37 420.72 149.25 421.44 149.01 c 422.04 148.77 422.52 148.65 422.88 148.65 c 423.12 148.65 423.36 148.65 423.72 148.89 c 424.08 149.01 424.44 149.37 424.92 149.73 c 424.92 148.53 l 424.56 148.17 424.2 147.93 423.84 147.81 c 423.48 147.69 423.12 147.57 422.76 147.57 c 422.4 147.57 421.92 147.69 421.2 148.05 c 420.6 148.29 420 148.41 419.52 148.41 c 419.28 148.41 418.92 148.29 418.56 148.17 c 418.32 147.93 417.84 147.69 417.36 147.33 c h f 
q 0.12 0 0 -0.12 0 841.89 cm 3 w 0 J 0 j 4 M 0.141 0.125 0.129 SC 3478 5788 m 3478 5778 l 3482 5776 3485 5774 3488 5772 c 3491 5771 3494 5771 3498 5771 c 3501 5771 3506 5772 3512 5774 c 3517 5776 3521 5777 3524 5777 c 3526 5777 3528 5777 3531 5775 c 3534 5774 3537 5771 3541 5768 c 3541 5778 l 3538 5781 3535 5783 3532 5784 c 3529 5785 3526 5786 3523 5786 c 3520 5786 3516 5785 3510 5782 c 3505 5780 3500 5779 3496 5779 c 3494 5779 3491 5780 3488 5781 c 3486 5783 3482 5785 3478 5788 c h S Q 
q 0.12 0 0 -0.12 0 841.89 cm 1 w 0 J 0 j 4 M 0.141 0.125 0.129 SC 3613 5782 m 3600 5752 l 3588 5782 l 3613 5782 l h S Q 
q 0.12 0 0 -0.12 0 841.89 cm 1 w 0 J 0 j 4 M 0.141 0.125 0.129 SC 3566 5810 m 3566 5808 l 3569 5808 3571 5807 3572 5805 c 3574 5803 3576 5798 3580 5790 c 3602 5737 l 3604 5737 l 3631 5799 l 3633 5803 3635 5805 3636 5806 c 3637 5807 3639 5808 3641 5808 c 3641 5810 l 3613 5810 l 3613 5808 l 3617 5808 3619 5807 3620 5807 c 3621 5807 3621 5806 3621 5804 c 3621 5804 3621 5803 3620 5801 c 3620 5800 3620 5799 3619 5797 c 3615 5787 l 3586 5787 l 3583 5794 3581 5798 3581 5800 c 3580 5801 3580 5802 3580 5803 c 3580 5805 3581 5806 3582 5807 c 3583 5808 3585 5808 3587 5808 c 3587 5810 l 3566 5810 l h S Q 
q 0.12 0 0 -0.12 0 841.89 cm 1 w 0 J 0 j 4 M 0.141 0.125 0.129 SC 3675 5806 m 3681 5806 3685 5805 3689 5803 c 3693 5801 3695 5797 3695 5790 c 3695 5784 3693 5780 3688 5778 c 3684 5776 3678 5775 3671 5775 c 3670 5775 3669 5775 3668 5775 c 3668 5775 3667 5774 3666 5774 c 3666 5802 l 3666 5804 3667 5805 3668 5805 c 3669 5806 3671 5806 3675 5806 c h S Q 
q 0.12 0 0 -0.12 0 841.89 cm 1 w 0 J 0 j 4 M 0.141 0.125 0.129 SC 3645 5808 m 3649 5808 3652 5807 3653 5806 c 3655 5805 3655 5802 3655 5798 c 3655 5750 l 3655 5746 3655 5743 3653 5742 c 3652 5741 3649 5740 3645 5740 c 3645 5738 l 3675 5738 l 3684 5738 3691 5739 3696 5742 c 3701 5745 3704 5750 3704 5757 c 3704 5762 3702 5766 3698 5768 c 3696 5770 3693 5771 3689 5772 c 3694 5773 3698 5775 3702 5778 c 3706 5781 3707 5785 3707 5790 c 3707 5799 3703 5804 3696 5808 c 3691 5809 3686 5810 3680 5810 c 3645 5810 l 3645 5808 l h S Q 
q 0.12 0 0 -0.12 0 841.89 cm 1 w 0 J 0 j 4 M 0.141 0.125 0.129 SC 3677 5770 m 3680 5770 3683 5770 3686 5768 c 3690 5766 3693 5762 3693 5757 c 3693 5750 3690 5746 3685 5744 c 3682 5742 3677 5742 3671 5742 c 3669 5742 3668 5742 3667 5742 c 3667 5743 3666 5744 3666 5746 c 3666 5770 l 3677 5770 l h S Q 
q 0.12 0 0 -0.12 0 841.89 cm 1 w 0 J 0 j 4 M 0.141 0.125 0.129 SC 3756 5737 m 3760 5737 3764 5737 3768 5738 c 3772 5740 3774 5740 3775 5740 c 3776 5740 3777 5740 3778 5739 c 3779 5739 3779 5738 3780 5737 c 3782 5737 l 3783 5761 l 3780 5761 l 3779 5756 3777 5752 3775 5749 c 3770 5744 3764 5741 3757 5741 c 3749 5741 3743 5744 3738 5750 c 3733 5756 3731 5764 3731 5775 c 3731 5785 3733 5793 3738 5798 c 3744 5804 3750 5807 3758 5807 c 3763 5807 3769 5806 3773 5803 c 3776 5801 3779 5799 3782 5796 c 3784 5798 l 3782 5801 3779 5804 3775 5806 c 3769 5810 3763 5812 3756 5812 c 3744 5812 3735 5808 3728 5801 c 3721 5794 3718 5785 3718 5775 c 3718 5764 3722 5755 3728 5748 c 3735 5740 3744 5737 3756 5737 c h S Q 
q 0.12 0 0 -0.12 0 841.89 cm 1 w 0 J 0 j 4 M 0.141 0.125 0.129 SC 3811 5802 m 3811 5804 3811 5805 3812 5805 c 3813 5806 3814 5806 3817 5806 c 3826 5806 3833 5805 3838 5801 c 3847 5796 3851 5787 3851 5774 c 3851 5763 3847 5755 3840 5749 c 3834 5744 3827 5742 3817 5742 c 3814 5742 3813 5742 3812 5743 c 3811 5743 3811 5744 3811 5746 c 3811 5802 l h S Q 
q 0.12 0 0 -0.12 0 841.89 cm 1 w 0 J 0 j 4 M 0.141 0.125 0.129 SC 3790 5808 m 3794 5808 3796 5807 3798 5806 c 3799 5805 3799 5802 3799 5798 c 3799 5750 l 3799 5746 3799 5743 3798 5742 c 3796 5741 3794 5740 3790 5740 c 3790 5738 l 3819 5738 l 3829 5738 3837 5739 3844 5743 c 3857 5749 3863 5759 3863 5774 c 3863 5780 3862 5785 3859 5790 c 3857 5795 3854 5799 3849 5802 c 3847 5804 3844 5806 3841 5807 c 3835 5809 3828 5810 3820 5810 c 3790 5810 l 3790 5808 l h S Q 
1 w 0.141 0.125 0.129 sc 433.56 148.05 m 432 151.65 l 430.56 148.05 l 433.56 148.05 l h 427.92 144.69 m 427.92 144.93 l 428.28 144.93 428.52 145.05 428.64 145.29 c 428.88 145.53 429.12 146.13 429.6 147.09 c 432.24 153.45 l 432.48 153.45 l 435.72 146.01 l 435.96 145.53 436.2 145.29 436.32 145.17 c 436.44 145.05 436.68 144.93 436.92 144.93 c 436.92 144.69 l 433.56 144.69 l 433.56 144.93 l 434.04 144.93 434.28 145.05 434.4 145.05 c 434.52 145.05 434.52 145.17 434.52 145.41 c 434.52 145.41 434.52 145.53 434.4 145.77 c 434.4 145.89 434.4 146.01 434.28 146.25 c 433.8 147.45 l 430.32 147.45 l 429.96 146.61 429.72 146.13 429.72 145.89 c 429.6 145.77 429.6 145.65 429.6 145.53 c 429.6 145.29 429.72 145.17 429.84 145.05 c 429.96 144.93 430.2 144.93 430.44 144.93 c 430.44 144.69 l 427.92 144.69 l h f 
441 145.17 m 441.72 145.17 442.2 145.29 442.68 145.53 c 443.16 145.77 443.4 146.25 443.4 147.09 c 443.4 147.81 443.16 148.29 442.56 148.53 c 442.08 148.77 441.36 148.89 440.52 148.89 c 440.4 148.89 440.28 148.89 440.16 148.89 c 440.16 148.89 440.04 149.01 439.92 149.01 c 439.92 145.65 l 439.92 145.41 440.04 145.29 440.16 145.29 c 440.28 145.17 440.52 145.17 441 145.17 c h 437.4 144.93 m 437.88 144.93 438.24 145.05 438.36 145.17 c 438.6 145.29 438.6 145.65 438.6 146.13 c 438.6 151.89 l 438.6 152.37 438.6 152.73 438.36 152.85 c 438.24 152.97 437.88 153.09 437.4 153.09 c 437.4 153.33 l 441 153.33 l 442.08 153.33 442.92 153.21 443.52 152.85 c 444.12 152.49 444.48 151.89 444.48 151.05 c 444.48 150.45 444.24 149.97 443.76 149.73 c 443.52 149.49 443.16 149.37 442.68 149.25 c 443.28 149.13 443.76 148.89 444.24 148.53 c 444.72 148.17 444.84 147.69 444.84 147.09 c 444.84 146.01 444.36 145.41 443.52 144.93 c 442.92 144.81 442.32 144.69 441.6 144.69 c 437.4 144.69 l 437.4 144.93 l h 441.24 149.49 m 441.6 149.49 441.96 149.49 442.32 149.73 c 442.8 149.97 443.16 150.45 443.16 151.05 c 443.16 151.89 442.8 152.37 442.2 152.61 c 441.84 152.85 441.24 152.85 440.52 152.85 c 440.28 152.85 440.16 152.85 440.04 152.85 c 440.04 152.73 439.92 152.61 439.92 152.37 c 439.92 149.49 l 441.24 149.49 l h f 
450.72 153.45 m 451.2 153.45 451.68 153.45 452.16 153.33 c 452.64 153.09 452.88 153.09 453 153.09 c 453.12 153.09 453.24 153.09 453.36 153.21 c 453.48 153.21 453.48 153.33 453.6 153.45 c 453.84 153.45 l 453.96 150.57 l 453.6 150.57 l 453.48 151.17 453.24 151.65 453 152.01 c 452.4 152.61 451.68 152.97 450.84 152.97 c 449.88 152.97 449.16 152.61 448.56 151.89 c 447.96 151.17 447.72 150.21 447.72 148.89 c 447.72 147.69 447.96 146.73 448.56 146.13 c 449.28 145.41 450 145.05 450.96 145.05 c 451.56 145.05 452.28 145.17 452.76 145.53 c 453.12 145.77 453.48 146.01 453.84 146.37 c 454.08 146.13 l 453.84 145.77 453.48 145.41 453 145.17 c 452.28 144.69 451.56 144.45 450.72 144.45 c 449.28 144.45 448.2 144.93 447.36 145.77 c 446.52 146.61 446.16 147.69 446.16 148.89 c 446.16 150.21 446.64 151.29 447.36 152.13 c 448.2 153.09 449.28 153.45 450.72 153.45 c h 450.6 153.45 m 450.6 153.45 450.6 153.45 450.6 153.45 c h f 
457.2 145.65 m 457.2 145.41 457.32 145.29 457.44 145.29 c 457.56 145.17 457.68 145.17 458.04 145.17 c 459.12 145.17 459.96 145.29 460.56 145.77 c 461.64 146.37 462.12 147.45 462.12 149.01 c 462.12 150.33 461.64 151.29 460.8 152.01 c 460.08 152.61 459.24 152.85 458.04 152.85 c 457.68 152.85 457.56 152.85 457.44 152.73 c 457.32 152.73 457.2 152.61 457.2 152.37 c 457.2 145.65 l h 454.8 144.93 m 455.28 144.93 455.52 145.05 455.76 145.17 c 455.88 145.29 455.88 145.65 455.88 146.13 c 455.88 151.89 l 455.88 152.37 455.88 152.73 455.76 152.85 c 455.52 152.97 455.28 153.09 454.8 153.09 c 454.8 153.33 l 458.28 153.33 l 459.48 153.33 460.44 153.21 461.28 152.73 c 462.84 152.01 463.56 150.81 463.56 149.01 c 463.56 148.29 463.44 147.69 463.08 147.09 c 462.84 146.49 462.48 146.01 461.88 145.65 c 461.64 145.41 461.28 145.17 460.92 145.05 c 460.2 144.81 459.36 144.69 458.4 144.69 c 454.8 144.69 l 454.8 144.93 l h f 
469.44 141.69 m 468.72 141.69 468.24 141.93 467.88 142.29 c 467.52 142.65 467.28 143.25 467.28 143.97 c 467.28 144.09 467.28 144.21 467.4 144.33 c 467.4 144.45 467.4 144.69 467.4 144.81 c 467.4 145.05 467.52 145.29 467.52 145.53 c 468 145.41 l 467.88 145.05 467.88 144.69 467.88 144.57 c 467.88 143.97 468 143.49 468.24 143.25 c 468.6 142.89 468.96 142.77 469.44 142.77 c 469.8 142.77 470.16 142.89 470.52 142.89 c 470.88 143.01 471.24 143.25 471.6 143.37 c 471.84 143.61 472.08 143.85 472.32 144.09 c 471.96 144.57 471.84 145.05 471.6 145.41 c 471.48 145.77 471.48 146.01 471.48 146.25 c 471.48 146.49 471.48 146.73 471.6 146.85 c 471.84 147.09 471.96 147.33 472.32 147.45 c 472.32 147.33 472.32 147.09 472.44 146.85 c 472.44 146.61 472.56 146.37 472.56 145.89 c 472.8 145.77 473.16 145.77 473.4 145.77 c 473.52 145.77 473.52 145.77 473.52 145.65 c 473.52 144.81 l 473.52 144.69 473.52 144.69 473.4 144.69 c 473.28 144.69 473.16 144.69 473.04 144.69 c 472.92 144.81 472.8 144.81 472.8 144.81 c 472.8 144.57 l 472.8 143.97 472.56 143.61 472.32 143.13 c 471.96 142.65 471.6 142.29 471.12 142.05 c 470.76 141.93 470.52 141.81 470.28 141.81 c 469.92 141.69 469.68 141.69 469.44 141.69 c h 469.68 147.45 m 469.44 147.69 469.08 147.93 468.84 148.17 c 469.08 148.41 469.2 148.53 469.32 148.65 c 469.56 148.89 469.68 149.01 469.68 149.13 c 469.8 149.01 469.92 148.89 470.04 148.65 c 470.16 148.53 470.4 148.41 470.52 148.29 c 470.4 148.17 470.28 148.05 470.16 147.93 c 470.04 147.69 469.92 147.57 469.68 147.45 c h f 
473.28 144.69 m 473.28 144.69 473.28 144.69 473.28 144.81 c 473.28 145.65 l 473.28 145.77 473.28 145.77 473.28 145.77 c 473.76 145.77 474.12 145.77 474.48 145.77 c 474.84 145.89 475.08 145.89 475.2 146.01 c 475.32 146.01 475.44 146.13 475.44 146.37 c 475.56 146.49 475.8 146.73 475.92 147.21 c 476.04 147.33 476.04 147.33 476.16 147.45 c 476.16 147.45 476.28 147.45 476.4 147.45 c 476.52 147.45 476.64 147.45 476.76 147.33 c 476.64 147.21 476.64 147.09 476.52 146.85 c 476.52 146.73 476.4 146.61 476.4 146.49 c 476.28 146.25 476.28 146.25 476.16 146.13 c 476.4 146.01 476.64 145.89 476.88 145.89 c 477.12 145.77 477.36 145.77 477.6 145.77 c 477.6 145.77 477.6 145.77 477.6 145.65 c 477.6 144.81 l 477.6 144.69 477.6 144.69 477.6 144.69 c 476.88 144.69 476.28 144.93 475.8 145.41 c 475.68 145.17 l 475.56 145.17 475.44 145.05 475.2 144.93 c 474.96 144.93 474.6 144.81 474.36 144.81 c 474 144.69 473.64 144.69 473.28 144.69 c h 476.4 142.53 m 476.04 142.77 475.8 143.01 475.56 143.25 c 475.8 143.37 476.04 143.73 476.4 143.97 c 476.4 143.97 476.52 143.97 476.64 143.85 c 476.76 143.73 476.88 143.49 477.12 143.37 c 477 143.25 476.88 143.13 476.76 143.01 c 476.64 142.77 476.52 142.65 476.4 142.53 c h 474.72 142.41 m 474.6 142.53 474.36 142.65 474.24 142.77 c 474.12 142.89 474 143.01 474 143.01 c 474.12 143.13 474.24 143.25 474.36 143.37 c 474.48 143.61 474.6 143.73 474.72 143.85 c 474.72 143.85 474.84 143.73 474.96 143.61 c 475.08 143.49 475.2 143.37 475.44 143.13 c 475.32 143.01 475.2 142.89 475.08 142.77 c 474.96 142.65 474.84 142.53 474.72 142.41 c h f 
477.48 144.69 m 477.36 144.69 477.36 144.69 477.36 144.81 c 477.36 145.65 l 477.36 145.77 477.36 145.77 477.48 145.77 c 477.84 145.77 478.2 145.77 478.56 145.77 c 478.92 145.89 479.16 145.89 479.4 146.01 c 479.28 146.25 l 479.16 146.49 479.04 146.61 478.92 146.73 c 478.8 146.85 478.68 146.97 478.56 147.09 c 478.56 147.09 478.44 147.21 478.44 147.21 c 478.32 147.33 478.32 147.33 478.2 147.45 c 478.08 147.33 l 477.84 147.45 477.84 147.69 477.84 147.93 c 477.84 148.05 477.84 148.17 477.96 148.29 c 478.08 148.53 478.2 148.65 478.44 148.77 c 478.68 148.77 478.92 148.89 479.04 149.01 c 479.4 149.13 479.76 149.13 480.12 149.13 c 480.48 149.13 480.72 149.13 481.08 149.01 c 481.32 148.77 481.56 148.65 481.68 148.41 c 481.8 148.17 481.92 147.93 481.92 147.69 c 481.92 147.33 481.8 146.97 481.68 146.73 c 481.44 146.49 481.2 146.13 480.96 145.89 c 481.08 145.89 481.32 145.77 481.56 145.77 c 481.8 145.77 482.16 145.77 482.4 145.77 c 482.52 145.77 482.52 145.77 482.52 145.65 c 482.52 144.81 l 482.52 144.69 482.52 144.69 482.4 144.69 c 481.92 144.69 481.44 144.81 481.08 144.81 c 480.72 144.93 480.36 145.17 480 145.41 c 479.64 145.17 479.16 144.93 478.8 144.81 c 478.44 144.81 477.96 144.69 477.48 144.69 c h 480.24 146.37 m 480.48 146.49 480.6 146.61 480.72 146.85 c 480.96 147.09 480.96 147.21 480.96 147.45 c 480.96 147.57 480.84 147.81 480.72 147.93 c 480.6 148.05 480.36 148.05 480.12 148.05 c 479.88 148.05 479.76 148.05 479.52 148.05 c 479.28 147.93 479.04 147.93 478.8 147.81 c 478.92 147.69 479.16 147.57 479.28 147.33 c 479.52 147.21 479.64 146.97 479.88 146.61 c 480 146.61 480 146.49 480 146.49 c 480.12 146.49 480.12 146.37 480.24 146.37 c h f 
486 144.69 m 485.52 144.69 485.16 144.69 484.8 144.81 c 484.44 144.81 484.08 144.93 483.84 145.05 c 483.48 144.93 483.24 144.81 483 144.81 c 482.76 144.69 482.64 144.69 482.4 144.69 c 482.28 144.69 482.28 144.69 482.28 144.81 c 482.28 145.65 l 482.28 145.77 482.28 145.77 482.4 145.77 c 482.52 145.77 482.64 145.77 482.64 145.77 c 482.76 145.77 482.88 145.77 483 145.89 c 483 145.89 483 145.89 483 146.01 c 483 146.01 483 146.13 483 146.13 c 483 146.37 483.12 146.61 483.12 146.85 c 483.24 147.21 483.48 147.45 483.6 147.69 c 483.84 147.93 483.96 148.17 484.2 148.29 c 484.56 148.53 484.8 148.65 485.16 148.65 c 485.28 148.65 485.4 148.65 485.52 148.53 c 485.52 148.41 485.64 148.29 485.76 148.05 c 485.76 147.93 485.88 147.81 485.88 147.69 c 486 147.57 486 147.45 486.12 147.21 c 486.12 146.97 486.24 146.73 486.36 146.49 c 486.48 146.25 486.6 146.13 486.72 146.01 c 486.84 145.77 486.96 145.77 487.2 145.77 c 487.2 145.77 487.32 145.65 487.32 145.65 c 487.32 144.81 l 487.32 144.69 487.2 144.69 487.2 144.69 c 486.72 144.69 486.48 144.81 486.12 145.17 c 486 144.69 l h 485.76 145.65 m 485.64 145.89 485.52 146.13 485.4 146.49 c 485.28 146.85 485.16 147.33 485.16 147.69 c 484.92 147.57 484.8 147.45 484.56 147.33 c 484.32 147.21 484.2 147.09 483.96 146.85 c 483.84 146.73 483.72 146.49 483.6 146.37 c 483.84 146.13 484.2 146.01 484.56 145.89 c 484.92 145.77 485.28 145.65 485.76 145.65 c h f 
487.08 144.69 m 486.96 144.69 486.96 144.69 486.96 144.81 c 486.96 145.65 l 486.96 145.77 486.96 145.77 487.08 145.77 c 487.44 145.77 487.92 145.89 488.28 146.01 c 488.28 146.37 488.28 146.61 488.28 146.85 c 488.28 147.09 488.16 147.33 488.16 147.57 c 488.16 148.17 488.04 148.77 487.92 149.49 c 487.92 150.21 487.8 150.93 487.68 151.77 c 487.8 151.89 487.92 152.01 488.16 152.13 c 488.28 152.25 488.4 152.37 488.64 152.49 c 488.64 152.01 488.64 151.41 488.64 150.93 c 488.76 150.33 488.76 149.73 488.76 149.13 c 488.76 148.65 488.88 148.17 488.88 147.69 c 488.88 147.21 488.88 146.73 488.88 146.37 c 488.88 146.13 488.88 146.01 488.76 145.77 c 488.64 145.53 488.52 145.29 488.4 145.05 c 488.4 144.93 488.28 144.93 488.04 144.81 c 487.8 144.69 487.44 144.69 487.08 144.69 c h f 
490.8 144.69 m 490.8 145.41 490.8 146.13 490.8 146.73 c 490.68 147.33 490.68 147.93 490.68 148.41 c 490.68 149.01 490.56 149.49 490.56 149.97 c 490.56 150.45 490.44 150.93 490.44 151.41 c 490.44 151.65 490.44 151.77 490.56 152.01 c 490.56 152.13 490.68 152.25 490.8 152.25 c 490.92 152.37 491.16 152.37 491.4 152.49 c 491.4 152.25 491.4 152.01 491.52 151.77 c 491.64 151.53 491.64 151.29 491.76 151.05 c 491.4 150.81 l 491.4 150.21 491.52 149.73 491.52 149.13 c 491.52 148.53 491.52 147.81 491.52 147.21 c 491.52 146.49 491.4 145.65 491.4 144.81 c 490.8 144.69 l h f 
497.88 141.69 m 497.16 141.69 496.68 141.93 496.32 142.29 c 495.96 142.65 495.72 143.25 495.72 143.97 c 495.72 144.09 495.84 144.21 495.84 144.33 c 495.84 144.45 495.84 144.69 495.84 144.81 c 495.96 145.05 495.96 145.29 495.96 145.53 c 496.44 145.41 l 496.32 145.05 496.32 144.69 496.32 144.57 c 496.32 143.97 496.44 143.49 496.68 143.25 c 497.04 142.89 497.4 142.77 497.88 142.77 c 498.24 142.77 498.72 142.89 499.08 142.89 c 499.44 143.01 499.68 143.25 500.04 143.37 c 500.28 143.61 500.52 143.85 500.76 144.09 c 500.4 144.57 500.28 145.05 500.16 145.41 c 499.92 145.77 499.92 146.13 499.92 146.25 c 499.92 146.49 499.92 146.73 500.04 146.85 c 500.28 147.09 500.52 147.33 500.76 147.45 c 500.76 147.33 500.76 147.21 500.88 147.09 c 500.88 146.85 500.88 146.73 500.88 146.49 c 501 146.37 501 146.13 501 145.89 c 501.12 145.65 501.12 145.41 501.12 145.17 c 501.24 144.93 501.24 144.69 501.24 144.57 c 501.24 143.97 501.12 143.61 500.76 143.13 c 500.4 142.65 500.04 142.29 499.56 142.05 c 499.32 141.93 498.96 141.81 498.72 141.81 c 498.48 141.69 498.12 141.69 497.88 141.69 c h 498.24 147.45 m 497.88 147.69 497.52 147.93 497.4 148.17 c 497.52 148.41 497.64 148.53 497.88 148.65 c 498 148.89 498.12 149.01 498.12 149.13 c 498.24 149.01 498.36 148.89 498.48 148.65 c 498.6 148.53 498.84 148.41 498.96 148.29 c 498.84 148.17 498.72 148.05 498.6 147.93 c 498.48 147.69 498.36 147.57 498.24 147.45 c h f 
504.96 144.69 m 504.6 144.69 504.24 144.81 504 144.81 c 503.76 144.93 503.64 145.17 503.4 145.29 c 503.28 145.53 503.28 145.65 503.16 146.01 c 503.16 146.13 503.16 146.37 503.16 146.73 c 503.04 146.97 503.04 147.33 503.04 147.69 c 503.04 148.05 502.92 148.41 502.92 148.89 c 502.92 149.25 502.8 149.73 502.8 150.21 c 502.8 150.69 502.68 151.29 502.68 151.77 c 502.8 151.89 502.92 152.01 503.16 152.13 c 503.28 152.25 503.52 152.37 503.64 152.49 c 503.64 151.89 503.64 151.29 503.76 150.69 c 503.76 150.09 503.76 149.49 503.76 148.89 c 503.76 148.29 503.76 147.57 503.76 146.85 c 503.88 146.01 l 504 145.89 504.12 145.89 504.36 145.77 c 504.48 145.77 504.72 145.77 504.96 145.77 c 504.96 145.77 505.08 145.77 505.08 145.65 c 505.08 144.81 l 505.08 144.69 504.96 144.69 504.96 144.69 c h f 
504.84 144.69 m 504.84 144.69 504.72 144.69 504.72 144.81 c 504.72 145.65 l 504.72 145.77 504.84 145.77 504.84 145.77 c 505.32 145.77 505.8 145.77 506.16 145.77 c 506.64 145.89 507 145.89 507.24 146.01 c 507.48 146.01 507.6 146.01 507.84 146.13 c 507.96 146.13 508.08 146.25 508.32 146.37 c 508.2 146.49 508.08 146.73 507.96 146.97 c 507.84 147.09 507.6 147.33 507.36 147.57 c 507.24 147.69 507 147.81 506.76 148.05 c 506.52 148.17 506.28 148.29 505.92 148.53 c 505.8 148.41 505.8 148.41 505.68 148.41 c 505.44 148.41 505.32 148.53 505.08 148.65 c 504.96 148.77 504.96 149.01 504.96 149.25 c 504.96 149.25 504.96 149.37 504.96 149.49 c 504.96 149.61 504.96 149.73 505.08 149.97 c 505.08 150.09 505.08 150.21 505.08 150.21 c 505.2 150.33 505.2 150.45 505.2 150.45 c 505.68 150.69 506.16 150.93 506.52 151.05 c 506.88 151.29 507.24 151.41 507.48 151.53 c 507.84 151.65 508.08 151.77 508.44 151.89 c 508.68 152.01 509.04 152.13 509.28 152.37 c 509.4 152.25 509.52 152.01 509.52 151.77 c 509.52 151.65 509.52 151.41 509.4 151.41 c 509.28 151.29 509.16 151.17 509.04 151.05 c 508.56 150.81 508.08 150.69 507.72 150.45 c 507.24 150.33 506.88 150.21 506.52 149.97 c 506.16 149.85 505.8 149.73 505.44 149.61 c 506.04 149.49 506.52 149.25 507.12 148.89 c 507.6 148.53 507.96 148.17 508.32 147.81 c 508.56 147.33 508.8 146.97 508.8 146.61 c 508.8 146.01 508.44 145.53 507.72 145.17 c 507.48 145.05 507 144.93 506.52 144.81 c 506.04 144.69 505.44 144.69 504.84 144.69 c h f 
513.48 144.69 m 513.48 145.41 513.48 146.13 513.48 146.73 c 513.48 147.33 513.36 147.93 513.36 148.41 c 513.36 149.01 513.36 149.49 513.24 149.97 c 513.24 150.45 513.24 150.93 513.12 151.41 c 513.12 151.65 513.12 151.77 513.24 152.01 c 513.24 152.13 513.36 152.25 513.48 152.25 c 513.72 152.37 513.84 152.37 514.08 152.49 c 514.08 152.25 514.2 152.01 514.2 151.77 c 514.32 151.53 514.44 151.29 514.44 151.05 c 514.2 150.81 l 514.2 150.21 514.2 149.73 514.2 149.13 c 514.2 148.53 514.2 147.81 514.2 147.21 c 514.2 146.49 514.2 145.65 514.08 144.81 c 513.48 144.69 l h f 
516.96 144.69 m 516 144.69 515.52 144.93 515.52 145.41 c 515.52 145.65 515.52 145.77 515.64 145.89 c 515.64 146.01 515.76 146.13 515.76 146.13 c 516 146.01 516.24 145.89 516.48 145.77 c 516.72 145.77 516.96 145.77 517.32 145.77 c 517.92 145.77 518.4 145.77 518.88 146.01 c 518.88 146.13 518.76 146.37 518.64 146.49 c 518.52 146.73 518.52 146.85 518.4 146.97 c 518.16 147.33 518.04 147.57 517.92 147.81 c 517.8 147.93 517.8 148.05 517.68 148.17 c 517.68 148.29 517.68 148.41 517.68 148.53 c 517.68 148.77 517.68 149.01 517.92 149.13 c 518.04 149.25 518.16 149.37 518.4 149.49 c 518.52 149.25 518.52 149.13 518.64 148.89 c 518.76 148.65 518.76 148.41 518.88 148.17 c 519 148.05 519 147.81 519.12 147.69 c 519.24 147.45 519.36 147.21 519.36 146.97 c 519.48 146.73 519.48 146.49 519.48 146.37 c 519.48 146.25 519.48 146.13 519.48 146.01 c 519.48 145.89 519.36 145.77 519.36 145.53 c 519.24 145.41 519.24 145.29 519.12 145.17 c 518.88 144.93 518.52 144.81 518.16 144.81 c 517.8 144.69 517.44 144.69 516.96 144.69 c h 517.68 150.21 m 517.32 150.45 517.08 150.69 516.84 150.93 c 517.08 151.17 517.2 151.29 517.32 151.41 c 517.44 151.65 517.56 151.77 517.68 151.77 c 517.8 151.65 517.92 151.53 518.04 151.41 c 518.16 151.29 518.28 151.17 518.52 151.05 c 518.4 150.93 518.28 150.81 518.16 150.69 c 518.04 150.45 517.92 150.33 517.68 150.21 c h f 
521.28 144.69 m 521.28 145.41 521.28 146.13 521.16 146.73 c 521.16 147.33 521.16 147.93 521.16 148.41 c 521.04 149.01 521.04 149.49 521.04 149.97 c 520.92 150.45 520.92 150.93 520.92 151.41 c 520.92 151.65 520.92 151.77 520.92 152.01 c 521.04 152.13 521.16 152.25 521.28 152.25 c 521.4 152.37 521.64 152.37 521.76 152.49 c 521.88 152.25 521.88 152.01 522 151.77 c 522 151.53 522.12 151.29 522.24 151.05 c 521.88 150.81 l 521.88 150.21 521.88 149.73 521.88 149.13 c 522 148.53 522 147.81 521.88 147.21 c 521.88 146.49 521.88 145.65 521.88 144.81 c 521.28 144.69 l h 520.92 141.93 m 520.92 142.41 l 521.28 142.65 l 521.04 142.65 520.92 142.89 520.92 143.13 c 520.92 143.25 520.92 143.37 521.04 143.49 c 521.16 143.61 521.28 143.73 521.4 143.85 c 521.52 143.97 521.64 143.97 521.76 143.97 c 522 143.97 522.24 143.85 522.24 143.49 c 522.24 143.49 522.12 143.37 522.12 143.25 c 521.88 143.25 l 521.88 143.37 l 521.88 143.37 521.88 143.49 521.76 143.49 c 521.64 143.49 521.52 143.37 521.52 143.37 c 521.4 143.25 521.28 143.13 521.28 143.13 c 521.4 142.89 521.52 142.89 521.76 142.89 c 521.88 142.89 522 142.89 522.12 142.89 c 522.12 142.89 522.24 142.89 522.36 142.89 c 522.36 142.41 l 522.12 142.41 521.88 142.41 521.76 142.29 c 521.64 142.29 521.52 142.17 521.4 142.17 c 521.28 142.05 521.04 142.05 520.92 141.93 c h f 
473.04 124.89 m 472.56 125.25 l 472.56 125.37 472.56 125.49 472.68 125.61 c 472.68 125.73 472.68 125.73 472.68 125.85 c 472.68 125.97 472.56 126.09 472.44 126.21 c 472.44 126.33 472.32 126.33 472.2 126.45 c 472.08 126.45 471.96 126.57 471.72 126.69 c 471.24 127.05 470.88 127.41 470.88 128.01 c 470.88 128.37 471 128.73 471.24 129.09 c 471.48 129.45 471.72 129.69 472.08 129.93 c 472.32 130.17 472.68 130.29 473.04 130.29 c 473.64 130.29 474.12 130.17 474.48 129.81 c 474.6 129.69 474.6 129.45 474.6 129.33 c 474.6 129.09 474.48 128.85 474.24 128.61 c 474 128.85 473.76 128.97 473.64 129.09 c 473.52 129.09 473.28 129.21 472.92 129.21 c 472.56 129.21 472.32 129.09 471.96 128.85 c 471.72 128.61 471.48 128.37 471.36 128.01 c 471.6 127.89 471.84 127.77 472.08 127.77 c 472.2 127.65 472.44 127.53 472.68 127.41 c 472.8 127.29 472.92 127.17 473.04 127.05 c 473.16 126.93 473.28 126.81 473.4 126.69 c 473.4 126.57 473.52 126.45 473.52 126.21 c 473.52 125.85 473.28 125.49 473.04 124.89 c h 472.8 122.85 m 472.56 123.09 472.44 123.21 472.32 123.33 c 472.08 123.33 471.96 123.45 471.84 123.57 c 471.84 123.69 471.96 123.81 471.96 123.81 c 471.96 123.93 472.08 124.05 472.08 124.05 c 472.08 124.17 472.2 124.29 472.2 124.29 c 472.2 124.41 472.32 124.53 472.32 124.53 c 472.56 124.41 472.68 124.41 472.8 124.29 c 472.92 124.17 473.04 124.17 473.16 124.05 c 473.28 123.93 473.28 123.81 473.28 123.81 c 473.28 123.69 473.16 123.45 472.8 122.85 c h f 
477.24 124.29 m 477.24 124.53 477.24 124.77 477.48 124.77 c 477.6 124.89 477.72 125.01 477.84 125.01 c 477.96 125.01 478.08 125.01 478.08 124.89 c 478.2 124.89 478.2 124.89 478.32 124.89 c 478.68 124.65 l 478.68 124.65 478.68 124.65 478.8 124.65 c 478.8 124.65 478.92 124.65 478.92 124.65 c 479.04 124.65 479.16 124.65 479.28 124.65 c 479.4 124.77 479.52 125.01 479.88 125.49 c 480.12 125.85 480.6 126.57 481.44 127.65 c 481.44 127.77 481.32 128.13 481.2 128.73 c 481.08 129.33 480.96 129.81 480.84 130.29 c 480.72 130.65 480.6 131.01 480.48 131.13 c 480.48 131.25 480.24 131.37 480 131.37 c 479.88 131.37 479.76 131.25 479.52 131.25 c 479.4 131.25 479.16 131.13 479.04 131.13 c 478.92 131.37 l 479.88 131.73 l 480.24 131.85 480.48 131.97 480.72 131.97 c 480.84 132.09 481.08 132.09 481.2 132.09 c 481.44 132.09 481.68 131.97 481.8 131.85 c 482.04 131.61 482.16 131.13 482.28 130.41 c 482.52 129.33 l 483.12 130.17 483.48 130.77 483.84 131.13 c 484.08 131.49 484.32 131.61 484.56 131.85 c 484.8 131.97 485.04 132.09 485.28 132.09 c 485.52 132.09 485.64 131.97 485.76 131.97 c 486 131.85 486.12 131.61 486.12 131.37 c 486.12 131.13 486.12 131.01 486 130.89 c 485.88 130.77 485.64 130.65 485.52 130.65 c 485.4 130.65 485.4 130.65 485.28 130.65 c 485.28 130.77 485.16 130.77 485.16 130.77 c 484.92 130.89 l 484.8 130.89 484.8 130.89 484.68 130.89 c 484.68 131.01 484.56 131.01 484.56 131.01 c 484.32 131.01 483.84 130.65 483.36 129.93 c 482.88 129.21 482.64 128.73 482.64 128.61 c 482.64 128.61 482.76 128.25 482.88 127.77 c 483 127.29 483.12 126.69 483.24 126.21 c 483.36 125.61 483.48 125.25 483.48 125.01 c 483.72 124.77 483.84 124.53 483.96 124.53 c 484.2 124.53 484.32 124.65 484.56 124.89 c 484.68 125.01 484.92 125.37 485.28 125.85 c 485.52 125.73 l 485.28 125.25 485.04 124.77 484.68 124.41 c 484.2 123.81 483.72 123.45 483.24 123.45 c 482.88 123.45 482.64 123.57 482.52 123.93 c 482.4 124.05 482.28 124.41 482.16 124.77 c 481.56 127.05 l 479.76 124.53 l 479.4 124.17 479.04 123.81 478.8 123.69 c 478.68 123.57 478.44 123.45 478.08 123.45 c 477.72 123.45 477.48 123.57 477.36 123.81 c 477.24 123.93 477.24 124.17 477.24 124.29 c h f 
494.28 123.69 m 493.8 123.69 493.44 123.81 493.08 123.93 c 492.84 124.17 492.72 124.41 492.6 124.65 c 492.6 125.01 l 492.12 124.17 l 491.88 124.17 491.64 124.17 491.52 124.17 c 491.4 124.17 491.28 124.29 491.16 124.29 c 491.04 124.29 490.92 124.29 490.8 124.41 c 490.68 124.41 490.44 124.53 490.32 124.65 c 490.08 124.77 489.96 124.77 489.84 124.89 c 489.72 125.01 489.72 125.13 489.72 125.25 c 489.72 125.25 489.72 125.37 489.72 125.61 c 489.84 125.73 489.84 125.85 489.96 125.97 c 489.96 126.21 490.08 126.33 490.08 126.33 c 490.2 126.45 490.32 126.69 490.44 126.81 c 490.68 126.93 490.92 127.17 491.16 127.41 c 491.52 127.53 491.76 127.65 492 127.77 c 492 128.13 l 492.12 128.25 492.24 128.37 492.36 128.49 c 492.48 128.49 492.6 128.61 492.6 128.61 c 492.72 128.73 492.84 128.85 492.96 128.85 c 492.96 128.25 492.96 127.65 492.96 126.93 c 492.96 126.33 493.08 125.73 493.08 125.13 c 493.44 124.89 493.8 124.77 494.28 124.77 c 494.28 124.77 494.4 124.77 494.4 124.65 c 494.4 123.81 l 494.4 123.81 494.28 123.69 494.28 123.69 c h 492.48 125.25 m 492.48 125.49 492.36 125.73 492.36 126.09 c 492.24 126.33 492.24 126.69 492.24 126.93 c 491.28 126.69 490.68 126.33 490.32 125.85 c 490.56 125.61 490.8 125.49 491.04 125.49 c 491.28 125.37 491.52 125.37 491.76 125.25 c 491.88 125.25 492 125.25 492.12 125.25 c 492.24 125.25 492.36 125.25 492.48 125.25 c h 492.36 129.21 m 492.24 129.33 492 129.45 491.88 129.57 c 491.76 129.69 491.64 129.81 491.64 129.93 c 491.64 130.05 491.76 130.17 491.88 130.29 c 492 130.41 492.12 130.53 492.36 130.77 c 492.36 130.65 492.48 130.65 492.6 130.53 c 492.72 130.41 492.84 130.29 493.08 130.05 c 492.96 129.81 492.72 129.57 492.36 129.21 c h 490.68 129.09 m 490.56 129.21 490.44 129.33 490.32 129.45 c 490.08 129.57 490.08 129.69 489.96 129.81 c 490.08 129.93 490.2 130.05 490.32 130.17 c 490.44 130.29 490.56 130.41 490.68 130.53 c 490.8 130.53 490.8 130.41 490.92 130.29 c 491.04 130.17 491.16 130.05 491.4 129.93 c 491.28 129.81 491.28 129.69 491.16 129.45 c 491.04 129.33 490.92 129.21 490.68 129.09 c h f 
497.76 123.69 m 497.4 123.69 496.92 123.69 496.56 123.81 c 496.2 123.81 495.96 123.93 495.6 124.05 c 495.36 123.93 495 123.81 494.76 123.81 c 494.64 123.69 494.4 123.69 494.16 123.69 c 494.04 123.69 494.04 123.81 494.04 123.81 c 494.04 124.65 l 494.04 124.77 494.04 124.77 494.16 124.77 c 494.28 124.77 494.4 124.77 494.52 124.77 c 494.64 124.77 494.76 124.89 494.88 124.89 c 494.76 124.89 494.76 125.01 494.76 125.01 c 494.76 125.01 494.76 125.13 494.76 125.13 c 494.76 125.37 494.88 125.61 495 125.85 c 495.12 126.21 495.24 126.45 495.36 126.69 c 495.6 126.93 495.72 127.17 495.96 127.29 c 496.32 127.53 496.68 127.77 496.92 127.77 c 497.04 127.77 497.16 127.65 497.28 127.53 c 497.4 127.41 497.4 127.29 497.52 127.05 c 497.52 126.93 497.64 126.81 497.64 126.69 c 497.76 126.57 497.76 126.45 497.88 126.21 c 498 125.97 498 125.73 498.12 125.49 c 498.24 125.37 498.36 125.13 498.48 125.01 c 498.6 124.89 498.84 124.77 498.96 124.77 c 499.08 124.77 499.08 124.77 499.08 124.65 c 499.08 123.81 l 499.08 123.81 499.08 123.69 498.96 123.69 c 498.6 123.69 498.24 123.93 497.88 124.17 c 497.76 123.69 l h 497.64 124.65 m 497.4 124.89 497.28 125.25 497.16 125.61 c 497.04 125.97 497.04 126.33 496.92 126.69 c 496.8 126.57 496.56 126.57 496.32 126.33 c 496.08 126.21 495.96 126.09 495.84 125.85 c 495.6 125.73 495.48 125.61 495.36 125.37 c 495.6 125.25 495.96 125.01 496.32 124.89 c 496.68 124.77 497.04 124.65 497.64 124.65 c h f 
498.84 123.69 m 498.84 123.69 498.84 123.81 498.84 123.81 c 498.84 124.65 l 498.84 124.77 498.84 124.77 498.84 124.77 c 499.32 124.77 499.68 124.77 500.04 124.77 c 500.4 124.89 500.64 124.89 500.76 125.01 c 500.88 125.13 501 125.25 501 125.37 c 501.12 125.49 501.36 125.85 501.48 126.21 c 501.6 126.33 501.6 126.33 501.72 126.45 c 501.72 126.45 501.84 126.45 501.96 126.45 c 502.08 126.45 502.2 126.45 502.32 126.33 c 502.2 126.21 502.2 126.09 502.08 125.97 c 502.08 125.73 501.96 125.61 501.96 125.49 c 501.84 125.25 501.84 125.25 501.72 125.13 c 501.96 125.01 502.2 124.89 502.44 124.89 c 502.68 124.77 502.92 124.77 503.16 124.77 c 503.16 124.77 503.16 124.77 503.16 124.65 c 503.16 123.81 l 503.16 123.81 503.16 123.69 503.16 123.69 c 502.44 123.69 501.84 123.93 501.36 124.41 c 501.24 124.17 l 501.12 124.17 501 124.05 500.76 123.93 c 500.52 123.93 500.16 123.81 499.92 123.81 c 499.56 123.69 499.2 123.69 498.84 123.69 c h 501.96 121.53 m 501.6 121.77 501.36 122.01 501.12 122.25 c 501.36 122.49 501.6 122.73 501.96 123.09 c 501.96 122.97 502.08 122.97 502.2 122.85 c 502.32 122.73 502.44 122.49 502.68 122.37 c 502.56 122.25 502.44 122.13 502.32 122.01 c 502.2 121.89 502.08 121.65 501.96 121.53 c h 500.28 121.41 m 500.16 121.53 499.92 121.65 499.8 121.77 c 499.68 121.89 499.56 122.01 499.56 122.13 c 499.68 122.25 499.8 122.25 499.92 122.49 c 500.04 122.61 500.16 122.73 500.28 122.85 c 500.28 122.85 500.4 122.73 500.52 122.61 c 500.64 122.49 500.76 122.37 501 122.13 c 500.88 122.01 500.76 121.89 500.64 121.77 c 500.52 121.65 500.4 121.53 500.28 121.41 c h f 
503.04 123.69 m 502.92 123.69 502.92 123.81 502.92 123.81 c 502.92 124.65 l 502.92 124.77 502.92 124.77 503.04 124.77 c 503.88 124.77 504.6 124.77 505.2 124.89 c 505.68 125.01 506.28 125.13 506.76 125.37 c 506.64 125.49 506.64 125.61 506.64 125.73 c 506.64 125.85 506.64 125.97 506.52 126.09 c 506.4 125.85 506.16 125.73 505.8 125.61 c 505.56 125.49 505.32 125.49 505.08 125.49 c 504.6 125.49 504.36 125.61 504.12 125.85 c 503.88 126.09 503.88 126.45 503.88 126.81 c 503.88 127.17 503.88 127.53 504 127.89 c 504.12 128.25 504.36 128.49 504.6 128.73 c 504.72 128.73 504.84 128.85 504.96 128.97 c 505.08 128.97 505.2 128.97 505.32 128.97 c 505.68 128.97 506.04 128.85 506.28 128.49 c 506.64 128.25 506.88 127.77 507 127.29 c 507.12 127.05 507.12 126.81 507.24 126.45 c 507.24 126.21 507.24 125.97 507.24 125.61 c 507.24 125.61 507.24 125.49 507.24 125.37 c 507.24 125.13 507.24 125.01 507.12 124.89 c 507.12 124.77 507 124.65 506.88 124.53 c 506.76 124.41 506.4 124.29 506.04 124.17 c 505.68 124.05 505.32 123.93 504.72 123.81 c 504.24 123.81 503.64 123.69 503.04 123.69 c h 505.2 126.33 m 505.56 126.33 506.04 126.45 506.4 126.57 c 506.28 127.05 506.04 127.41 505.8 127.53 c 505.68 127.77 505.44 127.89 505.08 127.89 c 504.84 127.89 504.72 127.77 504.6 127.65 c 504.36 127.41 504.36 127.29 504.36 127.05 c 504.36 126.81 504.36 126.57 504.6 126.57 c 504.72 126.45 504.96 126.33 505.2 126.33 c h 506.04 129.69 m 505.92 129.81 505.8 129.93 505.68 130.05 c 505.56 130.17 505.44 130.29 505.32 130.41 c 505.44 130.41 505.56 130.53 505.68 130.65 c 505.8 130.77 505.92 131.01 506.04 131.13 c 506.16 131.13 506.16 131.01 506.28 130.89 c 506.4 130.77 506.64 130.65 506.76 130.41 c 506.64 130.17 506.4 129.93 506.04 129.69 c h 504.48 129.45 m 504.24 129.69 504.12 129.81 504 129.93 c 503.88 130.05 503.76 130.17 503.64 130.17 c 503.76 130.29 503.88 130.41 504 130.53 c 504.12 130.65 504.24 130.89 504.36 131.01 c 504.48 130.89 504.6 130.89 504.72 130.77 c 504.84 130.65 504.96 130.53 505.08 130.29 c 505.08 130.17 504.96 130.05 504.84 129.93 c 504.72 129.81 504.6 129.69 504.48 129.45 c h f 
513.6 123.69 m 513.24 123.69 512.88 123.81 512.64 123.93 c 512.4 123.93 512.16 124.17 512.04 124.29 c 511.92 124.53 511.8 124.77 511.8 125.01 c 511.8 125.13 511.8 125.37 511.68 125.73 c 511.68 125.97 511.68 126.33 511.68 126.69 c 511.56 127.05 511.56 127.41 511.56 127.89 c 511.44 128.37 511.44 128.73 511.44 129.21 c 511.32 129.69 511.32 130.29 511.32 130.77 c 511.44 130.89 511.56 131.01 511.8 131.13 c 511.92 131.25 512.04 131.37 512.28 131.49 c 512.28 130.89 512.28 130.29 512.28 129.69 c 512.28 129.09 512.4 128.49 512.4 127.89 c 512.4 127.29 512.4 126.57 512.4 125.85 c 512.4 125.01 l 512.64 125.01 512.76 124.89 513 124.89 c 513.12 124.77 513.36 124.77 513.6 124.77 c 513.6 124.77 513.6 124.77 513.6 124.65 c 513.6 123.81 l 513.6 123.81 513.6 123.69 513.6 123.69 c h f 
517.08 123.69 m 516.72 123.69 516.24 123.69 515.88 123.81 c 515.52 123.81 515.28 123.93 514.92 124.05 c 514.68 123.93 514.32 123.81 514.08 123.81 c 513.96 123.69 513.72 123.69 513.48 123.69 c 513.36 123.69 513.36 123.81 513.36 123.81 c 513.36 124.65 l 513.36 124.77 513.36 124.77 513.48 124.77 c 513.6 124.77 513.72 124.77 513.84 124.77 c 513.96 124.77 514.08 124.89 514.2 124.89 c 514.08 124.89 514.08 125.01 514.08 125.01 c 514.08 125.01 514.08 125.13 514.08 125.13 c 514.08 125.37 514.2 125.61 514.32 125.85 c 514.44 126.21 514.56 126.45 514.68 126.69 c 514.92 126.93 515.04 127.17 515.28 127.29 c 515.64 127.53 516 127.77 516.24 127.77 c 516.36 127.77 516.48 127.65 516.6 127.53 c 516.72 127.41 516.72 127.29 516.84 127.05 c 516.84 126.93 516.96 126.81 516.96 126.69 c 517.08 126.57 517.08 126.45 517.2 126.21 c 517.32 125.97 517.32 125.73 517.44 125.49 c 517.56 125.37 517.68 125.13 517.8 125.01 c 517.92 124.89 518.16 124.77 518.28 124.77 c 518.4 124.77 518.4 124.77 518.4 124.65 c 518.4 123.81 l 518.4 123.81 518.4 123.69 518.28 123.69 c 517.92 123.69 517.56 123.93 517.2 124.17 c 517.08 123.69 l h 516.96 124.65 m 516.72 124.89 516.6 125.25 516.48 125.61 c 516.36 125.97 516.36 126.33 516.24 126.69 c 516.12 126.57 515.88 126.57 515.64 126.33 c 515.4 126.21 515.28 126.09 515.16 125.85 c 514.92 125.73 514.8 125.61 514.68 125.37 c 514.92 125.25 515.28 125.01 515.64 124.89 c 516 124.77 516.36 124.65 516.96 124.65 c h f 
518.16 123.69 m 518.16 123.69 518.16 123.81 518.16 123.81 c 518.16 124.65 l 518.16 124.77 518.16 124.77 518.16 124.77 c 519 124.77 519.72 124.77 520.32 124.89 c 520.92 125.01 521.4 125.13 521.88 125.37 c 521.88 125.49 521.88 125.61 521.88 125.73 c 521.76 125.85 521.76 125.97 521.76 126.09 c 521.52 125.85 521.28 125.73 521.04 125.61 c 520.8 125.49 520.44 125.49 520.2 125.49 c 519.84 125.49 519.6 125.61 519.36 125.85 c 519.12 126.09 519 126.45 519 126.81 c 519 127.17 519.12 127.53 519.24 127.89 c 519.36 128.25 519.48 128.49 519.72 128.73 c 519.84 128.73 519.96 128.85 520.08 128.97 c 520.2 128.97 520.32 128.97 520.44 128.97 c 520.92 128.97 521.16 128.85 521.52 128.49 c 521.76 128.25 522 127.77 522.24 127.29 c 522.24 127.05 522.36 126.81 522.36 126.45 c 522.48 126.21 522.48 125.97 522.48 125.61 c 522.48 125.61 522.48 125.49 522.48 125.37 c 522.48 125.13 522.36 125.01 522.36 124.89 c 522.24 124.77 522.24 124.65 522.12 124.53 c 521.88 124.41 521.64 124.29 521.28 124.17 c 520.92 124.05 520.44 123.93 519.96 123.81 c 519.48 123.81 518.88 123.69 518.16 123.69 c h 520.44 126.33 m 520.8 126.33 521.16 126.45 521.52 126.57 c 521.4 127.05 521.28 127.41 521.04 127.53 c 520.8 127.77 520.56 127.89 520.32 127.89 c 520.08 127.89 519.84 127.77 519.72 127.65 c 519.6 127.41 519.48 127.29 519.48 127.05 c 519.48 126.81 519.6 126.57 519.72 126.57 c 519.84 126.45 520.08 126.33 520.44 126.33 c h 520.44 129.69 m 520.08 129.93 519.84 130.29 519.6 130.53 c 519.84 130.65 519.96 130.89 520.08 131.01 c 520.2 131.13 520.32 131.25 520.44 131.37 c 520.56 131.25 520.68 131.13 520.8 131.01 c 520.92 130.89 521.04 130.77 521.28 130.53 c 521.16 130.41 521.04 130.29 520.92 130.17 c 520.8 130.05 520.68 129.93 520.44 129.69 c h f 
q 0.12 0 0 -0.12 0 841.89 cm 1 j 0.141 0.125 0.129 SC 3057 6160 m 3049 6160 l 3049 6106 l 3047 6108 3044 6110 3041 6112 c 3038 6114 3035 6115 3032 6116 c 3032 6108 l 3037 6106 3041 6103 3044 6100 c 3048 6097 3050 6094 3052 6091 c 3057 6091 l 3057 6160 l h S Q 
q 0.12 0 0 -0.12 0 841.89 cm 1 w 1 j 0.141 0.125 0.129 SC 3123 6152 m 3123 6160 l 3078 6160 l 3078 6158 3078 6156 3079 6154 c 3080 6151 3082 6148 3084 6145 c 3087 6142 3091 6138 3095 6134 c 3103 6128 3108 6123 3110 6120 c 3113 6116 3114 6113 3114 6110 c 3114 6106 3113 6104 3111 6101 c 3108 6099 3105 6098 3102 6098 c 3097 6098 3094 6099 3092 6101 c 3089 6104 3088 6107 3088 6112 c 3079 6111 l 3080 6104 3082 6099 3086 6096 c 3090 6092 3095 6091 3102 6091 c 3108 6091 3113 6093 3117 6096 c 3121 6100 3123 6104 3123 6110 c 3123 6113 3123 6115 3121 6118 c 3120 6121 3118 6123 3116 6126 c 3113 6129 3109 6133 3103 6139 c 3098 6143 3095 6146 3093 6147 c 3092 6149 3090 6150 3090 6152 c 3123 6152 l h S Q 
q 0.12 0 0 -0.12 0 841.89 cm 1 w 1 j 0.141 0.125 0.129 SC 3132 6126 m 3132 6118 3133 6111 3135 6106 c 3136 6101 3139 6097 3142 6095 c 3146 6092 3150 6091 3155 6091 c 3158 6091 3162 6091 3164 6093 c 3167 6094 3169 6097 3171 6099 c 3173 6102 3174 6106 3175 6110 c 3176 6114 3177 6119 3177 6126 c 3177 6134 3176 6141 3174 6146 c 3173 6150 3170 6154 3167 6157 c 3164 6160 3160 6161 3155 6161 c 3148 6161 3143 6159 3139 6154 c 3135 6148 3132 6139 3132 6126 c S Q 
q 0.12 0 0 -0.12 0 841.89 cm 1 w 1 j 0.141 0.125 0.129 SC 3141 6126 m 3141 6137 3142 6145 3145 6149 c 3148 6152 3151 6154 3155 6154 c 3158 6154 3162 6152 3164 6149 c 3167 6145 3168 6137 3168 6126 c 3168 6115 3167 6107 3164 6103 c 3162 6100 3158 6098 3155 6098 c 3151 6098 3148 6099 3145 6103 c 3142 6107 3141 6115 3141 6126 c S Q 
1 w 0.141 0.125 0.129 sc 366.84 102.69 m 365.88 102.69 l 365.88 109.17 l 365.64 108.93 365.28 108.69 364.92 108.45 c 364.56 108.21 364.2 108.09 363.84 107.97 c 363.84 108.93 l 364.44 109.17 364.92 109.53 365.28 109.89 c 365.76 110.25 366 110.61 366.24 110.97 c 366.84 110.97 l 366.84 102.69 l h f 
374.76 103.65 m 374.76 102.69 l 369.36 102.69 l 369.36 102.93 369.36 103.17 369.48 103.41 c 369.6 103.77 369.84 104.13 370.08 104.49 c 370.44 104.85 370.92 105.33 371.4 105.81 c 372.36 106.53 372.96 107.13 373.2 107.49 c 373.56 107.97 373.68 108.33 373.68 108.69 c 373.68 109.17 373.56 109.41 373.32 109.77 c 372.96 110.01 372.6 110.13 372.12 110.13 c 371.64 110.13 371.28 110.01 371.04 109.77 c 370.68 109.41 370.56 109.05 370.56 108.45 c 369.48 108.57 l 369.6 109.41 369.84 110.01 370.32 110.37 c 370.8 110.85 371.4 110.97 372.24 110.97 c 372.96 110.97 373.56 110.73 374.04 110.37 c 374.52 109.89 374.76 109.41 374.76 108.69 c 374.76 108.33 374.76 108.09 374.52 107.73 c 374.4 107.37 374.16 107.13 373.92 106.77 c 373.56 106.41 373.08 105.93 372.36 105.21 c 371.76 104.73 371.4 104.37 371.16 104.25 c 371.04 104.01 370.8 103.89 370.68 103.65 c 374.76 103.65 l h f 
375.84 106.77 m 375.84 107.73 375.96 108.57 376.2 109.17 c 376.32 109.77 376.68 110.25 377.04 110.49 c 377.4 110.85 378 110.97 378.6 110.97 c 378.96 110.97 379.32 110.97 379.68 110.73 c 380.04 110.61 380.28 110.25 380.52 110.01 c 380.76 109.65 380.88 109.17 381 108.69 c 381.12 108.21 381.24 107.61 381.24 106.77 c 381.24 105.81 381.12 104.97 380.88 104.37 c 380.76 103.89 380.4 103.41 380.04 103.05 c 379.68 102.69 379.2 102.57 378.6 102.57 c 377.76 102.57 377.16 102.81 376.68 103.41 c 376.2 104.13 375.84 105.21 375.84 106.77 c h 376.92 106.77 m 376.92 105.45 377.04 104.49 377.4 104.01 c 377.64 103.65 378.12 103.41 378.6 103.41 c 378.96 103.41 379.44 103.65 379.68 104.01 c 380.04 104.49 380.16 105.45 380.16 106.77 c 380.16 108.09 380.04 109.05 379.68 109.53 c 379.44 109.89 378.96 110.13 378.48 110.13 c 378.12 110.13 377.76 110.01 377.4 109.53 c 377.04 109.05 376.92 108.09 376.92 106.77 c h f 
388.08 101.13 m 387.36 101.49 386.76 101.85 386.28 102.33 c 385.8 102.81 385.56 103.41 385.32 104.01 c 385.08 104.73 384.96 105.45 384.96 106.41 c 384.96 107.25 385.08 108.09 385.32 108.69 c 385.56 109.41 385.8 109.89 386.28 110.37 c 386.76 110.85 387.36 111.21 388.08 111.57 c 388.08 110.97 l 387.6 110.61 387.24 110.25 387 109.77 c 386.76 109.29 386.64 108.69 386.52 108.21 c 386.4 107.61 386.4 107.01 386.4 106.41 c 386.4 105.81 386.4 105.21 386.52 104.61 c 386.64 104.01 386.76 103.41 387 102.93 c 387.24 102.45 387.6 102.09 388.08 101.73 c 388.08 101.13 l h f 
392.16 102.69 m 391.2 102.69 390.48 102.93 390 103.29 c 389.52 103.65 389.28 104.13 389.28 104.85 c 389.28 105.21 389.4 105.69 389.52 106.05 c 389.88 106.05 l 389.88 106.05 389.88 105.93 389.88 105.81 c 389.88 105.69 389.88 105.57 389.88 105.57 c 389.88 105.09 390 104.73 390.12 104.49 c 390.36 104.25 390.6 104.01 390.96 103.89 c 391.08 103.89 391.32 103.77 391.56 103.77 c 391.8 103.77 392.16 103.77 392.4 103.77 c 393.12 103.77 393.84 103.77 394.44 103.89 c 395.16 104.13 395.76 104.25 396.24 104.49 c 396.24 104.73 396.12 104.85 396 105.09 c 396 105.33 395.88 105.57 395.76 105.69 c 395.76 105.93 395.64 106.05 395.64 106.17 c 395.64 106.29 395.52 106.41 395.52 106.53 c 395.52 106.65 395.64 106.89 395.76 107.01 c 396 107.25 396.12 107.37 396.36 107.49 c 396.48 107.13 396.6 106.77 396.6 106.41 c 396.72 106.05 396.72 105.81 396.84 105.57 c 396.84 105.33 396.84 105.09 396.84 104.97 c 396.84 104.85 396.84 104.61 396.72 104.49 c 396.72 104.25 396.6 104.01 396.48 103.77 c 396.12 103.53 395.76 103.29 395.28 103.17 c 394.8 103.05 394.32 102.93 393.84 102.81 c 393.24 102.69 392.76 102.69 392.16 102.69 c h 392.88 100.29 m 392.64 100.41 392.52 100.53 392.4 100.65 c 392.28 100.77 392.16 100.89 392.04 101.01 c 392.16 101.25 392.4 101.37 392.52 101.49 c 392.64 101.61 392.76 101.73 392.88 101.85 c 393.12 101.61 393.36 101.37 393.6 101.13 c 393.6 101.01 393.48 100.89 393.36 100.77 c 393.12 100.53 393 100.41 392.88 100.29 c h f 
397.92 101.73 m 398.4 102.09 398.76 102.45 399 102.93 c 399.24 103.41 399.48 104.01 399.48 104.61 c 399.6 105.21 399.6 105.81 399.6 106.41 c 399.6 107.01 399.6 107.61 399.48 108.21 c 399.48 108.69 399.24 109.29 399 109.77 c 398.76 110.25 398.4 110.61 397.92 110.97 c 397.92 111.57 l 398.64 111.21 399.24 110.85 399.72 110.37 c 400.2 109.89 400.44 109.41 400.68 108.69 c 400.92 108.09 401.04 107.25 401.04 106.41 c 401.04 105.45 400.92 104.73 400.68 104.01 c 400.44 103.41 400.2 102.81 399.72 102.33 c 399.24 101.85 398.64 101.49 397.92 101.13 c 397.92 101.73 l h f 
q 0.12 0 0 -0.12 0 841.89 cm 1 j 0.141 0.125 0.129 SC 4143 6108 m 4134 6109 l 4133 6105 4132 6103 4131 6101 c 4129 6099 4126 6098 4123 6098 c 4120 6098 4117 6098 4115 6100 c 4113 6102 4111 6105 4109 6108 c 4108 6112 4107 6117 4107 6124 c 4109 6121 4111 6119 4114 6117 c 4117 6116 4120 6115 4123 6115 c 4129 6115 4134 6117 4138 6121 c 4142 6126 4144 6131 4144 6138 c 4144 6142 4143 6146 4141 6150 c 4139 6153 4137 6156 4133 6158 c 4130 6160 4126 6161 4122 6161 c 4115 6161 4109 6158 4105 6153 c 4101 6148 4098 6140 4098 6128 c 4098 6114 4101 6105 4106 6099 c 4110 6093 4116 6091 4123 6091 c 4128 6091 4133 6092 4136 6095 c 4140 6098 4142 6103 4143 6108 c h S Q 
q 0.12 0 0 -0.12 0 841.89 cm 1 w 1 j 0.141 0.125 0.129 SC 4108 6138 m 4108 6140 4109 6143 4110 6146 c 4111 6149 4113 6151 4115 6152 c 4117 6153 4120 6154 4122 6154 c 4126 6154 4129 6153 4131 6150 c 4134 6147 4135 6143 4135 6138 c 4135 6133 4134 6130 4131 6127 c 4129 6124 4126 6123 4122 6123 c 4118 6123 4115 6124 4112 6127 c 4109 6130 4108 6133 4108 6138 c S Q 
q 0.12 0 0 -0.12 0 841.89 cm 1 w 1 j 0.141 0.125 0.129 SC 4152 6126 m 4152 6118 4153 6111 4155 6106 c 4156 6101 4159 6097 4162 6095 c 4165 6092 4169 6091 4174 6091 c 4178 6091 4181 6091 4184 6093 c 4187 6094 4189 6097 4191 6099 c 4193 6102 4194 6106 4195 6110 c 4196 6114 4197 6119 4197 6126 c 4197 6134 4196 6141 4194 6146 c 4193 6150 4190 6154 4187 6157 c 4184 6160 4179 6161 4174 6161 c 4168 6161 4163 6159 4159 6154 c 4154 6148 4152 6139 4152 6126 c S Q 
q 0.12 0 0 -0.12 0 841.89 cm 1 w 1 j 0.141 0.125 0.129 SC 4161 6126 m 4161 6137 4162 6145 4165 6149 c 4167 6152 4171 6154 4174 6154 c 4178 6154 4181 6152 4184 6149 c 4187 6145 4188 6137 4188 6126 c 4188 6115 4187 6107 4184 6103 c 4182 6100 4178 6098 4174 6098 c 4170 6098 4167 6099 4165 6103 c 4162 6107 4161 6115 4161 6126 c S Q 
1 w 0.141 0.125 0.129 sc 497.16 108.93 m 496.08 108.81 l 495.96 109.29 495.84 109.53 495.72 109.77 c 495.48 110.01 495.12 110.13 494.76 110.13 c 494.4 110.13 494.04 110.13 493.8 109.89 c 493.56 109.65 493.32 109.29 493.08 108.93 c 492.96 108.45 492.84 107.85 492.84 107.01 c 493.08 107.37 493.32 107.61 493.68 107.85 c 494.04 107.97 494.4 108.09 494.76 108.09 c 495.48 108.09 496.08 107.85 496.56 107.37 c 497.04 106.77 497.28 106.17 497.28 105.33 c 497.28 104.85 497.16 104.37 496.92 103.89 c 496.68 103.53 496.44 103.17 495.96 102.93 c 495.6 102.69 495.12 102.57 494.64 102.57 c 493.8 102.57 493.08 102.93 492.6 103.53 c 492.12 104.13 491.76 105.09 491.76 106.53 c 491.76 108.21 492.12 109.29 492.72 110.01 c 493.2 110.73 493.92 110.97 494.76 110.97 c 495.36 110.97 495.96 110.85 496.32 110.49 c 496.8 110.13 497.04 109.53 497.16 108.93 c h 492.96 105.33 m 492.96 105.09 493.08 104.73 493.2 104.37 c 493.32 104.01 493.56 103.77 493.8 103.65 c 494.04 103.53 494.4 103.41 494.64 103.41 c 495.12 103.41 495.48 103.53 495.72 103.89 c 496.08 104.25 496.2 104.73 496.2 105.33 c 496.2 105.93 496.08 106.29 495.72 106.65 c 495.48 107.01 495.12 107.13 494.64 107.13 c 494.16 107.13 493.8 107.01 493.44 106.65 c 493.08 106.29 492.96 105.93 492.96 105.33 c h f 
498.24 106.77 m 498.24 107.73 498.36 108.57 498.6 109.17 c 498.72 109.77 499.08 110.25 499.44 110.49 c 499.8 110.85 500.28 110.97 500.88 110.97 c 501.36 110.97 501.72 110.97 502.08 110.73 c 502.44 110.61 502.68 110.25 502.92 110.01 c 503.16 109.65 503.28 109.17 503.4 108.69 c 503.52 108.21 503.64 107.61 503.64 106.77 c 503.64 105.81 503.52 104.97 503.28 104.37 c 503.16 103.89 502.8 103.41 502.44 103.05 c 502.08 102.69 501.48 102.57 500.88 102.57 c 500.16 102.57 499.56 102.81 499.08 103.41 c 498.48 104.13 498.24 105.21 498.24 106.77 c h 499.32 106.77 m 499.32 105.45 499.44 104.49 499.8 104.01 c 500.04 103.65 500.4 103.41 500.88 103.41 c 501.36 103.41 501.72 103.65 502.08 104.01 c 502.44 104.49 502.56 105.45 502.56 106.77 c 502.56 108.09 502.44 109.05 502.08 109.53 c 501.72 109.89 501.36 110.13 500.88 110.13 c 500.4 110.13 500.04 110.01 499.8 109.53 c 499.44 109.05 499.32 108.09 499.32 106.77 c h f 
510.48 101.13 m 509.76 101.49 509.16 101.85 508.68 102.33 c 508.2 102.81 507.84 103.41 507.72 104.01 c 507.48 104.73 507.36 105.45 507.36 106.41 c 507.36 107.25 507.48 108.09 507.72 108.69 c 507.84 109.41 508.2 109.89 508.68 110.37 c 509.16 110.85 509.76 111.21 510.48 111.57 c 510.48 110.97 l 510 110.61 509.64 110.25 509.4 109.77 c 509.16 109.29 508.92 108.69 508.92 108.21 c 508.8 107.61 508.8 107.01 508.8 106.41 c 508.8 105.81 508.8 105.21 508.92 104.61 c 508.92 104.01 509.16 103.41 509.4 102.93 c 509.64 102.45 510 102.09 510.48 101.73 c 510.48 101.13 l h f 
514.68 102.69 m 514.68 103.41 514.68 104.13 514.56 104.73 c 514.56 105.33 514.56 105.93 514.56 106.41 c 514.56 107.01 514.44 107.49 514.44 107.97 c 514.44 108.45 514.32 108.93 514.32 109.41 c 514.32 109.65 514.32 109.89 514.32 110.01 c 514.44 110.13 514.56 110.25 514.68 110.37 c 514.8 110.37 515.04 110.49 515.28 110.49 c 515.28 110.25 515.28 110.13 515.4 109.89 c 515.52 109.65 515.52 109.41 515.64 109.05 c 515.28 108.81 l 515.28 108.33 515.4 107.73 515.4 107.13 c 515.4 106.53 515.4 105.93 515.4 105.21 c 515.28 104.49 515.28 103.65 515.28 102.81 c 514.68 102.69 l h 514.08 110.85 m 514.08 111.33 l 514.56 111.57 l 514.2 111.57 514.08 111.81 514.08 112.05 c 514.08 112.17 514.2 112.29 514.2 112.41 c 514.32 112.53 514.44 112.65 514.56 112.77 c 514.68 112.89 514.8 112.89 514.92 112.89 c 515.28 112.89 515.4 112.77 515.4 112.41 c 515.4 112.41 515.4 112.29 515.28 112.17 c 515.04 112.17 l 515.04 112.29 l 515.04 112.29 515.04 112.29 515.04 112.41 c 515.04 112.41 515.04 112.41 514.92 112.41 c 514.8 112.41 514.8 112.41 514.68 112.29 c 514.56 112.17 514.56 112.17 514.44 112.05 c 514.56 111.81 514.8 111.81 515.04 111.81 c 515.04 111.81 515.16 111.81 515.28 111.81 c 515.28 111.81 515.4 111.81 515.52 111.81 c 515.52 111.33 l 515.16 111.33 514.92 111.21 514.8 111.21 c 514.56 111.09 514.32 110.97 514.08 110.85 c h f 
519.24 101.73 m 519.72 102.09 520.08 102.45 520.32 102.93 c 520.68 103.41 520.8 104.01 520.92 104.61 c 520.92 105.21 521.04 105.81 521.04 106.41 c 521.04 107.01 520.92 107.61 520.92 108.21 c 520.8 108.69 520.68 109.29 520.32 109.77 c 520.08 110.25 519.72 110.61 519.24 110.97 c 519.24 111.57 l 519.96 111.21 520.56 110.85 521.04 110.37 c 521.52 109.89 521.88 109.41 522.12 108.69 c 522.24 108.09 522.36 107.25 522.36 106.41 c 522.36 105.45 522.24 104.73 522.12 104.01 c 521.88 103.41 521.52 102.81 521.04 102.33 c 520.56 101.85 519.96 101.49 519.24 101.13 c 519.24 101.73 l h f 
q 0.12 0 0 -0.12 0 841.89 cm 1 j 0.141 0.125 0.129 SC 3084 6297 m 3081 6296 3078 6294 3077 6292 c 3075 6290 3074 6287 3074 6283 c 3074 6278 3076 6274 3079 6271 c 3083 6267 3088 6266 3094 6266 c 3100 6266 3104 6267 3108 6271 c 3112 6274 3114 6279 3114 6284 c 3114 6287 3113 6290 3111 6292 c 3109 6294 3107 6296 3104 6297 c 3108 6299 3111 6301 3113 6304 c 3115 6307 3116 6311 3116 6315 c 3116 6321 3114 6326 3110 6330 c 3106 6334 3101 6336 3094 6336 c 3087 6336 3082 6334 3077 6330 c 3073 6326 3071 6321 3071 6315 c 3071 6310 3072 6307 3075 6304 c 3077 6301 3080 6299 3084 6297 c S Q 
q 0.12 0 0 -0.12 0 841.89 cm 1 w 1 j 0.141 0.125 0.129 SC 3083 6283 m 3083 6286 3084 6289 3086 6291 c 3088 6293 3091 6294 3094 6294 c 3097 6294 3100 6293 3102 6291 c 3104 6289 3105 6287 3105 6284 c 3105 6280 3104 6278 3102 6276 c 3100 6274 3097 6273 3094 6273 c 3091 6273 3088 6274 3086 6276 c 3084 6278 3083 6280 3083 6283 c S Q 
q 0.12 0 0 -0.12 0 841.89 cm 1 w 1 j 0.141 0.125 0.129 SC 3080 6315 m 3080 6317 3080 6320 3082 6322 c 3083 6324 3084 6326 3087 6327 c 3089 6328 3091 6329 3094 6329 c 3098 6329 3101 6328 3104 6325 c 3106 6323 3108 6319 3108 6315 c 3108 6311 3106 6308 3104 6305 c 3101 6302 3098 6301 3094 6301 c 3090 6301 3086 6302 3084 6305 c 3081 6308 3080 6311 3080 6315 c S Q 
q 0.12 0 0 -0.12 0 841.89 cm 1 w 1 j 0.141 0.125 0.129 SC 3125 6301 m 3125 6293 3125 6286 3127 6281 c 3129 6276 3131 6272 3135 6270 c 3138 6267 3142 6266 3147 6266 c 3151 6266 3154 6266 3157 6268 c 3159 6269 3162 6271 3164 6274 c 3165 6277 3167 6281 3168 6285 c 3169 6289 3169 6294 3169 6301 c 3169 6309 3168 6315 3167 6320 c 3165 6325 3163 6329 3159 6332 c 3156 6335 3152 6336 3147 6336 c 3140 6336 3135 6334 3131 6329 c 3127 6323 3125 6314 3125 6301 c S Q 
q 0.12 0 0 -0.12 0 841.89 cm 1 w 1 j 0.141 0.125 0.129 SC 3133 6301 m 3133 6312 3135 6320 3137 6323 c 3140 6327 3143 6329 3147 6329 c 3151 6329 3154 6327 3157 6323 c 3159 6320 3161 6312 3161 6301 c 3161 6289 3159 6282 3157 6278 c 3154 6275 3151 6273 3147 6273 c 3143 6273 3140 6274 3138 6278 c 3135 6282 3133 6290 3133 6301 c S Q 
1 w 0.141 0.125 0.129 sc 370.08 86.25 m 369.72 86.37 369.36 86.61 369.24 86.85 c 369 87.09 368.88 87.45 368.88 87.93 c 368.88 88.53 369.12 89.01 369.48 89.37 c 369.96 89.85 370.56 89.97 371.28 89.97 c 372 89.97 372.48 89.85 372.96 89.37 c 373.44 89.01 373.68 88.41 373.68 87.81 c 373.68 87.45 373.56 87.09 373.32 86.85 c 373.08 86.61 372.84 86.37 372.48 86.25 c 372.96 86.01 373.32 85.77 373.56 85.41 c 373.8 85.05 373.92 84.57 373.92 84.09 c 373.92 83.37 373.68 82.77 373.2 82.29 c 372.72 81.81 372.12 81.57 371.28 81.57 c 370.44 81.57 369.84 81.81 369.24 82.29 c 368.76 82.77 368.52 83.37 368.52 84.09 c 368.52 84.69 368.64 85.05 369 85.41 c 369.24 85.77 369.6 86.01 370.08 86.25 c h 369.96 87.93 m 369.96 87.57 370.08 87.21 370.32 86.97 c 370.56 86.73 370.92 86.61 371.28 86.61 c 371.64 86.61 372 86.73 372.24 86.97 c 372.48 87.21 372.6 87.45 372.6 87.81 c 372.6 88.29 372.48 88.53 372.24 88.77 c 372 89.01 371.64 89.13 371.28 89.13 c 370.92 89.13 370.56 89.01 370.32 88.77 c 370.08 88.53 369.96 88.29 369.96 87.93 c h 369.6 84.09 m 369.6 83.85 369.6 83.49 369.84 83.25 c 369.96 83.01 370.08 82.77 370.44 82.65 c 370.68 82.53 370.92 82.41 371.28 82.41 c 371.76 82.41 372.12 82.53 372.48 82.89 c 372.72 83.13 372.96 83.61 372.96 84.09 c 372.96 84.57 372.72 84.93 372.48 85.29 c 372.12 85.65 371.76 85.77 371.28 85.77 c 370.8 85.77 370.32 85.65 370.08 85.29 c 369.72 84.93 369.6 84.57 369.6 84.09 c h f 
375 85.77 m 375 86.73 375 87.57 375.24 88.17 c 375.48 88.77 375.72 89.25 376.2 89.49 c 376.56 89.85 377.04 89.97 377.64 89.97 c 378.12 89.97 378.48 89.97 378.84 89.73 c 379.08 89.61 379.44 89.37 379.56 89.01 c 379.8 88.65 380.04 88.17 380.16 87.69 c 380.28 87.21 380.28 86.61 380.28 85.77 c 380.28 84.81 380.16 84.09 380.04 83.49 c 379.8 82.89 379.56 82.41 379.08 82.05 c 378.72 81.69 378.24 81.57 377.64 81.57 c 376.8 81.57 376.2 81.81 375.72 82.41 c 375.24 83.13 375 84.21 375 85.77 c h 375.96 85.77 m 375.96 84.45 376.2 83.49 376.44 83.13 c 376.8 82.65 377.16 82.41 377.64 82.41 c 378.12 82.41 378.48 82.65 378.84 83.13 c 379.08 83.49 379.32 84.45 379.32 85.77 c 379.32 87.21 379.08 88.05 378.84 88.53 c 378.48 88.89 378.12 89.13 377.64 89.13 c 377.16 89.13 376.8 89.01 376.56 88.53 c 376.2 88.05 375.96 87.09 375.96 85.77 c h f 
387.24 80.25 m 386.52 80.49 385.92 80.85 385.44 81.33 c 384.96 81.81 384.6 82.41 384.36 83.01 c 384.12 83.73 384 84.45 384 85.41 c 384 86.25 384.12 87.09 384.36 87.69 c 384.6 88.41 384.96 88.89 385.44 89.37 c 385.92 89.85 386.52 90.21 387.24 90.57 c 387.24 89.97 l 386.76 89.61 386.28 89.25 386.04 88.77 c 385.8 88.29 385.68 87.69 385.56 87.21 c 385.56 86.61 385.44 86.01 385.44 85.41 c 385.44 84.81 385.56 84.21 385.56 83.61 c 385.68 83.01 385.8 82.53 386.04 82.05 c 386.28 81.57 386.76 81.09 387.24 80.85 c 387.24 80.25 l h f 
391.92 81.69 m 390.96 81.69 390.48 81.93 390.48 82.53 c 390.48 82.65 390.6 82.77 390.6 82.89 c 390.6 83.01 390.72 83.13 390.72 83.25 c 390.96 83.01 391.2 82.89 391.44 82.89 c 391.68 82.77 391.92 82.77 392.28 82.77 c 392.88 82.77 393.36 82.89 393.84 83.01 c 393.84 83.13 393.72 83.37 393.6 83.49 c 393.48 83.73 393.48 83.85 393.36 84.09 c 393.12 84.33 393 84.57 392.88 84.81 c 392.76 84.93 392.76 85.17 392.64 85.29 c 392.64 85.41 392.64 85.53 392.64 85.65 c 392.64 85.77 392.76 86.01 392.88 86.13 c 393 86.37 393.12 86.49 393.36 86.49 c 393.48 86.37 393.48 86.13 393.6 85.89 c 393.72 85.65 393.72 85.53 393.84 85.29 c 393.96 85.05 393.96 84.93 394.08 84.69 c 394.2 84.45 394.32 84.21 394.32 83.97 c 394.44 83.73 394.44 83.61 394.44 83.37 c 394.44 83.25 394.44 83.25 394.44 83.01 c 394.44 82.89 394.32 82.77 394.32 82.65 c 394.2 82.41 394.2 82.29 394.08 82.17 c 393.84 82.05 393.48 81.93 393.12 81.81 c 392.76 81.81 392.4 81.69 391.92 81.69 c h f 
397.92 80.85 m 398.4 81.09 398.76 81.57 399 82.05 c 399.24 82.53 399.48 83.01 399.48 83.61 c 399.6 84.21 399.6 84.81 399.6 85.41 c 399.6 86.01 399.6 86.61 399.48 87.21 c 399.48 87.69 399.24 88.29 399 88.77 c 398.76 89.25 398.4 89.61 397.92 89.97 c 397.92 90.57 l 398.64 90.21 399.24 89.85 399.72 89.37 c 400.2 88.89 400.44 88.41 400.68 87.69 c 400.92 87.09 401.04 86.25 401.04 85.41 c 401.04 84.45 400.92 83.73 400.68 83.01 c 400.44 82.41 400.2 81.81 399.72 81.33 c 399.24 80.85 398.64 80.49 397.92 80.25 c 397.92 80.85 l h f 
q 0.12 0 0 -0.12 0 841.89 cm 1 j 0.141 0.125 0.129 SC 4062 6335 m 4054 6335 l 4054 6281 l 4052 6283 4049 6285 4046 6287 c 4043 6289 4040 6290 4037 6291 c 4037 6283 l 4042 6281 4046 6278 4049 6275 c 4053 6272 4055 6269 4057 6266 c 4062 6266 l 4062 6335 l h S Q 
q 0.12 0 0 -0.12 0 841.89 cm 1 w 1 j 0.141 0.125 0.129 SC 4084 6301 m 4084 6293 4085 6286 4086 6281 c 4088 6276 4091 6272 4094 6270 c 4097 6267 4101 6266 4106 6266 c 4110 6266 4113 6266 4116 6268 c 4119 6269 4121 6271 4123 6274 c 4125 6277 4126 6281 4127 6285 c 4128 6289 4129 6294 4129 6301 c 4129 6309 4128 6315 4126 6320 c 4124 6325 4122 6329 4119 6332 c 4115 6335 4111 6336 4106 6336 c 4100 6336 4094 6334 4091 6329 c 4086 6323 4084 6314 4084 6301 c S Q 
q 0.12 0 0 -0.12 0 841.89 cm 1 w 1 j 0.141 0.125 0.129 SC 4093 6301 m 4093 6312 4094 6320 4097 6323 c 4099 6327 4102 6329 4106 6329 c 4110 6329 4113 6327 4116 6323 c 4119 6320 4120 6312 4120 6301 c 4120 6289 4119 6282 4116 6278 c 4113 6275 4110 6273 4106 6273 c 4102 6273 4099 6274 4097 6278 c 4094 6282 4093 6290 4093 6301 c S Q 
q 0.12 0 0 -0.12 0 841.89 cm 1 w 1 j 0.141 0.125 0.129 SC 4137 6301 m 4137 6293 4138 6286 4140 6281 c 4141 6276 4144 6272 4147 6270 c 4150 6267 4155 6266 4160 6266 c 4163 6266 4166 6266 4169 6268 c 4172 6269 4174 6271 4176 6274 c 4178 6277 4179 6281 4180 6285 c 4181 6289 4182 6294 4182 6301 c 4182 6309 4181 6315 4179 6320 c 4178 6325 4175 6329 4172 6332 c 4169 6335 4165 6336 4160 6336 c 4153 6336 4148 6334 4144 6329 c 4139 6323 4137 6314 4137 6301 c S Q 
q 0.12 0 0 -0.12 0 841.89 cm 1 w 1 j 0.141 0.125 0.129 SC 4146 6301 m 4146 6312 4147 6320 4150 6323 c 4152 6327 4156 6329 4160 6329 c 4163 6329 4167 6327 4169 6323 c 4172 6320 4173 6312 4173 6301 c 4173 6289 4172 6282 4169 6278 c 4167 6275 4163 6273 4159 6273 c 4156 6273 4152 6274 4150 6278 c 4147 6282 4146 6290 4146 6301 c S Q 
1 w 0.141 0.125 0.129 sc 487.44 81.69 m 486.48 81.69 l 486.48 88.17 l 486.24 87.93 485.88 87.69 485.52 87.45 c 485.16 87.21 484.8 87.09 484.44 86.97 c 484.44 87.93 l 485.04 88.17 485.52 88.53 485.88 88.89 c 486.36 89.25 486.6 89.61 486.84 89.97 c 487.44 89.97 l 487.44 81.69 l h f 
490.08 85.77 m 490.08 86.73 490.2 87.57 490.32 88.17 c 490.56 88.77 490.92 89.25 491.28 89.49 c 491.64 89.85 492.12 89.97 492.72 89.97 c 493.2 89.97 493.56 89.97 493.92 89.73 c 494.28 89.61 494.52 89.37 494.76 89.01 c 495 88.65 495.12 88.17 495.24 87.69 c 495.36 87.21 495.48 86.61 495.48 85.77 c 495.48 84.81 495.36 84.09 495.12 83.49 c 494.88 82.89 494.64 82.41 494.28 82.05 c 493.8 81.69 493.32 81.57 492.72 81.57 c 492 81.57 491.28 81.81 490.92 82.41 c 490.32 83.13 490.08 84.21 490.08 85.77 c h 491.16 85.77 m 491.16 84.45 491.28 83.49 491.64 83.13 c 491.88 82.65 492.24 82.41 492.72 82.41 c 493.2 82.41 493.56 82.65 493.92 83.13 c 494.28 83.49 494.4 84.45 494.4 85.77 c 494.4 87.21 494.28 88.05 493.92 88.53 c 493.56 88.89 493.2 89.13 492.72 89.13 c 492.24 89.13 491.88 89.01 491.64 88.53 c 491.28 88.05 491.16 87.09 491.16 85.77 c h f 
496.44 85.77 m 496.44 86.73 496.56 87.57 496.8 88.17 c 496.92 88.77 497.28 89.25 497.64 89.49 c 498 89.85 498.6 89.97 499.08 89.97 c 499.56 89.97 499.92 89.97 500.28 89.73 c 500.64 89.61 500.88 89.37 501.12 89.01 c 501.36 88.65 501.48 88.17 501.6 87.69 c 501.72 87.21 501.84 86.61 501.84 85.77 c 501.84 84.81 501.72 84.09 501.48 83.49 c 501.36 82.89 501 82.41 500.64 82.05 c 500.28 81.69 499.8 81.57 499.08 81.57 c 498.36 81.57 497.76 81.81 497.28 82.41 c 496.68 83.13 496.44 84.21 496.44 85.77 c h 497.52 85.77 m 497.52 84.45 497.64 83.49 498 83.13 c 498.24 82.65 498.72 82.41 499.08 82.41 c 499.56 82.41 500.04 82.65 500.28 83.13 c 500.64 83.49 500.76 84.45 500.76 85.77 c 500.76 87.21 500.64 88.05 500.28 88.53 c 500.04 88.89 499.56 89.13 499.08 89.13 c 498.72 89.13 498.24 89.01 498 88.53 c 497.64 88.05 497.52 87.09 497.52 85.77 c h f 
508.68 80.25 m 507.96 80.49 507.36 80.85 506.88 81.33 c 506.4 81.81 506.16 82.41 505.92 83.01 c 505.68 83.73 505.56 84.45 505.56 85.41 c 505.56 86.25 505.68 87.09 505.92 87.69 c 506.16 88.41 506.4 88.89 506.88 89.37 c 507.36 89.85 507.96 90.21 508.68 90.57 c 508.68 89.97 l 508.2 89.61 507.84 89.25 507.6 88.77 c 507.36 88.29 507.12 87.69 507.12 87.21 c 507 86.61 507 86.01 507 85.41 c 507 84.81 507 84.21 507.12 83.61 c 507.12 83.01 507.36 82.53 507.6 82.05 c 507.84 81.57 508.2 81.09 508.68 80.85 c 508.68 80.25 l h f 
509.04 81.81 m 509.04 81.81 509.04 81.81 509.04 81.81 c 509.04 82.65 l 509.04 82.77 509.04 82.77 509.04 82.77 c 511.56 82.77 l 511.56 82.77 511.68 82.77 511.68 82.65 c 511.68 81.81 l 511.68 81.81 511.56 81.81 511.56 81.81 c 509.04 81.81 l h f 
511.56 81.81 m 511.44 81.81 511.44 81.81 511.44 81.81 c 511.44 82.65 l 511.44 82.77 511.44 82.77 511.56 82.77 c 512.04 82.77 512.52 82.77 513 82.89 c 513.36 82.89 513.84 83.01 514.08 83.01 c 514.56 83.25 514.92 83.37 515.16 83.37 c 515.4 83.49 515.64 83.49 515.76 83.61 c 515.64 83.61 515.52 83.73 515.4 83.85 c 515.28 83.85 515.16 83.97 515.04 84.09 c 514.68 84.33 514.44 84.45 514.32 84.57 c 514.08 84.57 513.96 84.69 513.72 84.69 c 513.48 84.69 513.24 84.57 513.12 84.57 c 512.88 84.45 512.76 84.33 512.4 84.21 c 512.4 84.33 512.28 84.33 512.28 84.45 c 512.28 84.57 512.28 84.69 512.28 84.69 c 512.28 85.05 512.4 85.29 512.64 85.53 c 512.88 85.65 513.24 85.77 513.72 85.77 c 513.96 85.77 514.2 85.77 514.44 85.65 c 514.68 85.53 514.92 85.41 515.28 85.17 c 515.64 84.81 516 84.69 516.24 84.45 c 516.48 84.33 516.84 84.21 517.2 84.21 c 517.32 84.09 517.56 84.09 517.68 84.09 c 517.92 84.09 518.16 84.09 518.52 84.09 c 518.04 83.01 l 517.8 83.13 517.68 83.13 517.56 83.13 c 517.32 83.13 517.2 83.13 516.96 83.13 c 516.84 83.13 516.6 83.13 516.48 83.01 c 516.24 83.01 516.12 83.01 515.88 82.89 c 515.64 82.77 515.4 82.65 515.16 82.53 c 514.8 82.29 514.56 82.17 514.32 82.05 c 514.08 82.05 513.84 81.93 513.6 81.93 c 513.36 81.81 513 81.81 512.64 81.81 c 512.4 81.81 511.92 81.81 511.56 81.81 c h 515.64 79.65 m 515.4 79.77 515.28 79.89 515.16 80.01 c 514.92 80.13 514.8 80.25 514.8 80.37 c 514.92 80.61 515.04 80.73 515.16 80.85 c 515.28 80.97 515.4 81.21 515.52 81.33 c 515.76 80.97 516.12 80.73 516.36 80.49 c 516.24 80.37 516.12 80.25 516 80.13 c 515.88 80.01 515.76 79.77 515.64 79.65 c h f 
519.24 80.85 m 519.72 81.09 520.08 81.57 520.32 82.05 c 520.68 82.53 520.8 83.01 520.92 83.61 c 520.92 84.21 521.04 84.81 521.04 85.41 c 521.04 86.01 520.92 86.61 520.92 87.21 c 520.8 87.69 520.68 88.29 520.32 88.77 c 520.08 89.25 519.72 89.61 519.24 89.97 c 519.24 90.57 l 519.96 90.21 520.56 89.85 521.04 89.37 c 521.52 88.89 521.88 88.41 522.12 87.69 c 522.24 87.09 522.36 86.25 522.36 85.41 c 522.36 84.45 522.24 83.73 522.12 83.01 c 521.88 82.41 521.52 81.81 521.04 81.33 c 520.56 80.85 519.96 80.49 519.24 80.25 c 519.24 80.85 l h f 
216.84 246.81 m 216.6 246.93 216.48 247.05 216.24 247.17 c 216.12 247.29 216 247.41 215.76 247.41 c 215.88 247.53 215.88 247.65 216 247.65 c 216 247.77 216 247.89 216.12 247.89 c 216.12 248.01 216.24 248.13 216.24 248.13 c 216.24 248.25 216.36 248.37 216.36 248.37 c 216.6 248.37 216.72 248.25 216.84 248.13 c 216.96 248.01 217.08 247.89 217.2 247.89 c 217.32 247.77 217.32 247.77 217.32 247.65 c 217.32 247.53 217.2 247.29 216.84 246.81 c h 216.84 242.73 m 216.6 242.85 216.48 242.97 216.36 243.09 c 216.12 243.21 216 243.33 215.76 243.45 c 215.88 243.57 215.88 243.57 216 243.69 c 216 243.81 216 243.81 216.12 243.93 c 216.12 244.05 216.24 244.05 216.24 244.17 c 216.24 244.29 216.36 244.29 216.36 244.41 c 217.08 244.05 217.32 243.81 217.32 243.69 c 217.32 243.57 217.2 243.21 216.84 242.73 c h f 
223.68 240.45 m 222.84 240.45 222.24 240.69 221.88 241.05 c 221.4 241.53 221.16 242.01 221.16 242.73 c 221.16 242.85 221.16 243.09 221.16 243.21 c 221.28 243.33 221.28 243.45 221.28 243.69 c 221.28 243.81 221.4 244.05 221.4 244.29 c 221.88 244.17 l 221.76 243.81 221.76 243.57 221.76 243.33 c 221.76 242.73 221.88 242.37 222.24 242.01 c 222.6 241.77 223.08 241.65 223.8 241.65 c 224.4 241.65 224.88 241.65 225.24 241.65 c 225.72 241.77 226.08 241.89 226.44 242.01 c 226.68 242.01 226.8 242.13 227.04 242.25 c 227.16 242.25 227.28 242.37 227.52 242.49 c 227.16 242.61 226.92 242.73 226.68 242.85 c 226.44 242.97 226.32 243.09 226.08 243.21 c 225.96 243.33 225.84 243.45 225.72 243.45 c 225.48 243.69 225.36 243.69 225.36 243.81 c 225.36 243.93 225.36 243.93 225.48 244.05 c 225.48 244.17 225.48 244.29 225.6 244.41 c 225.6 244.53 225.72 244.53 225.72 244.65 c 225.84 244.77 225.84 244.77 225.84 244.77 c 226.2 244.65 226.56 244.65 227.04 244.65 c 227.4 244.53 227.88 244.53 228.36 244.53 c 228.48 244.53 228.48 244.53 228.48 244.41 c 228.48 243.69 l 228.48 243.57 228.48 243.57 228.36 243.57 c 228.24 243.57 228 243.57 227.76 243.57 c 227.64 243.57 227.4 243.57 227.16 243.57 c 226.92 243.69 226.8 243.69 226.56 243.69 c 226.8 243.69 226.92 243.57 227.04 243.45 c 227.16 243.45 227.28 243.33 227.4 243.33 c 227.52 243.21 227.64 243.21 227.76 243.09 c 227.76 243.09 227.88 242.97 227.88 242.85 c 227.88 242.73 227.88 242.61 227.88 242.49 c 227.88 242.25 227.88 242.13 227.64 241.89 c 227.4 241.65 227.16 241.53 226.8 241.29 c 226.44 241.05 226.08 240.93 225.6 240.81 c 225 240.57 224.28 240.45 223.68 240.45 c h f 
228.36 243.57 m 228.24 243.57 228.24 243.57 228.24 243.57 c 228.24 244.41 l 228.24 244.53 228.24 244.53 228.36 244.53 c 228.72 244.53 229.2 244.65 229.56 244.89 c 229.56 245.13 229.56 245.37 229.44 245.61 c 229.44 245.97 229.44 246.21 229.44 246.45 c 229.32 247.05 229.32 247.65 229.2 248.37 c 229.08 248.97 228.96 249.81 228.84 250.53 c 228.96 250.65 229.2 250.77 229.32 250.89 c 229.44 251.01 229.68 251.13 229.8 251.25 c 229.92 250.77 229.92 250.29 229.92 249.69 c 229.92 249.21 229.92 248.61 230.04 248.01 c 230.04 247.41 230.04 246.93 230.04 246.45 c 230.04 245.97 230.04 245.61 230.04 245.13 c 230.04 245.01 230.04 244.77 230.04 244.53 c 229.92 244.29 229.8 244.17 229.68 243.93 c 229.56 243.81 229.44 243.69 229.2 243.57 c 228.96 243.57 228.72 243.57 228.36 243.57 c h f 
233.88 243.57 m 233.52 243.57 233.28 243.57 233.04 243.69 c 232.8 243.81 232.56 243.93 232.44 244.17 c 232.32 244.29 232.2 244.53 232.2 244.77 c 232.2 245.01 232.08 245.25 232.08 245.49 c 232.08 245.73 232.08 246.09 231.96 246.45 c 231.96 246.81 231.96 247.29 231.84 247.65 c 231.84 248.13 231.84 248.61 231.72 249.09 c 231.72 249.57 231.72 250.05 231.6 250.53 c 231.84 250.65 231.96 250.77 232.08 250.89 c 232.32 251.01 232.44 251.13 232.68 251.25 c 232.68 250.65 232.68 250.05 232.68 249.45 c 232.68 248.97 232.68 248.37 232.68 247.65 c 232.8 247.05 232.8 246.45 232.8 245.73 c 232.8 244.89 l 232.92 244.77 233.16 244.65 233.28 244.65 c 233.52 244.53 233.76 244.53 233.88 244.53 c 234 244.53 234 244.53 234 244.41 c 234 243.57 l 234 243.57 234 243.57 233.88 243.57 c h f 
233.88 243.57 m 233.76 243.57 233.76 243.57 233.76 243.57 c 233.76 244.41 l 233.76 244.53 233.76 244.53 233.88 244.53 c 234.24 244.53 234.6 244.53 234.96 244.65 c 235.32 244.65 235.56 244.77 235.68 244.77 c 235.8 244.89 235.92 245.01 236.04 245.13 c 236.16 245.37 236.28 245.61 236.4 245.97 c 236.52 246.09 236.64 246.21 236.64 246.21 c 236.76 246.21 236.76 246.33 236.88 246.33 c 237 246.33 237.12 246.21 237.24 246.21 c 237.24 246.09 237.12 245.85 237 245.73 c 237 245.49 236.88 245.37 236.88 245.25 c 236.76 245.13 236.76 245.01 236.64 245.01 c 236.88 244.77 237.12 244.77 237.36 244.65 c 237.6 244.65 237.84 244.53 238.08 244.53 c 238.08 244.53 238.2 244.53 238.2 244.41 c 238.2 243.57 l 238.2 243.57 238.08 243.57 238.08 243.57 c 237.36 243.57 236.76 243.81 236.28 244.29 c 236.16 244.05 l 236.04 243.93 235.92 243.81 235.68 243.81 c 235.44 243.69 235.2 243.57 234.84 243.57 c 234.48 243.57 234.12 243.57 233.88 243.57 c h 236.88 247.29 m 236.76 247.41 236.52 247.53 236.4 247.65 c 236.28 247.77 236.16 247.89 236.16 248.01 c 236.16 248.01 236.28 248.13 236.4 248.25 c 236.52 248.49 236.64 248.61 236.88 248.73 c 236.88 248.73 237 248.61 237.12 248.49 c 237.24 248.37 237.36 248.25 237.6 248.13 c 237.48 247.89 237.24 247.53 236.88 247.29 c h 235.2 247.17 m 235.08 247.29 234.96 247.41 234.72 247.53 c 234.6 247.65 234.48 247.77 234.48 247.77 c 234.6 247.89 234.72 248.01 234.84 248.13 c 234.96 248.37 235.08 248.49 235.2 248.61 c 235.32 248.61 235.32 248.49 235.44 248.37 c 235.56 248.25 235.68 248.13 235.92 247.89 c 235.8 247.77 235.8 247.65 235.68 247.53 c 235.56 247.41 235.32 247.29 235.2 247.17 c h f 
237.96 243.57 m 237.84 243.57 237.84 243.57 237.84 243.57 c 237.84 244.41 l 237.84 244.53 237.84 244.53 237.96 244.53 c 238.32 244.53 238.8 244.65 239.16 244.89 c 239.16 245.13 239.16 245.37 239.16 245.61 c 239.16 245.97 239.04 246.21 239.04 246.45 c 239.04 247.05 238.92 247.65 238.8 248.37 c 238.8 248.97 238.68 249.81 238.56 250.53 c 238.68 250.65 238.8 250.77 238.92 250.89 c 239.16 251.01 239.28 251.13 239.52 251.25 c 239.52 250.77 239.52 250.29 239.52 249.69 c 239.52 249.21 239.64 248.61 239.64 248.01 c 239.64 247.41 239.76 246.93 239.76 246.45 c 239.76 245.97 239.76 245.61 239.76 245.13 c 239.76 245.01 239.76 244.77 239.64 244.53 c 239.52 244.29 239.4 244.17 239.28 243.93 c 239.28 243.81 239.04 243.69 238.8 243.57 c 238.56 243.57 238.32 243.57 237.96 243.57 c h f 
241.68 243.57 m 241.68 244.29 241.68 244.89 241.56 245.49 c 241.56 246.09 241.56 246.69 241.56 247.29 c 241.56 247.77 241.44 248.25 241.44 248.85 c 241.44 249.33 241.32 249.81 241.32 250.29 c 241.32 250.41 241.32 250.65 241.32 250.77 c 241.44 250.89 241.56 251.01 241.68 251.13 c 241.8 251.13 242.04 251.25 242.28 251.25 c 242.28 251.13 242.28 250.89 242.4 250.65 c 242.52 250.41 242.52 250.17 242.64 249.93 c 242.28 249.57 l 242.28 249.09 242.4 248.49 242.4 247.89 c 242.4 247.29 242.4 246.69 242.4 245.97 c 242.28 245.25 242.28 244.53 242.28 243.57 c 241.68 243.57 l h f 
248.76 240.45 m 248.04 240.45 247.56 240.69 247.2 241.05 c 246.84 241.41 246.6 242.01 246.6 242.73 c 246.6 242.85 246.6 242.97 246.72 243.21 c 246.72 243.33 246.72 243.45 246.72 243.69 c 246.72 243.81 246.84 244.05 246.84 244.29 c 247.32 244.17 l 247.2 243.81 247.2 243.57 247.2 243.33 c 247.2 242.73 247.32 242.37 247.56 242.01 c 247.92 241.77 248.28 241.65 248.76 241.65 c 249.12 241.65 249.48 241.65 249.96 241.77 c 250.32 241.89 250.56 242.01 250.92 242.25 c 251.16 242.49 251.4 242.61 251.52 242.85 c 251.28 244.53 l 251.16 245.25 251.04 245.97 250.92 246.57 c 250.8 247.17 250.8 247.77 250.68 248.25 c 250.68 248.49 250.56 248.73 250.56 248.97 c 250.56 249.09 250.56 249.33 250.56 249.45 c 250.44 249.69 250.44 249.81 250.44 249.93 c 250.44 250.05 250.44 250.17 250.44 250.29 c 250.44 250.53 250.44 250.77 250.68 251.01 c 250.8 251.13 251.04 251.25 251.28 251.25 c 251.4 251.01 251.4 250.89 251.52 250.65 c 251.64 250.29 251.64 250.17 251.76 249.93 c 251.52 249.57 l 251.64 248.37 251.76 247.41 251.76 246.57 c 251.88 245.73 251.88 245.13 252 244.77 c 252.24 244.65 252.48 244.53 252.84 244.53 c 252.96 244.53 252.96 244.53 252.96 244.41 c 252.96 243.57 l 252.96 243.57 252.96 243.57 252.84 243.57 c 252.72 243.57 252.6 243.57 252.48 243.57 c 252.36 243.57 252.12 243.69 252 243.69 c 252 243.33 l 252 242.85 251.88 242.37 251.64 241.89 c 251.28 241.53 250.92 241.17 250.32 240.93 c 250.08 240.81 249.84 240.69 249.6 240.57 c 249.36 240.57 249 240.45 248.76 240.45 c h f 
252.72 243.57 m 252.72 243.57 252.72 243.57 252.72 243.57 c 252.72 244.41 l 252.72 244.53 252.72 244.53 252.72 244.53 c 253.68 244.53 254.52 244.65 255.12 244.77 c 255.48 244.89 255.84 245.01 256.2 245.13 c 256.08 245.37 255.96 245.61 255.84 245.85 c 255.6 246.09 255.48 246.21 255.24 246.45 c 255 246.57 254.76 246.69 254.64 246.93 c 254.4 247.05 254.16 247.17 253.8 247.29 c 253.56 247.53 253.2 247.65 253.08 247.77 c 252.84 248.01 252.84 248.13 252.84 248.37 c 252.84 248.49 252.84 248.61 252.84 248.73 c 252.96 248.85 252.96 248.97 253.08 249.09 c 253.2 249.09 253.32 249.21 253.44 249.33 c 253.68 249.45 253.8 249.45 254.16 249.69 c 254.4 249.81 254.76 249.93 255.12 250.05 c 255.48 250.29 255.84 250.41 256.2 250.53 c 256.68 250.77 257.16 250.89 257.64 251.13 c 257.76 251.01 257.76 250.89 257.76 250.65 c 257.76 250.41 257.76 250.29 257.64 250.17 c 257.52 250.05 257.4 249.93 257.28 249.93 c 256.92 249.69 256.44 249.57 256.08 249.45 c 255.72 249.21 255.24 249.09 254.88 248.85 c 254.4 248.73 253.92 248.49 253.44 248.37 c 254.04 248.25 254.52 248.01 255 247.65 c 255.48 247.29 255.96 246.93 256.2 246.57 c 256.56 246.21 256.68 245.73 256.68 245.37 c 256.68 245.25 256.68 245.13 256.68 245.01 c 257.04 244.77 257.64 244.53 258.12 244.53 c 258.24 244.53 258.24 244.53 258.24 244.41 c 258.24 243.57 l 258.24 243.57 258.24 243.57 258.12 243.57 c 257.76 243.57 257.52 243.57 257.16 243.69 c 256.8 243.81 256.56 244.05 256.2 244.41 c 256.2 244.29 256.08 244.29 256.08 244.17 c 255.96 244.17 255.84 244.05 255.84 244.05 c 255.12 243.69 254.16 243.57 252.72 243.57 c h f 
260.64 243.45 m 260.52 243.45 260.28 243.57 259.92 243.57 c 259.68 243.69 259.44 243.69 259.32 243.81 c 259.2 243.81 258.96 243.69 258.84 243.57 c 258.6 243.57 258.36 243.57 258.12 243.57 c 258 243.57 258 243.57 258 243.57 c 258 244.41 l 258 244.53 258 244.53 258.12 244.53 c 258.36 244.53 258.48 244.53 258.72 244.65 c 258.84 244.65 258.96 244.77 259.08 244.89 c 259.2 244.89 259.32 245.01 259.32 245.13 c 259.44 245.25 259.56 245.49 259.68 245.73 c 259.68 245.73 259.8 245.85 259.8 245.85 c 259.92 245.85 260.04 245.85 260.04 245.85 c 260.16 245.85 260.28 245.85 260.4 245.85 c 260.28 245.49 260.16 245.25 260.16 245.13 c 260.04 244.89 259.92 244.77 259.92 244.65 c 259.92 244.65 260.04 244.65 260.28 244.53 c 260.4 244.53 260.64 244.53 260.76 244.53 c 261 244.53 261.12 244.53 261.24 244.53 c 261.36 244.53 261.48 244.65 261.6 244.65 c 261.72 244.77 261.72 244.89 261.84 245.01 c 261.84 245.25 261.96 245.37 262.08 245.61 c 262.08 245.85 262.2 245.97 262.2 246.21 c 262.32 246.33 262.32 246.45 262.44 246.45 c 262.56 246.57 262.56 246.57 262.68 246.57 c 262.8 246.57 262.92 246.57 263.04 246.45 c 263.04 246.33 262.92 246.09 262.8 245.85 c 262.68 245.61 262.56 245.13 262.44 244.65 c 262.56 244.65 262.68 244.53 262.68 244.53 c 262.8 244.53 262.8 244.53 262.92 244.53 c 263.16 244.53 263.4 244.53 263.64 244.65 c 263.64 244.65 263.76 244.77 263.76 244.89 c 263.88 245.01 263.88 245.25 264 245.37 c 264 245.61 264.12 245.73 264.12 245.97 c 264.24 246.09 264.24 246.21 264.36 246.45 c 264.36 246.45 264.48 246.57 264.48 246.57 c 264.6 246.69 264.72 246.69 264.84 246.69 c 264.96 246.69 264.96 246.57 265.08 246.57 c 265.08 246.45 264.96 246.21 264.84 245.97 c 264.84 245.73 264.72 245.37 264.6 244.89 c 264.72 244.77 264.96 244.65 265.2 244.65 c 265.44 244.53 265.68 244.53 265.92 244.53 c 266.04 244.53 266.04 244.53 266.04 244.41 c 266.04 243.57 l 266.04 243.57 266.04 243.57 265.92 243.57 c 265.56 243.57 265.32 243.57 264.96 243.69 c 264.72 243.81 264.48 243.93 264.24 244.17 c 264.24 244.05 264.24 244.05 264.12 243.93 c 264.12 243.81 264 243.81 264 243.69 c 263.88 243.69 263.76 243.57 263.52 243.57 c 263.4 243.45 263.16 243.45 263.04 243.45 c 262.68 243.45 262.32 243.57 262.08 243.81 c 261.96 243.69 261.96 243.69 261.72 243.57 c 261.6 243.57 261.36 243.57 261.24 243.57 c 261 243.45 260.88 243.45 260.64 243.45 c h 261.48 247.29 m 261.24 247.41 261.12 247.53 261 247.65 c 260.88 247.77 260.76 247.89 260.76 248.01 c 260.76 248.13 260.88 248.13 261 248.37 c 261.12 248.49 261.24 248.61 261.36 248.73 c 261.48 248.61 261.6 248.61 261.6 248.49 c 261.72 248.37 261.96 248.25 262.08 248.01 c 261.96 247.89 261.84 247.77 261.84 247.65 c 261.72 247.53 261.6 247.41 261.48 247.29 c h 263.04 247.41 m 262.92 247.53 262.8 247.65 262.68 247.77 c 262.56 247.89 262.44 248.01 262.32 248.13 c 262.44 248.25 262.56 248.25 262.68 248.37 c 262.8 248.49 262.92 248.73 263.04 248.85 c 263.16 248.73 263.16 248.73 263.28 248.61 c 263.4 248.49 263.52 248.37 263.76 248.25 c 263.64 248.13 263.52 248.01 263.4 247.89 c 263.28 247.77 263.16 247.53 263.04 247.41 c h 262.2 248.37 m 262.08 248.49 261.96 248.61 261.84 248.73 c 261.72 248.85 261.72 248.85 261.6 248.97 c 261.72 249.09 261.84 249.21 261.96 249.33 c 262.08 249.45 262.08 249.57 262.2 249.69 c 262.32 249.57 262.32 249.45 262.44 249.33 c 262.56 249.21 262.68 249.09 262.8 248.97 c 262.68 248.85 262.56 248.73 262.44 248.61 c 262.44 248.61 262.32 248.49 262.2 248.37 c h f 
265.8 243.57 m 265.8 243.57 265.68 243.57 265.68 243.57 c 265.68 244.41 l 265.68 244.53 265.8 244.53 265.8 244.53 c 266.28 244.53 266.64 244.65 267 244.89 c 267 245.13 267 245.37 267 245.61 c 267 245.97 266.88 246.21 266.88 246.45 c 266.88 247.05 266.76 247.65 266.64 248.37 c 266.64 248.97 266.52 249.81 266.4 250.53 c 266.52 250.65 266.64 250.77 266.88 250.89 c 267 251.01 267.12 251.13 267.36 251.25 c 267.36 250.77 267.36 250.29 267.36 249.69 c 267.48 249.21 267.48 248.61 267.48 248.01 c 267.48 247.41 267.6 246.93 267.6 246.45 c 267.6 245.97 267.6 245.61 267.6 245.13 c 267.6 245.01 267.6 244.77 267.48 244.53 c 267.36 244.29 267.36 244.17 267.12 243.93 c 267.12 243.81 267 243.69 266.76 243.57 c 266.52 243.57 266.16 243.57 265.8 243.57 c h f 
269.52 243.57 m 269.52 244.29 269.52 244.89 269.52 245.49 c 269.4 246.09 269.4 246.69 269.4 247.29 c 269.4 247.77 269.28 248.25 269.28 248.85 c 269.28 249.33 269.16 249.81 269.16 250.29 c 269.16 250.41 269.16 250.65 269.28 250.77 c 269.28 250.89 269.4 251.01 269.52 251.13 c 269.64 251.13 269.88 251.25 270.12 251.25 c 270.12 251.13 270.12 250.89 270.24 250.65 c 270.36 250.41 270.36 250.17 270.48 249.93 c 270.12 249.57 l 270.24 249.09 270.24 248.49 270.24 247.89 c 270.24 247.29 270.24 246.69 270.24 245.97 c 270.24 245.25 270.12 244.53 270.12 243.57 c 269.52 243.57 l h f 
276.96 240.45 m 276.24 240.45 275.52 240.69 275.16 241.05 c 274.68 241.53 274.56 242.01 274.56 242.73 c 274.56 242.85 274.56 243.09 274.56 243.21 c 274.56 243.33 274.56 243.45 274.56 243.69 c 274.68 243.81 274.68 244.05 274.8 244.29 c 275.16 244.17 l 275.16 243.81 275.04 243.57 275.04 243.33 c 275.04 242.73 275.28 242.37 275.64 242.01 c 275.88 241.77 276.48 241.65 277.08 241.65 c 277.68 241.65 278.16 241.65 278.64 241.65 c 279 241.77 279.48 241.89 279.84 242.01 c 279.96 242.01 280.2 242.13 280.32 242.25 c 280.44 242.25 280.68 242.37 280.8 242.49 c 280.56 242.61 280.32 242.73 280.08 242.85 c 279.84 242.97 279.6 243.09 279.48 243.21 c 279.24 243.33 279.12 243.45 279 243.45 c 278.76 243.69 278.76 243.69 278.76 243.81 c 278.76 243.93 278.76 243.93 278.76 244.05 c 278.76 244.17 278.88 244.29 278.88 244.41 c 279 244.53 279 244.53 279.12 244.65 c 279.12 244.77 279.12 244.77 279.24 244.77 c 279.48 244.65 279.84 244.65 280.32 244.65 c 280.8 244.53 281.16 244.53 281.76 244.53 c 281.76 244.53 281.88 244.53 281.88 244.41 c 281.88 243.69 l 281.88 243.57 281.76 243.57 281.76 243.57 c 281.52 243.57 281.28 243.57 281.16 243.57 c 280.92 243.57 280.68 243.57 280.44 243.57 c 280.32 243.69 280.08 243.69 279.96 243.69 c 280.08 243.69 280.32 243.57 280.44 243.45 c 280.56 243.45 280.68 243.33 280.8 243.33 c 280.8 243.21 280.92 243.21 281.04 243.09 c 281.16 243.09 281.16 242.97 281.16 242.85 c 281.28 242.73 281.28 242.61 281.28 242.49 c 281.28 242.25 281.16 242.13 280.92 241.89 c 280.8 241.65 280.44 241.53 280.2 241.29 c 279.84 241.05 279.36 240.93 279 240.81 c 278.28 240.57 277.56 240.45 276.96 240.45 c h f 
281.64 243.57 m 281.52 243.57 281.52 243.57 281.52 243.57 c 281.52 244.41 l 281.52 244.53 281.52 244.53 281.64 244.53 c 282.48 244.53 283.2 244.65 283.8 244.65 c 284.28 244.77 284.88 244.89 285.36 245.13 c 285.36 245.25 285.24 245.37 285.24 245.49 c 285.24 245.61 285.24 245.73 285.12 245.85 c 285 245.73 284.76 245.49 284.4 245.49 c 284.16 245.37 283.92 245.25 283.68 245.25 c 283.32 245.25 282.96 245.37 282.72 245.61 c 282.6 245.97 282.48 246.21 282.48 246.57 c 282.48 246.93 282.48 247.29 282.6 247.65 c 282.84 248.01 282.96 248.25 283.2 248.49 c 283.32 248.61 283.44 248.61 283.56 248.73 c 283.68 248.73 283.8 248.85 283.92 248.85 c 284.28 248.85 284.64 248.61 284.88 248.37 c 285.24 248.01 285.48 247.65 285.6 247.05 c 285.72 246.81 285.84 246.57 285.84 246.33 c 285.84 245.97 285.84 245.73 285.84 245.49 c 285.84 245.37 285.84 245.25 285.84 245.13 c 285.84 245.01 285.84 244.77 285.84 244.65 c 285.72 244.53 285.6 244.41 285.48 244.29 c 285.36 244.17 285 244.05 284.64 243.93 c 284.28 243.81 283.92 243.69 283.32 243.69 c 282.84 243.57 282.24 243.57 281.64 243.57 c h 283.92 246.21 m 284.28 246.21 284.64 246.21 285 246.45 c 284.88 246.81 284.64 247.17 284.4 247.41 c 284.28 247.53 284.04 247.65 283.68 247.65 c 283.44 247.65 283.32 247.65 283.2 247.41 c 282.96 247.29 282.96 247.05 282.96 246.81 c 282.96 246.57 282.96 246.45 283.2 246.33 c 283.32 246.21 283.56 246.21 283.92 246.21 c h 283.92 249.57 m 283.56 249.81 283.2 250.05 283.08 250.29 c 283.2 250.53 283.44 250.65 283.56 250.77 c 283.68 250.89 283.8 251.01 283.92 251.13 c 284.04 251.01 284.04 250.89 284.28 250.77 c 284.4 250.65 284.52 250.53 284.64 250.41 c 284.52 250.29 284.52 250.17 284.28 249.93 c 284.16 249.81 284.04 249.69 283.92 249.57 c h f 
0.992 0.941 0.918 sc 298.92 240.33 m 303 240.33 306.36 243.69 306.36 247.77 c 306.36 251.85 303 255.21 298.92 255.21 c 294.84 255.21 291.48 251.85 291.48 247.77 c 291.48 243.69 294.84 240.33 298.92 240.33 c h f 
q 0.12 0 0 -0.12 0 841.89 cm 4 w 1 J 0 j 4 M 0.933 0.114 0.145 SC 2491 5013 m 2525 5013 2553 4985 2553 4951 c 2553 4917 2525 4889 2491 4889 c 2457 4889 2429 4917 2429 4951 c 2429 4985 2457 5013 2491 5013 c S Q 
1 w 0.933 0.114 0.145 sc 299.04 243.57 m 298.44 243.57 298.08 243.69 297.6 243.93 c 297.24 244.29 297 244.65 296.76 245.25 c 296.52 245.73 296.4 246.45 296.4 247.17 c 296.4 248.73 296.76 249.93 297.36 250.77 c 297.96 251.61 298.8 251.97 299.88 251.97 c 300.12 251.97 300.36 251.97 300.48 251.97 c 300.6 251.97 300.72 251.97 300.84 251.85 c 300.84 250.89 l 300.72 250.89 300.6 250.89 300.48 251.01 c 300.24 251.01 300.12 251.01 300 251.01 c 299.4 251.01 299.04 250.89 298.68 250.65 c 298.32 250.53 298.08 250.17 297.84 249.69 c 297.72 249.45 297.72 249.21 297.6 248.97 c 297.6 248.61 297.48 248.25 297.48 247.89 c 297.6 247.89 l 297.96 248.61 298.56 248.85 299.28 248.85 c 300 248.85 300.48 248.61 300.84 248.25 c 301.2 247.77 301.44 247.17 301.44 246.33 c 301.44 245.49 301.2 244.77 300.72 244.29 c 300.36 243.81 299.76 243.57 299.04 243.57 c h 299.04 244.53 m 299.4 244.53 299.76 244.77 300 245.01 c 300.24 245.37 300.36 245.73 300.36 246.33 c 300.36 246.81 300.24 247.17 300 247.53 c 299.76 247.77 299.4 247.89 299.04 247.89 c 298.8 247.89 298.56 247.89 298.32 247.77 c 298.08 247.65 297.96 247.41 297.84 247.29 c 297.6 247.05 297.6 246.81 297.6 246.57 c 297.6 246.21 297.6 245.85 297.72 245.61 c 297.84 245.25 298.08 245.01 298.2 244.89 c 298.44 244.65 298.68 244.53 299.04 244.53 c h f 
q 0.12 0 0 -0.12 0 841.89 cm 7 w 0 J 0 j 4 M 0.925 0.008 0.553 SC 1777 5712 m 1777 5672 l 1817 5672 l S Q 
1 w 0.141 0.125 0.129 sc 153.6 224.37 m 153.6 229.53 l 153.6 229.65 153.6 229.77 153.72 229.89 c 153.72 229.89 153.96 229.89 154.2 229.89 c 155.04 229.89 155.76 229.65 156.36 229.29 c 156.96 228.69 157.32 227.97 157.32 226.89 c 157.32 225.69 156.84 224.97 156.12 224.49 c 155.64 224.13 154.92 224.01 154.2 224.01 c 153.96 224.01 153.72 224.01 153.72 224.01 c 153.6 224.13 153.6 224.25 153.6 224.37 c h 151.68 223.65 m 154.44 223.65 l 155.16 223.65 155.88 223.65 156.36 223.89 c 156.6 224.01 156.84 224.13 157.2 224.37 c 157.56 224.61 157.92 225.09 158.04 225.45 c 158.28 225.93 158.4 226.41 158.4 226.89 c 158.4 228.33 157.8 229.29 156.72 229.77 c 156 230.13 155.28 230.25 154.32 230.25 c 151.68 230.25 l 151.68 230.13 l 152.04 230.01 152.28 230.01 152.4 229.89 c 152.52 229.77 152.52 229.53 152.52 229.17 c 152.52 224.73 l 152.52 224.37 152.52 224.13 152.4 224.01 c 152.28 223.89 152.04 223.89 151.68 223.77 c 151.68 223.65 l h f 
162 147.57 m 167.4 147.57 l 167.88 149.25 l 167.52 149.25 l 167.28 148.65 167.04 148.29 166.68 148.17 c 166.32 148.05 165.84 147.93 165.24 147.93 c 164.52 147.93 164.16 147.93 164.04 147.93 c 163.92 148.05 163.92 148.17 163.92 148.29 c 163.92 150.81 l 165.36 150.81 l 165.84 150.81 166.08 150.81 166.2 150.69 c 166.32 150.57 166.44 150.21 166.56 149.85 c 166.8 149.85 l 166.8 152.25 l 166.56 152.25 l 166.44 151.77 166.32 151.53 166.2 151.41 c 166.08 151.29 165.84 151.29 165.36 151.29 c 163.92 151.29 l 163.92 153.45 l 163.92 153.57 163.92 153.69 163.92 153.81 c 163.92 153.81 164.04 153.81 164.16 153.81 c 165.6 153.81 l 166.2 153.81 166.56 153.81 166.68 153.69 c 166.92 153.45 167.04 153.21 167.04 152.73 c 167.28 152.73 l 167.28 154.17 l 162 154.17 l 162 154.05 l 162.36 153.93 162.6 153.93 162.72 153.81 c 162.84 153.69 162.84 153.45 162.84 153.09 c 162.84 148.65 l 162.84 148.29 162.84 148.05 162.72 147.93 c 162.6 147.81 162.36 147.81 162 147.69 c 162 147.57 l h f 
218.64 147.93 m 218.28 147.93 218.04 147.93 217.92 147.93 c 217.8 148.05 217.8 148.17 217.8 148.29 c 217.8 150.81 l 217.92 150.81 217.92 150.81 218.04 150.81 c 218.04 150.81 218.16 150.81 218.28 150.81 c 218.88 150.81 219.36 150.69 219.84 150.57 c 220.2 150.33 220.44 149.97 220.44 149.37 c 220.44 148.77 220.2 148.41 219.96 148.17 c 219.6 148.05 219.12 147.93 218.64 147.93 c h 215.76 147.57 m 219.12 147.57 l 219.6 147.57 220.08 147.57 220.44 147.81 c 221.16 148.05 221.52 148.65 221.52 149.37 c 221.52 149.85 221.4 150.21 221.04 150.45 c 220.8 150.81 220.32 150.93 219.96 151.05 c 220.32 151.17 220.56 151.29 220.8 151.41 c 221.04 151.65 221.28 152.01 221.28 152.49 c 221.28 153.09 221.04 153.57 220.56 153.81 c 220.08 154.05 219.48 154.17 218.64 154.17 c 215.76 154.17 l 215.76 154.05 l 216.24 154.05 216.48 153.93 216.6 153.81 c 216.72 153.69 216.72 153.45 216.72 153.09 c 216.72 148.65 l 216.72 148.29 216.72 148.05 216.6 147.93 c 216.48 147.81 216.24 147.81 215.76 147.69 c 215.76 147.57 l h 218.76 151.17 m 217.8 151.17 l 217.8 153.45 l 217.8 153.69 217.8 153.81 217.92 153.81 c 217.92 153.81 218.04 153.81 218.28 153.81 c 218.76 153.81 219.24 153.81 219.48 153.69 c 219.96 153.45 220.2 153.09 220.2 152.49 c 220.2 151.89 219.96 151.53 219.6 151.41 c 219.36 151.29 219.12 151.17 218.76 151.17 c h f 
219.36 230.49 m 218.28 230.49 217.44 230.13 216.84 229.41 c 216.24 228.81 215.88 227.97 215.88 227.01 c 215.88 226.05 216.24 225.21 216.72 224.61 c 217.44 223.89 218.28 223.53 219.36 223.53 c 219.96 223.53 220.56 223.77 221.16 224.13 c 221.52 224.25 221.76 224.49 222 224.85 c 221.76 224.97 l 221.52 224.73 221.28 224.49 220.92 224.37 c 220.56 224.13 220.08 224.01 219.6 224.01 c 218.88 224.01 218.28 224.25 217.8 224.85 c 217.32 225.33 217.08 226.05 217.08 227.01 c 217.08 227.97 217.32 228.69 217.68 229.29 c 218.16 229.77 218.76 230.13 219.48 230.13 c 220.2 230.13 220.68 229.89 221.16 229.29 c 221.28 229.05 221.52 228.69 221.64 228.21 c 221.88 228.21 l 221.76 230.49 l 221.52 230.49 l 221.52 230.37 221.52 230.25 221.4 230.25 c 221.28 230.25 221.16 230.13 221.16 230.13 c 221.04 230.13 220.8 230.25 220.44 230.37 c 220.08 230.49 219.72 230.49 219.36 230.49 c h f 
137.28 150.09 m 138.48 152.85 l 139.56 150.09 l 137.28 150.09 l h 137.28 147.57 m 137.28 147.69 l 137.04 147.81 136.8 147.81 136.8 147.81 c 136.68 147.93 136.56 148.05 136.56 148.17 c 136.56 148.29 136.56 148.41 136.68 148.53 c 136.68 148.65 136.8 149.01 137.16 149.73 c 139.8 149.73 l 140.16 148.77 l 140.16 148.65 140.28 148.53 140.28 148.41 c 140.28 148.29 140.28 148.17 140.28 148.05 c 140.28 147.93 140.28 147.81 140.16 147.81 c 140.16 147.81 139.92 147.81 139.68 147.69 c 139.68 147.57 l 142.2 147.57 l 142.2 147.69 l 141.96 147.81 141.84 147.81 141.72 147.93 c 141.6 148.05 141.48 148.29 141.24 148.65 c 138.84 154.29 l 138.6 154.29 l 136.56 149.37 l 136.2 148.65 135.96 148.17 135.84 148.05 c 135.72 147.81 135.48 147.81 135.24 147.69 c 135.24 147.57 l 137.28 147.57 l h f 
183 145.41 m 183.12 145.53 183.24 145.53 183.36 145.65 c 183.36 145.89 183.36 146.13 183.24 146.37 c 183.24 146.61 183.24 146.97 183.12 147.21 c 183 147.69 183 148.17 182.88 148.53 c 182.88 149.01 182.76 149.25 182.76 149.61 c 182.88 149.73 183.12 149.85 183.24 149.97 c 183.36 149.97 183.48 150.09 183.6 150.21 c 183.48 149.97 183.48 149.73 183.48 149.49 c 183.48 149.25 183.6 149.01 183.84 148.89 c 184.08 148.77 184.32 148.53 184.8 148.53 c 185.16 148.41 185.64 148.29 186 148.29 c 186.24 148.77 l 186.48 148.53 186.72 148.41 187.08 148.41 c 187.2 148.41 187.2 148.41 187.2 148.53 c 187.2 149.13 l 187.2 149.25 187.2 149.25 187.08 149.25 c 186.96 149.25 186.84 149.37 186.6 149.49 c 186.6 149.61 186.48 149.85 186.36 149.97 c 186.36 150.09 186.24 150.33 186.12 150.57 c 186.12 150.69 186 150.93 186 151.05 c 185.88 151.17 185.88 151.29 185.76 151.41 c 185.64 151.53 185.64 151.65 185.52 151.77 c 185.52 151.77 185.4 151.89 185.28 151.89 c 185.16 151.89 184.92 151.77 184.8 151.65 c 184.56 151.65 184.2 151.41 183.96 151.29 c 183.84 151.17 183.72 151.17 183.6 151.05 c 183.48 150.93 183.36 150.81 183.12 150.81 c 183 150.69 182.88 150.57 182.88 150.45 c 182.76 150.45 182.64 150.33 182.64 150.33 c 182.64 150.21 182.52 149.97 182.52 149.85 c 182.4 149.73 182.4 149.73 182.4 149.61 c 182.4 149.49 182.28 149.49 182.28 149.37 c 182.28 149.37 182.28 149.37 182.28 149.25 c 182.28 149.13 182.28 148.89 182.4 148.53 c 182.4 148.29 182.4 147.93 182.4 147.57 c 182.52 147.21 182.52 146.73 182.52 146.37 c 182.52 146.01 182.64 145.65 182.64 145.29 c 182.76 145.29 182.88 145.41 183 145.41 c h 183.96 149.85 m 184.08 149.97 184.2 150.09 184.32 150.21 c 184.44 150.33 184.68 150.57 184.8 150.69 c 184.92 150.81 185.16 150.93 185.4 150.93 c 185.4 150.69 185.4 150.33 185.52 149.97 c 185.64 149.61 185.76 149.37 185.88 149.13 c 185.04 149.25 184.44 149.49 183.96 149.85 c h f 
189.84 148.41 m 189.96 148.41 190.2 148.41 190.32 148.41 c 190.44 148.53 190.44 148.53 190.56 148.65 c 190.56 148.65 190.56 148.77 190.68 148.77 c 191.04 148.65 191.28 148.53 191.64 148.41 c 192 148.41 192.48 148.29 192.84 148.41 c 192.96 148.53 192.96 148.65 193.08 148.77 c 193.08 149.01 193.2 149.13 193.2 149.25 c 193.2 149.49 193.2 149.61 193.2 149.61 c 193.2 149.85 193.2 149.97 193.2 150.21 c 193.08 150.45 193.08 150.69 192.96 151.05 c 192.96 151.29 192.84 151.65 192.84 151.89 c 192.6 151.77 192.48 151.65 192.24 151.53 c 192.12 151.29 192.12 151.17 192.12 151.05 c 192.12 150.93 192.12 150.81 192.12 150.69 c 192.24 150.57 192.24 150.45 192.36 150.21 c 192.36 150.09 192.48 149.85 192.6 149.73 c 192.6 149.49 192.72 149.37 192.72 149.25 c 192.48 149.25 192.24 149.25 192.12 149.25 c 191.88 149.37 191.76 149.37 191.52 149.49 c 191.28 149.49 191.16 149.61 190.92 149.61 c 191.04 149.97 191.04 150.21 191.16 150.45 c 191.28 150.57 191.28 150.81 191.4 150.93 c 191.28 151.05 191.16 151.05 191.04 151.05 c 190.92 151.05 190.92 151.05 190.8 150.93 c 190.8 150.93 190.68 150.81 190.68 150.69 c 190.56 150.57 190.56 150.33 190.44 150.21 c 190.44 149.97 190.32 149.85 190.32 149.73 c 190.2 149.49 190.2 149.37 190.2 149.37 c 190.08 149.37 189.96 149.25 189.84 149.25 c 189.72 149.25 189.48 149.25 189.36 149.25 c 189.24 149.25 189 149.25 188.88 149.25 c 188.76 149.25 188.64 149.37 188.64 149.37 c 188.64 149.37 188.76 149.49 188.76 149.73 c 188.88 149.85 188.88 150.09 189 150.33 c 189 150.45 188.88 150.45 188.76 150.45 c 188.64 150.45 188.64 150.45 188.52 150.33 c 188.52 150.33 188.52 150.33 188.4 150.21 c 188.28 150.09 188.28 149.97 188.16 149.85 c 188.16 149.85 188.16 149.73 188.04 149.73 c 188.04 149.61 187.92 149.61 187.92 149.49 c 187.8 149.37 187.68 149.37 187.56 149.37 c 187.44 149.25 187.2 149.25 186.96 149.25 c 186.96 149.25 186.96 149.25 186.96 149.13 c 186.96 148.41 l 186.96 148.41 186.96 148.41 186.96 148.41 c 187.2 148.41 187.44 148.41 187.68 148.41 c 187.8 148.53 188.04 148.53 188.04 148.65 c 188.28 148.53 188.4 148.53 188.64 148.41 c 188.88 148.41 189.12 148.29 189.24 148.29 c 189.48 148.29 189.6 148.41 189.84 148.41 c h f 
197.4 147.93 m 197.76 147.57 198.24 147.45 198.84 147.45 c 199.56 147.45 200.16 147.69 200.52 148.29 c 200.88 148.65 201 149.13 201 149.73 c 201 150.45 200.88 150.93 200.4 151.29 c 200.04 151.77 199.56 151.89 198.96 151.89 c 198.6 151.89 198.12 151.77 197.76 151.53 c 198.12 153.33 l 200.76 153.33 l 200.76 154.05 l 197.4 154.05 l 196.8 150.69 l 197.64 150.57 l 197.76 150.69 197.88 150.93 198.12 151.05 c 198.24 151.17 198.48 151.17 198.84 151.17 c 199.2 151.17 199.56 151.05 199.8 150.81 c 200.04 150.57 200.16 150.21 200.16 149.73 c 200.16 149.25 200.04 148.89 199.8 148.53 c 199.56 148.29 199.2 148.05 198.84 148.05 c 198.48 148.05 198.24 148.17 198 148.41 c 197.76 148.65 197.64 148.89 197.52 149.37 c 196.68 149.25 l 196.8 148.65 196.92 148.29 197.4 147.93 c h f 
143.76 158.85 m 143.88 158.97 144 158.97 144.12 159.09 c 144 159.33 144 159.57 144 159.81 c 143.88 160.05 143.88 160.41 143.88 160.65 c 143.76 161.13 143.64 161.61 143.64 161.97 c 143.52 162.45 143.52 162.69 143.52 163.05 c 143.64 163.17 143.76 163.29 143.88 163.41 c 144 163.41 144.12 163.53 144.36 163.65 c 144.24 163.41 144.12 163.17 144.12 162.93 c 144.12 162.69 144.24 162.45 144.48 162.33 c 144.72 162.09 145.08 161.97 145.44 161.85 c 145.8 161.85 146.28 161.73 146.76 161.73 c 146.88 162.21 l 147.12 161.97 147.48 161.73 147.84 161.73 c 147.84 161.73 147.84 161.85 147.84 161.85 c 147.84 162.57 l 147.84 162.69 147.84 162.69 147.84 162.69 c 147.6 162.69 147.48 162.81 147.36 162.93 c 147.24 163.05 147.12 163.17 147.12 163.41 c 147 163.53 146.88 163.77 146.88 164.01 c 146.76 164.13 146.76 164.37 146.64 164.49 c 146.64 164.61 146.52 164.73 146.52 164.85 c 146.4 164.97 146.28 165.09 146.28 165.21 c 146.16 165.21 146.16 165.21 146.04 165.21 c 145.92 165.21 145.68 165.21 145.44 165.09 c 145.2 164.97 144.96 164.85 144.72 164.73 c 144.6 164.61 144.36 164.61 144.24 164.49 c 144.12 164.37 144 164.25 143.88 164.13 c 143.76 164.13 143.64 164.01 143.52 163.89 c 143.4 163.89 143.4 163.77 143.4 163.77 c 143.28 163.65 143.28 163.41 143.16 163.29 c 143.16 163.17 143.04 163.17 143.04 163.05 c 143.04 162.93 143.04 162.93 143.04 162.81 c 143.04 162.81 143.04 162.69 143.04 162.69 c 143.04 162.57 143.04 162.33 143.04 161.97 c 143.04 161.73 143.04 161.37 143.16 161.01 c 143.16 160.53 143.16 160.17 143.28 159.81 c 143.28 159.45 143.28 158.97 143.28 158.61 c 143.4 158.73 143.52 158.85 143.76 158.85 c h 144.72 163.29 m 144.72 163.41 144.84 163.53 144.96 163.65 c 145.2 163.77 145.32 163.89 145.44 164.13 c 145.68 164.25 145.8 164.25 146.04 164.37 c 146.04 164.01 146.16 163.77 146.28 163.41 c 146.4 163.05 146.52 162.81 146.64 162.57 c 145.68 162.69 145.08 162.93 144.72 163.29 c h f 
150.48 161.85 m 150.72 161.85 150.84 161.85 150.96 161.85 c 151.08 161.97 151.2 161.97 151.2 162.09 c 151.32 162.09 151.32 162.21 151.32 162.21 c 151.68 162.09 152.04 161.97 152.4 161.85 c 152.76 161.85 153.12 161.73 153.6 161.73 c 153.6 161.85 153.72 162.09 153.72 162.21 c 153.84 162.45 153.84 162.57 153.84 162.69 c 153.96 162.93 153.96 163.05 153.96 163.05 c 153.96 163.29 153.96 163.41 153.84 163.65 c 153.84 163.89 153.72 164.13 153.72 164.49 c 153.6 164.73 153.6 165.09 153.48 165.33 c 153.36 165.21 153.12 165.09 153 164.97 c 152.88 164.73 152.76 164.61 152.76 164.49 c 152.76 164.37 152.76 164.25 152.88 164.13 c 152.88 164.01 153 163.89 153 163.65 c 153.12 163.53 153.12 163.29 153.24 163.17 c 153.36 162.93 153.36 162.81 153.48 162.69 c 153.24 162.69 153 162.69 152.76 162.69 c 152.64 162.81 152.4 162.81 152.28 162.81 c 152.04 162.93 151.8 163.05 151.68 163.05 c 151.68 163.41 151.8 163.65 151.8 163.89 c 151.92 164.01 152.04 164.25 152.04 164.37 c 151.92 164.37 151.92 164.49 151.8 164.49 c 151.68 164.49 151.56 164.49 151.56 164.37 c 151.44 164.37 151.44 164.25 151.32 164.13 c 151.32 164.01 151.2 163.77 151.2 163.65 c 151.08 163.41 151.08 163.29 150.96 163.05 c 150.96 162.93 150.84 162.81 150.84 162.81 c 150.72 162.81 150.6 162.69 150.48 162.69 c 150.36 162.69 150.24 162.69 150.12 162.69 c 149.88 162.69 149.76 162.69 149.64 162.69 c 149.52 162.69 149.4 162.81 149.28 162.81 c 149.4 162.81 149.4 162.93 149.52 163.17 c 149.52 163.29 149.64 163.53 149.76 163.77 c 149.64 163.89 149.52 163.89 149.52 163.89 c 149.4 163.89 149.28 163.89 149.28 163.77 c 149.16 163.77 149.16 163.77 149.16 163.65 c 149.04 163.53 148.92 163.41 148.92 163.29 c 148.92 163.29 148.8 163.17 148.8 163.17 c 148.68 163.05 148.68 163.05 148.56 162.93 c 148.56 162.81 148.44 162.81 148.2 162.81 c 148.08 162.69 147.96 162.69 147.72 162.69 c 147.72 162.69 147.6 162.69 147.6 162.57 c 147.6 161.85 l 147.6 161.85 147.72 161.73 147.72 161.73 c 147.96 161.73 148.2 161.85 148.32 161.85 c 148.56 161.97 148.68 161.97 148.8 162.09 c 148.92 161.97 149.16 161.97 149.4 161.85 c 149.64 161.85 149.76 161.73 150 161.73 c 150.12 161.73 150.36 161.73 150.48 161.85 c h f 
156.6 161.37 m 156.6 161.25 156.72 161.13 156.72 161.01 c 156.84 160.89 156.96 160.77 157.32 160.77 c 157.44 160.77 157.68 160.89 157.8 161.01 c 157.92 161.01 158.04 161.25 158.28 161.49 c 159.6 163.17 l 159.96 161.73 l 160.08 161.37 160.08 161.25 160.2 161.13 c 160.32 160.89 160.44 160.77 160.68 160.77 c 160.92 160.77 161.28 161.01 161.64 161.49 c 161.88 161.73 162 161.97 162.24 162.33 c 162 162.45 l 161.76 162.09 161.64 161.85 161.52 161.73 c 161.4 161.61 161.28 161.49 161.16 161.49 c 161.04 161.49 160.92 161.61 160.92 161.85 c 160.8 161.97 160.8 162.21 160.68 162.57 c 160.56 162.93 160.44 163.29 160.44 163.65 c 160.32 164.01 160.32 164.25 160.32 164.25 c 160.32 164.37 160.44 164.61 160.8 165.09 c 161.16 165.57 161.4 165.81 161.52 165.81 c 161.52 165.81 161.64 165.81 161.64 165.81 c 161.64 165.81 161.76 165.81 161.76 165.81 c 161.88 165.69 l 162 165.69 162 165.69 162 165.69 c 162.12 165.69 162.12 165.69 162.24 165.69 c 162.36 165.69 162.36 165.69 162.48 165.69 c 162.6 165.81 162.6 165.93 162.6 166.05 c 162.6 166.29 162.48 166.41 162.36 166.53 c 162.24 166.53 162.12 166.53 162 166.53 c 161.88 166.53 161.76 166.53 161.52 166.41 c 161.4 166.29 161.16 166.17 161.04 165.93 c 160.8 165.69 160.56 165.33 160.2 164.73 c 160.08 165.45 l 159.96 165.93 159.84 166.29 159.72 166.41 c 159.6 166.53 159.48 166.53 159.36 166.53 c 159.24 166.53 159.12 166.53 159 166.53 c 158.76 166.41 158.64 166.41 158.4 166.29 c 157.8 166.05 l 157.8 165.93 l 157.92 165.93 158.04 165.93 158.16 166.05 c 158.4 166.05 158.4 166.05 158.52 166.05 c 158.64 166.05 158.76 166.05 158.88 165.93 c 158.88 165.81 159 165.69 159.12 165.33 c 159.12 165.09 159.24 164.73 159.36 164.25 c 159.48 163.89 159.48 163.65 159.48 163.65 c 159 162.81 158.64 162.33 158.4 162.21 c 158.28 161.85 158.04 161.73 158.04 161.61 c 157.92 161.61 157.92 161.61 157.8 161.61 c 157.8 161.61 157.68 161.61 157.68 161.61 c 157.68 161.61 157.68 161.61 157.68 161.61 c 157.44 161.73 l 157.32 161.73 157.32 161.73 157.2 161.73 c 157.2 161.85 157.2 161.85 157.08 161.85 c 156.96 161.85 156.96 161.73 156.84 161.73 c 156.72 161.61 156.6 161.49 156.6 161.37 c h f 
188.28 202.77 m 188.4 202.89 188.52 203.01 188.64 203.01 c 188.64 203.25 188.64 203.49 188.52 203.85 c 188.52 204.09 188.52 204.33 188.4 204.57 c 188.4 205.17 188.28 205.53 188.28 206.01 c 188.16 206.37 188.16 206.73 188.04 206.97 c 188.28 207.09 188.4 207.21 188.52 207.33 c 188.64 207.45 188.76 207.45 188.88 207.57 c 188.76 207.33 188.76 207.09 188.76 206.85 c 188.76 206.61 188.88 206.49 189.12 206.25 c 189.36 206.13 189.6 206.01 190.08 205.89 c 190.44 205.77 190.92 205.77 191.4 205.77 c 191.52 206.13 l 191.76 205.89 192 205.77 192.36 205.77 c 192.48 205.77 192.48 205.77 192.48 205.89 c 192.48 206.61 l 192.48 206.61 192.48 206.61 192.36 206.61 c 192.24 206.61 192.12 206.73 191.88 206.97 c 191.88 207.09 191.76 207.21 191.64 207.33 c 191.64 207.57 191.52 207.69 191.4 207.93 c 191.4 208.17 191.28 208.29 191.28 208.41 c 191.16 208.53 191.16 208.65 191.04 208.77 c 191.04 208.89 190.92 209.01 190.92 209.13 c 190.8 209.25 190.68 209.25 190.68 209.25 c 190.44 209.25 190.32 209.13 190.08 209.13 c 189.84 209.01 189.6 208.89 189.24 208.65 c 189.12 208.65 189 208.53 188.88 208.41 c 188.76 208.29 188.64 208.29 188.52 208.17 c 188.4 208.05 188.28 207.93 188.16 207.93 c 188.04 207.81 188.04 207.81 187.92 207.69 c 187.92 207.57 187.8 207.45 187.8 207.33 c 187.68 207.21 187.68 207.09 187.68 206.97 c 187.68 206.97 187.68 206.85 187.68 206.85 c 187.56 206.73 187.56 206.73 187.56 206.61 c 187.56 206.49 187.56 206.25 187.68 206.01 c 187.68 205.65 187.68 205.29 187.68 204.93 c 187.8 204.57 187.8 204.09 187.8 203.73 c 187.8 203.37 187.92 203.01 187.92 202.65 c 188.04 202.65 188.16 202.77 188.28 202.77 c h 189.24 207.21 m 189.36 207.33 189.48 207.45 189.6 207.69 c 189.72 207.81 189.96 207.93 190.08 208.05 c 190.32 208.17 190.44 208.29 190.68 208.41 c 190.68 208.05 190.8 207.69 190.8 207.33 c 190.92 207.09 191.04 206.73 191.16 206.61 c 190.32 206.61 189.72 206.85 189.24 207.21 c h f 
195.12 205.77 m 195.24 205.77 195.48 205.77 195.6 205.89 c 195.72 205.89 195.84 205.89 195.84 206.01 c 195.84 206.01 195.84 206.13 195.96 206.25 c 196.32 206.01 196.68 205.89 197.04 205.89 c 197.28 205.77 197.76 205.77 198.12 205.77 c 198.24 205.89 198.24 206.01 198.36 206.13 c 198.36 206.37 198.48 206.49 198.48 206.73 c 198.48 206.85 198.48 206.97 198.48 207.09 c 198.48 207.21 198.48 207.45 198.48 207.69 c 198.48 207.81 198.36 208.17 198.36 208.41 c 198.24 208.65 198.12 209.01 198.12 209.25 c 197.88 209.13 197.76 209.01 197.64 208.89 c 197.4 208.77 197.4 208.53 197.4 208.41 c 197.4 208.29 197.4 208.29 197.4 208.05 c 197.52 207.93 197.52 207.81 197.64 207.69 c 197.76 207.45 197.76 207.33 197.88 207.09 c 197.88 206.97 198 206.73 198 206.61 c 197.76 206.61 197.64 206.61 197.4 206.73 c 197.16 206.73 197.04 206.73 196.8 206.85 c 196.68 206.85 196.44 206.97 196.2 207.09 c 196.32 207.33 196.44 207.57 196.44 207.81 c 196.56 208.05 196.56 208.17 196.68 208.29 c 196.56 208.41 196.44 208.41 196.32 208.41 c 196.32 208.41 196.2 208.41 196.08 208.41 c 196.08 208.29 195.96 208.17 195.96 208.05 c 195.84 207.93 195.84 207.81 195.72 207.57 c 195.72 207.45 195.6 207.21 195.6 207.09 c 195.48 206.97 195.48 206.85 195.48 206.73 c 195.36 206.73 195.24 206.73 195.12 206.61 c 195 206.61 194.88 206.61 194.64 206.61 c 194.52 206.61 194.4 206.61 194.16 206.73 c 194.04 206.73 193.92 206.73 193.92 206.73 c 193.92 206.85 194.04 206.97 194.04 207.09 c 194.16 207.33 194.28 207.45 194.28 207.81 c 194.28 207.81 194.16 207.81 194.04 207.81 c 194.04 207.81 193.92 207.81 193.92 207.81 c 193.8 207.81 193.8 207.69 193.68 207.69 c 193.68 207.45 193.56 207.33 193.56 207.33 c 193.44 207.21 193.44 207.09 193.32 207.09 c 193.32 206.97 193.32 206.97 193.2 206.85 c 193.08 206.85 192.96 206.73 192.84 206.73 c 192.72 206.73 192.48 206.61 192.36 206.61 c 192.24 206.61 192.24 206.61 192.24 206.61 c 192.24 205.89 l 192.24 205.77 192.24 205.77 192.36 205.77 c 192.48 205.77 192.72 205.77 192.96 205.89 c 193.08 205.89 193.32 206.01 193.44 206.01 c 193.56 205.89 193.8 205.89 193.92 205.77 c 194.16 205.77 194.4 205.77 194.64 205.77 c 194.76 205.77 194.88 205.77 195.12 205.77 c h f 
205.44 204.93 m 205.44 206.49 l 206.28 206.49 l 206.28 207.21 l 205.44 207.21 l 205.32 211.53 l 204.72 211.53 l 201.72 207.21 l 201.72 206.49 l 204.6 206.49 l 204.6 204.93 l 205.44 204.93 l h 202.56 207.21 m 204.6 210.21 l 204.6 207.21 l 202.56 207.21 l h f 
177.72 224.25 m 177.84 224.37 177.96 224.49 178.08 224.49 c 178.08 224.73 177.96 224.97 177.96 225.33 c 177.96 225.57 177.84 225.81 177.84 226.05 c 177.72 226.65 177.72 227.01 177.6 227.49 c 177.6 227.85 177.48 228.21 177.48 228.45 c 177.6 228.57 177.84 228.69 177.96 228.81 c 178.08 228.93 178.2 228.93 178.32 229.05 c 178.2 228.81 178.2 228.57 178.2 228.33 c 178.2 228.09 178.32 227.97 178.56 227.73 c 178.68 227.61 179.04 227.49 179.4 227.37 c 179.88 227.25 180.24 227.25 180.72 227.25 c 180.84 227.61 l 181.2 227.37 181.44 227.25 181.8 227.25 c 181.8 227.25 181.92 227.25 181.92 227.37 c 181.92 228.09 l 181.92 228.09 181.8 228.09 181.8 228.09 c 181.68 228.09 181.44 228.21 181.32 228.45 c 181.32 228.57 181.2 228.69 181.08 228.81 c 180.96 229.05 180.96 229.17 180.84 229.41 c 180.72 229.65 180.72 229.77 180.6 229.89 c 180.6 230.01 180.48 230.13 180.48 230.25 c 180.36 230.37 180.36 230.49 180.24 230.61 c 180.24 230.73 180.12 230.73 180 230.73 c 179.88 230.73 179.64 230.61 179.4 230.61 c 179.16 230.49 178.92 230.37 178.68 230.13 c 178.56 230.13 178.44 230.01 178.32 229.89 c 178.08 229.77 177.96 229.77 177.84 229.65 c 177.72 229.53 177.6 229.41 177.48 229.41 c 177.48 229.29 177.36 229.29 177.36 229.17 c 177.24 229.05 177.24 228.93 177.24 228.81 c 177.12 228.69 177.12 228.57 177.12 228.45 c 177 228.45 177 228.33 177 228.33 c 177 228.21 177 228.21 177 228.21 c 177 227.97 177 227.73 177 227.49 c 177.12 227.13 177.12 226.89 177.12 226.41 c 177.12 226.05 177.24 225.57 177.24 225.21 c 177.24 224.85 177.24 224.49 177.36 224.13 c 177.48 224.13 177.6 224.25 177.72 224.25 c h 178.68 228.69 m 178.8 228.81 178.92 228.93 179.04 229.17 c 179.16 229.29 179.28 229.41 179.52 229.53 c 179.64 229.65 179.88 229.77 180 229.89 c 180.12 229.53 180.12 229.17 180.24 228.81 c 180.36 228.57 180.48 228.21 180.6 228.09 c 179.76 228.09 179.04 228.33 178.68 228.69 c h f 
184.56 227.25 m 184.68 227.25 184.8 227.25 184.92 227.37 c 185.16 227.37 185.16 227.37 185.28 227.49 c 185.28 227.49 185.28 227.61 185.28 227.73 c 185.64 227.49 186 227.37 186.36 227.37 c 186.72 227.25 187.08 227.25 187.56 227.25 c 187.56 227.37 187.68 227.49 187.68 227.61 c 187.8 227.85 187.8 227.97 187.92 228.21 c 187.92 228.33 187.92 228.45 187.92 228.57 c 187.92 228.69 187.92 228.93 187.92 229.17 c 187.8 229.41 187.8 229.65 187.68 229.89 c 187.68 230.13 187.56 230.49 187.56 230.85 c 187.32 230.61 187.08 230.49 186.96 230.37 c 186.84 230.25 186.84 230.01 186.84 229.89 c 186.84 229.77 186.84 229.77 186.84 229.53 c 186.96 229.41 186.96 229.29 187.08 229.17 c 187.08 228.93 187.2 228.81 187.2 228.57 c 187.32 228.45 187.44 228.21 187.44 228.09 c 187.2 228.09 186.96 228.09 186.84 228.21 c 186.6 228.21 186.36 228.21 186.24 228.33 c 186 228.33 185.88 228.45 185.64 228.57 c 185.76 228.81 185.76 229.05 185.88 229.29 c 185.88 229.53 186 229.65 186 229.77 c 186 229.89 185.88 229.89 185.76 229.89 c 185.64 229.89 185.52 229.89 185.52 229.89 c 185.4 229.77 185.4 229.65 185.4 229.53 c 185.28 229.41 185.16 229.29 185.16 229.05 c 185.16 228.93 185.04 228.69 185.04 228.57 c 184.92 228.45 184.92 228.33 184.8 228.21 c 184.68 228.21 184.56 228.21 184.44 228.09 c 184.32 228.09 184.2 228.09 184.08 228.09 c 183.96 228.09 183.72 228.09 183.6 228.21 c 183.48 228.21 183.36 228.21 183.36 228.21 c 183.36 228.33 183.36 228.45 183.48 228.57 c 183.6 228.81 183.6 228.93 183.72 229.29 c 183.6 229.29 183.6 229.29 183.48 229.29 c 183.36 229.29 183.36 229.29 183.24 229.29 c 183.24 229.29 183.12 229.17 183.12 229.17 c 183 228.93 183 228.81 182.88 228.81 c 182.88 228.69 182.76 228.57 182.76 228.57 c 182.76 228.45 182.64 228.45 182.64 228.33 c 182.52 228.33 182.4 228.21 182.28 228.21 c 182.16 228.21 181.92 228.09 181.68 228.09 c 181.68 228.09 181.68 228.09 181.68 228.09 c 181.68 227.37 l 181.68 227.25 181.68 227.25 181.68 227.25 c 181.92 227.25 182.16 227.25 182.4 227.37 c 182.52 227.37 182.64 227.49 182.76 227.49 c 183 227.37 183.12 227.37 183.36 227.25 c 183.6 227.25 183.84 227.25 183.96 227.25 c 184.2 227.25 184.32 227.25 184.56 227.25 c h f 
195 232.65 m 194.64 232.89 194.28 233.01 193.68 233.01 c 192.96 233.01 192.48 232.77 192 232.29 c 191.64 231.69 191.4 230.73 191.4 229.53 c 191.4 228.33 191.52 227.49 192 227.01 c 192.48 226.53 192.96 226.29 193.68 226.29 c 194.04 226.29 194.4 226.41 194.76 226.53 c 195 226.77 195.24 227.01 195.48 227.37 c 195.6 227.73 195.72 228.21 195.72 228.57 c 195.72 229.17 195.48 229.77 195.12 230.13 c 194.76 230.49 194.28 230.73 193.8 230.73 c 193.44 230.73 193.2 230.61 192.84 230.49 c 192.6 230.37 192.36 230.13 192.12 229.77 c 192.12 230.49 192.24 230.97 192.36 231.33 c 192.48 231.69 192.72 231.93 192.96 232.17 c 193.2 232.29 193.44 232.41 193.68 232.41 c 194.04 232.41 194.28 232.29 194.52 232.05 c 194.64 231.93 194.76 231.69 194.76 231.33 c 195.6 231.45 l 195.48 231.93 195.36 232.29 195 232.65 c h 192.72 229.53 m 192.96 229.89 193.2 230.01 193.56 230.01 c 193.92 230.01 194.28 229.89 194.52 229.53 c 194.76 229.29 194.88 228.93 194.88 228.45 c 194.88 228.09 194.76 227.61 194.52 227.37 c 194.28 227.13 194.04 227.01 193.68 227.01 c 193.44 227.01 193.2 227.01 192.96 227.13 c 192.72 227.25 192.6 227.49 192.48 227.73 c 192.36 227.97 192.24 228.21 192.24 228.57 c 192.24 228.93 192.36 229.29 192.72 229.53 c h f 
220.32 197.49 m 223.08 197.49 l 223.08 197.73 l 222.72 197.73 222.48 197.73 222.36 197.85 c 222.36 197.97 222.24 198.21 222.24 198.57 c 222.24 200.61 l 225.24 200.61 l 225.24 198.69 l 225.24 198.21 225.24 197.97 225.12 197.85 c 225 197.73 224.76 197.73 224.4 197.73 c 224.4 197.49 l 227.16 197.49 l 227.16 197.73 l 226.8 197.73 226.56 197.73 226.44 197.85 c 226.32 197.97 226.32 198.21 226.32 198.57 c 226.32 203.01 l 226.32 203.37 226.32 203.61 226.44 203.73 c 226.56 203.85 226.8 203.97 227.16 203.97 c 227.16 204.21 l 224.4 204.21 l 224.4 203.97 l 224.76 203.97 225 203.85 225.12 203.73 c 225.24 203.61 225.24 203.37 225.24 203.01 c 225.24 201.09 l 222.24 201.09 l 222.24 203.01 l 222.24 203.37 222.36 203.61 222.36 203.73 c 222.48 203.85 222.72 203.97 223.08 203.97 c 223.08 204.21 l 220.32 204.21 l 220.32 203.97 l 220.68 203.97 220.92 203.85 221.04 203.73 c 221.16 203.61 221.28 203.37 221.28 203.01 c 221.28 198.69 l 221.28 198.21 221.16 197.97 221.04 197.85 c 221.04 197.73 220.68 197.73 220.32 197.73 c 220.32 197.49 l h f 
174.6 208.41 m 173.52 208.41 172.56 208.05 171.96 207.33 c 171.36 206.61 171.12 205.89 171.12 204.93 c 171.12 203.85 171.48 203.01 172.2 202.29 c 172.8 201.81 173.64 201.45 174.72 201.45 c 175.2 201.45 175.8 201.57 176.28 201.81 c 176.88 201.93 177.24 202.17 177.24 202.29 c 177.24 204.21 l 177.24 204.57 177.24 204.81 177.36 204.93 c 177.48 204.93 177.6 204.93 177.84 205.05 c 177.84 205.17 l 175.32 205.17 l 175.32 205.05 l 175.68 204.93 175.92 204.93 176.04 204.81 c 176.16 204.69 176.16 204.45 176.16 204.09 c 176.16 202.53 l 176.16 202.41 176.16 202.29 176.16 202.29 c 176.04 202.17 175.92 202.17 175.68 202.05 c 175.56 202.05 175.44 201.93 175.2 201.93 c 175.08 201.93 174.96 201.93 174.84 201.93 c 174.12 201.93 173.52 202.17 173.04 202.65 c 172.44 203.25 172.2 203.97 172.2 204.81 c 172.2 206.01 172.44 206.73 173.04 207.33 c 173.52 207.81 174 208.05 174.72 208.05 c 175.32 208.05 175.8 207.81 176.28 207.33 c 176.4 207.09 176.64 206.73 176.88 206.25 c 177.12 206.25 l 177 208.41 l 176.76 208.41 l 176.76 208.29 176.76 208.17 176.64 208.17 c 176.64 208.17 176.52 208.05 176.28 208.05 c 176.28 208.05 176.04 208.17 175.68 208.29 c 175.32 208.41 174.96 208.41 174.6 208.41 c h f 
0.925 0.008 0.553 sc 171.36 182.37 m 171.36 182.37 l 171.36 182.37 l 167.88 176.73 l 170.64 179.37 l 171.84 175.77 l 171.36 182.37 l 171.36 182.37 l 171.36 182.37 l h f 
172.56 187.29 m 172.56 187.29 l 172.56 187.29 l 169.08 181.77 l 171.84 184.41 l 173.04 180.81 l 172.56 187.29 l 172.56 187.29 l 172.56 187.29 l h f 
183.12 221.73 m 183.12 221.73 l 183.12 221.73 l 189.36 219.69 l 186.12 221.73 l 189.36 223.77 l 183.12 221.73 l 183.12 221.73 l 183.12 221.73 l h f 
193.68 199.89 m 193.68 199.89 l 193.68 199.89 l 199.92 197.97 l 196.68 199.89 l 199.92 201.93 l 193.68 199.89 l 193.68 199.89 l 193.68 199.89 l h f 
147.6 193.41 m 147.6 193.41 l 147.6 193.41 l 144.24 187.89 l 146.88 190.53 l 148.08 186.93 l 147.6 193.41 l 147.6 193.41 l 147.6 193.41 l h f 
148.8 198.45 m 148.8 198.45 l 148.8 198.45 l 145.44 192.93 l 148.08 195.57 l 149.28 191.97 l 148.8 198.45 l 148.8 198.45 l 148.8 198.45 l h f 
q 0.12 0 0 -0.12 0 841.89 cm 7 w 1 J 1 j 0.925 0.008 0.553 SC 1817 5168 m 1817 5712 l 1375 5712 l S Q 
q 0.12 0 0 -0.12 0 841.89 cm 7 w 1 J 1 j 0.925 0.008 0.553 SC 1817 5350 m 1464 5350 l S Q 
q 0.12 0 0 -0.12 0 841.89 cm 7 w 1 J 1 j 0.925 0.008 0.553 SC 1817 5168 m 1287 5168 l S Q 
q 0.12 0 0 -0.12 0 841.89 cm 7 w 1 J 1 j 0.925 0.008 0.553 SC 1464 5350 m 1375 5712 l 1155 5712 l S Q 
q 0.12 0 0 -0.12 0 841.89 cm 7 w 1 J 1 j 0.925 0.008 0.553 SC 1287 5168 m 1155 5712 l S Q 
1 w 0.141 0.125 0.129 sc 59.64 126.21 m 59.16 126.57 l 59.16 126.69 59.16 126.81 59.16 126.93 c 59.16 126.93 59.16 127.05 59.16 127.05 c 59.16 127.29 59.16 127.41 59.04 127.53 c 58.92 127.53 58.92 127.65 58.8 127.65 c 58.68 127.77 58.56 127.89 58.32 128.01 c 57.84 128.25 57.48 128.73 57.48 129.21 c 57.48 129.57 57.6 130.05 57.84 130.41 c 57.96 130.77 58.32 131.01 58.56 131.25 c 58.92 131.49 59.28 131.61 59.64 131.61 c 60.24 131.61 60.6 131.37 60.96 131.13 c 61.08 130.89 61.2 130.77 61.2 130.65 c 61.2 130.41 61.08 130.17 60.84 129.93 c 60.6 130.17 60.36 130.29 60.24 130.29 c 60 130.41 59.76 130.41 59.52 130.41 c 59.16 130.41 58.8 130.41 58.56 130.17 c 58.32 129.93 58.08 129.69 57.96 129.33 c 58.2 129.21 58.44 129.09 58.56 128.97 c 58.8 128.97 59.04 128.85 59.16 128.73 c 59.4 128.61 59.52 128.49 59.64 128.37 c 59.76 128.25 59.88 128.13 59.88 128.01 c 60 127.89 60 127.65 60 127.53 c 60 127.17 59.88 126.69 59.64 126.21 c h 59.4 124.17 m 59.16 124.29 59.04 124.41 58.8 124.53 c 58.68 124.65 58.56 124.77 58.32 124.89 c 58.44 124.89 58.44 125.01 58.56 125.13 c 58.56 125.25 58.56 125.25 58.68 125.37 c 58.68 125.49 58.68 125.49 58.8 125.61 c 58.8 125.73 58.92 125.73 58.92 125.85 c 59.16 125.73 59.28 125.61 59.4 125.61 c 59.52 125.49 59.64 125.37 59.64 125.37 c 59.76 125.25 59.88 125.13 59.88 125.13 c 59.88 125.01 59.76 124.65 59.4 124.17 c h f 
63.72 125.61 m 63.72 125.85 63.84 125.97 63.96 126.09 c 64.08 126.21 64.2 126.21 64.44 126.21 c 64.44 126.21 64.56 126.21 64.56 126.21 c 64.68 126.21 64.8 126.21 64.8 126.09 c 65.16 125.97 l 65.16 125.97 65.28 125.85 65.28 125.85 c 65.28 125.85 65.4 125.85 65.4 125.85 c 65.52 125.85 65.64 125.97 65.76 125.97 c 65.88 126.09 66.12 126.33 66.36 126.81 c 66.6 127.05 67.08 127.77 67.92 128.97 c 67.92 129.09 67.8 129.33 67.68 129.93 c 67.56 130.65 67.44 131.13 67.32 131.49 c 67.2 131.97 67.08 132.21 67.08 132.45 c 66.96 132.57 66.72 132.57 66.48 132.57 c 66.48 132.57 66.24 132.57 66 132.57 c 65.88 132.45 65.64 132.45 65.52 132.45 c 65.4 132.69 l 66.48 133.05 l 66.72 133.17 66.96 133.17 67.2 133.29 c 67.32 133.29 67.56 133.41 67.68 133.41 c 68.04 133.41 68.16 133.29 68.28 133.17 c 68.52 132.93 68.64 132.33 68.76 131.61 c 69 130.65 l 69.48 131.49 69.96 132.09 70.2 132.45 c 70.56 132.69 70.8 132.93 71.04 133.05 c 71.28 133.29 71.52 133.29 71.76 133.29 c 71.88 133.29 72.12 133.29 72.24 133.29 c 72.48 133.17 72.6 132.93 72.6 132.57 c 72.6 132.45 72.48 132.21 72.36 132.09 c 72.24 131.97 72.12 131.97 72 131.97 c 71.88 131.97 71.88 131.97 71.76 131.97 c 71.76 131.97 71.64 131.97 71.52 132.09 c 71.28 132.21 l 71.28 132.21 71.16 132.21 71.16 132.21 c 71.04 132.21 71.04 132.21 71.04 132.21 c 70.68 132.21 70.32 131.85 69.84 131.13 c 69.36 130.41 69.12 130.05 69.12 129.93 c 69.12 129.81 69.24 129.57 69.36 129.09 c 69.36 128.49 69.6 128.01 69.72 127.41 c 69.84 126.93 69.84 126.57 69.96 126.33 c 70.08 125.97 70.32 125.85 70.44 125.85 c 70.68 125.85 70.8 125.97 70.92 126.09 c 71.16 126.33 71.4 126.69 71.76 127.17 c 72 126.93 l 71.76 126.45 71.4 126.09 71.16 125.73 c 70.68 125.13 70.08 124.77 69.6 124.77 c 69.36 124.77 69.12 124.89 68.88 125.25 c 68.88 125.37 68.76 125.61 68.64 126.09 c 68.04 128.37 l 66.24 125.85 l 65.88 125.37 65.52 125.13 65.4 125.01 c 65.16 124.89 64.92 124.77 64.68 124.77 c 64.2 124.77 63.96 124.89 63.84 125.13 c 63.72 125.25 63.72 125.37 63.72 125.61 c h f 
80.64 125.01 m 80.16 125.01 79.8 125.13 79.44 125.25 c 79.2 125.37 79.08 125.61 78.96 125.97 c 78.96 126.21 l 78.48 125.37 l 78.24 125.49 78.12 125.49 77.88 125.49 c 77.76 125.49 77.64 125.49 77.52 125.61 c 77.4 125.61 77.28 125.61 77.16 125.61 c 77.04 125.73 76.92 125.85 76.68 125.85 c 76.56 125.97 76.44 126.09 76.32 126.21 c 76.08 126.33 76.08 126.45 76.08 126.57 c 76.08 126.57 76.08 126.69 76.2 126.81 c 76.2 126.93 76.2 127.17 76.32 127.29 c 76.44 127.41 76.44 127.53 76.44 127.65 c 76.56 127.77 76.68 127.89 76.8 128.01 c 77.04 128.25 77.28 128.49 77.52 128.61 c 77.88 128.85 78.12 128.97 78.48 129.09 c 78.36 129.45 l 78.48 129.57 78.6 129.69 78.72 129.69 c 78.84 129.81 78.96 129.93 79.08 129.93 c 79.08 130.05 79.2 130.05 79.32 130.17 c 79.32 129.57 79.32 128.85 79.32 128.25 c 79.32 127.65 79.44 126.93 79.44 126.33 c 79.8 126.09 80.16 126.09 80.64 126.09 c 80.64 126.09 80.64 125.97 80.64 125.97 c 80.64 125.13 l 80.64 125.01 80.64 125.01 80.64 125.01 c h 78.84 126.45 m 78.84 126.81 78.72 127.05 78.72 127.29 c 78.72 127.65 78.6 127.89 78.6 128.25 c 77.76 128.01 77.16 127.65 76.68 127.17 c 76.92 126.93 77.16 126.81 77.4 126.69 c 77.64 126.69 77.88 126.57 78.12 126.57 c 78.24 126.57 78.36 126.57 78.48 126.57 c 78.6 126.57 78.72 126.45 78.84 126.45 c h 78.72 130.53 m 78.6 130.65 78.48 130.77 78.36 130.89 c 78.24 131.01 78.12 131.13 78 131.25 c 78.12 131.37 78.12 131.37 78.24 131.49 c 78.36 131.73 78.6 131.85 78.72 132.09 c 78.72 131.97 78.84 131.85 78.96 131.73 c 79.08 131.61 79.2 131.49 79.44 131.37 c 79.32 131.13 79.08 130.77 78.72 130.53 c h 77.04 130.41 m 76.92 130.53 76.8 130.65 76.68 130.77 c 76.56 130.89 76.44 131.01 76.32 131.13 c 76.44 131.25 76.56 131.37 76.68 131.49 c 76.8 131.61 76.92 131.73 77.04 131.85 c 77.16 131.85 77.28 131.73 77.28 131.61 c 77.4 131.49 77.64 131.37 77.76 131.13 c 77.76 131.01 77.64 130.89 77.52 130.77 c 77.4 130.65 77.28 130.53 77.04 130.41 c h f 
84.12 125.01 m 83.64 125.01 83.28 125.01 82.92 125.13 c 82.56 125.13 82.2 125.25 81.96 125.37 c 81.6 125.25 81.36 125.13 81.12 125.13 c 81 125.01 80.76 125.01 80.52 125.01 c 80.4 125.01 80.4 125.01 80.4 125.13 c 80.4 125.97 l 80.4 125.97 80.4 126.09 80.52 126.09 c 80.64 126.09 80.76 126.09 80.88 126.09 c 81 126.09 81.12 126.09 81.24 126.09 c 81.12 126.21 81.12 126.21 81.12 126.33 c 81.12 126.33 81.12 126.33 81.12 126.45 c 81.12 126.69 81.24 126.93 81.36 127.17 c 81.36 127.41 81.6 127.77 81.72 128.01 c 81.96 128.25 82.08 128.37 82.32 128.61 c 82.68 128.85 82.92 128.97 83.28 128.97 c 83.4 128.97 83.52 128.97 83.52 128.85 c 83.64 128.73 83.76 128.49 83.88 128.37 c 83.88 128.25 84 128.13 84 128.01 c 84.12 127.89 84.12 127.65 84.24 127.53 c 84.24 127.29 84.36 127.05 84.48 126.81 c 84.6 126.57 84.72 126.45 84.84 126.33 c 84.96 126.09 85.08 126.09 85.2 126.09 c 85.32 126.09 85.44 125.97 85.44 125.97 c 85.44 125.13 l 85.44 125.01 85.32 125.01 85.2 125.01 c 84.84 125.01 84.48 125.13 84.24 125.49 c 84.12 125.01 l h 83.88 125.97 m 83.76 126.21 83.64 126.45 83.52 126.81 c 83.4 127.17 83.28 127.53 83.28 128.01 c 83.04 127.89 82.92 127.77 82.68 127.65 c 82.44 127.53 82.32 127.29 82.08 127.17 c 81.96 127.05 81.84 126.81 81.72 126.69 c 81.96 126.45 82.32 126.33 82.68 126.21 c 83.04 126.09 83.4 125.97 83.88 125.97 c h f 
85.2 125.01 m 85.08 125.01 85.08 125.01 85.08 125.13 c 85.08 125.97 l 85.08 125.97 85.08 126.09 85.2 126.09 c 85.68 126.09 86.04 126.09 86.28 126.09 c 86.64 126.09 86.88 126.21 87 126.33 c 87.12 126.33 87.24 126.45 87.36 126.69 c 87.48 126.81 87.6 127.05 87.84 127.41 c 87.84 127.53 87.96 127.65 87.96 127.65 c 88.08 127.77 88.08 127.77 88.2 127.77 c 88.32 127.77 88.44 127.77 88.56 127.65 c 88.56 127.53 88.44 127.41 88.44 127.17 c 88.32 127.05 88.2 126.93 88.2 126.69 c 88.08 126.57 88.08 126.45 88.08 126.45 c 88.32 126.33 88.44 126.21 88.68 126.09 c 88.92 126.09 89.16 126.09 89.4 126.09 c 89.4 126.09 89.52 125.97 89.52 125.97 c 89.52 125.13 l 89.52 125.01 89.4 125.01 89.4 125.01 c 88.68 125.01 88.2 125.25 87.6 125.73 c 87.48 125.49 l 87.36 125.37 87.24 125.37 87 125.25 c 86.76 125.13 86.52 125.13 86.16 125.01 c 85.92 125.01 85.56 125.01 85.2 125.01 c h 88.2 122.85 m 87.84 123.09 87.6 123.33 87.48 123.57 c 87.6 123.69 87.96 123.93 88.2 124.29 c 88.2 124.29 88.32 124.17 88.44 124.05 c 88.56 123.93 88.68 123.81 88.92 123.57 c 88.8 123.45 88.68 123.33 88.68 123.21 c 88.56 123.09 88.32 122.97 88.2 122.85 c h 86.52 122.61 m 86.4 122.85 86.28 122.97 86.16 123.09 c 86.04 123.21 85.92 123.33 85.8 123.33 c 85.92 123.45 86.04 123.57 86.16 123.69 c 86.28 123.81 86.4 124.05 86.52 124.17 c 86.64 124.17 86.64 124.05 86.76 123.93 c 86.88 123.81 87.12 123.69 87.24 123.45 c 87.24 123.33 87.12 123.21 87 123.09 c 86.88 122.97 86.76 122.85 86.52 122.61 c h f 
89.28 125.01 m 89.28 125.01 89.16 125.01 89.16 125.13 c 89.16 125.97 l 89.16 125.97 89.28 126.09 89.28 126.09 c 90.12 126.09 90.84 126.09 91.44 126.21 c 91.92 126.21 92.52 126.45 92.88 126.57 c 92.88 126.69 92.88 126.81 92.88 126.93 c 92.88 127.05 92.88 127.17 92.76 127.41 c 92.52 127.17 92.28 127.05 92.04 126.93 c 91.8 126.81 91.56 126.81 91.32 126.81 c 90.96 126.81 90.6 126.93 90.36 127.17 c 90.24 127.41 90.12 127.65 90.12 128.13 c 90.12 128.49 90.12 128.85 90.24 129.21 c 90.48 129.57 90.6 129.81 90.84 129.93 c 90.96 130.05 91.08 130.17 91.2 130.17 c 91.32 130.29 91.44 130.29 91.56 130.29 c 91.92 130.29 92.28 130.17 92.52 129.81 c 92.88 129.57 93.12 129.09 93.24 128.61 c 93.36 128.37 93.36 128.01 93.48 127.77 c 93.48 127.53 93.48 127.17 93.48 126.93 c 93.48 126.81 93.48 126.69 93.48 126.57 c 93.48 126.45 93.48 126.33 93.36 126.21 c 93.36 125.97 93.24 125.85 93.12 125.73 c 93 125.61 92.64 125.49 92.28 125.37 c 91.92 125.25 91.56 125.25 90.96 125.13 c 90.48 125.01 89.88 125.01 89.28 125.01 c h 91.56 127.65 m 91.8 127.65 92.28 127.77 92.64 127.89 c 92.52 128.37 92.28 128.61 92.04 128.85 c 91.92 129.09 91.68 129.21 91.32 129.21 c 91.08 129.21 90.96 129.09 90.84 128.85 c 90.6 128.73 90.6 128.49 90.6 128.25 c 90.6 128.13 90.6 127.89 90.84 127.77 c 90.96 127.65 91.2 127.65 91.56 127.65 c h 92.28 130.89 m 92.16 131.13 92.04 131.25 91.92 131.37 c 91.8 131.49 91.68 131.61 91.56 131.61 c 91.68 131.73 91.8 131.85 91.92 131.97 c 92.04 132.09 92.16 132.21 92.28 132.45 c 92.4 132.45 92.4 132.33 92.52 132.21 c 92.64 132.09 92.88 131.97 93 131.73 c 92.88 131.49 92.64 131.25 92.28 130.89 c h 90.72 130.77 m 90.48 130.89 90.36 131.01 90.24 131.13 c 90.12 131.25 90 131.37 89.88 131.49 c 90 131.61 90.12 131.73 90.24 131.85 c 90.36 131.97 90.48 132.09 90.72 132.33 c 90.72 132.21 90.84 132.09 90.96 131.97 c 91.08 131.85 91.2 131.73 91.32 131.61 c 91.32 131.49 91.2 131.37 91.08 131.25 c 90.96 131.13 90.84 130.89 90.72 130.77 c h f 
99.72 125.01 m 99.36 125.01 99.12 125.01 98.76 125.13 c 98.52 125.25 98.4 125.37 98.28 125.61 c 98.04 125.73 98.04 125.97 97.92 126.21 c 97.92 126.45 97.92 126.69 97.92 126.93 c 97.92 127.29 97.8 127.65 97.8 128.01 c 97.8 128.37 97.8 128.73 97.68 129.21 c 97.68 129.57 97.68 130.05 97.56 130.53 c 97.56 131.01 97.56 131.49 97.44 132.09 c 97.56 132.21 97.8 132.33 97.92 132.45 c 98.04 132.57 98.28 132.69 98.4 132.81 c 98.4 132.21 98.52 131.61 98.52 131.01 c 98.52 130.41 98.52 129.81 98.52 129.21 c 98.52 128.61 98.52 127.89 98.52 127.17 c 98.64 126.33 l 98.76 126.21 99 126.21 99.12 126.09 c 99.36 126.09 99.48 126.09 99.72 126.09 c 99.72 126.09 99.84 125.97 99.84 125.97 c 99.84 125.13 l 99.84 125.01 99.72 125.01 99.72 125.01 c h f 
103.2 125.01 m 102.84 125.01 102.36 125.01 102.12 125.13 c 101.76 125.13 101.4 125.25 101.04 125.37 c 100.8 125.25 100.56 125.13 100.32 125.13 c 100.08 125.01 99.84 125.01 99.6 125.01 c 99.6 125.01 99.48 125.01 99.48 125.13 c 99.48 125.97 l 99.48 125.97 99.6 126.09 99.6 126.09 c 99.72 126.09 99.84 126.09 99.96 126.09 c 100.08 126.09 100.2 126.09 100.32 126.09 c 100.32 126.21 100.32 126.21 100.32 126.33 c 100.2 126.33 100.2 126.33 100.2 126.45 c 100.32 126.69 100.32 126.93 100.44 127.17 c 100.56 127.41 100.68 127.77 100.92 128.01 c 101.04 128.25 101.28 128.37 101.4 128.61 c 101.76 128.85 102.12 128.97 102.36 128.97 c 102.48 128.97 102.6 128.97 102.72 128.85 c 102.84 128.73 102.84 128.49 102.96 128.37 c 103.08 128.25 103.08 128.13 103.08 128.01 c 103.2 127.89 103.2 127.65 103.32 127.53 c 103.44 127.29 103.56 127.05 103.56 126.81 c 103.68 126.57 103.8 126.45 103.92 126.33 c 104.04 126.09 104.28 126.09 104.4 126.09 c 104.52 126.09 104.52 125.97 104.52 125.97 c 104.52 125.13 l 104.52 125.01 104.52 125.01 104.4 125.01 c 104.04 125.01 103.68 125.13 103.32 125.49 c 103.2 125.01 l h 103.08 125.97 m 102.84 126.21 102.72 126.45 102.6 126.81 c 102.48 127.17 102.48 127.53 102.36 128.01 c 102.24 127.89 102 127.77 101.76 127.65 c 101.64 127.53 101.4 127.29 101.28 127.17 c 101.04 127.05 100.92 126.81 100.92 126.69 c 101.16 126.45 101.4 126.33 101.76 126.21 c 102.12 126.09 102.6 125.97 103.08 125.97 c h f 
104.28 125.01 m 104.28 125.01 104.28 125.01 104.28 125.13 c 104.28 125.97 l 104.28 125.97 104.28 126.09 104.28 126.09 c 105.12 126.09 105.84 126.09 106.44 126.21 c 107.04 126.21 107.52 126.45 108 126.57 c 108 126.69 107.88 126.81 107.88 126.93 c 107.88 127.05 107.88 127.17 107.76 127.41 c 107.64 127.17 107.4 127.05 107.16 126.93 c 106.8 126.81 106.56 126.81 106.32 126.81 c 105.96 126.81 105.6 126.93 105.48 127.17 c 105.24 127.41 105.12 127.65 105.12 128.13 c 105.12 128.49 105.12 128.85 105.36 129.21 c 105.48 129.57 105.6 129.81 105.84 129.93 c 105.96 130.05 106.08 130.17 106.2 130.17 c 106.32 130.29 106.44 130.29 106.56 130.29 c 106.92 130.29 107.28 130.17 107.64 129.81 c 107.88 129.57 108.12 129.09 108.24 128.61 c 108.36 128.37 108.48 128.01 108.48 127.77 c 108.48 127.53 108.48 127.17 108.48 126.93 c 108.48 126.81 108.48 126.69 108.48 126.57 c 108.48 126.45 108.48 126.33 108.48 126.21 c 108.36 125.97 108.24 125.85 108.12 125.73 c 108 125.61 107.76 125.49 107.4 125.37 c 106.92 125.25 106.56 125.25 106.08 125.13 c 105.48 125.01 105 125.01 104.28 125.01 c h 106.56 127.65 m 106.92 127.65 107.28 127.77 107.64 127.89 c 107.52 128.37 107.28 128.61 107.16 128.85 c 106.92 129.09 106.68 129.21 106.44 129.21 c 106.2 129.21 105.96 129.09 105.84 128.85 c 105.72 128.73 105.6 128.49 105.6 128.25 c 105.6 128.13 105.72 127.89 105.84 127.77 c 105.96 127.65 106.2 127.65 106.56 127.65 c h 106.56 131.01 m 106.2 131.25 105.96 131.49 105.72 131.73 c 105.96 131.97 106.08 132.09 106.2 132.33 c 106.32 132.45 106.44 132.57 106.56 132.69 c 106.68 132.57 106.8 132.45 106.92 132.21 c 107.04 132.09 107.16 131.97 107.28 131.85 c 107.28 131.73 107.16 131.61 107.04 131.49 c 106.8 131.37 106.68 131.13 106.56 131.01 c h f 
q 0.12 0 0 -0.12 0 841.89 cm 1 j 0.141 0.125 0.129 SC 931 5972 m 935 5972 938 5971 939 5970 c 940 5969 941 5967 941 5963 c 941 5914 l 941 5910 940 5907 939 5906 c 938 5905 935 5904 931 5904 c 931 5902 l 989 5902 l 989 5918 l 986 5918 l 986 5913 984 5910 982 5908 c 981 5907 976 5906 970 5906 c 955 5906 l 954 5906 953 5906 952 5907 c 952 5907 952 5908 952 5910 c 952 5934 l 969 5934 l 973 5934 976 5934 977 5932 c 979 5931 980 5928 980 5924 c 983 5924 l 983 5949 l 980 5949 l 980 5945 979 5942 977 5941 c 976 5939 973 5939 969 5939 c 952 5939 l 952 5966 l 952 5968 953 5969 954 5969 c 955 5970 959 5970 966 5970 c 973 5970 979 5969 982 5968 c 986 5966 989 5962 992 5956 c 995 5956 l 990 5974 l 931 5974 l 931 5972 l h S Q 
q 0.12 0 0 -0.12 0 841.89 cm 1 w 1 j 0.141 0.125 0.129 SC 1028 5970 m 1034 5970 1038 5969 1042 5967 c 1046 5965 1047 5961 1047 5955 c 1047 5948 1045 5944 1041 5942 c 1037 5940 1031 5939 1024 5939 c 1023 5939 1022 5939 1021 5939 c 1021 5939 1020 5939 1019 5939 c 1019 5966 l 1019 5968 1020 5969 1021 5970 c 1022 5970 1024 5970 1028 5970 c h S Q 
q 0.12 0 0 -0.12 0 841.89 cm 1 w 1 j 0.141 0.125 0.129 SC 998 5972 m 1002 5972 1005 5971 1006 5970 c 1008 5969 1008 5967 1008 5963 c 1008 5914 l 1008 5910 1008 5907 1006 5906 c 1005 5905 1002 5904 998 5904 c 998 5902 l 1028 5902 l 1037 5902 1044 5903 1049 5906 c 1054 5909 1056 5914 1056 5921 c 1056 5926 1054 5930 1051 5932 c 1049 5934 1046 5935 1042 5936 c 1047 5937 1051 5940 1055 5942 c 1058 5945 1060 5949 1060 5954 c 1060 5963 1056 5969 1048 5972 c 1044 5973 1039 5974 1033 5974 c 998 5974 l 998 5972 l h S Q 
q 0.12 0 0 -0.12 0 841.89 cm 1 w 1 j 0.141 0.125 0.129 SC 1029 5934 m 1033 5934 1036 5934 1038 5933 c 1043 5931 1045 5927 1045 5921 c 1045 5915 1043 5910 1037 5908 c 1034 5907 1030 5906 1024 5906 c 1022 5906 1021 5906 1020 5906 c 1019 5907 1019 5908 1019 5910 c 1019 5935 l 1029 5934 l h S Q 
q 0.12 0 0 -0.12 0 841.89 cm 1 w 1 j 0.141 0.125 0.129 SC 1070 5972 m 1074 5972 1077 5971 1078 5970 c 1079 5969 1079 5966 1079 5961 c 1079 5914 l 1079 5910 1079 5907 1077 5906 c 1076 5905 1074 5904 1070 5904 c 1070 5902 l 1100 5902 l 1100 5904 l 1096 5904 1093 5905 1092 5906 c 1091 5907 1090 5910 1090 5914 c 1090 5935 l 1123 5935 l 1123 5914 l 1123 5910 1122 5907 1121 5906 c 1120 5905 1117 5904 1113 5904 c 1113 5902 l 1143 5902 l 1143 5904 l 1139 5904 1137 5905 1136 5906 c 1134 5907 1134 5910 1134 5914 c 1134 5963 l 1134 5966 1134 5969 1136 5970 c 1137 5971 1139 5972 1143 5972 c 1143 5974 l 1113 5974 l 1113 5972 l 1118 5972 1120 5971 1121 5970 c 1122 5969 1123 5966 1123 5961 c 1123 5940 l 1090 5940 l 1090 5963 l 1090 5966 1091 5969 1092 5970 c 1093 5971 1096 5972 1100 5972 c 1100 5974 l 1070 5974 l 1070 5972 l h S Q 
q 0.12 0 0 -0.12 0 841.89 cm 1 w 1 j 0.141 0.125 0.129 SC 1186 5901 m 1190 5901 1194 5901 1198 5903 c 1202 5904 1204 5904 1205 5904 c 1206 5904 1208 5904 1208 5903 c 1209 5903 1209 5902 1210 5901 c 1212 5901 l 1213 5924 l 1211 5924 l 1208 5918 1206 5915 1204 5912 c 1200 5907 1194 5905 1187 5905 c 1180 5905 1174 5908 1169 5913 c 1164 5918 1161 5927 1161 5939 c 1161 5949 1164 5957 1169 5963 c 1174 5969 1181 5971 1188 5971 c 1190 5971 1191 5971 1193 5971 c 1195 5971 1196 5970 1198 5970 c 1200 5969 1202 5968 1203 5968 c 1203 5967 1204 5966 1204 5965 c 1204 5947 l 1204 5943 1203 5941 1202 5940 c 1201 5939 1198 5938 1194 5938 c 1194 5936 l 1222 5936 l 1222 5938 l 1219 5938 1217 5938 1216 5939 c 1215 5940 1214 5942 1214 5946 c 1214 5968 l 1214 5969 1211 5971 1205 5973 c 1199 5975 1193 5976 1187 5976 c 1176 5976 1167 5973 1160 5967 c 1152 5960 1148 5950 1148 5939 c 1148 5929 1151 5920 1158 5913 c 1165 5905 1174 5901 1186 5901 c h S Q 
1 w 0.141 0.125 0.129 sc 111.72 125.25 m 112.2 125.25 112.56 125.37 112.68 125.49 c 112.8 125.61 112.92 125.85 112.92 126.33 c 112.92 132.21 l 112.92 132.69 112.8 133.05 112.68 133.17 c 112.56 133.29 112.2 133.41 111.72 133.41 c 111.72 133.65 l 118.68 133.65 l 118.68 131.73 l 118.32 131.73 l 118.32 132.33 118.08 132.69 117.84 132.93 c 117.72 133.05 117.12 133.17 116.4 133.17 c 114.6 133.17 l 114.48 133.17 114.36 133.17 114.24 133.05 c 114.24 133.05 114.24 132.93 114.24 132.69 c 114.24 129.81 l 116.28 129.81 l 116.76 129.81 117.12 129.81 117.24 130.05 c 117.48 130.17 117.6 130.53 117.6 131.01 c 117.96 131.01 l 117.96 128.01 l 117.6 128.01 l 117.6 128.49 117.48 128.85 117.24 128.97 c 117.12 129.21 116.76 129.21 116.28 129.21 c 114.24 129.21 l 114.24 125.97 l 114.24 125.73 114.36 125.61 114.48 125.61 c 114.6 125.49 115.08 125.49 115.92 125.49 c 116.76 125.49 117.48 125.61 117.84 125.73 c 118.32 125.97 118.68 126.45 119.04 127.17 c 119.4 127.17 l 118.8 125.01 l 111.72 125.01 l 111.72 125.25 l h f 
123.36 125.49 m 124.08 125.49 124.56 125.61 125.04 125.85 c 125.52 126.09 125.64 126.57 125.64 127.29 c 125.64 128.13 125.4 128.61 124.92 128.85 c 124.44 129.09 123.72 129.21 122.88 129.21 c 122.76 129.21 122.64 129.21 122.52 129.21 c 122.52 129.21 122.4 129.21 122.28 129.21 c 122.28 125.97 l 122.28 125.73 122.4 125.61 122.52 125.49 c 122.64 125.49 122.88 125.49 123.36 125.49 c h 119.76 125.25 m 120.24 125.25 120.6 125.37 120.72 125.49 c 120.96 125.61 120.96 125.85 120.96 126.33 c 120.96 132.21 l 120.96 132.69 120.96 133.05 120.72 133.17 c 120.6 133.29 120.24 133.41 119.76 133.41 c 119.76 133.65 l 123.36 133.65 l 124.44 133.65 125.28 133.53 125.88 133.17 c 126.48 132.81 126.72 132.21 126.72 131.37 c 126.72 130.77 126.48 130.29 126.12 130.05 c 125.88 129.81 125.52 129.69 125.04 129.57 c 125.64 129.45 126.12 129.09 126.6 128.85 c 126.96 128.49 127.2 128.01 127.2 127.41 c 127.2 126.33 126.72 125.61 125.76 125.25 c 125.28 125.13 124.68 125.01 123.96 125.01 c 119.76 125.01 l 119.76 125.25 l h 123.48 129.81 m 123.96 129.81 124.32 129.81 124.56 129.93 c 125.16 130.17 125.4 130.65 125.4 131.37 c 125.4 132.09 125.16 132.69 124.44 132.93 c 124.08 133.05 123.6 133.17 122.88 133.17 c 122.64 133.17 122.52 133.17 122.4 133.17 c 122.4 133.05 122.28 132.93 122.28 132.69 c 122.28 129.69 l 123.48 129.81 l h f 
128.4 125.25 m 128.88 125.25 129.24 125.37 129.36 125.49 c 129.48 125.61 129.48 125.97 129.48 126.57 c 129.48 132.21 l 129.48 132.69 129.48 133.05 129.24 133.17 c 129.12 133.29 128.88 133.41 128.4 133.41 c 128.4 133.65 l 132 133.65 l 132 133.41 l 131.52 133.41 131.16 133.29 131.04 133.17 c 130.92 133.05 130.8 132.69 130.8 132.21 c 130.8 129.69 l 134.76 129.69 l 134.76 132.21 l 134.76 132.69 134.64 133.05 134.52 133.17 c 134.4 133.29 134.04 133.41 133.56 133.41 c 133.56 133.65 l 137.16 133.65 l 137.16 133.41 l 136.68 133.41 136.44 133.29 136.32 133.17 c 136.08 133.05 136.08 132.69 136.08 132.21 c 136.08 126.33 l 136.08 125.97 136.08 125.61 136.32 125.49 c 136.44 125.37 136.68 125.25 137.16 125.25 c 137.16 125.01 l 133.56 125.01 l 133.56 125.25 l 134.16 125.25 134.4 125.37 134.52 125.49 c 134.64 125.61 134.76 125.97 134.76 126.57 c 134.76 129.09 l 130.8 129.09 l 130.8 126.33 l 130.8 125.97 130.92 125.61 131.04 125.49 c 131.16 125.37 131.52 125.25 132 125.25 c 132 125.01 l 128.4 125.01 l 128.4 125.25 l h f 
142.32 133.77 m 142.8 133.77 143.28 133.77 143.76 133.53 c 144.24 133.41 144.48 133.41 144.6 133.41 c 144.72 133.41 144.96 133.41 144.96 133.53 c 145.08 133.53 145.08 133.65 145.2 133.77 c 145.44 133.77 l 145.56 131.01 l 145.32 131.01 l 144.96 131.73 144.72 132.09 144.48 132.45 c 144 133.05 143.28 133.29 142.44 133.29 c 141.6 133.29 140.88 132.93 140.28 132.33 c 139.68 131.73 139.32 130.65 139.32 129.21 c 139.32 128.01 139.68 127.05 140.28 126.33 c 140.88 125.61 141.72 125.37 142.56 125.37 c 142.8 125.37 142.92 125.37 143.16 125.37 c 143.4 125.37 143.52 125.49 143.76 125.49 c 144 125.61 144.24 125.73 144.36 125.73 c 144.36 125.85 144.48 125.97 144.48 126.09 c 144.48 128.25 l 144.48 128.73 144.36 128.97 144.24 129.09 c 144.12 129.21 143.76 129.33 143.28 129.33 c 143.28 129.57 l 146.64 129.57 l 146.64 129.33 l 146.28 129.33 146.04 129.33 145.92 129.21 c 145.8 129.09 145.68 128.85 145.68 128.37 c 145.68 125.73 l 145.68 125.61 145.32 125.37 144.6 125.13 c 143.88 124.89 143.16 124.77 142.44 124.77 c 141.12 124.77 140.04 125.13 139.2 125.85 c 138.24 126.69 137.76 127.89 137.76 129.21 c 137.76 130.41 138.12 131.49 138.96 132.33 c 139.8 133.29 140.88 133.77 142.32 133.77 c h f 
153.24 121.65 m 152.76 121.65 152.16 121.77 151.8 121.89 c 151.44 122.13 151.08 122.37 150.84 122.73 c 150.72 123.09 150.6 123.45 150.6 123.93 c 150.6 124.17 150.6 124.41 150.72 124.77 c 150.72 125.01 150.96 125.25 151.08 125.37 c 151.32 125.61 151.56 125.85 151.8 126.09 c 151.8 126.21 151.8 126.21 151.68 126.33 c 151.68 126.33 151.68 126.45 151.56 126.45 c 151.44 126.69 151.32 126.81 151.2 126.93 c 151.08 127.17 151.08 127.29 150.96 127.29 c 150.84 127.41 150.84 127.53 150.72 127.53 c 150.72 127.65 150.6 127.65 150.6 127.65 c 150.36 127.53 l 150.24 127.77 150.12 128.01 150.12 128.13 c 150.12 128.37 150.12 128.49 150.24 128.61 c 150.36 128.85 150.6 128.97 150.72 128.97 c 150.96 129.09 151.2 129.21 151.44 129.33 c 151.8 129.45 152.04 129.45 152.4 129.45 c 152.76 129.45 153 129.33 153.36 129.21 c 153.6 129.09 153.72 128.97 153.96 128.73 c 154.08 128.49 154.2 128.25 154.2 127.89 c 154.2 127.65 154.08 127.29 153.96 127.05 c 153.72 126.81 153.48 126.45 153.12 126.21 c 153.36 126.21 153.6 126.09 153.84 126.09 c 154.08 126.09 154.44 126.09 154.8 126.09 c 154.92 126.09 154.92 125.97 154.92 125.97 c 154.92 125.13 l 154.92 125.01 154.92 125.01 154.8 125.01 c 154.44 125.01 154.08 125.01 153.84 125.01 c 153.48 125.13 153.24 125.13 153 125.25 c 152.76 125.37 152.52 125.49 152.28 125.73 c 151.8 125.37 151.56 125.13 151.32 124.89 c 151.2 124.53 151.08 124.29 151.08 123.93 c 151.08 123.57 151.2 123.21 151.56 122.97 c 151.92 122.73 152.52 122.73 153.36 122.73 c 153.48 122.73 153.72 122.73 153.96 122.73 c 154.2 122.73 154.32 122.73 154.56 122.85 c 154.8 122.85 155.16 122.97 155.52 123.09 c 155.64 122.61 l 155.28 122.37 154.92 122.13 154.56 122.01 c 154.32 121.89 154.08 121.77 153.84 121.65 c 153.6 121.65 153.48 121.65 153.24 121.65 c h 152.52 126.69 m 152.64 126.69 152.76 126.81 152.88 126.93 c 153 127.05 153 127.17 153.12 127.29 c 153.24 127.41 153.24 127.53 153.24 127.65 c 153.24 127.89 153.12 128.13 153 128.25 c 152.88 128.37 152.64 128.37 152.4 128.37 c 152.16 128.37 152.04 128.37 151.8 128.37 c 151.56 128.25 151.32 128.13 151.2 128.13 c 151.2 128.01 151.32 128.01 151.32 127.89 c 151.44 127.89 151.44 127.77 151.56 127.65 c 151.68 127.65 151.68 127.53 151.8 127.41 c 151.92 127.29 152.04 127.17 152.16 126.93 c 152.52 126.69 l h f 
154.8 125.01 m 154.68 125.01 154.68 125.01 154.68 125.13 c 154.68 125.97 l 154.68 125.97 154.68 126.09 154.8 126.09 c 154.92 126.09 155.16 126.09 155.4 126.09 c 155.52 126.21 155.76 126.21 156 126.33 c 155.88 126.81 155.88 127.41 155.76 128.01 c 155.64 128.73 155.64 129.57 155.52 130.53 c 155.52 130.77 155.52 131.01 155.52 131.25 c 155.4 131.49 155.4 131.85 155.4 132.09 c 155.52 132.21 155.76 132.33 155.88 132.45 c 156 132.57 156.24 132.69 156.36 132.81 c 156.36 132.45 156.36 131.97 156.36 131.49 c 156.36 131.01 156.36 130.41 156.36 129.81 c 156.36 129.21 156.36 128.61 156.36 127.89 c 156.36 127.53 156.48 127.29 156.48 127.05 c 156.48 126.81 156.48 126.57 156.48 126.33 c 156.72 126.09 157.2 126.09 157.68 126.09 c 157.68 126.09 157.8 125.97 157.8 125.97 c 157.8 125.13 l 157.8 125.01 157.68 125.01 157.68 125.01 c 157.08 125.01 156.6 125.13 156.36 125.37 c 156.12 125.25 155.88 125.13 155.64 125.13 c 155.4 125.01 155.04 125.01 154.8 125.01 c h f 
162.12 125.01 m 161.76 125.01 161.4 125.01 161.04 125.01 c 160.56 125.13 160.2 125.13 159.96 125.25 c 159.6 125.37 159.24 125.49 159 125.61 c 159 125.61 159 125.49 158.88 125.49 c 158.88 125.49 158.88 125.49 158.76 125.37 c 158.64 125.25 158.52 125.13 158.28 125.13 c 158.04 125.01 157.8 125.01 157.56 125.01 c 157.44 125.01 157.44 125.01 157.44 125.13 c 157.44 125.97 l 157.44 125.97 157.44 126.09 157.56 126.09 c 157.8 126.09 158.04 126.09 158.16 126.09 c 158.4 126.21 158.52 126.21 158.64 126.45 c 158.76 126.57 158.88 126.69 159 126.93 c 159 127.05 159 127.05 159.12 127.05 c 159.12 127.17 159.12 127.17 159.12 127.29 c 159.24 127.41 159.36 127.53 159.6 127.53 c 159.72 127.53 159.84 127.41 159.84 127.41 c 159.84 127.17 159.72 127.05 159.72 126.93 c 159.6 126.69 159.6 126.57 159.48 126.45 c 159.6 126.45 159.72 126.45 159.72 126.33 c 159.84 126.33 159.96 126.33 160.08 126.33 c 160.8 127.29 161.52 128.01 162.12 128.49 c 162.72 128.97 163.2 129.21 163.68 129.21 c 163.92 129.21 164.04 129.21 164.28 129.09 c 164.52 128.97 164.64 128.85 164.88 128.73 c 165.12 128.61 165.24 128.37 165.48 128.25 c 165.72 127.89 165.84 127.65 165.84 127.41 c 165.84 127.05 165.72 126.69 165.48 126.45 c 165.72 126.33 165.96 126.21 166.08 126.09 c 166.32 126.09 166.56 126.09 166.8 126.09 c 166.8 126.09 166.92 125.97 166.92 125.97 c 166.92 125.13 l 166.92 125.01 166.8 125.01 166.8 125.01 c 166.44 125.01 166.08 125.13 165.72 125.25 c 165.48 125.37 165.12 125.49 164.88 125.85 c 164.76 125.61 164.52 125.49 164.16 125.37 c 163.92 125.25 163.56 125.13 163.2 125.13 c 163.08 125.01 162.84 125.01 162.6 125.01 c 162.48 125.01 162.24 125.01 162.12 125.01 c h 162.24 125.97 m 162.72 125.97 163.2 126.09 163.68 126.21 c 164.28 126.33 164.76 126.57 165.24 126.93 c 165 127.29 164.76 127.65 164.4 127.89 c 164.04 128.01 163.8 128.13 163.44 128.13 c 163.08 128.13 162.72 128.01 162.24 127.65 c 161.76 127.29 161.16 126.81 160.68 126.09 c 160.92 126.09 161.16 126.09 161.4 125.97 c 161.76 125.97 162 125.97 162.24 125.97 c h 162.12 130.29 m 161.76 130.53 161.4 130.77 161.28 131.01 c 161.4 131.25 161.64 131.37 161.76 131.49 c 161.88 131.61 162 131.73 162.12 131.85 c 162.12 131.73 162.24 131.61 162.36 131.49 c 162.6 131.37 162.72 131.25 162.84 131.13 c 162.72 131.01 162.6 130.89 162.48 130.65 c 162.36 130.53 162.24 130.41 162.12 130.29 c h f 
170.28 125.01 m 169.8 125.01 169.44 125.01 169.08 125.13 c 168.72 125.13 168.48 125.25 168.12 125.37 c 167.88 125.25 167.52 125.13 167.4 125.13 c 167.16 125.01 166.92 125.01 166.68 125.01 c 166.56 125.01 166.56 125.01 166.56 125.13 c 166.56 125.97 l 166.56 125.97 166.56 126.09 166.68 126.09 c 166.8 126.09 166.92 126.09 167.04 126.09 c 167.16 126.09 167.28 126.09 167.4 126.09 c 167.28 126.21 167.28 126.21 167.28 126.33 c 167.28 126.33 167.28 126.33 167.28 126.45 c 167.28 126.69 167.4 126.93 167.52 127.17 c 167.64 127.41 167.76 127.77 167.88 128.01 c 168.12 128.25 168.24 128.37 168.48 128.61 c 168.84 128.85 169.2 128.97 169.44 128.97 c 169.56 128.97 169.68 128.97 169.8 128.85 c 169.8 128.73 169.92 128.49 170.04 128.37 c 170.04 128.25 170.16 128.13 170.16 128.01 c 170.28 127.89 170.28 127.65 170.4 127.53 c 170.4 127.29 170.52 127.05 170.64 126.81 c 170.76 126.57 170.88 126.45 171 126.33 c 171.12 126.09 171.24 126.09 171.48 126.09 c 171.48 126.09 171.6 125.97 171.6 125.97 c 171.6 125.13 l 171.6 125.01 171.48 125.01 171.48 125.01 c 171 125.01 170.76 125.13 170.4 125.49 c 170.28 125.01 l h 170.04 125.97 m 169.92 126.21 169.8 126.45 169.68 126.81 c 169.56 127.17 169.56 127.53 169.44 128.01 c 169.2 127.89 169.08 127.77 168.84 127.65 c 168.6 127.53 168.48 127.29 168.36 127.17 c 168.12 127.05 168 126.81 167.88 126.69 c 168.12 126.45 168.48 126.33 168.84 126.21 c 169.2 126.09 169.56 125.97 170.04 125.97 c h f 
171.36 125.01 m 171.24 125.01 171.24 125.01 171.24 125.13 c 171.24 125.97 l 171.24 125.97 171.24 126.09 171.36 126.09 c 171.72 126.09 172.2 126.09 172.56 126.33 c 172.56 126.57 172.56 126.93 172.56 127.17 c 172.56 127.41 172.44 127.65 172.44 127.89 c 172.44 128.49 172.32 129.09 172.2 129.81 c 172.2 130.53 172.08 131.25 171.96 132.09 c 172.08 132.21 172.2 132.33 172.32 132.45 c 172.56 132.57 172.68 132.69 172.92 132.81 c 172.92 132.21 172.92 131.73 172.92 131.25 c 172.92 130.65 173.04 130.05 173.04 129.45 c 173.04 128.97 173.04 128.37 173.16 127.89 c 173.16 127.53 173.16 127.05 173.16 126.69 c 173.16 126.45 173.04 126.33 173.04 126.09 c 172.92 125.85 172.8 125.61 172.68 125.37 c 172.68 125.25 172.44 125.13 172.2 125.13 c 171.96 125.01 171.72 125.01 171.36 125.01 c h f 
175.08 125.01 m 175.08 125.73 174.96 126.33 174.96 127.05 c 174.96 127.65 174.96 128.13 174.96 128.73 c 174.84 129.21 174.84 129.81 174.84 130.29 c 174.72 130.77 174.72 131.25 174.72 131.73 c 174.72 131.97 174.72 132.09 174.72 132.21 c 174.84 132.45 174.96 132.45 175.08 132.57 c 175.2 132.69 175.32 132.69 175.56 132.81 c 175.68 132.57 175.68 132.33 175.8 132.09 c 175.8 131.85 175.92 131.61 176.04 131.37 c 175.68 131.13 l 175.68 130.53 175.68 130.05 175.68 129.45 c 175.68 128.85 175.68 128.13 175.68 127.41 c 175.68 126.69 175.68 125.97 175.68 125.13 c 175.08 125.01 l h f 
179.4 127.65 m 179.4 128.85 l 179.88 129.09 180.24 129.33 180.6 129.45 c 180.96 129.69 181.32 129.69 181.68 129.69 c 182.16 129.69 182.76 129.57 183.36 129.33 c 184.08 129.09 184.56 128.97 184.8 128.97 c 185.16 128.97 185.4 128.97 185.76 129.21 c 186 129.33 186.48 129.57 186.96 130.05 c 186.96 128.73 l 186.48 128.49 186.12 128.25 185.76 128.13 c 185.4 128.01 185.04 127.89 184.8 127.89 c 184.44 127.89 183.96 128.01 183.24 128.25 c 182.52 128.61 182.04 128.73 181.56 128.73 c 181.32 128.73 180.96 128.61 180.6 128.49 c 180.24 128.25 179.88 128.01 179.4 127.65 c h f 
q 0.12 0 0 -0.12 0 841.89 cm 3 w 0 J 0 j 4 M 0.141 0.125 0.129 SC 1495 5952 m 1495 5942 l 1499 5940 1502 5938 1505 5937 c 1508 5935 1511 5935 1514 5935 c 1518 5935 1523 5936 1528 5938 c 1534 5940 1538 5941 1540 5941 c 1543 5941 1545 5941 1548 5939 c 1550 5938 1554 5936 1558 5932 c 1558 5943 l 1554 5945 1551 5947 1548 5948 c 1545 5949 1542 5950 1540 5950 c 1537 5950 1533 5949 1527 5947 c 1521 5944 1517 5943 1513 5943 c 1511 5943 1508 5944 1505 5945 c 1502 5947 1499 5949 1495 5952 c h S Q 
q 0.12 0 0 -0.12 0 841.89 cm 1 w 0 J 0 j 4 M 0.141 0.125 0.129 SC 1628 5946 m 1616 5916 l 1604 5946 l 1628 5946 l h S Q 
q 0.12 0 0 -0.12 0 841.89 cm 1 w 0 J 0 j 4 M 0.141 0.125 0.129 SC 1582 5974 m 1582 5972 l 1585 5972 1587 5971 1588 5969 c 1590 5967 1592 5962 1596 5954 c 1618 5901 l 1620 5901 l 1647 5963 l 1649 5967 1650 5969 1651 5970 c 1652 5971 1654 5972 1657 5972 c 1657 5974 l 1629 5974 l 1629 5972 l 1632 5972 1634 5972 1635 5971 c 1636 5971 1637 5970 1637 5968 c 1637 5968 1636 5967 1636 5965 c 1636 5964 1635 5963 1635 5961 c 1630 5951 l 1602 5951 l 1599 5958 1597 5962 1597 5964 c 1596 5965 1596 5967 1596 5968 c 1596 5969 1597 5971 1598 5971 c 1599 5972 1601 5972 1603 5972 c 1603 5974 l 1582 5974 l h S Q 
q 0.12 0 0 -0.12 0 841.89 cm 1 w 0 J 0 j 4 M 0.141 0.125 0.129 SC 1690 5970 m 1696 5970 1700 5969 1704 5967 c 1708 5965 1710 5961 1710 5955 c 1710 5948 1708 5944 1703 5942 c 1699 5940 1693 5939 1687 5939 c 1685 5939 1684 5939 1683 5939 c 1683 5939 1682 5939 1681 5939 c 1681 5966 l 1681 5968 1682 5969 1683 5970 c 1684 5970 1687 5970 1690 5970 c h S Q 
q 0.12 0 0 -0.12 0 841.89 cm 1 w 0 J 0 j 4 M 0.141 0.125 0.129 SC 1660 5972 m 1664 5972 1667 5971 1669 5970 c 1670 5969 1670 5967 1670 5963 c 1670 5914 l 1670 5910 1670 5907 1669 5906 c 1667 5905 1664 5904 1660 5904 c 1660 5902 l 1690 5902 l 1699 5902 1706 5903 1711 5906 c 1716 5909 1718 5914 1718 5921 c 1718 5926 1717 5930 1713 5932 c 1711 5934 1708 5935 1704 5936 c 1709 5937 1713 5940 1717 5942 c 1720 5945 1722 5949 1722 5954 c 1722 5963 1718 5969 1710 5972 c 1706 5973 1701 5974 1695 5974 c 1660 5974 l 1660 5972 l h S Q 
q 0.12 0 0 -0.12 0 841.89 cm 1 w 0 J 0 j 4 M 0.141 0.125 0.129 SC 1692 5934 m 1695 5934 1698 5934 1701 5933 c 1705 5931 1707 5927 1707 5921 c 1707 5915 1705 5910 1700 5908 c 1697 5907 1692 5906 1686 5906 c 1684 5906 1683 5906 1682 5906 c 1682 5907 1681 5908 1681 5910 c 1681 5935 l 1692 5934 l h S Q 
q 0.12 0 0 -0.12 0 841.89 cm 1 w 0 J 0 j 4 M 0.141 0.125 0.129 SC 1770 5901 m 1774 5901 1778 5901 1782 5903 c 1786 5904 1788 5904 1789 5904 c 1790 5904 1791 5904 1792 5903 c 1793 5903 1793 5902 1794 5901 c 1796 5901 l 1797 5925 l 1794 5925 l 1793 5920 1791 5917 1789 5914 c 1784 5908 1778 5905 1771 5905 c 1763 5905 1757 5908 1753 5914 c 1748 5920 1745 5929 1745 5939 c 1745 5949 1748 5957 1753 5963 c 1758 5968 1764 5971 1772 5971 c 1778 5971 1783 5970 1787 5967 c 1790 5966 1793 5963 1796 5960 c 1798 5962 l 1796 5965 1793 5968 1789 5970 c 1783 5974 1777 5976 1770 5976 c 1758 5976 1749 5972 1742 5965 c 1736 5958 1733 5949 1733 5939 c 1733 5928 1736 5919 1743 5912 c 1750 5905 1759 5901 1770 5901 c h S Q 
q 0.12 0 0 -0.12 0 841.89 cm 1 w 0 J 0 j 4 M 0.141 0.125 0.129 SC 1824 5966 m 1824 5968 1825 5969 1825 5970 c 1826 5970 1828 5970 1831 5970 c 1839 5970 1846 5969 1852 5965 c 1860 5960 1864 5951 1864 5939 c 1864 5927 1861 5919 1854 5913 c 1848 5908 1840 5906 1830 5906 c 1828 5906 1826 5906 1825 5907 c 1825 5907 1824 5908 1824 5910 c 1824 5966 l h S Q 
q 0.12 0 0 -0.12 0 841.89 cm 1 w 0 J 0 j 4 M 0.141 0.125 0.129 SC 1804 5972 m 1808 5972 1810 5971 1811 5970 c 1813 5969 1813 5967 1813 5963 c 1813 5914 l 1813 5910 1813 5907 1811 5906 c 1810 5905 1808 5904 1804 5904 c 1804 5902 l 1833 5902 l 1843 5902 1851 5904 1858 5907 c 1870 5913 1876 5923 1876 5938 c 1876 5944 1875 5949 1873 5954 c 1870 5959 1867 5963 1863 5966 c 1860 5969 1857 5970 1854 5971 c 1848 5973 1842 5974 1834 5974 c 1804 5974 l 1804 5972 l h S Q 
1 w 0.141 0.125 0.129 sc 195.36 128.37 m 193.92 131.97 l 192.48 128.37 l 195.36 128.37 l h 189.84 125.01 m 189.84 125.25 l 190.2 125.25 190.44 125.37 190.56 125.61 c 190.8 125.85 191.04 126.45 191.52 127.41 c 194.16 133.77 l 194.4 133.77 l 197.64 126.33 l 197.88 125.85 198 125.61 198.12 125.49 c 198.24 125.37 198.48 125.25 198.84 125.25 c 198.84 125.01 l 195.48 125.01 l 195.48 125.25 l 195.84 125.25 196.08 125.25 196.2 125.37 c 196.32 125.37 196.44 125.49 196.44 125.73 c 196.44 125.73 196.32 125.85 196.32 126.09 c 196.32 126.21 196.2 126.33 196.2 126.57 c 195.6 127.77 l 192.24 127.77 l 191.88 126.93 191.64 126.45 191.64 126.21 c 191.52 126.09 191.52 125.85 191.52 125.73 c 191.52 125.61 191.64 125.37 191.76 125.37 c 191.88 125.25 192.12 125.25 192.36 125.25 c 192.36 125.01 l 189.84 125.01 l h f 
202.8 125.49 m 203.52 125.49 204 125.61 204.48 125.85 c 204.96 126.09 205.2 126.57 205.2 127.29 c 205.2 128.13 204.84 128.61 204.36 128.85 c 203.88 129.09 203.16 129.21 202.44 129.21 c 202.2 129.21 202.08 129.21 201.96 129.21 c 201.96 129.21 201.84 129.21 201.72 129.21 c 201.72 125.97 l 201.72 125.73 201.84 125.61 201.96 125.49 c 202.08 125.49 202.32 125.49 202.8 125.49 c h 199.2 125.25 m 199.68 125.25 200.04 125.37 200.28 125.49 c 200.4 125.61 200.4 125.85 200.4 126.33 c 200.4 132.21 l 200.4 132.69 200.4 133.05 200.28 133.17 c 200.04 133.29 199.68 133.41 199.2 133.41 c 199.2 133.65 l 202.8 133.65 l 203.88 133.65 204.72 133.53 205.32 133.17 c 205.92 132.81 206.16 132.21 206.16 131.37 c 206.16 130.77 206.04 130.29 205.56 130.05 c 205.32 129.81 204.96 129.69 204.48 129.57 c 205.08 129.45 205.56 129.09 206.04 128.85 c 206.4 128.49 206.64 128.01 206.64 127.41 c 206.64 126.33 206.16 125.61 205.2 125.25 c 204.72 125.13 204.12 125.01 203.4 125.01 c 199.2 125.01 l 199.2 125.25 l h 203.04 129.81 m 203.4 129.81 203.76 129.81 204.12 129.93 c 204.6 130.17 204.84 130.65 204.84 131.37 c 204.84 132.09 204.6 132.69 204 132.93 c 203.64 133.05 203.04 133.17 202.32 133.17 c 202.08 133.17 201.96 133.17 201.84 133.17 c 201.84 133.05 201.72 132.93 201.72 132.69 c 201.72 129.69 l 203.04 129.81 l h f 
212.4 133.77 m 212.88 133.77 213.36 133.77 213.84 133.53 c 214.32 133.41 214.56 133.41 214.68 133.41 c 214.8 133.41 214.92 133.41 215.04 133.53 c 215.16 133.53 215.16 133.65 215.28 133.77 c 215.52 133.77 l 215.64 130.89 l 215.28 130.89 l 215.16 131.49 214.92 131.85 214.68 132.21 c 214.08 132.93 213.36 133.29 212.52 133.29 c 211.56 133.29 210.84 132.93 210.36 132.21 c 209.76 131.49 209.4 130.41 209.4 129.21 c 209.4 128.01 209.76 127.05 210.36 126.33 c 210.96 125.73 211.68 125.37 212.64 125.37 c 213.36 125.37 213.96 125.49 214.44 125.85 c 214.8 125.97 215.16 126.33 215.52 126.69 c 215.76 126.45 l 215.52 126.09 215.16 125.73 214.68 125.49 c 213.96 125.01 213.24 124.77 212.4 124.77 c 210.96 124.77 209.88 125.25 209.04 126.09 c 208.32 126.93 207.96 128.01 207.96 129.21 c 207.96 130.53 208.32 131.61 209.16 132.45 c 210 133.29 211.08 133.77 212.4 133.77 c h 212.4 133.77 m 212.4 133.77 212.4 133.77 212.4 133.77 c h f 
218.88 125.97 m 218.88 125.73 219 125.61 219 125.49 c 219.12 125.49 219.36 125.49 219.72 125.49 c 220.68 125.49 221.52 125.61 222.24 126.09 c 223.2 126.69 223.68 127.77 223.68 129.21 c 223.68 130.65 223.32 131.61 222.48 132.33 c 221.76 132.93 220.8 133.17 219.6 133.17 c 219.36 133.17 219.12 133.17 219 133.05 c 219 133.05 218.88 132.93 218.88 132.69 c 218.88 125.97 l h 216.48 125.25 m 216.96 125.25 217.2 125.37 217.32 125.49 c 217.56 125.61 217.56 125.85 217.56 126.33 c 217.56 132.21 l 217.56 132.69 217.56 133.05 217.32 133.17 c 217.2 133.29 216.96 133.41 216.48 133.41 c 216.48 133.65 l 219.96 133.65 l 221.16 133.65 222.12 133.41 222.96 133.05 c 224.4 132.33 225.12 131.13 225.12 129.33 c 225.12 128.61 225 128.01 224.76 127.41 c 224.4 126.81 224.04 126.33 223.56 125.97 c 223.2 125.61 222.84 125.49 222.48 125.37 c 221.76 125.13 221.04 125.01 220.08 125.01 c 216.48 125.01 l 216.48 125.25 l h f 
231.96 121.65 m 231.48 121.65 231 121.77 230.52 121.89 c 230.16 122.13 229.8 122.37 229.68 122.73 c 229.44 123.09 229.32 123.45 229.32 123.93 c 229.32 124.17 229.32 124.41 229.44 124.77 c 229.56 125.01 229.68 125.25 229.8 125.37 c 230.04 125.61 230.28 125.85 230.64 126.09 c 230.52 126.21 230.52 126.21 230.52 126.33 c 230.4 126.33 230.4 126.45 230.4 126.45 c 230.28 126.69 230.16 126.81 230.04 126.93 c 229.92 127.17 229.8 127.29 229.68 127.29 c 229.68 127.41 229.56 127.53 229.44 127.53 c 229.44 127.65 229.32 127.65 229.32 127.65 c 229.08 127.53 l 228.96 127.77 228.84 128.01 228.84 128.13 c 228.84 128.37 228.96 128.49 229.08 128.61 c 229.2 128.85 229.32 128.97 229.56 128.97 c 229.68 129.09 229.92 129.21 230.16 129.33 c 230.52 129.45 230.88 129.45 231.12 129.45 c 231.48 129.45 231.84 129.33 232.08 129.21 c 232.32 129.09 232.56 128.97 232.68 128.73 c 232.8 128.49 232.92 128.25 232.92 127.89 c 232.92 127.65 232.8 127.29 232.68 127.05 c 232.56 126.81 232.2 126.45 231.84 126.21 c 232.08 126.21 232.32 126.09 232.56 126.09 c 232.8 126.09 233.16 126.09 233.64 126.09 c 233.64 126.09 233.76 125.97 233.76 125.97 c 233.76 125.13 l 233.76 125.01 233.64 125.01 233.64 125.01 c 233.16 125.01 232.8 125.01 232.56 125.01 c 232.2 125.13 231.96 125.13 231.72 125.25 c 231.48 125.37 231.24 125.49 231 125.73 c 230.64 125.37 230.28 125.13 230.04 124.89 c 229.92 124.53 229.8 124.29 229.8 123.93 c 229.8 123.57 230.04 123.21 230.4 122.97 c 230.76 122.73 231.24 122.73 232.08 122.73 c 232.32 122.73 232.44 122.73 232.68 122.73 c 232.92 122.73 233.16 122.73 233.4 122.85 c 233.64 122.85 233.88 122.97 234.24 123.09 c 234.36 122.61 l 234 122.37 233.64 122.13 233.4 122.01 c 233.04 121.89 232.8 121.77 232.56 121.65 c 232.44 121.65 232.2 121.65 231.96 121.65 c h 231.24 126.69 m 231.36 126.69 231.48 126.81 231.6 126.93 c 231.72 127.05 231.84 127.17 231.84 127.29 c 231.96 127.41 231.96 127.53 231.96 127.65 c 231.96 127.89 231.96 128.13 231.72 128.25 c 231.6 128.37 231.48 128.37 231.24 128.37 c 231 128.37 230.76 128.37 230.52 128.37 c 230.28 128.25 230.16 128.13 229.92 128.13 c 229.92 128.01 230.04 128.01 230.04 127.89 c 230.16 127.89 230.28 127.77 230.28 127.65 c 230.4 127.65 230.52 127.53 230.64 127.41 c 230.64 127.29 230.76 127.17 231 126.93 c 231.24 126.69 l h f 
233.52 125.01 m 233.4 125.01 233.4 125.01 233.4 125.13 c 233.4 125.97 l 233.4 125.97 233.4 126.09 233.52 126.09 c 233.76 126.09 233.88 126.09 234.12 126.09 c 234.36 126.21 234.48 126.21 234.72 126.33 c 234.6 126.81 234.6 127.41 234.48 128.01 c 234.48 128.73 234.36 129.57 234.24 130.53 c 234.24 130.77 234.24 131.01 234.24 131.25 c 234.24 131.49 234.24 131.85 234.12 132.09 c 234.36 132.21 234.48 132.33 234.6 132.45 c 234.72 132.57 234.96 132.69 235.08 132.81 c 235.08 132.45 235.08 131.97 235.2 131.49 c 235.2 131.01 235.2 130.41 235.2 129.81 c 235.2 129.21 235.2 128.61 235.2 127.89 c 235.2 127.53 235.2 127.29 235.2 127.05 c 235.2 126.81 235.2 126.57 235.2 126.33 c 235.56 126.09 235.92 126.09 236.4 126.09 c 236.52 126.09 236.52 125.97 236.52 125.97 c 236.52 125.13 l 236.52 125.01 236.52 125.01 236.4 125.01 c 235.8 125.01 235.32 125.13 235.08 125.37 c 234.84 125.25 234.6 125.13 234.36 125.13 c 234.12 125.01 233.88 125.01 233.52 125.01 c h f 
240.84 125.01 m 240.48 125.01 240.12 125.01 239.76 125.01 c 239.4 125.13 239.04 125.13 238.68 125.25 c 238.32 125.37 238.08 125.49 237.72 125.61 c 237.72 125.61 237.72 125.49 237.72 125.49 c 237.6 125.49 237.6 125.49 237.6 125.37 c 237.48 125.25 237.24 125.13 237 125.13 c 236.88 125.01 236.64 125.01 236.28 125.01 c 236.28 125.01 236.16 125.01 236.16 125.13 c 236.16 125.97 l 236.16 125.97 236.28 126.09 236.28 126.09 c 236.52 126.09 236.76 126.09 236.88 126.09 c 237.12 126.21 237.24 126.21 237.36 126.45 c 237.48 126.57 237.6 126.69 237.72 126.93 c 237.84 127.05 237.84 127.05 237.84 127.05 c 237.84 127.17 237.84 127.17 237.96 127.29 c 237.96 127.41 238.2 127.53 238.32 127.53 c 238.44 127.53 238.56 127.41 238.68 127.41 c 238.56 127.17 238.44 127.05 238.44 126.93 c 238.32 126.69 238.32 126.57 238.32 126.45 c 238.32 126.45 238.44 126.45 238.56 126.33 c 238.56 126.33 238.68 126.33 238.8 126.33 c 239.52 127.29 240.24 128.01 240.84 128.49 c 241.44 128.97 242.04 129.21 242.52 129.21 c 242.64 129.21 242.76 129.21 243 129.09 c 243.24 128.97 243.48 128.85 243.6 128.73 c 243.84 128.61 244.08 128.37 244.2 128.25 c 244.44 127.89 244.56 127.65 244.56 127.41 c 244.56 127.05 244.44 126.69 244.2 126.45 c 244.44 126.33 244.68 126.21 244.8 126.09 c 245.04 126.09 245.28 126.09 245.52 126.09 c 245.64 126.09 245.64 125.97 245.64 125.97 c 245.64 125.13 l 245.64 125.01 245.64 125.01 245.52 125.01 c 245.16 125.01 244.8 125.13 244.56 125.25 c 244.2 125.37 243.96 125.49 243.72 125.85 c 243.48 125.61 243.24 125.49 242.88 125.37 c 242.64 125.25 242.28 125.13 241.92 125.13 c 241.8 125.01 241.56 125.01 241.44 125.01 c 241.2 125.01 241.08 125.01 240.84 125.01 c h 240.96 125.97 m 241.44 125.97 241.92 126.09 242.52 126.21 c 243 126.33 243.48 126.57 243.96 126.93 c 243.72 127.29 243.48 127.65 243.12 127.89 c 242.76 128.01 242.52 128.13 242.16 128.13 c 241.8 128.13 241.44 128.01 240.96 127.65 c 240.48 127.29 240 126.81 239.4 126.09 c 239.64 126.09 240 126.09 240.24 125.97 c 240.48 125.97 240.72 125.97 240.96 125.97 c h 240.84 130.29 m 240.48 130.53 240.24 130.77 240 131.01 c 240.24 131.25 240.36 131.37 240.48 131.49 c 240.6 131.61 240.72 131.73 240.84 131.85 c 240.96 131.73 241.08 131.61 241.2 131.49 c 241.32 131.37 241.44 131.25 241.56 131.13 c 241.56 131.01 241.44 130.89 241.32 130.65 c 241.08 130.53 240.96 130.41 240.84 130.29 c h f 
249 125.01 m 248.64 125.01 248.28 125.01 247.92 125.13 c 247.56 125.13 247.2 125.25 246.84 125.37 c 246.6 125.25 246.36 125.13 246.12 125.13 c 245.88 125.01 245.64 125.01 245.4 125.01 c 245.4 125.01 245.28 125.01 245.28 125.13 c 245.28 125.97 l 245.28 125.97 245.4 126.09 245.4 126.09 c 245.52 126.09 245.64 126.09 245.76 126.09 c 245.88 126.09 246 126.09 246.12 126.09 c 246.12 126.21 246.12 126.21 246.12 126.33 c 246.12 126.33 246 126.33 246 126.45 c 246.12 126.69 246.12 126.93 246.24 127.17 c 246.36 127.41 246.48 127.77 246.72 128.01 c 246.84 128.25 247.08 128.37 247.2 128.61 c 247.56 128.85 247.92 128.97 248.16 128.97 c 248.28 128.97 248.4 128.97 248.52 128.85 c 248.64 128.73 248.64 128.49 248.76 128.37 c 248.88 128.25 248.88 128.13 249 128.01 c 249 127.89 249 127.65 249.12 127.53 c 249.24 127.29 249.36 127.05 249.36 126.81 c 249.48 126.57 249.6 126.45 249.72 126.33 c 249.84 126.09 250.08 126.09 250.2 126.09 c 250.32 126.09 250.32 125.97 250.32 125.97 c 250.32 125.13 l 250.32 125.01 250.32 125.01 250.2 125.01 c 249.84 125.01 249.48 125.13 249.12 125.49 c 249 125.01 l h 248.88 125.97 m 248.64 126.21 248.52 126.45 248.4 126.81 c 248.28 127.17 248.28 127.53 248.16 128.01 c 248.04 127.89 247.8 127.77 247.56 127.65 c 247.44 127.53 247.2 127.29 247.08 127.17 c 246.84 127.05 246.72 126.81 246.72 126.69 c 246.96 126.45 247.2 126.33 247.56 126.21 c 247.92 126.09 248.4 125.97 248.88 125.97 c h f 
250.08 125.01 m 250.08 125.01 249.96 125.01 249.96 125.13 c 249.96 125.97 l 249.96 125.97 250.08 126.09 250.08 126.09 c 250.56 126.09 250.92 126.09 251.4 126.33 c 251.28 126.57 251.28 126.93 251.28 127.17 c 251.28 127.41 251.28 127.65 251.16 127.89 c 251.16 128.49 251.04 129.09 251.04 129.81 c 250.92 130.53 250.8 131.25 250.68 132.09 c 250.8 132.21 250.92 132.33 251.16 132.45 c 251.28 132.57 251.4 132.69 251.64 132.81 c 251.64 132.21 251.64 131.73 251.64 131.25 c 251.76 130.65 251.76 130.05 251.76 129.45 c 251.88 128.97 251.88 128.37 251.88 127.89 c 251.88 127.53 251.88 127.05 251.88 126.69 c 251.88 126.45 251.88 126.33 251.76 126.09 c 251.64 125.85 251.64 125.61 251.52 125.37 c 251.4 125.25 251.28 125.13 251.04 125.13 c 250.8 125.01 250.44 125.01 250.08 125.01 c h f 
253.8 125.01 m 253.8 125.73 253.8 126.33 253.68 127.05 c 253.68 127.65 253.68 128.13 253.68 128.73 c 253.68 129.21 253.56 129.81 253.56 130.29 c 253.56 130.77 253.44 131.25 253.44 131.73 c 253.44 131.97 253.44 132.09 253.56 132.21 c 253.56 132.45 253.68 132.45 253.8 132.57 c 253.92 132.69 254.16 132.69 254.4 132.81 c 254.4 132.57 254.4 132.33 254.52 132.09 c 254.64 131.85 254.64 131.61 254.76 131.37 c 254.4 131.13 l 254.4 130.53 254.4 130.05 254.52 129.45 c 254.52 128.85 254.52 128.13 254.52 127.41 c 254.4 126.69 254.4 125.97 254.4 125.13 c 253.8 125.01 l h f 
260.76 122.01 m 260.16 122.01 259.68 122.13 259.32 122.61 c 258.96 122.97 258.72 123.45 258.72 124.17 c 258.72 124.41 258.72 124.53 258.72 124.65 c 258.72 124.77 258.84 125.01 258.84 125.13 c 258.84 125.37 258.96 125.49 258.96 125.73 c 259.44 125.61 l 259.32 125.25 259.32 125.01 259.32 124.77 c 259.32 124.29 259.44 123.81 259.68 123.57 c 259.92 123.21 260.28 123.09 260.76 123.09 c 261.24 123.09 261.6 123.09 261.96 123.21 c 262.32 123.33 262.68 123.45 262.92 123.69 c 263.16 123.93 263.4 124.17 263.64 124.41 c 263.4 124.89 263.16 125.37 263.04 125.73 c 262.92 126.09 262.8 126.33 262.8 126.57 c 262.8 126.81 262.92 127.05 263.04 127.17 c 263.16 127.41 263.4 127.53 263.64 127.77 c 263.64 127.65 263.76 127.53 263.76 127.29 c 263.76 127.17 263.76 127.05 263.88 126.81 c 263.88 126.57 263.88 126.45 263.88 126.21 c 264 125.97 264 125.61 264 125.37 c 264.12 125.25 264.12 125.01 264.12 124.77 c 264.12 124.29 264 123.81 263.64 123.45 c 263.4 122.97 262.92 122.61 262.44 122.37 c 262.2 122.25 261.96 122.13 261.6 122.13 c 261.36 122.01 261.12 122.01 260.76 122.01 c h 261.12 127.77 m 260.76 128.01 260.52 128.25 260.28 128.49 c 260.4 128.73 260.64 128.85 260.76 128.97 c 260.88 129.09 261 129.33 261.12 129.33 c 261.24 129.21 261.36 129.09 261.48 128.97 c 261.6 128.85 261.72 128.73 261.84 128.61 c 261.72 128.49 261.72 128.37 261.6 128.25 c 261.36 128.01 261.24 127.89 261.12 127.77 c h f 
267.84 125.01 m 267.48 125.01 267.12 125.01 266.88 125.13 c 266.64 125.25 266.4 125.37 266.28 125.61 c 266.16 125.73 266.04 125.97 266.04 126.21 c 266.04 126.45 266.04 126.69 266.04 126.93 c 265.92 127.29 265.92 127.65 265.92 128.01 c 265.92 128.37 265.8 128.73 265.8 129.21 c 265.8 129.57 265.68 130.05 265.68 130.53 c 265.68 131.01 265.56 131.49 265.56 132.09 c 265.68 132.21 265.8 132.33 266.04 132.45 c 266.16 132.57 266.28 132.69 266.52 132.81 c 266.52 132.21 266.52 131.61 266.52 131.01 c 266.64 130.41 266.64 129.81 266.64 129.21 c 266.64 128.61 266.64 127.89 266.64 127.17 c 266.64 126.33 l 266.88 126.21 267 126.21 267.24 126.09 c 267.36 126.09 267.6 126.09 267.84 126.09 c 267.84 126.09 267.84 125.97 267.84 125.97 c 267.84 125.13 l 267.84 125.01 267.84 125.01 267.84 125.01 c h f 
267.72 125.01 m 267.6 125.01 267.6 125.01 267.6 125.13 c 267.6 125.97 l 267.6 125.97 267.6 126.09 267.72 126.09 c 268.2 126.09 268.68 126.09 269.04 126.09 c 269.4 126.21 269.76 126.21 270.12 126.33 c 270.24 126.33 270.48 126.33 270.6 126.45 c 270.84 126.45 270.96 126.57 271.08 126.69 c 271.08 126.81 270.96 127.05 270.72 127.29 c 270.6 127.41 270.48 127.65 270.24 127.77 c 270 128.01 269.88 128.13 269.64 128.25 c 269.4 128.49 269.04 128.61 268.8 128.73 c 268.68 128.73 268.56 128.73 268.44 128.73 c 268.32 128.73 268.08 128.85 267.96 128.97 c 267.84 129.09 267.72 129.33 267.72 129.45 c 267.72 129.57 267.72 129.69 267.84 129.81 c 267.84 129.93 267.84 130.05 267.84 130.17 c 267.96 130.29 267.96 130.41 267.96 130.53 c 267.96 130.65 268.08 130.65 268.08 130.65 c 268.56 131.01 269.04 131.13 269.4 131.37 c 269.76 131.61 270 131.73 270.36 131.85 c 270.6 131.97 270.96 132.09 271.2 132.21 c 271.56 132.33 271.8 132.45 272.16 132.57 c 272.28 132.45 272.28 132.33 272.28 132.09 c 272.28 131.97 272.28 131.73 272.16 131.61 c 272.16 131.49 271.92 131.49 271.8 131.37 c 271.32 131.13 270.84 131.01 270.48 130.77 c 270.12 130.65 269.76 130.41 269.28 130.29 c 268.92 130.17 268.56 130.05 268.2 129.93 c 268.8 129.69 269.4 129.45 269.88 129.21 c 270.36 128.85 270.84 128.49 271.08 128.01 c 271.44 127.65 271.56 127.29 271.56 126.93 c 271.56 126.33 271.2 125.85 270.6 125.49 c 270.24 125.37 269.88 125.25 269.4 125.13 c 268.92 125.01 268.32 125.01 267.72 125.01 c h f 
276.24 125.01 m 276.24 125.73 276.24 126.33 276.24 127.05 c 276.24 127.65 276.12 128.13 276.12 128.73 c 276.12 129.21 276.12 129.81 276 130.29 c 276 130.77 276 131.25 275.88 131.73 c 275.88 131.97 275.88 132.09 276 132.21 c 276 132.45 276.12 132.45 276.24 132.57 c 276.48 132.69 276.6 132.69 276.84 132.81 c 276.84 132.57 276.96 132.33 276.96 132.09 c 277.08 131.85 277.2 131.61 277.2 131.37 c 276.96 131.13 l 276.96 130.53 276.96 130.05 276.96 129.45 c 276.96 128.85 276.96 128.13 276.96 127.41 c 276.96 126.69 276.96 125.97 276.84 125.13 c 276.24 125.01 l h f 
279.72 125.01 m 278.76 125.01 278.28 125.25 278.28 125.73 c 278.28 125.85 278.28 125.97 278.4 126.21 c 278.4 126.33 278.52 126.33 278.52 126.45 c 278.76 126.33 279 126.21 279.24 126.09 c 279.48 126.09 279.72 125.97 280.08 125.97 c 280.56 125.97 281.16 126.09 281.64 126.21 c 281.52 126.45 281.52 126.57 281.4 126.81 c 281.28 126.93 281.16 127.17 281.16 127.29 c 280.92 127.65 280.8 127.89 280.68 128.01 c 280.56 128.25 280.44 128.37 280.44 128.49 c 280.44 128.61 280.44 128.73 280.44 128.85 c 280.44 129.09 280.44 129.21 280.56 129.45 c 280.68 129.57 280.92 129.69 281.16 129.81 c 281.16 129.57 281.28 129.33 281.28 129.21 c 281.4 128.97 281.52 128.73 281.64 128.49 c 281.64 128.37 281.76 128.13 281.88 128.01 c 282 127.77 282 127.53 282.12 127.29 c 282.24 127.05 282.24 126.81 282.24 126.69 c 282.24 126.57 282.24 126.45 282.12 126.33 c 282.12 126.21 282.12 126.09 282 125.85 c 282 125.73 281.88 125.61 281.76 125.37 c 281.52 125.25 281.28 125.13 280.92 125.13 c 280.56 125.01 280.2 125.01 279.72 125.01 c h 280.44 130.53 m 280.08 130.77 279.84 131.01 279.6 131.25 c 279.72 131.49 279.96 131.61 280.08 131.73 c 280.2 131.85 280.32 131.97 280.44 132.09 c 280.56 131.97 280.68 131.85 280.8 131.73 c 280.92 131.61 281.04 131.49 281.16 131.37 c 281.04 131.25 281.04 131.13 280.92 130.89 c 280.68 130.77 280.56 130.65 280.44 130.53 c h f 
283.92 125.01 m 283.92 125.73 283.92 126.33 283.92 127.05 c 283.92 127.65 283.8 128.13 283.8 128.73 c 283.8 129.21 283.8 129.81 283.68 130.29 c 283.68 130.77 283.68 131.25 283.56 131.73 c 283.56 131.97 283.56 132.09 283.68 132.21 c 283.68 132.45 283.8 132.45 283.92 132.57 c 284.16 132.69 284.28 132.69 284.52 132.81 c 284.52 132.57 284.64 132.33 284.64 132.09 c 284.76 131.85 284.88 131.61 284.88 131.37 c 284.52 131.13 l 284.64 130.53 284.64 130.05 284.64 129.45 c 284.64 128.85 284.64 128.13 284.64 127.41 c 284.64 126.69 284.52 125.97 284.52 125.13 c 283.92 125.01 l h 283.56 122.25 m 283.56 122.73 l 284.04 122.97 l 283.68 122.97 283.56 123.09 283.56 123.33 c 283.56 123.57 283.68 123.69 283.68 123.81 c 283.8 123.93 283.92 124.05 284.04 124.17 c 284.16 124.29 284.28 124.29 284.4 124.29 c 284.76 124.29 284.88 124.17 284.88 123.81 c 284.88 123.69 284.88 123.57 284.76 123.57 c 284.64 123.57 l 284.64 123.69 l 284.64 123.69 284.52 123.81 284.4 123.81 c 284.4 123.81 284.28 123.69 284.16 123.69 c 284.04 123.57 284.04 123.45 283.92 123.33 c 284.04 123.21 284.28 123.09 284.52 123.09 c 284.52 123.09 284.64 123.21 284.76 123.21 c 284.88 123.21 284.88 123.21 285 123.21 c 285 122.73 l 284.76 122.73 284.64 122.61 284.52 122.61 c 284.28 122.61 284.16 122.49 284.04 122.49 c 283.92 122.37 283.8 122.25 283.56 122.25 c h f 
q 0.12 0 0 -0.12 0 841.89 cm 1 j 0.141 0.125 0.129 SC 1119 6130 m 1119 6138 l 1073 6138 l 1073 6136 1074 6134 1074 6132 c 1076 6129 1077 6126 1080 6123 c 1083 6120 1086 6116 1091 6112 c 1098 6106 1103 6101 1106 6098 c 1109 6094 1110 6091 1110 6088 c 1110 6084 1109 6081 1107 6079 c 1104 6077 1101 6076 1097 6076 c 1093 6076 1090 6077 1087 6079 c 1085 6082 1084 6085 1084 6089 c 1075 6089 l 1076 6082 1078 6077 1082 6074 c 1086 6070 1091 6069 1097 6069 c 1104 6069 1109 6071 1113 6074 c 1117 6078 1119 6082 1119 6088 c 1119 6091 1118 6093 1117 6096 c 1116 6099 1114 6101 1111 6104 c 1109 6107 1105 6111 1098 6117 c 1093 6121 1090 6124 1089 6125 c 1087 6127 1086 6128 1085 6130 c 1119 6130 l h S Q 
q 0.12 0 0 -0.12 0 841.89 cm 1 w 1 j 0.141 0.125 0.129 SC 1133 6138 m 1133 6128 l 1142 6128 l 1142 6138 l 1133 6138 l h S Q 
q 0.12 0 0 -0.12 0 841.89 cm 1 w 1 j 0.141 0.125 0.129 SC 1155 6120 m 1163 6119 l 1164 6123 1166 6127 1168 6129 c 1170 6131 1173 6132 1177 6132 c 1181 6132 1184 6131 1187 6127 c 1190 6124 1191 6120 1191 6115 c 1191 6110 1190 6107 1187 6104 c 1184 6101 1181 6100 1176 6100 c 1174 6100 1171 6100 1169 6102 c 1167 6103 1165 6104 1164 6106 c 1156 6105 l 1163 6070 l 1197 6070 l 1197 6078 l 1169 6078 l 1166 6096 l 1170 6094 1174 6092 1179 6092 c 1185 6092 1190 6094 1194 6098 c 1198 6103 1200 6108 1200 6114 c 1200 6121 1198 6126 1195 6131 c 1190 6136 1184 6139 1177 6139 c 1170 6139 1165 6137 1161 6134 c 1157 6130 1155 6126 1155 6120 c h S Q 
1 w 0.141 0.125 0.129 sc 134.28 106.29 m 134.28 105.33 l 128.76 105.33 l 128.76 105.57 128.88 105.81 128.88 106.05 c 129.12 106.41 129.24 106.77 129.6 107.13 c 129.96 107.49 130.32 107.97 130.92 108.45 c 131.76 109.17 132.36 109.77 132.72 110.13 c 133.08 110.61 133.2 110.97 133.2 111.33 c 133.2 111.81 133.08 112.17 132.84 112.41 c 132.48 112.65 132.12 112.77 131.64 112.77 c 131.16 112.77 130.8 112.65 130.44 112.41 c 130.2 112.05 130.08 111.69 130.08 111.21 c 129 111.21 l 129.12 112.05 129.36 112.65 129.84 113.01 c 130.32 113.49 130.92 113.61 131.64 113.61 c 132.48 113.61 133.08 113.37 133.56 113.01 c 134.04 112.53 134.28 112.05 134.28 111.33 c 134.28 110.97 134.16 110.73 134.04 110.37 c 133.92 110.01 133.68 109.77 133.32 109.41 c 133.08 109.05 132.6 108.57 131.76 107.85 c 131.16 107.37 130.8 107.01 130.68 106.89 c 130.44 106.65 130.32 106.53 130.2 106.29 c 134.28 106.29 l h f 
135.84 106.53 m 137.04 106.53 l 137.04 105.33 l 135.84 105.33 l h f 
138.6 107.49 m 139.56 107.61 l 139.68 107.13 139.92 106.65 140.16 106.41 c 140.4 106.17 140.76 106.05 141.24 106.05 c 141.72 106.05 142.08 106.17 142.44 106.65 c 142.8 107.01 142.92 107.49 142.92 108.09 c 142.92 108.69 142.8 109.05 142.44 109.41 c 142.08 109.77 141.72 109.89 141.12 109.89 c 140.88 109.89 140.52 109.89 140.28 109.65 c 140.04 109.53 139.8 109.41 139.68 109.17 c 138.72 109.29 l 139.56 113.49 l 143.64 113.49 l 143.64 112.53 l 140.28 112.53 l 139.92 110.37 l 140.4 110.61 140.88 110.85 141.48 110.85 c 142.2 110.85 142.8 110.61 143.28 110.13 c 143.76 109.53 144 108.93 144 108.21 c 144 107.37 143.76 106.77 143.4 106.17 c 142.8 105.57 142.08 105.21 141.24 105.21 c 140.4 105.21 139.8 105.45 139.32 105.81 c 138.84 106.29 138.6 106.77 138.6 107.49 c h f 
150.84 103.77 m 150 104.13 149.4 104.49 149.04 104.97 c 148.56 105.45 148.2 106.05 147.96 106.65 c 147.72 107.37 147.6 108.09 147.6 109.05 c 147.6 109.89 147.72 110.73 147.96 111.33 c 148.2 112.05 148.56 112.53 149.04 113.01 c 149.4 113.49 150 113.85 150.84 114.21 c 150.84 113.61 l 150.24 113.25 149.88 112.89 149.64 112.41 c 149.4 111.93 149.28 111.33 149.16 110.85 c 149.16 110.25 149.04 109.65 149.04 109.05 c 149.04 108.45 149.16 107.85 149.16 107.25 c 149.28 106.65 149.4 106.17 149.64 105.69 c 149.88 105.21 150.24 104.73 150.84 104.37 c 150.84 103.77 l h f 
154.8 105.33 m 153.84 105.33 153.12 105.57 152.76 105.93 c 152.28 106.29 152.04 106.77 152.04 107.49 c 152.04 107.97 152.04 108.33 152.16 108.69 c 152.64 108.69 l 152.64 108.69 152.64 108.69 152.52 108.45 c 152.52 108.33 152.52 108.21 152.52 108.21 c 152.52 107.73 152.64 107.37 152.88 107.13 c 153 106.89 153.24 106.77 153.6 106.53 c 153.84 106.53 154.08 106.53 154.32 106.41 c 154.56 106.41 154.8 106.41 155.04 106.41 c 155.76 106.41 156.48 106.41 157.08 106.65 c 157.8 106.77 158.4 106.89 158.88 107.13 c 158.88 107.37 158.76 107.49 158.76 107.73 c 158.64 107.97 158.52 108.21 158.52 108.45 c 158.4 108.57 158.28 108.69 158.28 108.81 c 158.28 108.93 158.28 109.05 158.28 109.17 c 158.28 109.29 158.28 109.53 158.52 109.65 c 158.64 109.89 158.88 110.01 159.12 110.25 c 159.24 109.77 159.24 109.41 159.36 109.05 c 159.36 108.69 159.48 108.45 159.48 108.21 c 159.48 107.97 159.48 107.73 159.48 107.61 c 159.48 107.49 159.48 107.25 159.36 107.13 c 159.36 106.89 159.24 106.65 159.12 106.41 c 158.76 106.17 158.4 105.93 157.92 105.81 c 157.44 105.69 156.96 105.57 156.48 105.45 c 155.88 105.45 155.4 105.33 154.8 105.33 c h 155.52 102.93 m 155.4 103.05 155.16 103.17 155.04 103.29 c 154.92 103.41 154.8 103.53 154.68 103.65 c 154.92 103.89 155.04 104.01 155.16 104.13 c 155.28 104.25 155.4 104.37 155.52 104.61 c 155.76 104.25 156 104.01 156.36 103.77 c 156.24 103.65 156.12 103.53 156 103.41 c 155.88 103.17 155.76 103.05 155.52 102.93 c h f 
160.56 104.37 m 161.04 104.73 161.4 105.21 161.64 105.69 c 161.88 106.17 162.12 106.65 162.12 107.25 c 162.24 107.85 162.24 108.45 162.24 109.05 c 162.24 109.65 162.24 110.25 162.12 110.85 c 162.12 111.33 161.88 111.93 161.64 112.41 c 161.4 112.89 161.04 113.25 160.56 113.61 c 160.56 114.21 l 161.28 113.85 161.88 113.49 162.36 113.01 c 162.84 112.53 163.2 112.05 163.44 111.33 c 163.56 110.73 163.68 109.89 163.68 109.05 c 163.68 108.09 163.56 107.37 163.44 106.65 c 163.2 106.05 162.84 105.45 162.36 104.97 c 161.88 104.49 161.28 104.13 160.56 103.77 c 160.56 104.37 l h f 
260.88 107.49 m 261.96 107.61 l 262.08 107.13 262.2 106.65 262.56 106.41 c 262.8 106.17 263.16 106.05 263.52 106.05 c 264 106.05 264.48 106.17 264.84 106.65 c 265.08 107.01 265.32 107.49 265.32 108.09 c 265.32 108.69 265.08 109.05 264.84 109.41 c 264.48 109.77 264.12 109.89 263.52 109.89 c 263.16 109.89 262.92 109.89 262.68 109.65 c 262.44 109.53 262.2 109.41 262.08 109.17 c 261.12 109.29 l 261.84 113.49 l 265.92 113.49 l 265.92 112.53 l 262.68 112.53 l 262.32 110.37 l 262.8 110.61 263.28 110.85 263.76 110.85 c 264.48 110.85 265.08 110.61 265.68 110.13 c 266.16 109.53 266.4 108.93 266.4 108.21 c 266.4 107.37 266.16 106.77 265.68 106.17 c 265.2 105.57 264.48 105.21 263.52 105.21 c 262.8 105.21 262.2 105.45 261.72 105.81 c 261.24 106.29 261 106.77 260.88 107.49 c h f 
q 0.12 0 0 -0.12 0 841.89 cm 1 j 0.141 0.125 0.129 SC 2174 6120 m 2183 6119 l 2184 6123 2185 6127 2188 6129 c 2190 6131 2193 6132 2196 6132 c 2200 6132 2204 6131 2207 6127 c 2209 6124 2211 6120 2211 6115 c 2211 6110 2209 6107 2207 6104 c 2204 6101 2201 6100 2196 6100 c 2193 6100 2191 6100 2189 6102 c 2187 6103 2185 6104 2184 6106 c 2176 6105 l 2182 6070 l 2216 6070 l 2216 6078 l 2189 6078 l 2186 6096 l 2190 6094 2194 6092 2198 6092 c 2204 6092 2209 6094 2214 6098 c 2218 6103 2220 6108 2220 6114 c 2220 6121 2218 6126 2214 6131 c 2210 6136 2204 6139 2196 6139 c 2190 6139 2185 6137 2181 6134 c 2177 6130 2175 6126 2174 6120 c h S Q 
1 w 0.141 0.125 0.129 sc 273.24 103.77 m 272.4 104.13 271.8 104.49 271.32 104.97 c 270.84 105.45 270.6 106.05 270.36 106.65 c 270.12 107.37 270 108.09 270 109.05 c 270 109.89 270.12 110.73 270.36 111.33 c 270.6 112.05 270.84 112.53 271.32 113.01 c 271.8 113.49 272.4 113.85 273.24 114.21 c 273.24 113.61 l 272.64 113.25 272.28 112.89 272.04 112.41 c 271.8 111.93 271.68 111.33 271.56 110.85 c 271.44 110.25 271.44 109.65 271.44 109.05 c 271.44 108.45 271.44 107.85 271.56 107.25 c 271.68 106.65 271.8 106.17 272.04 105.69 c 272.28 105.21 272.64 104.73 273.24 104.37 c 273.24 103.77 l h f 
277.32 105.33 m 277.32 106.05 277.32 106.77 277.32 107.37 c 277.32 107.97 277.2 108.57 277.2 109.05 c 277.2 109.65 277.08 110.13 277.08 110.61 c 277.08 111.21 277.08 111.69 276.96 112.17 c 276.96 112.29 276.96 112.53 277.08 112.65 c 277.08 112.77 277.2 112.89 277.32 113.01 c 277.56 113.01 277.68 113.13 277.92 113.13 c 277.92 113.01 278.04 112.77 278.04 112.53 c 278.16 112.29 278.28 112.05 278.28 111.69 c 277.92 111.45 l 278.04 110.97 278.04 110.37 278.04 109.77 c 278.04 109.17 278.04 108.57 278.04 107.85 c 278.04 107.13 278.04 106.29 277.92 105.45 c 277.32 105.33 l h 276.72 113.49 m 276.72 113.97 l 277.2 114.21 l 276.96 114.21 276.72 114.45 276.72 114.69 c 276.72 114.81 276.84 114.93 276.96 115.05 c 276.96 115.17 277.08 115.29 277.2 115.41 c 277.32 115.53 277.44 115.53 277.56 115.53 c 277.92 115.53 278.04 115.41 278.04 115.17 c 278.04 115.05 278.04 114.93 278.04 114.81 c 277.8 114.93 l 277.8 114.93 l 277.8 114.93 277.8 114.93 277.68 115.05 c 277.68 115.05 277.68 115.05 277.68 115.05 c 277.56 115.05 277.44 115.05 277.32 114.93 c 277.2 114.81 277.2 114.81 277.08 114.69 c 277.32 114.45 277.44 114.45 277.68 114.45 c 277.8 114.45 277.8 114.45 277.92 114.45 c 278.04 114.45 278.16 114.45 278.16 114.45 c 278.16 113.97 l 277.92 113.97 277.68 113.85 277.44 113.85 c 277.2 113.73 276.96 113.61 276.72 113.49 c h f 
281.88 104.37 m 282.36 104.73 282.84 105.21 283.08 105.69 c 283.32 106.17 283.44 106.65 283.56 107.25 c 283.56 107.85 283.68 108.45 283.68 109.05 c 283.68 109.65 283.56 110.25 283.56 110.85 c 283.44 111.33 283.32 111.93 283.08 112.41 c 282.84 112.89 282.36 113.25 281.88 113.61 c 281.88 114.21 l 282.72 113.85 283.32 113.49 283.68 113.01 c 284.16 112.53 284.52 112.05 284.76 111.33 c 285 110.73 285.12 109.89 285.12 109.05 c 285.12 108.09 285 107.37 284.76 106.65 c 284.52 106.05 284.16 105.45 283.68 104.97 c 283.32 104.49 282.72 104.13 281.88 103.77 c 281.88 104.37 l h f 
140.88 82.77 m 140.88 84.69 l 137.28 84.69 l 137.28 85.65 l 141 91.05 l 141.84 91.05 l 141.84 85.65 l 143.04 85.65 l 143.04 84.69 l 141.84 84.69 l 141.84 82.77 l 140.88 82.77 l h 140.88 85.65 m 140.88 89.37 l 138.24 85.65 l 140.88 85.65 l h f 
q 0.12 0 0 -0.12 0 841.89 cm 1 j 0.141 0.125 0.129 SC 1174 6326 m 1174 6310 l 1144 6310 l 1144 6302 l 1175 6257 l 1182 6257 l 1182 6302 l 1192 6302 l 1192 6310 l 1182 6310 l 1182 6326 l 1174 6326 l h S Q 
q 0.12 0 0 -0.12 0 841.89 cm 1 w 1 j 0.141 0.125 0.129 SC 1174 6302 m 1174 6271 l 1152 6302 l 1174 6302 l h S Q 
1 w 0.141 0.125 0.129 sc 149.88 81.21 m 149.16 81.57 148.56 81.93 148.08 82.41 c 147.6 82.89 147.24 83.37 147 84.09 c 146.88 84.69 146.76 85.53 146.76 86.37 c 146.76 87.33 146.88 88.05 147 88.77 c 147.24 89.37 147.6 89.97 148.08 90.45 c 148.56 90.93 149.16 91.29 149.88 91.53 c 149.88 90.93 l 149.4 90.69 149.04 90.21 148.8 89.73 c 148.44 89.25 148.32 88.77 148.2 88.17 c 148.2 87.57 148.2 86.97 148.2 86.37 c 148.2 85.77 148.2 85.17 148.2 84.57 c 148.32 84.09 148.44 83.49 148.8 83.01 c 149.04 82.53 149.4 82.17 149.88 81.81 c 149.88 81.21 l h f 
154.68 82.77 m 153.72 82.77 153.24 83.01 153.24 83.49 c 153.24 83.73 153.24 83.85 153.24 83.97 c 153.36 84.09 153.36 84.21 153.48 84.21 c 153.6 84.09 153.84 83.97 154.08 83.85 c 154.32 83.85 154.68 83.85 155.04 83.85 c 155.52 83.85 156 83.85 156.6 84.09 c 156.48 84.21 156.36 84.45 156.24 84.57 c 156.24 84.81 156.12 84.93 156 85.05 c 155.88 85.41 155.64 85.65 155.64 85.89 c 155.52 86.01 155.4 86.13 155.4 86.25 c 155.28 86.37 155.28 86.49 155.28 86.61 c 155.28 86.85 155.4 87.09 155.52 87.21 c 155.64 87.33 155.76 87.45 156 87.57 c 156.12 87.33 156.12 87.21 156.24 86.97 c 156.36 86.73 156.48 86.49 156.48 86.25 c 156.6 86.13 156.72 85.89 156.72 85.77 c 156.84 85.53 156.96 85.29 157.08 85.05 c 157.08 84.81 157.2 84.57 157.2 84.45 c 157.2 84.33 157.08 84.21 157.08 84.09 c 157.08 83.97 157.08 83.85 156.96 83.61 c 156.84 83.49 156.84 83.37 156.72 83.25 c 156.48 83.01 156.12 82.89 155.76 82.89 c 155.4 82.77 155.04 82.77 154.68 82.77 c h f 
160.56 81.81 m 161.04 82.17 161.4 82.53 161.64 83.01 c 161.88 83.49 162.12 84.09 162.12 84.57 c 162.24 85.17 162.24 85.77 162.24 86.37 c 162.24 86.97 162.24 87.57 162.12 88.17 c 162.12 88.77 161.88 89.25 161.64 89.73 c 161.4 90.21 161.04 90.69 160.56 90.93 c 160.56 91.53 l 161.28 91.29 161.88 90.93 162.36 90.45 c 162.84 89.97 163.2 89.37 163.44 88.77 c 163.56 88.05 163.68 87.33 163.68 86.37 c 163.68 85.53 163.56 84.69 163.44 84.09 c 163.2 83.37 162.84 82.89 162.36 82.41 c 161.88 81.93 161.28 81.57 160.56 81.21 c 160.56 81.81 l h f 
q 0.12 0 0 -0.12 0 841.89 cm 1 j 0.141 0.125 0.129 SC 2080 6266 m 2080 6258 l 2124 6258 l 2124 6265 l 2120 6269 2116 6276 2111 6283 c 2107 6291 2104 6299 2101 6307 c 2100 6313 2099 6319 2098 6326 c 2090 6326 l 2090 6321 2091 6314 2093 6306 c 2095 6299 2098 6291 2102 6284 c 2105 6277 2109 6271 2114 6266 c 2080 6266 l h S Q 
q 0.12 0 0 -0.12 0 841.89 cm 1 w 1 j 0.141 0.125 0.129 SC 2138 6326 m 2138 6317 l 2147 6317 l 2147 6326 l 2138 6326 l h S Q 
q 0.12 0 0 -0.12 0 841.89 cm 1 w 1 j 0.141 0.125 0.129 SC 2159 6308 m 2168 6307 l 2169 6312 2170 6315 2173 6317 c 2175 6319 2178 6320 2181 6320 c 2186 6320 2189 6319 2192 6316 c 2195 6313 2196 6309 2196 6304 c 2196 6299 2195 6295 2192 6292 c 2189 6289 2186 6288 2181 6288 c 2179 6288 2176 6289 2174 6290 c 2172 6291 2170 6293 2169 6295 c 2161 6294 l 2168 6258 l 2202 6258 l 2202 6266 l 2174 6266 l 2171 6285 l 2175 6282 2179 6280 2184 6280 c 2190 6280 2195 6283 2199 6287 c 2203 6291 2205 6296 2205 6303 c 2205 6309 2203 6314 2199 6319 c 2195 6325 2189 6327 2181 6327 c 2175 6327 2170 6326 2166 6322 c 2162 6319 2160 6314 2159 6308 c h S Q 
1 w 0.141 0.125 0.129 sc 249.6 89.97 m 249.6 90.93 l 254.88 90.93 l 254.88 90.09 l 254.4 89.61 253.92 88.77 253.32 87.93 c 252.84 86.97 252.48 86.01 252.12 85.05 c 252 84.33 251.88 83.61 251.76 82.77 c 250.8 82.77 l 250.8 83.37 250.92 84.21 251.16 85.17 c 251.4 86.01 251.76 86.97 252.24 87.81 c 252.6 88.65 253.08 89.37 253.68 89.97 c 249.6 89.97 l h f 
256.44 83.97 m 257.64 83.97 l 257.64 82.77 l 256.44 82.77 l h f 
259.08 84.93 m 260.16 85.05 l 260.28 84.45 260.4 84.09 260.76 83.85 c 261 83.61 261.36 83.49 261.72 83.49 c 262.32 83.49 262.68 83.61 263.04 83.97 c 263.4 84.33 263.52 84.81 263.52 85.41 c 263.52 86.01 263.4 86.49 263.04 86.85 c 262.68 87.21 262.32 87.33 261.72 87.33 c 261.48 87.33 261.12 87.21 260.88 87.09 c 260.64 86.97 260.4 86.73 260.28 86.49 c 259.32 86.61 l 260.16 90.93 l 264.24 90.93 l 264.24 89.97 l 260.88 89.97 l 260.52 87.69 l 261 88.05 261.48 88.29 262.08 88.29 c 262.8 88.29 263.4 87.93 263.88 87.45 c 264.36 86.97 264.6 86.37 264.6 85.53 c 264.6 84.81 264.36 84.21 263.88 83.61 c 263.4 82.89 262.68 82.65 261.72 82.65 c 261 82.65 260.4 82.77 259.92 83.25 c 259.44 83.61 259.2 84.21 259.08 84.93 c h f 
271.44 81.21 m 270.6 81.57 270 81.93 269.52 82.41 c 269.16 82.89 268.8 83.37 268.56 84.09 c 268.32 84.69 268.2 85.53 268.2 86.37 c 268.2 87.33 268.32 88.05 268.56 88.77 c 268.8 89.37 269.16 89.97 269.52 90.45 c 270 90.93 270.6 91.29 271.44 91.53 c 271.44 90.93 l 270.84 90.69 270.48 90.21 270.24 89.73 c 270 89.25 269.88 88.77 269.76 88.17 c 269.64 87.57 269.64 86.97 269.64 86.37 c 269.64 85.77 269.64 85.17 269.76 84.57 c 269.88 84.09 270 83.49 270.24 83.01 c 270.48 82.53 270.84 82.17 271.44 81.81 c 271.44 81.21 l h f 
271.8 82.77 m 271.68 82.77 271.68 82.77 271.68 82.89 c 271.68 83.73 l 271.68 83.85 271.68 83.85 271.8 83.85 c 274.2 83.85 l 274.32 83.85 274.32 83.85 274.32 83.73 c 274.32 82.89 l 274.32 82.77 274.32 82.77 274.2 82.77 c 271.8 82.77 l h f 
274.2 82.77 m 274.08 82.77 274.08 82.77 274.08 82.89 c 274.08 83.73 l 274.08 83.85 274.08 83.85 274.2 83.85 c 274.8 83.85 275.28 83.85 275.64 83.85 c 276.12 83.97 276.48 83.97 276.84 84.09 c 277.2 84.21 277.56 84.33 277.8 84.45 c 278.04 84.57 278.28 84.57 278.52 84.57 c 278.28 84.69 278.16 84.69 278.04 84.81 c 277.92 84.93 277.8 85.05 277.68 85.05 c 277.44 85.29 277.2 85.53 276.96 85.53 c 276.72 85.65 276.6 85.65 276.36 85.65 c 276.12 85.65 276 85.65 275.76 85.65 c 275.64 85.53 275.4 85.41 275.16 85.29 c 275.04 85.29 275.04 85.41 274.92 85.53 c 274.92 85.53 274.92 85.65 274.92 85.77 c 274.92 86.13 275.04 86.37 275.28 86.49 c 275.52 86.73 275.88 86.85 276.36 86.85 c 276.6 86.85 276.84 86.73 277.08 86.61 c 277.32 86.61 277.56 86.37 277.92 86.13 c 278.28 85.89 278.64 85.65 278.88 85.53 c 279.24 85.41 279.48 85.29 279.84 85.17 c 279.96 85.17 280.2 85.17 280.44 85.05 c 280.68 85.05 280.92 85.05 281.16 85.05 c 280.68 84.09 l 280.44 84.09 280.32 84.09 280.2 84.21 c 279.96 84.21 279.84 84.21 279.6 84.21 c 279.48 84.21 279.36 84.09 279.12 84.09 c 279 84.09 278.76 83.97 278.52 83.85 c 278.4 83.85 278.16 83.73 277.8 83.49 c 277.56 83.37 277.32 83.25 276.96 83.13 c 276.72 83.01 276.48 83.01 276.24 82.89 c 276 82.89 275.64 82.89 275.4 82.77 c 275.04 82.77 274.68 82.77 274.2 82.77 c h 278.28 80.73 m 278.04 80.85 277.92 80.97 277.8 81.09 c 277.68 81.21 277.56 81.33 277.44 81.45 c 277.56 81.57 277.68 81.81 277.92 81.93 c 278.04 82.05 278.16 82.17 278.28 82.29 c 278.52 82.05 278.76 81.81 279 81.57 c 278.88 81.45 278.76 81.33 278.64 81.09 c 278.52 80.97 278.4 80.85 278.28 80.73 c h f 
281.88 81.81 m 282.36 82.17 282.84 82.53 283.08 83.01 c 283.32 83.49 283.44 84.09 283.56 84.57 c 283.56 85.17 283.68 85.77 283.68 86.37 c 283.68 86.97 283.56 87.57 283.56 88.17 c 283.44 88.77 283.32 89.25 283.08 89.73 c 282.84 90.21 282.36 90.69 281.88 90.93 c 281.88 91.53 l 282.72 91.29 283.32 90.93 283.68 90.45 c 284.16 89.97 284.52 89.37 284.76 88.77 c 285 88.05 285.12 87.33 285.12 86.37 c 285.12 85.53 285 84.69 284.76 84.09 c 284.52 83.37 284.16 82.89 283.68 82.41 c 283.32 81.93 282.72 81.57 281.88 81.21 c 281.88 81.81 l h f 
1 1 1 sc 485.4 72.33 m 561 72.33 l 561 4.65 l 485.4 4.65 l h f 
0.969 0.58 0.114 sc 515.28 72.33 m 593.88 72.33 l 593.88 4.65 l 515.28 4.65 l h f 
0 0.49 0.769 sc 1.56 72.33 m 511.8 72.33 l 511.8 4.65 l 1.56 4.65 l h f 
1 1 1 sc 537 50.13 m 535.68 50.13 534.72 50.37 533.88 50.73 c 533.88 52.41 l 534.36 52.17 534.84 51.93 535.32 51.81 c 535.92 51.69 536.52 51.57 537 51.57 c 537.96 51.57 538.56 51.81 539.04 52.17 c 539.52 52.65 539.76 53.25 539.76 53.97 c 539.76 55.41 538.8 56.25 537 56.25 c 536.64 56.25 536.28 56.13 536.04 56.13 c 535.68 56.13 535.32 56.01 534.96 56.01 c 534.12 56.49 l 534.6 62.25 l 540.72 62.25 l 540.72 60.69 l 536.16 60.69 l 535.92 57.57 l 536.28 57.57 536.52 57.69 536.76 57.69 c 537.12 57.69 537.36 57.69 537.72 57.69 c 538.92 57.69 539.88 57.45 540.6 56.73 c 541.2 56.13 541.56 55.29 541.56 54.21 c 541.56 52.89 541.2 51.93 540.36 51.21 c 539.64 50.49 538.44 50.13 537 50.13 c h f 
543.24 50.25 m 543.24 51.69 l 546.36 54.81 l 546.84 55.29 547.2 55.65 547.44 56.01 c 547.8 56.37 548.04 56.61 548.16 56.85 c 548.52 57.21 548.76 57.57 548.88 57.93 c 549 58.29 549 58.65 549 59.01 c 549 59.61 548.88 60.09 548.52 60.45 c 548.16 60.69 547.68 60.93 547.08 60.93 c 546.6 60.93 546.24 60.81 545.76 60.57 c 545.28 60.45 544.8 60.09 544.32 59.73 c 543.36 60.93 l 543.72 61.29 544.2 61.53 544.56 61.77 c 544.92 62.01 545.4 62.13 545.76 62.25 c 546.24 62.37 546.72 62.37 547.2 62.37 c 548.04 62.37 548.64 62.25 549.24 62.01 c 549.84 61.65 550.32 61.17 550.56 60.69 c 550.8 60.21 550.8 59.73 550.8 59.25 c 550.8 58.65 550.8 58.17 550.56 57.69 c 550.32 57.21 550.08 56.73 549.72 56.13 c 549.48 55.89 549.24 55.65 548.88 55.29 c 548.64 54.93 548.16 54.57 547.68 54.09 c 545.52 51.93 l 545.52 51.93 l 551.28 51.93 l 551.28 50.25 l 543.24 50.25 l h f 
421.68 56.97 m 421.68 56.97 l 421.44 56.85 421.2 56.73 420.96 56.61 c 420.72 56.61 420.48 56.49 420.36 56.49 c 420.12 56.37 420 56.37 419.76 56.25 c 419.64 56.13 419.52 56.01 419.52 55.89 c 419.04 54.69 l 419.04 54.69 419.04 54.69 419.04 54.57 c 419.04 54.57 419.16 54.45 419.16 54.45 c 421.56 53.97 l 421.92 55.05 l 422.04 53.97 l 422.16 53.73 422.16 53.61 422.28 53.61 c 422.28 53.49 422.4 53.49 422.52 53.49 c 423.6 53.49 l 423.6 54.93 l 422.76 54.93 l 422.28 58.29 l 422.28 58.41 422.28 58.41 422.28 58.41 c 422.16 58.41 422.16 58.41 422.16 58.29 c 421.68 56.97 l h 421.68 56.37 m 421.92 55.53 l 420.72 55.77 l 420.96 55.89 421.2 56.01 421.32 56.01 c 421.56 56.13 421.68 56.25 421.68 56.37 c h 419.28 59.37 m 420.12 58.53 l 420.84 59.25 l 421.44 58.53 l 422.28 59.37 l 421.44 60.21 l 420.84 59.49 l 420.12 60.21 l 419.28 59.37 l h f 
427.56 54.93 m 426 54.93 l 426.12 55.17 426.12 55.29 426.24 55.41 c 426.24 55.65 426.36 55.77 426.36 56.01 c 426.36 56.13 426.48 56.25 426.48 56.37 c 426.48 56.49 426.6 56.61 426.6 56.61 c 426.6 56.61 426.48 56.61 426.48 56.61 c 426.48 56.61 426.48 56.61 426.36 56.61 c 425.28 55.65 l 425.04 54.93 l 423.6 54.93 l 423.48 54.93 423.36 54.93 423.24 54.81 c 423.12 54.69 423.12 54.69 423.12 54.45 c 423.12 53.97 l 423.12 53.85 423.12 53.73 423.24 53.61 c 423.36 53.49 423.48 53.49 423.6 53.49 c 425.4 53.49 l 425.64 54.21 l 425.64 53.97 425.76 53.85 425.88 53.73 c 426 53.61 426.12 53.49 426.48 53.49 c 427.8 53.49 l 427.92 53.49 428.04 53.49 428.04 53.49 c 428.04 53.61 428.16 53.61 428.16 53.61 c 428.16 54.21 l 428.28 53.97 428.4 53.85 428.52 53.73 c 428.64 53.61 428.88 53.49 429.12 53.49 c 429.6 53.49 l 429.72 53.49 429.72 53.49 429.72 53.49 c 429.84 53.61 429.84 53.61 429.84 53.61 c 430.32 54.81 l 430.32 55.05 430.44 55.17 430.44 55.41 c 430.44 55.65 430.32 55.77 430.32 55.89 c 430.32 56.13 430.32 56.25 430.32 56.37 c 430.32 56.49 430.2 56.61 430.2 56.73 c 430.2 56.85 430.08 56.85 430.08 56.85 c 429.96 56.85 429.96 56.85 429.96 56.73 c 429.6 55.41 l 429.6 55.29 429.6 55.17 429.72 55.17 c 429.72 55.05 429.72 55.05 429.72 54.93 c 428.4 54.93 l 428.52 55.29 428.52 55.53 428.64 55.77 c 428.64 56.01 428.64 56.25 428.76 56.37 c 428.76 56.61 428.76 56.61 428.76 56.61 c 428.76 56.73 428.76 56.73 428.64 56.73 c 428.64 56.73 428.64 56.73 428.52 56.61 c 427.68 55.65 l 427.56 54.93 l h f 
435.36 54.93 m 434.64 58.29 l 434.64 58.41 434.64 58.41 434.52 58.41 c 434.52 58.41 434.52 58.41 434.52 58.29 c 434.04 57.09 l 434.4 54.93 l 432.48 54.93 l 432.24 54.93 432.12 55.05 432 55.05 c 431.88 55.17 431.88 55.17 431.76 55.29 c 431.76 55.29 431.64 55.41 431.64 55.53 c 431.64 55.53 431.64 55.53 431.52 55.53 c 431.52 55.53 431.4 55.53 431.4 55.41 c 431.4 54.09 l 431.4 53.73 431.76 53.49 432.24 53.49 c 434.04 53.49 l 434.52 54.45 l 434.64 53.85 l 434.64 53.61 434.88 53.49 435.12 53.49 c 436.2 53.49 l 436.2 54.93 l 435.36 54.93 l h f 
439.44 54.93 m 438.36 54.93 l 438.36 56.85 l 438.36 56.85 438.36 56.97 438.24 56.97 c 438.24 56.97 438.24 56.97 438.12 56.85 c 437.28 55.65 l 437.4 54.93 l 436.2 54.93 l 435.96 54.93 435.96 54.93 435.84 54.81 c 435.72 54.69 435.72 54.69 435.72 54.45 c 435.72 53.97 l 435.72 53.85 435.72 53.73 435.84 53.61 c 435.96 53.49 435.96 53.49 436.2 53.49 c 437.76 53.49 l 438 54.09 l 438.12 53.85 438.12 53.73 438.24 53.61 c 438.36 53.49 438.48 53.49 438.72 53.49 c 439.44 53.49 l 439.44 54.93 l h 436.92 58.89 m 437.76 58.05 l 438.72 58.89 l 437.76 59.61 l 436.92 58.89 l h f 
443.28 53.49 m 444 53.49 l 444 54.93 l 442.68 54.93 l 442.8 55.05 442.92 55.29 442.92 55.41 c 443.04 55.53 443.16 55.77 443.16 55.89 c 443.28 56.13 443.28 56.37 443.4 56.49 c 443.4 56.73 443.4 56.85 443.4 57.09 c 443.4 57.21 443.4 57.33 443.4 57.45 c 443.16 57.45 442.92 57.33 442.56 57.21 c 442.32 57.09 442.08 56.85 441.72 56.61 c 441.48 56.49 441.24 56.13 441 55.89 c 440.76 55.65 440.52 55.29 440.28 54.93 c 439.44 54.93 l 439.32 54.93 439.2 54.93 439.2 54.81 c 439.08 54.69 439.08 54.69 439.08 54.45 c 439.08 53.97 l 439.08 53.85 439.08 53.73 439.2 53.61 c 439.2 53.49 439.32 53.49 439.44 53.49 c 440.04 53.49 l 440.04 52.77 440.28 52.29 440.64 51.93 c 441 51.69 441.36 51.45 441.72 51.45 c 441.84 51.45 442.08 51.57 442.2 51.57 c 442.44 51.69 442.56 51.81 442.8 52.05 c 442.92 52.17 443.04 52.41 443.16 52.65 c 443.16 52.89 443.28 53.13 443.28 53.49 c 443.28 53.49 l h 440.76 53.49 m 441 53.49 l 441.48 53.49 441.84 53.37 442.08 53.25 c 442.32 53.13 442.44 53.01 442.56 52.89 c 442.56 52.89 442.44 52.89 442.32 52.89 c 442.32 52.89 442.2 52.89 442.08 52.89 c 441.84 52.89 441.6 52.89 441.36 53.01 c 441.24 53.13 441 53.25 440.76 53.49 c 440.76 53.49 l h 442.56 56.13 m 442.56 56.01 442.56 55.89 442.68 55.77 c 442.68 55.77 442.68 55.65 442.68 55.53 c 442.44 55.41 442.2 55.29 441.96 55.17 c 441.6 55.05 441.36 54.93 441 54.93 c 441.24 55.17 441.48 55.41 441.84 55.65 c 442.08 55.89 442.32 56.01 442.56 56.13 c 442.56 56.13 l h f 
444.72 58.65 m 445.2 54.93 l 444 54.93 l 443.88 54.93 443.76 54.93 443.76 54.81 c 443.64 54.69 443.64 54.69 443.64 54.45 c 443.64 53.97 l 443.64 53.85 443.64 53.73 443.76 53.61 c 443.76 53.49 443.88 53.49 444 53.49 c 445.32 53.49 l 445.32 53.49 445.44 53.49 445.44 53.61 c 445.44 53.61 445.56 53.73 445.56 53.97 c 445.68 54.09 445.68 54.21 445.68 54.33 c 445.8 54.57 445.8 54.69 445.92 54.81 c 445.92 54.93 445.92 55.05 445.92 55.05 c 445.92 55.05 445.92 55.17 445.92 55.29 c 445.92 55.41 445.92 55.53 445.92 55.65 c 445.92 55.89 445.92 56.01 445.8 56.25 c 445.8 56.37 445.8 56.61 445.8 56.73 c 445.8 57.21 445.68 57.69 445.68 58.17 c 445.8 58.17 l 445.92 58.41 445.92 58.65 446.04 58.77 c 446.16 59.01 446.16 59.13 446.28 59.25 c 446.28 59.49 446.28 59.49 446.28 59.49 c 446.28 59.61 446.28 59.61 446.16 59.61 c 445.92 59.73 445.8 59.85 445.68 59.97 c 445.56 60.09 445.44 60.21 445.32 60.21 c 445.2 60.33 445.2 60.45 445.2 60.45 c 445.08 60.57 445.08 60.57 445.08 60.57 c 444.96 60.57 444.96 60.57 444.96 60.45 c 444.96 60.45 444.96 60.33 444.84 60.21 c 444.72 60.09 444.72 59.85 444.6 59.73 c 444.6 59.61 444.48 59.49 444.48 59.37 c 444.48 59.25 444.36 59.13 444.36 59.13 c 444.36 59.01 444.48 59.01 444.48 58.89 c 444.48 58.89 444.6 58.77 444.72 58.65 c 444.72 58.65 l h f 
448.2 60.33 m 447.48 59.13 l 447.96 53.85 l 447.96 53.61 l 447.96 53.49 448.08 53.49 448.08 53.49 c 448.08 53.49 448.2 53.61 448.2 53.73 c 448.32 53.85 448.32 53.97 448.44 54.09 c 448.44 54.21 448.56 54.45 448.56 54.57 c 448.68 54.69 448.68 54.81 448.68 54.93 c 448.68 54.93 448.68 55.05 448.68 55.41 c 448.56 55.65 448.56 55.89 448.56 56.37 c 448.56 56.73 448.56 57.09 448.44 57.57 c 448.44 58.05 448.44 58.41 448.44 58.89 c 448.44 59.25 448.44 59.61 448.32 59.85 c 448.32 60.09 448.32 60.21 448.32 60.21 c 448.32 60.33 448.32 60.33 448.32 60.33 c 448.2 60.33 448.2 60.33 448.2 60.33 c 448.2 60.33 l h f 
1 0.945 0.004 sc 456.84 56.97 m 456.84 56.97 l 456.6 56.85 456.36 56.73 456.12 56.61 c 455.88 56.61 455.64 56.49 455.52 56.49 c 455.28 56.37 455.16 56.37 454.92 56.25 c 454.8 56.13 454.68 56.01 454.68 55.89 c 454.2 54.69 l 454.2 54.69 454.2 54.69 454.2 54.57 c 454.2 54.57 454.2 54.45 454.32 54.45 c 456.72 53.97 l 457.08 55.05 l 457.2 53.97 l 457.2 53.73 457.32 53.61 457.32 53.61 c 457.44 53.49 457.56 53.49 457.68 53.49 c 458.64 53.49 l 458.64 54.93 l 457.92 54.93 l 457.44 58.29 l 457.44 58.41 457.44 58.41 457.32 58.41 c 457.32 58.41 457.32 58.41 457.2 58.29 c 456.84 56.97 l h 456.84 56.37 m 456.96 55.53 l 455.88 55.77 l 456.12 55.89 456.36 56.01 456.48 56.01 c 456.6 56.13 456.72 56.25 456.84 56.37 c h 454.44 59.37 m 455.28 58.53 l 456 59.25 l 456.6 58.53 l 457.44 59.37 l 456.6 60.21 l 456 59.49 l 455.28 60.21 l 454.44 59.37 l h f 
462 54.93 m 460.92 54.93 l 460.92 56.85 l 460.92 56.85 460.92 56.97 460.8 56.97 c 460.8 56.97 460.8 56.97 460.68 56.85 c 459.84 55.65 l 459.96 54.93 l 458.64 54.93 l 458.52 54.93 458.4 54.93 458.4 54.81 c 458.28 54.69 458.28 54.69 458.28 54.45 c 458.28 53.97 l 458.28 53.85 458.28 53.73 458.4 53.61 c 458.4 53.49 458.52 53.49 458.64 53.49 c 460.32 53.49 l 460.56 54.09 l 460.56 53.85 460.68 53.73 460.8 53.61 c 460.92 53.49 461.04 53.49 461.28 53.49 c 462 53.49 l 462 54.93 l h 459 58.41 m 459.72 57.69 l 460.32 58.29 l 461.04 57.69 l 461.76 58.41 l 461.04 59.13 l 460.32 58.41 l 459.72 59.13 l 459 58.41 l h 459.6 59.61 m 460.32 58.89 l 461.16 59.61 l 460.32 60.33 l 459.6 59.61 l h f 
462.72 58.65 m 463.2 54.93 l 462 54.93 l 461.88 54.93 461.76 54.93 461.76 54.81 c 461.64 54.69 461.64 54.69 461.64 54.45 c 461.64 53.97 l 461.64 53.85 461.64 53.73 461.76 53.61 c 461.76 53.49 461.88 53.49 462 53.49 c 463.32 53.49 l 463.32 53.49 463.44 53.49 463.44 53.61 c 463.44 53.61 463.56 53.73 463.56 53.97 c 463.68 54.09 463.68 54.21 463.68 54.33 c 463.8 54.57 463.8 54.69 463.92 54.81 c 463.92 54.93 463.92 55.05 463.92 55.05 c 463.92 55.05 463.92 55.17 463.92 55.29 c 463.92 55.41 463.92 55.53 463.92 55.65 c 463.92 55.89 463.92 56.01 463.8 56.25 c 463.8 56.37 463.8 56.61 463.8 56.73 c 463.8 57.21 463.68 57.69 463.68 58.17 c 463.8 58.17 l 463.92 58.41 463.92 58.65 464.04 58.77 c 464.16 59.01 464.16 59.13 464.28 59.25 c 464.28 59.49 464.28 59.49 464.28 59.49 c 464.28 59.61 464.28 59.61 464.16 59.61 c 463.92 59.73 463.8 59.85 463.68 59.97 c 463.56 60.09 463.44 60.21 463.32 60.21 c 463.2 60.33 463.2 60.45 463.2 60.45 c 463.08 60.57 463.08 60.57 463.08 60.57 c 462.96 60.57 462.96 60.57 462.96 60.45 c 462.96 60.45 462.96 60.33 462.84 60.21 c 462.72 60.09 462.72 59.85 462.6 59.73 c 462.6 59.61 462.48 59.49 462.48 59.37 c 462.48 59.25 462.36 59.13 462.36 59.13 c 462.36 59.01 462.48 59.01 462.48 58.89 c 462.48 58.89 462.6 58.77 462.72 58.65 c 462.72 58.65 l h f 
466.92 54.93 m 466.44 60.21 l 466.44 60.33 466.44 60.33 466.32 60.33 c 466.32 60.33 466.2 60.33 466.2 60.33 c 465.6 59.13 l 466.08 53.49 l 467.76 53.49 l 467.76 54.93 l 466.92 54.93 l h f 
471.12 54.93 m 469.92 54.93 l 469.92 56.85 l 469.92 56.85 469.92 56.97 469.8 56.97 c 469.8 56.97 469.8 56.97 469.8 56.85 c 468.96 55.65 l 468.96 54.93 l 467.76 54.93 l 467.64 54.93 467.52 54.93 467.4 54.81 c 467.28 54.69 467.28 54.69 467.28 54.45 c 467.28 53.97 l 467.28 53.85 467.28 53.73 467.4 53.61 c 467.52 53.49 467.64 53.49 467.76 53.49 c 469.32 53.49 l 469.56 54.09 l 469.68 53.85 469.68 53.73 469.8 53.61 c 469.92 53.49 470.04 53.49 470.28 53.49 c 471.12 53.49 l 471.12 54.93 l h 468 58.41 m 468.72 57.69 l 469.44 58.29 l 470.04 57.69 l 470.76 58.41 l 470.04 59.13 l 469.44 58.41 l 468.72 59.13 l 468 58.41 l h 468.6 59.61 m 469.44 58.89 l 470.16 59.61 l 469.44 60.33 l 468.6 59.61 l h f 
471.84 58.65 m 472.2 54.93 l 471.12 54.93 l 470.88 54.93 470.88 54.93 470.76 54.81 c 470.64 54.69 470.64 54.69 470.64 54.45 c 470.64 53.97 l 470.64 53.85 470.64 53.73 470.76 53.61 c 470.88 53.49 470.88 53.49 471.12 53.49 c 472.32 53.49 l 472.44 53.49 472.44 53.49 472.44 53.61 c 472.44 53.61 472.56 53.73 472.56 53.97 c 472.68 54.09 472.68 54.21 472.8 54.33 c 472.8 54.57 472.92 54.69 472.92 54.81 c 472.92 54.93 473.04 55.05 473.04 55.05 c 473.04 55.05 472.92 55.17 472.92 55.29 c 472.92 55.41 472.92 55.53 472.92 55.65 c 472.92 55.89 472.92 56.01 472.92 56.25 c 472.92 56.37 472.8 56.61 472.8 56.73 c 472.8 57.21 472.68 57.69 472.68 58.17 c 472.8 58.17 l 472.92 58.41 472.92 58.65 473.04 58.77 c 473.16 59.01 473.16 59.13 473.28 59.25 c 473.28 59.49 473.28 59.49 473.28 59.49 c 473.28 59.61 473.28 59.61 473.16 59.61 c 473.04 59.73 472.8 59.85 472.68 59.97 c 472.56 60.09 472.44 60.21 472.32 60.21 c 472.32 60.33 472.2 60.45 472.2 60.45 c 472.2 60.57 472.08 60.57 472.08 60.57 c 472.08 60.57 471.96 60.57 471.96 60.45 c 471.96 60.45 471.96 60.33 471.84 60.21 c 471.84 60.09 471.72 59.85 471.72 59.73 c 471.6 59.61 471.6 59.49 471.48 59.37 c 471.48 59.25 471.48 59.13 471.48 59.13 c 471.48 59.01 471.48 59.01 471.48 58.89 c 471.6 58.89 471.6 58.77 471.84 58.65 c 471.84 58.65 l h f 
475.2 60.33 m 474.48 59.13 l 474.96 53.85 l 474.96 53.61 l 474.96 53.49 475.08 53.49 475.08 53.49 c 475.08 53.49 475.2 53.61 475.2 53.73 c 475.32 53.85 475.32 53.97 475.44 54.09 c 475.56 54.21 475.56 54.45 475.56 54.57 c 475.68 54.69 475.68 54.81 475.68 54.93 c 475.68 54.93 475.68 55.05 475.68 55.41 c 475.68 55.65 475.56 55.89 475.56 56.37 c 475.56 56.73 475.56 57.09 475.56 57.57 c 475.44 58.05 475.44 58.41 475.44 58.89 c 475.44 59.25 475.44 59.61 475.44 59.85 c 475.32 60.09 475.32 60.21 475.32 60.21 c 475.32 60.33 475.32 60.33 475.32 60.33 c 475.2 60.33 475.2 60.33 475.2 60.33 c 475.2 60.33 l h f 
479.16 53.49 m 480.36 53.49 l 480.48 53.49 480.6 53.49 480.6 53.49 c 480.6 53.49 480.72 53.61 480.72 53.61 c 480.84 53.85 480.96 54.09 480.96 54.21 c 481.08 54.45 481.08 54.57 481.2 54.69 c 481.2 54.69 481.2 54.81 481.2 54.93 c 481.2 54.93 481.2 55.05 481.2 55.05 c 481.2 55.41 481.2 55.65 481.08 56.01 c 480.96 56.25 480.84 56.49 480.72 56.73 c 480.6 56.97 480.48 57.09 480.24 57.33 c 480.12 57.45 479.88 57.57 479.76 57.69 c 479.64 57.81 479.64 57.81 479.52 57.81 c 479.52 57.81 479.52 57.69 479.52 57.69 c 479.4 57.45 479.28 57.21 479.16 57.09 c 479.16 56.97 479.04 56.73 479.04 56.61 c 478.92 56.49 478.92 56.49 478.92 56.49 c 478.92 56.37 478.92 56.37 478.92 56.37 c 479.04 56.37 479.04 56.37 479.04 56.25 c 479.04 56.13 478.92 56.01 478.8 55.89 c 478.68 55.65 478.56 55.53 478.44 55.41 c 478.44 55.17 478.32 55.05 478.32 54.81 c 478.2 54.69 478.2 54.45 478.2 54.33 c 478.2 54.09 478.32 53.85 478.44 53.73 c 478.56 53.61 478.8 53.49 479.16 53.49 c 479.16 53.49 l h 480.48 54.93 m 479.52 54.93 l 479.28 54.93 479.16 55.05 479.16 55.05 c 479.04 55.17 479.04 55.17 479.04 55.29 c 479.04 55.41 479.04 55.65 479.16 55.77 c 479.16 55.89 479.28 56.01 479.4 56.13 c 479.64 56.01 479.88 55.77 480.12 55.53 c 480.24 55.29 480.36 55.05 480.48 54.93 c 480.48 54.93 l h 478.08 59.37 m 478.92 58.53 l 479.52 59.25 l 480.24 58.53 l 481.08 59.37 l 480.24 60.21 l 479.52 59.49 l 478.92 60.21 l 478.08 59.37 l h f 
486 54.93 m 485.28 58.29 l 485.28 58.41 485.28 58.41 485.28 58.41 c 485.16 58.41 485.16 58.41 485.16 58.29 c 484.68 57.09 l 485.16 54.93 l 483.12 54.93 l 482.88 54.93 482.76 55.05 482.64 55.05 c 482.52 55.17 482.52 55.17 482.4 55.29 c 482.4 55.29 482.4 55.41 482.28 55.53 c 482.28 55.53 482.28 55.53 482.28 55.53 c 482.16 55.53 482.16 55.53 482.16 55.41 c 482.16 54.09 l 482.16 53.73 482.4 53.49 483 53.49 c 484.68 53.49 l 485.16 54.45 l 485.28 53.85 l 485.4 53.61 485.52 53.49 485.76 53.49 c 486.84 53.49 l 486.84 54.93 l 486 54.93 l h f 
492.24 54.33 m 492.24 54.57 492.36 54.69 492.48 54.93 c 492.48 55.05 492.6 55.17 492.6 55.29 c 492.72 55.41 492.72 55.41 492.72 55.41 c 492.72 55.53 492.72 55.53 492.6 55.53 c 492 55.65 491.4 55.65 490.92 55.89 c 490.56 56.13 490.08 56.25 489.84 56.49 c 489.48 56.73 489.24 56.97 489 57.09 c 488.76 57.21 488.64 57.33 488.4 57.33 c 488.28 57.33 488.16 57.33 488.04 57.21 c 488.04 57.21 487.92 57.09 487.8 56.97 c 487.56 56.61 487.32 56.25 487.2 56.13 c 487.08 56.01 487.08 55.89 487.08 55.89 c 487.08 55.89 487.08 55.77 487.08 55.77 c 487.2 55.77 487.32 55.89 487.32 55.89 c 487.44 55.89 487.44 55.89 487.56 55.89 c 487.68 55.89 487.92 55.77 488.04 55.77 c 488.16 55.77 488.28 55.77 488.4 55.65 c 488.64 55.65 488.76 55.53 488.88 55.53 c 489.12 55.41 489.36 55.29 489.6 55.29 c 489.48 55.17 489.36 55.17 489.24 55.17 c 489.24 55.05 489.12 55.05 489 55.05 c 489 55.05 488.88 55.05 488.88 54.93 c 488.76 54.93 488.64 54.93 488.52 54.93 c 486.84 54.93 l 486.72 54.93 486.6 54.93 486.48 54.81 c 486.36 54.69 486.36 54.69 486.36 54.45 c 486.36 53.97 l 486.36 53.85 486.36 53.73 486.48 53.61 c 486.6 53.49 486.72 53.49 486.84 53.49 c 487.92 53.49 l 488.16 53.49 488.4 53.49 488.64 53.61 c 488.76 53.61 488.88 53.73 489 53.73 c 489.24 53.97 489.6 54.09 489.84 54.21 c 490.2 54.33 490.44 54.45 490.8 54.45 c 490.8 54.45 490.92 54.45 491.04 54.45 c 491.16 54.45 491.28 54.33 491.52 54.33 c 491.76 54.33 492 54.33 492.24 54.33 c 492.24 54.33 l h f 
496.56 53.49 m 497.4 53.49 l 497.4 54.93 l 496.68 54.93 l 496.56 55.29 496.44 55.53 496.32 55.77 c 496.32 56.13 496.2 56.25 495.96 56.49 c 495.84 56.61 495.72 56.85 495.6 56.85 c 495.36 56.97 495.24 57.09 495.12 57.09 c 494.88 57.09 494.76 56.97 494.64 56.85 c 494.52 56.73 494.4 56.61 494.28 56.37 c 494.16 56.25 494.04 56.01 494.04 55.77 c 493.92 55.53 493.92 55.29 493.92 55.05 c 493.92 54.81 493.92 54.69 493.92 54.45 c 494.04 54.33 494.04 54.21 494.16 53.97 c 494.16 53.85 494.28 53.73 494.4 53.61 c 494.52 53.49 494.64 53.49 494.76 53.49 c 495.72 53.49 l 495.6 53.37 495.48 53.25 495.24 53.01 c 495 52.89 494.88 52.77 494.52 52.65 c 494.28 52.53 494.04 52.41 493.68 52.29 c 493.44 52.29 493.08 52.17 492.72 52.17 c 492.72 52.17 492.6 52.17 492.6 52.17 c 492.48 52.17 492.48 52.17 492.36 52.17 c 492.36 52.17 492.24 52.17 492.24 52.05 c 492.24 52.05 492.36 51.93 492.48 51.93 c 492.6 51.93 492.72 51.81 492.96 51.81 c 493.2 51.69 493.44 51.57 493.68 51.57 c 493.92 51.45 494.16 51.45 494.4 51.33 c 494.52 51.33 494.64 51.33 494.76 51.33 c 494.88 51.33 495 51.33 495.12 51.45 c 495.36 51.69 495.48 51.81 495.72 52.05 c 495.84 52.29 495.96 52.41 496.2 52.77 c 496.32 53.01 496.44 53.25 496.56 53.49 c 496.56 53.49 l h 495.72 54.93 m 494.4 54.93 l 494.52 55.41 494.64 55.53 494.88 55.53 c 495.24 55.53 495.48 55.41 495.72 54.93 c h f 
498.12 58.65 m 498.48 54.93 l 497.4 54.93 l 497.16 54.93 497.16 54.93 497.04 54.81 c 496.92 54.69 496.92 54.69 496.92 54.45 c 496.92 53.97 l 496.92 53.85 496.92 53.73 497.04 53.61 c 497.16 53.49 497.16 53.49 497.4 53.49 c 498.6 53.49 l 498.72 53.49 498.72 53.49 498.72 53.61 c 498.72 53.61 498.84 53.73 498.84 53.97 c 498.96 54.09 498.96 54.21 499.08 54.33 c 499.08 54.57 499.2 54.69 499.2 54.81 c 499.2 54.93 499.2 55.05 499.2 55.05 c 499.2 55.05 499.2 55.17 499.2 55.29 c 499.2 55.41 499.2 55.53 499.2 55.65 c 499.2 55.89 499.2 56.01 499.2 56.25 c 499.2 56.37 499.08 56.61 499.08 56.73 c 499.08 57.21 498.96 57.69 498.96 58.17 c 499.08 58.17 l 499.2 58.41 499.2 58.65 499.32 58.77 c 499.44 59.01 499.44 59.13 499.56 59.25 c 499.56 59.49 499.56 59.49 499.56 59.49 c 499.56 59.61 499.56 59.61 499.44 59.61 c 499.32 59.73 499.08 59.85 498.96 59.97 c 498.84 60.09 498.72 60.21 498.6 60.21 c 498.6 60.33 498.48 60.45 498.48 60.45 c 498.36 60.57 498.36 60.57 498.36 60.57 c 498.36 60.57 498.24 60.57 498.24 60.45 c 498.24 60.45 498.24 60.33 498.12 60.21 c 498.12 60.09 498 59.85 498 59.73 c 497.88 59.61 497.88 59.49 497.76 59.37 c 497.76 59.25 497.76 59.13 497.76 59.13 c 497.76 59.01 497.76 59.01 497.76 58.89 c 497.88 58.89 497.88 58.77 498.12 58.65 c 498.12 58.65 l h f 
501.48 60.33 m 500.76 59.13 l 501.24 53.85 l 501.24 53.61 l 501.24 53.49 501.36 53.49 501.36 53.49 c 501.36 53.49 501.48 53.61 501.48 53.73 c 501.6 53.85 501.6 53.97 501.72 54.09 c 501.84 54.21 501.84 54.45 501.84 54.57 c 501.96 54.69 501.96 54.81 501.96 54.93 c 501.96 54.93 501.96 55.05 501.96 55.41 c 501.96 55.65 501.84 55.89 501.84 56.37 c 501.84 56.73 501.84 57.09 501.84 57.57 c 501.72 58.05 501.72 58.41 501.72 58.89 c 501.72 59.25 501.72 59.61 501.72 59.85 c 501.6 60.09 501.6 60.21 501.6 60.21 c 501.6 60.33 501.6 60.33 501.6 60.33 c 501.48 60.33 501.48 60.33 501.48 60.33 c 501.48 60.33 l h f 
1 1 1 sc 47.88 55.77 m 47.52 55.53 47.28 55.41 46.92 55.29 c 46.56 55.29 46.2 55.17 45.84 55.17 c 45.6 55.17 45.36 55.29 45.24 55.29 c 45 55.29 44.76 55.41 44.64 55.53 c 44.52 55.53 44.4 55.77 44.28 55.89 c 44.16 56.01 44.16 56.25 44.16 56.37 c 44.16 56.73 44.28 57.09 44.4 57.57 c 44.52 57.57 44.52 57.57 44.52 57.57 c 44.52 57.69 44.4 57.69 44.4 57.69 c 44.4 57.69 44.4 57.69 44.28 57.69 c 44.28 57.69 44.28 57.69 44.28 57.57 c 43.8 56.85 43.68 56.13 43.68 55.53 c 43.68 55.05 43.8 54.69 44.04 54.45 c 44.4 54.09 44.76 53.97 45.48 53.97 c 45.96 53.97 46.32 54.09 46.8 54.21 c 47.28 54.33 47.64 54.57 48 54.81 c 48 54.93 48 54.93 48.12 55.05 c 48.12 55.17 48.24 55.29 48.24 55.41 c 48.36 55.53 48.36 55.65 48.36 55.77 c 48.36 55.89 48.48 56.01 48.48 56.13 c 48.48 56.25 48.36 56.37 48.36 56.49 c 48.36 56.61 48.24 56.61 48.12 56.61 c 48 56.61 47.76 56.61 47.52 56.73 c 47.4 56.73 47.16 56.73 47.04 56.73 c 46.8 56.73 46.68 56.73 46.44 56.85 c 46.32 56.85 46.32 56.85 46.32 56.97 c 46.32 57.09 46.44 57.21 46.44 57.33 c 46.56 57.45 46.68 57.45 46.8 57.57 c 46.92 57.69 47.04 57.81 47.16 57.81 c 47.28 57.93 47.4 57.93 47.64 57.93 c 47.64 57.93 47.76 57.93 47.76 57.93 c 47.88 57.81 47.88 57.81 47.88 57.81 c 47.88 57.69 48 57.69 48 57.57 c 48 57.57 48 57.57 48 57.57 c 48.12 57.57 48.12 57.57 48.12 57.69 c 48.12 57.69 48.12 57.69 48.24 57.81 c 48.24 57.93 48.24 57.93 48.36 58.05 c 48.36 58.17 48.36 58.29 48.36 58.41 c 48.48 58.41 48.48 58.53 48.48 58.53 c 48.48 58.77 48.36 58.89 48.24 58.89 c 48.12 59.01 48 59.01 47.88 59.01 c 47.64 59.01 47.4 59.01 47.16 58.89 c 46.92 58.65 46.68 58.53 46.44 58.29 c 46.32 58.05 46.08 57.69 45.96 57.45 c 45.84 57.09 45.72 56.85 45.72 56.49 c 45.72 56.25 45.84 56.13 45.96 56.01 c 46.2 55.89 46.32 55.89 46.56 55.77 c 46.8 55.77 46.92 55.77 47.16 55.77 c 47.52 55.77 47.64 55.77 47.88 55.77 c 47.88 55.77 l h f 
51.96 56.13 m 51.96 56.25 51.96 56.37 51.96 56.61 c 51.96 56.73 51.84 56.97 51.72 57.21 c 51.6 57.45 51.48 57.69 51.24 57.93 c 51.12 58.17 50.88 58.53 50.64 58.77 c 50.52 58.77 50.52 58.77 50.52 58.77 c 50.52 58.77 50.4 58.77 50.4 58.77 c 50.16 57.57 l 50.52 57.33 50.76 57.09 50.88 56.85 c 51.12 56.61 51.24 56.49 51.36 56.25 c 49.8 56.25 l 49.68 56.25 49.68 56.25 49.56 56.25 c 49.56 56.25 49.56 56.37 49.44 56.37 c 49.44 56.49 49.44 56.49 49.44 56.49 c 49.44 56.49 49.44 56.61 49.32 56.61 c 49.32 56.61 49.32 56.61 49.32 56.49 c 49.32 56.49 49.32 56.49 49.32 56.49 c 49.32 55.41 l 49.32 55.17 49.32 55.17 49.44 55.05 c 49.44 55.05 49.56 55.05 49.68 55.05 c 51.36 55.05 l 51.48 55.05 51.48 55.05 51.48 55.05 c 51.6 55.05 51.6 55.17 51.6 55.17 c 51.6 55.17 51.6 55.29 51.72 55.41 c 51.72 55.41 51.72 55.53 51.84 55.65 c 51.84 55.77 51.96 55.89 51.96 56.01 c 51.96 56.13 51.96 56.13 51.96 56.13 c 51.96 56.13 l h f 
53.28 60.57 m 52.68 59.61 l 53.16 55.29 l 53.16 55.05 l 53.16 55.05 53.16 55.05 53.28 55.05 c 53.28 55.05 53.28 55.05 53.4 55.17 c 53.4 55.29 53.52 55.41 53.52 55.53 c 53.52 55.65 53.64 55.77 53.64 55.89 c 53.64 56.01 53.76 56.13 53.76 56.25 c 53.76 56.25 53.76 56.37 53.64 56.49 c 53.64 56.73 53.64 56.97 53.64 57.33 c 53.64 57.69 53.64 57.93 53.64 58.41 c 53.52 58.77 53.52 59.01 53.52 59.37 c 53.52 59.73 53.52 59.97 53.52 60.21 c 53.52 60.45 53.52 60.57 53.52 60.57 c 53.52 60.57 53.4 60.69 53.4 60.69 c 53.4 60.69 53.28 60.57 53.28 60.57 c 53.28 60.57 l h f 
57.84 56.25 m 57.24 58.89 l 57.24 59.01 57.24 59.01 57.12 59.01 c 57.12 59.01 57.12 59.01 57.12 59.01 c 56.64 57.93 l 57 56.25 l 55.44 56.25 l 55.2 56.25 55.08 56.25 55.08 56.25 c 54.96 56.37 54.96 56.37 54.84 56.49 c 54.84 56.49 54.84 56.61 54.84 56.61 c 54.72 56.73 54.72 56.73 54.72 56.73 c 54.6 56.73 54.6 56.61 54.6 56.61 c 54.6 55.53 l 54.6 55.17 54.84 55.05 55.32 55.05 c 56.76 55.05 l 57.12 55.77 l 57.24 55.29 l 57.24 55.17 57.36 55.05 57.6 55.05 c 58.44 55.05 l 58.44 56.25 l 57.84 56.25 l h f 
58.8 56.25 m 58.44 56.25 l 58.32 56.25 58.2 56.13 58.2 56.13 c 58.08 56.13 58.08 56.01 58.08 55.89 c 58.08 55.41 l 58.08 55.29 58.08 55.17 58.2 55.05 c 58.2 55.05 58.32 55.05 58.44 55.05 c 61.56 55.05 l 62.4 56.01 l 62.4 56.13 62.4 56.13 62.4 56.13 c 62.4 56.25 62.4 56.25 62.28 56.25 c 60.48 56.25 l 60.24 56.25 60.12 56.49 60 56.61 c 59.76 56.73 59.64 56.97 59.64 57.09 c 59.76 57.21 60 57.21 60.12 57.21 c 60.24 57.33 60.48 57.33 60.6 57.33 c 60.84 57.33 61.08 57.21 61.2 57.21 c 61.44 57.21 61.68 57.09 61.8 56.97 c 61.92 56.97 61.92 56.97 61.92 57.09 c 61.92 57.09 61.92 57.09 61.8 57.21 c 61.8 57.45 61.68 57.57 61.56 57.69 c 61.44 57.93 61.2 58.05 61.08 58.17 c 60.96 58.29 60.72 58.41 60.6 58.41 c 60.48 58.41 60.24 58.29 60 58.17 c 59.88 57.93 59.64 57.81 59.4 57.57 c 59.28 57.45 59.16 57.21 59.04 56.97 c 58.92 56.73 58.8 56.61 58.8 56.49 c 58.8 56.49 58.8 56.37 58.8 56.37 c 58.8 56.25 58.8 56.25 58.8 56.25 c 58.8 56.25 l h f 
66.36 58.89 m 66.72 58.77 l 66.72 59.01 66.84 59.25 66.96 59.37 c 66.96 59.49 66.96 59.61 67.08 59.73 c 67.08 59.73 67.08 59.85 67.08 59.85 c 67.08 59.97 67.08 59.97 67.08 59.97 c 67.08 59.97 67.08 59.97 67.08 60.09 c 67.08 60.09 66.96 60.09 66.96 60.09 c 66.84 60.21 66.72 60.21 66.6 60.33 c 66.48 60.33 66.48 60.45 66.36 60.45 c 66.36 60.57 66.36 60.57 66.24 60.57 c 66.24 60.69 66.24 60.69 66.24 60.69 c 66.24 60.81 66.12 60.81 66.12 60.81 c 66.12 60.81 66.12 60.81 66.12 60.69 c 66 60.69 66 60.69 66 60.57 c 65.88 60.45 65.88 60.33 65.88 60.21 c 65.76 60.09 65.76 59.97 65.64 59.85 c 65.64 59.73 65.64 59.61 65.64 59.61 c 65.64 59.61 65.64 59.61 65.64 59.49 c 65.64 59.37 65.76 59.37 65.88 59.25 c 65.76 59.01 65.76 58.77 65.76 58.53 c 65.76 58.41 65.64 58.17 65.52 57.93 c 65.4 58.17 65.28 58.29 65.04 58.53 c 64.92 58.77 64.68 58.89 64.56 59.13 c 64.32 59.25 64.2 59.49 63.96 59.61 c 63.72 59.73 63.6 59.85 63.48 59.97 c 63.36 59.97 63.36 59.97 63.36 59.97 c 63.24 59.97 63.24 59.97 63.24 59.85 c 63.24 59.85 63.24 59.73 63.24 59.61 c 63.12 59.49 63.12 59.37 63.12 59.25 c 63.12 59.13 63.12 58.89 63 58.77 c 63 58.65 l 63 58.53 63 58.53 63.12 58.41 c 63.12 58.41 63.24 58.29 63.36 58.29 c 63.36 58.17 63.48 58.17 63.6 58.17 c 63.72 58.17 63.72 58.05 63.84 58.05 c 63.96 58.05 63.96 58.17 63.96 58.17 c 64.2 58.05 64.44 57.93 64.68 57.69 c 64.8 57.57 65.04 57.33 65.16 57.09 c 65.16 57.09 65.04 56.97 64.92 56.85 c 64.8 56.73 64.68 56.61 64.56 56.49 c 64.44 56.49 64.32 56.37 64.2 56.25 c 64.08 56.25 63.96 56.25 63.84 56.25 c 63.6 56.25 l 63.6 56.01 63.6 55.77 63.6 55.65 c 63.48 55.53 63.48 55.53 63.48 55.41 c 63.48 55.41 63.48 55.29 63.48 55.29 c 63.48 55.17 63.48 55.17 63.48 55.05 c 63.48 55.05 63.48 55.05 63.6 55.05 c 65.76 55.05 l 65.88 55.05 65.88 55.05 66 55.17 c 66 55.29 66 55.41 66 55.53 c 66.12 55.53 66.12 55.65 66.12 55.77 c 66.12 55.89 66.12 56.01 66.12 56.01 c 66.24 56.13 66.24 56.13 66.24 56.25 c 66.24 56.37 66.12 56.61 66.12 56.73 c 66 56.97 66 57.21 65.88 57.33 c 66 57.69 66.12 57.93 66.12 58.17 c 66.24 58.53 66.24 58.77 66.36 58.89 c 66.36 58.89 l h 65.76 56.25 m 65.16 56.25 l 65.28 56.25 65.28 56.37 65.28 56.49 c 65.4 56.49 65.4 56.61 65.52 56.73 c 65.52 56.61 65.64 56.49 65.64 56.37 c 65.76 56.37 65.76 56.25 65.76 56.25 c 65.76 56.25 l h 64.32 53.13 m 64.68 53.49 l 64.68 53.49 64.68 53.61 64.68 53.61 c 64.68 53.61 64.68 53.61 64.56 53.61 c 64.44 53.61 64.2 53.61 63.96 53.73 c 63.84 53.73 63.72 53.73 63.6 53.97 c 63.6 53.97 63.72 53.97 63.72 53.97 c 63.84 53.97 63.84 53.97 63.96 53.97 c 63.96 53.97 64.08 53.97 64.08 53.97 c 64.08 53.97 64.2 53.97 64.2 53.97 c 64.2 53.85 64.2 53.85 64.2 53.85 c 64.2 53.85 64.2 53.85 64.2 53.85 c 64.2 53.85 64.32 53.85 64.32 53.85 c 64.32 53.85 64.32 53.85 64.32 53.85 c 64.44 54.21 l 64.44 54.21 64.44 54.21 64.44 54.33 c 64.44 54.33 64.44 54.45 64.32 54.45 c 64.32 54.45 64.2 54.57 64.08 54.57 c 64.08 54.57 63.96 54.45 63.84 54.45 c 63.72 54.45 63.6 54.33 63.6 54.33 c 63.48 54.21 63.48 54.09 63.36 54.09 c 63.36 53.97 63.36 53.85 63.36 53.73 c 63.36 53.61 63.48 53.49 63.6 53.37 c 63.6 53.25 63.48 53.25 63.48 53.13 c 63.36 53.01 63.36 52.89 63.36 52.77 c 63.48 53.01 63.6 53.13 63.84 53.13 c 63.96 53.13 64.2 53.13 64.32 53.13 c 64.32 53.13 l h f 
68.76 60.57 m 68.16 59.61 l 68.64 55.29 l 68.64 55.05 l 68.64 55.05 68.64 55.05 68.76 55.05 c 68.76 55.05 68.76 55.05 68.88 55.17 c 68.88 55.29 68.88 55.41 69 55.53 c 69 55.65 69.12 55.77 69.12 55.89 c 69.12 56.01 69.24 56.13 69.24 56.25 c 69.24 56.25 69.12 56.37 69.12 56.49 c 69.12 56.73 69.12 56.97 69.12 57.33 c 69.12 57.69 69.12 57.93 69 58.41 c 69 58.77 69 59.01 69 59.37 c 69 59.73 69 59.97 69 60.21 c 68.88 60.45 68.88 60.57 68.88 60.57 c 68.88 60.57 68.88 60.69 68.88 60.69 c 68.88 60.69 68.76 60.57 68.76 60.57 c 68.76 60.57 l h f 
76.8 56.85 m 76.92 56.25 l 72.84 56.25 l 72.6 56.25 72.24 56.25 72.12 56.49 c 71.88 56.61 71.88 56.85 71.88 57.09 c 71.88 57.33 71.88 57.45 72 57.69 c 72 57.69 72 57.81 72 57.81 c 72 57.81 72 57.81 71.88 57.81 c 71.88 57.81 71.88 57.81 71.88 57.81 c 71.64 57.57 71.52 57.33 71.4 56.97 c 71.28 56.73 71.28 56.37 71.28 56.13 c 71.28 56.01 71.28 55.89 71.28 55.65 c 71.4 55.53 71.4 55.41 71.52 55.29 c 71.64 55.29 71.76 55.17 72 55.05 c 72.12 55.05 72.36 55.05 72.6 55.05 c 77.16 55.05 l 77.4 55.53 l 77.4 55.41 77.52 55.17 77.64 55.17 c 77.64 55.05 77.88 55.05 78 55.05 c 78.6 55.05 l 78.6 56.25 l 77.64 56.25 l 77.64 57.69 l 77.64 57.81 77.64 57.81 77.64 57.81 c 77.64 57.81 77.52 57.81 77.52 57.81 c 76.8 56.85 l h 73.32 58.77 m 73.92 58.17 l 74.52 58.65 l 75 58.17 l 75.6 58.77 l 75 59.37 l 74.52 58.77 l 73.92 59.37 l 73.32 58.77 l h 73.8 59.73 m 74.52 59.13 l 75.12 59.73 l 74.52 60.33 l 73.8 59.73 l h f 
79.2 59.25 m 79.56 56.25 l 78.6 56.25 l 78.48 56.25 78.48 56.13 78.36 56.13 c 78.24 56.01 78.24 55.89 78.24 55.89 c 78.24 55.41 l 78.24 55.29 78.24 55.17 78.36 55.17 c 78.48 55.05 78.48 55.05 78.6 55.05 c 79.68 55.05 l 79.68 55.05 79.8 55.05 79.8 55.05 c 79.8 55.17 79.8 55.29 79.92 55.41 c 79.92 55.53 79.92 55.65 80.04 55.77 c 80.04 55.89 80.04 56.01 80.16 56.13 c 80.16 56.25 80.16 56.25 80.16 56.25 c 80.16 56.37 80.16 56.37 80.16 56.49 c 80.16 56.61 80.16 56.73 80.16 56.85 c 80.16 56.97 80.16 57.09 80.16 57.21 c 80.04 57.33 80.04 57.57 80.04 57.69 c 80.04 58.05 80.04 58.41 79.92 58.89 c 80.04 58.77 l 80.16 59.01 80.16 59.25 80.28 59.37 c 80.28 59.49 80.4 59.61 80.4 59.73 c 80.4 59.85 80.52 59.97 80.52 59.97 c 80.52 59.97 80.4 59.97 80.4 60.09 c 80.16 60.09 80.04 60.21 79.92 60.33 c 79.8 60.33 79.68 60.45 79.68 60.57 c 79.56 60.57 79.56 60.69 79.56 60.69 c 79.44 60.81 79.44 60.81 79.44 60.81 c 79.44 60.81 79.44 60.81 79.32 60.69 c 79.32 60.69 79.32 60.57 79.32 60.45 c 79.2 60.33 79.2 60.21 79.08 60.09 c 79.08 59.97 79.08 59.85 78.96 59.85 c 78.96 59.73 78.96 59.61 78.96 59.61 c 78.96 59.61 78.96 59.49 78.96 59.49 c 78.96 59.37 79.08 59.37 79.2 59.25 c 79.2 59.25 l h f 
82.56 56.25 m 82.2 60.57 l 82.2 60.57 82.2 60.69 82.08 60.69 c 82.08 60.69 82.08 60.69 82.08 60.57 c 81.48 59.61 l 81.96 55.05 l 83.28 55.05 l 83.28 56.25 l 82.56 56.25 l h f 
86.04 56.25 m 85.08 56.25 l 85.08 57.69 l 85.08 57.81 85.08 57.81 84.96 57.81 c 84.96 57.81 84.96 57.81 84.96 57.81 c 84.24 56.85 l 84.36 56.25 l 83.28 56.25 l 83.16 56.25 83.04 56.13 83.04 56.13 c 82.92 56.01 82.92 55.89 82.92 55.89 c 82.92 55.41 l 82.92 55.29 82.92 55.17 83.04 55.17 c 83.04 55.05 83.16 55.05 83.28 55.05 c 84.6 55.05 l 84.84 55.53 l 84.84 55.41 84.84 55.17 84.96 55.17 c 85.08 55.05 85.2 55.05 85.44 55.05 c 86.04 55.05 l 86.04 56.25 l h 83.52 59.01 m 84.12 58.41 l 84.6 58.89 l 85.2 58.41 l 85.8 59.01 l 85.2 59.61 l 84.6 59.01 l 84.12 59.61 l 83.52 59.01 l h 84 59.97 m 84.6 59.37 l 85.2 59.97 l 84.6 60.57 l 84 59.97 l h f 
86.64 59.25 m 86.88 56.25 l 86.04 56.25 l 85.92 56.25 85.8 56.13 85.68 56.13 c 85.68 56.01 85.68 55.89 85.68 55.89 c 85.68 55.41 l 85.68 55.29 85.68 55.17 85.68 55.17 c 85.8 55.05 85.92 55.05 86.04 55.05 c 87 55.05 l 87.12 55.05 87.12 55.05 87.12 55.05 c 87.12 55.17 87.24 55.29 87.24 55.41 c 87.24 55.53 87.36 55.65 87.36 55.77 c 87.48 55.89 87.48 56.01 87.48 56.13 c 87.6 56.25 87.6 56.25 87.6 56.25 c 87.6 56.37 87.6 56.37 87.6 56.49 c 87.6 56.61 87.48 56.73 87.48 56.85 c 87.48 56.97 87.48 57.09 87.48 57.21 c 87.48 57.33 87.48 57.57 87.48 57.69 c 87.36 58.05 87.36 58.41 87.36 58.89 c 87.36 58.77 l 87.48 59.01 87.6 59.25 87.6 59.37 c 87.72 59.49 87.72 59.61 87.84 59.73 c 87.84 59.85 87.84 59.97 87.84 59.97 c 87.84 59.97 87.84 59.97 87.72 60.09 c 87.6 60.09 87.48 60.21 87.36 60.33 c 87.24 60.33 87.12 60.45 87 60.57 c 87 60.57 86.88 60.69 86.88 60.69 c 86.88 60.81 86.88 60.81 86.88 60.81 c 86.76 60.81 86.76 60.81 86.76 60.69 c 86.76 60.69 86.76 60.57 86.64 60.45 c 86.64 60.33 86.52 60.21 86.52 60.09 c 86.4 59.97 86.4 59.85 86.4 59.85 c 86.28 59.73 86.28 59.61 86.28 59.61 c 86.28 59.61 86.28 59.49 86.4 59.49 c 86.4 59.37 86.52 59.37 86.64 59.25 c 86.64 59.25 l h f 
89.4 60.57 m 88.8 59.61 l 89.16 55.29 l 89.16 55.05 l 89.28 55.05 89.28 55.05 89.28 55.05 c 89.28 55.05 89.4 55.05 89.4 55.17 c 89.52 55.29 89.52 55.41 89.52 55.53 c 89.64 55.65 89.64 55.77 89.76 55.89 c 89.76 56.01 89.76 56.13 89.76 56.25 c 89.76 56.25 89.76 56.37 89.76 56.49 c 89.76 56.73 89.76 56.97 89.76 57.33 c 89.64 57.69 89.64 57.93 89.64 58.41 c 89.64 58.77 89.64 59.01 89.64 59.37 c 89.52 59.73 89.52 59.97 89.52 60.21 c 89.52 60.45 89.52 60.57 89.52 60.57 c 89.52 60.57 89.52 60.69 89.4 60.69 c 89.4 60.69 89.4 60.57 89.4 60.57 c 89.4 60.57 l h f 
93.24 55.05 m 99.6 55.05 l 99.6 56.25 l 98.76 56.25 l 98.88 56.37 99 56.49 99 56.61 c 99 56.85 99 56.97 99 57.21 c 99 57.45 99 57.69 98.88 57.93 c 98.76 58.17 98.64 58.29 98.4 58.29 c 98.16 58.29 98.04 58.17 97.8 58.05 c 97.56 57.93 97.32 57.69 97.2 57.45 c 96.96 57.33 96.84 57.09 96.6 56.85 c 96.48 56.61 96.48 56.37 96.36 56.25 c 93.48 56.25 l 93.12 56.25 92.88 56.25 92.64 56.49 c 92.52 56.61 92.4 56.85 92.4 57.09 c 92.4 57.33 92.52 57.45 92.52 57.69 c 92.64 57.69 92.64 57.81 92.64 57.81 c 92.64 57.81 92.52 57.81 92.52 57.81 c 92.52 57.81 92.4 57.81 92.4 57.81 c 92.28 57.57 92.16 57.33 92.04 56.97 c 91.92 56.73 91.8 56.37 91.8 56.13 c 91.8 56.01 91.8 55.89 91.92 55.65 c 91.92 55.53 92.04 55.41 92.16 55.29 c 92.28 55.29 92.4 55.17 92.52 55.05 c 92.76 55.05 92.88 55.05 93.24 55.05 c 93.24 55.05 l h 97.56 56.25 m 97.56 56.25 97.44 56.37 97.32 56.49 c 97.2 56.49 97.2 56.61 97.08 56.73 c 97.2 56.85 97.32 56.97 97.44 56.97 c 97.56 57.09 97.68 57.09 97.8 57.09 c 98.16 57.09 98.28 56.85 98.4 56.49 c 98.28 56.37 98.16 56.37 98.04 56.25 c 97.92 56.25 97.8 56.25 97.56 56.25 c 97.56 56.25 l h 97.2 59.37 m 97.92 58.77 l 98.64 59.37 l 97.92 60.09 l 97.2 59.37 l h f 
101.52 55.05 m 106.8 55.05 l 106.8 56.25 l 105.96 56.25 l 106.08 56.37 106.2 56.61 106.32 56.73 c 106.32 56.85 106.32 56.97 106.32 56.97 c 106.32 57.09 106.32 57.21 106.32 57.21 c 106.2 57.33 106.2 57.45 106.08 57.57 c 105.96 57.69 105.84 57.81 105.6 57.81 c 105.48 57.93 105.24 57.93 105.12 57.93 c 105 57.93 104.88 57.93 104.76 57.93 c 104.64 57.81 104.52 57.81 104.4 57.69 c 101.88 56.25 l 101.4 56.25 l 101.16 56.25 101.16 56.25 101.16 56.37 c 101.16 56.61 101.28 56.85 101.28 56.97 c 101.4 57.09 101.4 57.21 101.4 57.33 c 101.52 57.45 101.52 57.45 101.52 57.45 c 101.52 57.45 l 101.52 57.57 101.52 57.57 101.4 57.57 c 101.4 57.57 101.4 57.57 101.4 57.57 c 100.44 56.85 l 100.32 56.25 l 99.6 56.25 l 99.48 56.25 99.36 56.13 99.36 56.13 c 99.24 56.01 99.24 55.89 99.24 55.89 c 99.24 55.41 l 99.24 55.29 99.24 55.17 99.36 55.17 c 99.36 55.05 99.48 55.05 99.6 55.05 c 100.56 55.05 l 100.8 55.53 l 100.8 55.41 100.92 55.29 101.04 55.17 c 101.16 55.05 101.4 55.05 101.52 55.05 c h 102.84 56.25 m 103.92 56.73 l 104.16 56.85 104.28 56.85 104.4 56.85 c 104.52 56.85 104.64 56.85 104.76 56.85 c 104.88 56.85 105 56.73 105 56.73 c 105.12 56.61 105.24 56.61 105.24 56.49 c 105.36 56.49 105.36 56.37 105.48 56.37 c 105.36 56.37 105.12 56.25 105 56.25 c 104.88 56.25 104.76 56.25 104.64 56.25 c 102.84 56.25 l h f 
108.6 56.25 m 108.24 60.57 l 108.24 60.57 108.24 60.69 108.12 60.69 c 108.12 60.69 108.12 60.69 108.12 60.57 c 107.52 59.61 l 107.76 56.25 l 106.8 56.25 l 106.8 56.25 106.68 56.13 106.56 56.13 c 106.56 56.01 106.44 55.89 106.44 55.89 c 106.44 55.41 l 106.44 55.29 106.56 55.17 106.56 55.17 c 106.68 55.05 106.8 55.05 106.8 55.05 c 107.28 55.05 l 107.88 55.77 l 107.88 55.05 l 109.2 55.05 l 109.2 56.25 l 108.6 56.25 l h f 
109.8 59.25 m 110.16 56.25 l 109.2 56.25 l 109.08 56.25 109.08 56.13 108.96 56.13 c 108.84 56.01 108.84 55.89 108.84 55.89 c 108.84 55.41 l 108.84 55.29 108.84 55.17 108.96 55.17 c 109.08 55.05 109.08 55.05 109.2 55.05 c 110.28 55.05 l 110.28 55.05 110.4 55.05 110.4 55.05 c 110.4 55.17 110.4 55.29 110.52 55.41 c 110.52 55.53 110.52 55.65 110.64 55.77 c 110.64 55.89 110.64 56.01 110.76 56.13 c 110.76 56.25 110.76 56.25 110.76 56.25 c 110.76 56.37 110.76 56.37 110.76 56.49 c 110.76 56.61 110.76 56.73 110.76 56.85 c 110.76 56.97 110.76 57.09 110.76 57.21 c 110.64 57.33 110.64 57.57 110.64 57.69 c 110.64 58.05 110.64 58.41 110.52 58.89 c 110.64 58.77 l 110.76 59.01 110.76 59.25 110.88 59.37 c 110.88 59.49 111 59.61 111 59.73 c 111 59.85 111.12 59.97 111.12 59.97 c 111.12 59.97 111 59.97 111 60.09 c 110.76 60.09 110.64 60.21 110.52 60.33 c 110.4 60.33 110.28 60.45 110.28 60.57 c 110.16 60.57 110.16 60.69 110.16 60.69 c 110.16 60.81 110.04 60.81 110.04 60.81 c 110.04 60.81 110.04 60.81 109.92 60.69 c 109.92 60.69 109.92 60.57 109.92 60.45 c 109.8 60.33 109.8 60.21 109.68 60.09 c 109.68 59.97 109.68 59.85 109.56 59.85 c 109.56 59.73 109.56 59.61 109.56 59.61 c 109.56 59.61 109.56 59.49 109.56 59.49 c 109.56 59.37 109.68 59.37 109.8 59.25 c 109.8 59.25 l h f 
118.92 57.93 m 118.92 57.93 118.92 58.05 118.8 58.05 c 118.8 58.05 118.8 57.93 118.8 57.93 c 118.44 56.85 l 118.44 56.85 118.44 56.73 118.44 56.73 c 118.56 56.61 118.56 56.61 118.56 56.49 c 118.68 56.37 118.68 56.25 118.68 56.25 c 114.6 56.25 l 114.24 56.25 114 56.25 113.76 56.49 c 113.64 56.61 113.52 56.85 113.52 57.09 c 113.52 57.33 113.64 57.45 113.64 57.69 c 113.76 57.69 113.76 57.81 113.76 57.81 c 113.76 57.81 113.64 57.81 113.64 57.81 c 113.64 57.81 113.52 57.81 113.52 57.81 c 113.4 57.57 113.28 57.33 113.16 56.97 c 113.04 56.73 112.92 56.37 112.92 56.13 c 112.92 56.01 112.92 55.89 113.04 55.65 c 113.04 55.53 113.16 55.41 113.28 55.29 c 113.4 55.29 113.52 55.17 113.64 55.05 c 113.88 55.05 114 55.05 114.36 55.05 c 118.68 55.05 l 118.8 55.05 118.92 55.05 118.92 55.17 c 119.28 56.13 l 119.28 56.37 119.4 56.49 119.4 56.61 c 119.4 56.85 119.28 57.09 119.28 57.33 c 119.16 57.57 119.04 57.81 118.92 57.93 c h 114.96 59.49 m 115.68 58.77 l 116.16 59.37 l 116.76 58.77 l 117.48 59.49 l 116.76 60.09 l 116.16 59.49 l 115.68 60.09 l 114.96 59.49 l h f 
121.32 56.25 m 120.96 60.57 l 120.84 60.57 120.84 60.69 120.84 60.69 c 120.84 60.69 120.72 60.69 120.72 60.57 c 120.24 59.61 l 120.6 55.05 l 121.92 55.05 l 121.92 56.25 l 121.32 56.25 l h f 
124.68 56.25 m 123.72 56.25 l 123.72 57.69 l 123.72 57.81 123.72 57.81 123.72 57.81 c 123.72 57.81 123.6 57.81 123.6 57.81 c 122.88 56.85 l 123 56.25 l 121.92 56.25 l 121.8 56.25 121.8 56.13 121.68 56.13 c 121.68 56.01 121.56 55.89 121.56 55.89 c 121.56 55.41 l 121.56 55.29 121.68 55.17 121.68 55.17 c 121.8 55.05 121.8 55.05 121.92 55.05 c 123.24 55.05 l 123.48 55.53 l 123.48 55.41 123.6 55.17 123.72 55.17 c 123.72 55.05 123.96 55.05 124.08 55.05 c 124.68 55.05 l 124.68 56.25 l h 122.16 53.73 m 122.76 53.13 l 123.36 53.73 l 123.84 53.13 l 124.56 53.73 l 123.84 54.45 l 123.36 53.85 l 122.76 54.45 l 122.16 53.73 l h f 
126.72 55.05 m 130.56 55.05 l 130.68 55.05 130.68 55.05 130.68 55.05 c 130.8 55.05 130.8 55.05 130.8 55.17 c 130.92 55.41 131.04 55.65 131.16 55.89 c 131.28 56.01 131.4 56.25 131.4 56.37 c 131.52 56.61 131.52 56.73 131.52 56.73 c 131.52 56.85 131.52 56.97 131.4 57.09 c 131.4 57.21 131.28 57.45 131.16 57.57 c 131.04 57.57 130.92 57.69 130.68 57.81 c 130.56 57.93 130.44 57.93 130.2 57.93 c 130.08 57.93 129.84 57.81 129.6 57.69 c 126.96 56.25 l 126.48 56.25 l 126.36 56.25 126.24 56.25 126.24 56.37 c 126.36 56.61 126.36 56.85 126.48 56.97 c 126.48 57.09 126.6 57.21 126.6 57.33 c 126.6 57.45 126.6 57.45 126.6 57.45 c 126.6 57.45 l 126.6 57.57 126.6 57.57 126.6 57.57 c 126.48 57.57 126.48 57.57 126.48 57.57 c 125.52 56.85 l 125.4 56.25 l 124.68 56.25 l 124.56 56.25 124.56 56.13 124.44 56.13 c 124.32 56.01 124.32 55.89 124.32 55.89 c 124.32 55.41 l 124.32 55.29 124.32 55.17 124.44 55.17 c 124.56 55.05 124.56 55.05 124.68 55.05 c 125.64 55.05 l 125.88 55.53 l 125.88 55.41 126 55.29 126.12 55.17 c 126.36 55.05 126.48 55.05 126.72 55.05 c 126.72 55.05 l h 127.92 56.25 m 129 56.73 l 129.24 56.85 129.36 56.85 129.6 56.85 c 129.72 56.85 129.96 56.85 130.08 56.73 c 130.32 56.61 130.44 56.37 130.56 56.25 c 127.92 56.25 l h 127.44 59.37 m 128.16 58.77 l 128.88 59.37 l 128.16 60.09 l 127.44 59.37 l h f 
133.44 56.25 m 132.96 60.57 l 132.96 60.57 132.96 60.69 132.96 60.69 c 132.84 60.69 132.84 60.69 132.84 60.57 c 132.24 59.61 l 132.72 55.05 l 134.04 55.05 l 134.04 56.25 l 133.44 56.25 l h f 
136.8 56.49 m 136.8 56.73 136.8 56.85 136.8 56.97 c 136.8 57.09 136.68 57.33 136.68 57.45 c 136.68 57.57 136.56 57.69 136.56 57.81 c 136.56 57.93 136.44 58.05 136.44 58.17 c 136.44 58.17 136.32 58.17 136.32 58.17 c 136.32 58.17 136.32 58.17 136.2 58.05 c 135.84 57.09 l 135.96 56.97 135.96 56.85 135.96 56.73 c 136.08 56.73 136.08 56.61 136.08 56.49 c 136.08 56.37 136.2 56.25 136.2 56.25 c 134.04 56.25 l 133.92 56.25 133.92 56.13 133.8 56.13 c 133.68 56.01 133.68 55.89 133.68 55.89 c 133.68 55.41 l 133.68 55.29 133.68 55.17 133.8 55.17 c 133.92 55.05 133.92 55.05 134.04 55.05 c 136.2 55.05 l 136.32 55.05 136.32 55.05 136.44 55.17 c 136.44 55.29 136.44 55.41 136.56 55.53 c 136.56 55.65 136.68 55.77 136.68 55.89 c 136.68 56.01 136.8 56.13 136.8 56.25 c 136.8 56.37 136.8 56.49 136.8 56.49 c 136.8 56.49 l h 134.04 53.73 m 134.76 53.13 l 135.24 53.73 l 135.84 53.13 l 136.56 53.73 l 135.84 54.45 l 135.24 53.85 l 134.76 54.45 l 134.04 53.73 l h f 
139.44 55.05 m 140.16 55.05 l 140.16 56.25 l 140.04 56.25 l 139.92 56.25 139.8 56.25 139.68 56.25 c 139.68 56.25 139.56 56.37 139.44 56.61 c 139.44 56.61 139.32 56.73 139.32 56.85 c 139.2 56.85 139.08 56.97 139.08 57.09 c 138.96 57.21 138.96 57.21 138.84 57.33 c 138.84 57.45 138.72 57.45 138.72 57.45 c 138.72 57.45 138.72 57.45 138.6 57.33 c 138.48 56.25 l 138.6 56.01 138.72 55.89 138.84 55.77 c 138.84 55.65 138.96 55.53 139.08 55.41 c 138.72 55.05 138.36 54.69 137.88 54.45 c 137.52 54.33 137.04 54.21 136.56 54.21 c 136.44 54.21 136.32 54.21 136.2 54.21 c 136.2 54.21 136.08 54.21 135.96 54.21 c 135.84 54.21 135.84 54.21 135.84 54.09 c 135.84 54.09 135.96 53.97 135.96 53.97 c 136.08 53.97 136.2 53.85 136.44 53.85 c 136.68 53.73 136.8 53.73 137.04 53.61 c 137.28 53.49 137.4 53.49 137.64 53.37 c 137.76 53.37 137.88 53.37 138 53.37 c 138 53.37 138.12 53.37 138.24 53.49 c 138.48 53.61 138.6 53.73 138.72 53.85 c 138.84 54.09 138.96 54.21 139.08 54.45 c 139.2 54.57 139.32 54.81 139.44 55.05 c 139.44 55.05 l h f 
140.76 59.25 m 141.12 56.25 l 140.16 56.25 l 140.16 56.25 140.04 56.13 139.92 56.13 c 139.92 56.01 139.8 55.89 139.8 55.89 c 139.8 55.41 l 139.8 55.29 139.92 55.17 139.92 55.17 c 140.04 55.05 140.16 55.05 140.16 55.05 c 141.24 55.05 l 141.36 55.05 141.36 55.05 141.36 55.05 c 141.36 55.17 141.36 55.29 141.48 55.41 c 141.48 55.53 141.6 55.65 141.6 55.77 c 141.6 55.89 141.72 56.01 141.72 56.13 c 141.72 56.25 141.84 56.25 141.84 56.25 c 141.84 56.37 141.72 56.37 141.72 56.49 c 141.72 56.61 141.72 56.73 141.72 56.85 c 141.72 56.97 141.72 57.09 141.72 57.21 c 141.72 57.33 141.72 57.57 141.6 57.69 c 141.6 58.05 141.6 58.41 141.48 58.89 c 141.6 58.77 l 141.72 59.01 141.72 59.25 141.84 59.37 c 141.96 59.49 141.96 59.61 141.96 59.73 c 142.08 59.85 142.08 59.97 142.08 59.97 c 142.08 59.97 142.08 59.97 141.96 60.09 c 141.84 60.09 141.6 60.21 141.48 60.33 c 141.36 60.33 141.36 60.45 141.24 60.57 c 141.24 60.57 141.12 60.69 141.12 60.69 c 141.12 60.81 141.12 60.81 141 60.81 c 141 60.81 141 60.81 141 60.69 c 141 60.69 140.88 60.57 140.88 60.45 c 140.76 60.33 140.76 60.21 140.76 60.09 c 140.64 59.97 140.64 59.85 140.52 59.85 c 140.52 59.73 140.52 59.61 140.52 59.61 c 140.52 59.61 140.52 59.49 140.52 59.49 c 140.64 59.37 140.64 59.37 140.76 59.25 c 140.76 59.25 l h f 
143.64 60.57 m 143.04 59.61 l 143.4 55.29 l 143.4 55.05 l 143.4 55.05 143.52 55.05 143.52 55.05 c 143.52 55.05 143.64 55.05 143.64 55.17 c 143.64 55.29 143.76 55.41 143.76 55.53 c 143.88 55.65 143.88 55.77 143.88 55.89 c 144 56.01 144 56.13 144 56.25 c 144 56.25 144 56.37 144 56.49 c 144 56.73 143.88 56.97 143.88 57.33 c 143.88 57.69 143.88 57.93 143.88 58.41 c 143.88 58.77 143.76 59.01 143.76 59.37 c 143.76 59.73 143.76 59.97 143.76 60.21 c 143.76 60.45 143.76 60.57 143.76 60.57 c 143.76 60.57 143.76 60.69 143.64 60.69 c 143.64 60.69 143.64 60.57 143.64 60.57 c 143.64 60.57 l h f 
